track type=wiggle_0 name="Cons 100 Verts" description="100 vertebrates Basewise Conservation by PhyloP"
#	output date: 2025-05-20 18:20:23 UTC
#	chrom specified: chr22
#	position specified: 41117188-41117821
#	This data has been compressed with a minor loss in resolution.
#	(Worst case: 0.103391)  The original source data
#	(before querying and compression) is available at 
#		http://hgdownload.soe.ucsc.edu/downloads.html
variableStep chrom=chr22 span=1
41117188	4.79958
41117189	7.61311
41117190	7.61311
41117191	2.50708
41117192	9.593
41117193	9.593
41117194	-0.410654
41117195	7.61311
41117196	7.50891
41117197	-1.3485
41117198	1.56924
41117199	4.69538
41117200	-2.70316
41117201	5.94583
41117202	7.61311
41117203	1.25662
41117204	9.593
41117205	8.86357
41117206	1.04821
41117207	0.631394
41117208	7.61311
41117209	7.61311
41117210	9.593
41117211	8.86357
41117212	2.9239
41117213	4.59117
41117214	8.86357
41117215	-0.619063
41117216	9.593
41117217	8.86357
41117218	0.631394
41117219	3.86174
41117220	7.61311
41117221	0.422984
41117222	7.50891
41117223	7.50891
41117224	2.29867
41117225	9.593
41117226	8.86357
41117227	0.944008
41117228	9.593
41117229	8.86357
41117230	3.23651
41117231	3.54913
41117232	7.61311
41117233	0.839803
41117234	8.86357
41117235	7.61311
41117236	3.13231
41117237	5.63322
41117238	1.77765
41117239	2.29867
41117240	4.48697
41117241	4.48697
41117242	-0.0980394
41117243	1.15242
41117244	1.77765
41117245	0.00616535
41117246	9.28039
41117247	8.65516
41117248	0.631394
41117249	0.527189
41117250	3.0281
41117251	1.56924
41117252	5.1122
41117253	6.05004
41117254	1.04821
41117255	2.40287
41117256	7.4047
41117257	-0.0980394
41117258	1.67344
41117259	1.98606
41117260	0.31878
41117261	8.86357
41117262	8.86357
41117263	0.735598
41117264	9.4888
41117265	9.4888
41117266	0.31878
41117267	7.71732
41117268	9.4888
41117269	0.735598
41117270	9.4888
41117271	8.86357
41117272	0.31878
41117273	1.36083
41117274	4.59117
41117275	0.944008
41117276	4.79958
41117277	0.422984
41117278	0.839803
41117279	5.73743
41117280	7.09209
41117281	4.59117
41117282	1.77765
41117283	3.75754
41117284	-0.0980394
41117285	5.84163
41117286	5.73743
41117287	1.46503
41117288	3.86174
41117289	3.0281
41117290	1.25662
41117291	6.67527
41117292	2.40287
41117293	0.31878
41117294	2.9239
41117295	5.73743
41117296	5.00799
41117297	6.47246
41117298	2.83817
41117299	1.52578
41117300	4.0496
41117301	2.1315
41117302	0.81911
41117303	5.36198
41117304	0.415299
41117305	1.22292
41117306	5.7658
41117307	5.56389
41117308	4.2515
41117309	9.50105
41117310	8.89533
41117311	3.84769
41117312	9.50105
41117313	7.48199
41117314	1.22292
41117315	9.50105
41117316	2.53531
41117317	-0.897087
41117318	1.82864
41117319	7.48199
41117320	-0.0894646
41117321	8.89533
41117322	8.89533
41117323	2.3334
41117324	7.48199
41117325	8.89533
41117326	0.516252
41117327	5.86675
41117328	7.07818
41117329	2.3334
41117330	7.48199
41117331	6.97723
41117332	1.82864
41117333	3.04007
41117334	5.86675
41117335	0.0114882
41117336	7.58294
41117337	5.7658
41117338	0.213394
41117339	9.50105
41117340	8.89533
41117341	1.72769
41117342	2.3334
41117343	7.58294
41117344	-0.29137
41117345	0.718157
41117346	7.58294
41117347	-0.29137
41117348	2.93912
41117349	7.6839
41117350	0.112441
41117351	2.93912
41117352	3.64579
41117353	1.12197
41117354	9.50105
41117355	6.47246
41117356	0.0114882
41117357	5.7658
41117358	5.7658
41117359	0.415299
41117360	1.32387
41117361	7.48199
41117362	1.12197
41117363	1.12197
41117364	4.65531
41117365	-0.0894646
41117366	5.86675
41117367	3.74674
41117368	0.314346
41117369	2.83817
41117370	2.1315
41117371	2.3334
41117372	6.97723
41117373	2.83817
41117374	0.0114882
41117375	2.73721
41117376	5.05913
41117377	9.50105
41117378	6.06865
41117379	1.52578
41117380	-1.40185
41117381	3.64579
41117382	4.75627
41117383	0.718157
41117384	5.26103
41117385	4.35246
41117386	1.32387
41117387	3.34293
41117388	4.45341
41117389	0.81911
41117390	4.15055
41117391	4.0496
41117392	1.42483
41117393	4.85722
41117394	3.24198
41117395	0.415299
41117396	4.95817
41117397	3.04007
41117398	0.415299
41117399	1.82864
41117400	2.63626
41117401	0.112441
41117402	2.3334
41117403	4.15055
41117404	1.92959
41117405	1.82864
41117406	3.14102
41117407	0.81911
41117408	3.34293
41117409	0.516252
41117410	0.617205
41117411	5.16008
41117412	6.06865
41117413	3.64579
41117414	0.314346
41117415	2.23245
41117416	-0.0894646
41117417	3.04007
41117418	5.26103
41117419	1.22292
41117420	3.84769
41117421	5.05913
41117422	0.516252
41117423	3.64579
41117424	2.23245
41117425	0.213394
41117426	5.16008
41117427	5.16008
41117428	1.12197
41117429	2.1315
41117430	7.07818
41117431	1.72769
41117432	4.85722
41117433	4.2515
41117434	3.24198
41117435	2.3334
41117436	3.54483
41117437	0.81911
41117438	0.415299
41117439	4.75627
41117440	2.93912
41117441	0.617205
41117442	4.45341
41117443	0.112441
41117444	2.03054
41117445	2.3334
41117446	0.314346
41117447	4.55436
41117448	2.83817
41117449	0.0114882
41117450	6.87628
41117451	4.0496
41117452	0.112441
41117453	6.37151
41117454	5.66484
41117455	6.27056
41117456	5.26103
41117457	1.82864
41117458	1.72769
41117459	6.37151
41117460	6.37151
41117461	4.75627
41117462	6.37151
41117463	6.87628
41117464	2.1315
41117465	5.36198
41117466	5.36198
41117467	0.415299
41117468	4.75627
41117469	5.46294
41117470	3.94865
41117471	0.516252
41117472	1.42483
41117473	0.213394
41117474	5.26103
41117475	4.45341
41117476	3.44388
41117477	3.74674
41117478	1.52578
41117479	0.112441
41117480	2.03054
41117481	1.52578
41117482	-0.392323
41117483	1.42483
41117484	2.43435
41117485	2.3334
41117486	2.3334
41117487	3.24198
41117488	1.62673
41117489	4.35246
41117490	1.92959
41117491	0.314346
41117492	2.73721
41117493	4.2515
41117494	-0.392323
41117495	5.05913
41117496	0.213394
41117497	0.112441
41117498	2.73721
41117499	5.46294
41117500	5.26103
41117501	1.62673
41117502	1.92959
41117503	-1.90661
41117504	2.23245
41117505	1.22292
41117506	3.54483
41117507	3.64579
41117508	2.3334
41117509	0.516252
41117510	1.12197
41117511	1.32387
41117512	0.213394
41117513	3.24198
41117514	2.43435
41117515	-0.0894646
41117516	2.83817
41117517	2.83817
41117518	0.415299
41117519	3.34293
41117520	2.1315
41117521	0.314346
41117522	2.23245
41117523	1.32387
41117524	0.314346
41117525	6.97723
41117526	6.47246
41117527	0.415299
41117528	3.54483
41117529	7.28009
41117530	0.213394
41117531	3.74674
41117532	5.36198
41117533	0.0114882
41117534	1.42483
41117535	3.84769
41117536	-2.10852
41117537	5.46294
41117538	3.54483
41117539	0.112441
41117540	1.52578
41117541	2.3334
41117542	0.314346
41117543	0.415299
41117544	3.74674
41117545	1.62673
41117546	5.05913
41117547	5.66484
41117548	1.22292
41117549	1.52578
41117550	2.53531
41117551	6.47246
41117552	1.82864
41117553	2.3334
41117554	2.23245
41117555	2.03054
41117556	0.81911
41117557	0.920063
41117558	2.03054
41117559	6.27056
41117560	0.718157
41117561	4.85722
41117562	4.55436
41117563	0.213394
41117564	5.26103
41117565	2.23245
41117566	0.516252
41117567	3.74674
41117568	0.617205
41117569	-0.29137
41117570	1.42483
41117571	1.82864
41117572	1.72769
41117573	1.02102
41117574	1.92959
41117575	0.516252
41117576	3.74674
41117577	4.55436
41117578	-0.0894646
41117579	0.81911
41117580	4.45341
41117581	2.63626
41117582	1.92959
41117583	5.66484
41117584	1.12197
41117585	4.65531
41117586	4.2515
41117587	4.95817
41117588	1.92959
41117589	1.62673
41117590	1.02102
41117591	1.42483
41117592	3.14102
41117593	0.718157
41117594	4.55436
41117595	2.53531
41117596	2.53531
41117597	4.55436
41117598	3.84769
41117599	2.3334
41117600	3.84769
41117601	3.14102
41117602	1.52578
41117603	3.24198
41117604	5.36198
41117605	0.81911
41117606	3.94865
41117607	3.54483
41117608	3.64579
41117609	3.74674
41117610	3.44388
41117611	5.26103
41117612	4.55436
41117613	5.66484
41117614	0.516252
41117615	3.54483
41117616	3.54483
41117617	1.92959
41117618	3.64579
41117619	4.35246
41117620	0.415299
41117621	3.24198
41117622	1.12197
41117623	4.65531
41117624	0.920063
41117625	2.73721
41117626	3.14102
41117627	-0.0894646
41117628	0.718157
41117629	-0.0894646
41117630	0.81911
41117631	4.55436
41117632	2.23245
41117633	6.06865
41117634	5.16008
41117635	0.920063
41117636	4.45341
41117637	0.516252
41117638	0.516252
41117639	7.38104
41117640	5.05913
41117641	0.516252
41117642	7.38104
41117643	3.04007
41117644	0.0114882
41117645	5.46294
41117646	7.38104
41117647	-0.594228
41117648	1.42483
41117649	5.66484
41117650	3.44388
41117651	3.74674
41117652	4.75627
41117653	1.72769
41117654	4.85722
41117655	3.14102
41117656	-0.29137
41117657	2.23245
41117658	1.52578
41117659	0.0114882
41117660	7.48199
41117661	8.89533
41117662	4.0496
41117663	5.16008
41117664	5.86675
41117665	-0.0894646
41117666	2.43435
41117667	7.38104
41117668	4.35246
41117669	8.59247
41117670	8.59247
41117671	-0.0894646
41117672	9.40009
41117673	9.40009
41117674	2.1315
41117675	4.55436
41117676	7.38104
41117677	-2.20947
41117678	2.1315
41117679	4.35246
41117680	1.32387
41117681	6.97723
41117682	7.28009
41117683	1.12197
41117684	3.84769
41117685	3.44388
41117686	0.415299
41117687	9.19819
41117688	7.28009
41117689	0.0114882
41117690	1.62673
41117691	6.77532
41117692	0.0114882
41117693	5.16008
41117694	6.77532
41117695	-1.09899
41117696	1.02102
41117697	6.77532
41117698	1.62673
41117699	2.1315
41117700	3.84769
41117701	-3.219
41117702	4.65531
41117703	2.83817
41117704	0.0114882
41117705	4.75627
41117706	5.46294
41117707	5.16008
41117708	2.23245
41117709	1.52578
41117710	0.516252
41117711	3.64579
41117712	4.2515
41117713	0.0114882
41117714	1.82864
41117715	1.82864
41117716	0.617205
41117717	4.95817
41117718	3.44388
41117719	0.516252
41117720	1.02102
41117721	1.42483
41117722	-0.190417
41117723	3.24198
41117724	4.65531
41117725	-0.190417
41117726	4.85722
41117727	4.75627
41117728	4.55436
41117729	7.6839
41117730	2.1315
41117731	-0.392323
41117732	2.3334
41117733	0.213394
41117734	0.415299
41117735	1.02102
41117736	1.92959
41117737	0.516252
41117738	3.64579
41117739	6.37151
41117740	-0.29137
41117741	8.89533
41117742	0.81911
41117743	0.112441
41117744	0.213394
41117745	7.58294
41117746	0.920063
41117747	0.0114882
41117748	7.58294
41117749	3.64579
41117750	1.62673
41117751	7.48199
41117752	-0.897087
41117753	9.602
41117754	8.89533
41117755	1.42483
41117756	2.3334
41117757	3.74674
41117758	-1.09899
41117759	3.54483
41117760	7.58294
41117761	0.516252
41117762	3.44388
41117763	5.36198
41117764	1.52578
41117765	7.48199
41117766	8.79438
41117767	2.43435
41117768	6.27056
41117769	6.16961
41117770	0.112441
41117771	1.22292
41117772	3.64579
41117773	0.920063
41117774	3.74674
41117775	3.04007
41117776	-1.3009
41117777	4.0496
41117778	4.75627
41117779	0.920063
41117780	2.23245
41117781	1.62673
41117782	4.85722
41117783	6.37151
41117784	3.34293
41117785	1.22292
41117786	4.35246
41117787	4.0496
41117788	0.314346
41117789	6.16961
41117790	6.77532
41117791	-0.29137
41117792	0.112441
41117793	2.1315
41117794	-0.796134
41117795	7.48199
41117796	5.26103
41117797	1.42483
41117798	0.112441
41117799	7.38104
41117800	1.12197
41117801	6.77532
41117802	9.29914
41117803	0.516252
41117804	2.63626
41117805	3.04007
41117806	-0.29137
41117807	4.55436
41117808	4.55436
41117809	-0.0894646
41117810	7.28009
41117811	8.69343
41117812	1.82864
41117813	5.56389
41117814	7.28009
41117815	1.92959
41117816	2.43435
41117817	1.42483
41117818	-0.493276
41117819	4.45341
41117820	5.56389
41117821	4.0496
#	output date: 2025-05-20 18:20:23 UTC
#	chrom specified: chr22
#	position specified: 41125865-41126040
#	This data has been compressed with a minor loss in resolution.
#	(Worst case: 0.108242)  The original source data
#	(before querying and compression) is available at 
#		http://hgdownload.soe.ucsc.edu/downloads.html
variableStep chrom=chr22 span=1
41125865	7.3883
41125866	5.20641
41125867	3.67909
41125868	5.09731
41125869	1.27901
41125870	4.33365
41125871	7.3883
41125872	5.3155
41125873	4.55184
41125874	3.56999
41125875	5.3155
41125876	5.3155
41125877	0.188063
41125878	0.406252
41125879	8.69743
41125880	5.64279
41125881	-0.13922
41125882	1.60629
41125883	5.53369
41125884	-0.902882
41125885	5.53369
41125886	1.82448
41125887	0.951724
41125888	4.44275
41125889	5.53369
41125890	1.16991
41125891	7.3883
41125892	3.02452
41125893	-0.575598
41125894	7.49739
41125895	6.07917
41125896	-0.357409
41125897	1.27901
41125898	3.4609
41125899	0.624441
41125900	5.53369
41125901	7.2792
41125902	-0.793787
41125903	7.3883
41125904	8.69743
41125905	-1.33926
41125906	0.624441
41125907	2.36995
41125908	0.406252
41125909	3.4609
41125910	4.44275
41125911	0.733535
41125912	2.69724
41125913	2.26086
41125914	0.0789685
41125915	1.60629
41125916	1.82448
41125917	0.0789685
41125918	4.66094
41125919	1.82448
41125920	0.515346
41125921	7.2792
41125922	5.4246
41125923	1.3881
41125924	4.33365
41125925	4.22456
41125926	1.06082
41125927	4.77003
41125928	7.2792
41125929	0.188063
41125930	5.97007
41125931	3.24271
41125932	2.69724
41125933	4.00637
41125934	3.3518
41125935	-0.13922
41125936	0.0789685
41125937	4.33365
41125938	1.82448
41125939	6.29735
41125940	6.07917
41125941	0.0789685
41125942	2.15176
41125943	7.3883
41125944	1.27901
41125945	6.18826
41125946	5.09731
41125947	-0.030126
41125948	2.80633
41125949	5.64279
41125950	-0.684693
41125951	7.2792
41125952	4.66094
41125953	3.67909
41125954	5.09731
41125955	7.3883
41125956	1.27901
41125957	7.2792
41125958	5.64279
41125959	2.15176
41125960	3.24271
41125961	6.29735
41125962	0.188063
41125963	8.69743
41125964	8.69743
41125965	1.71539
41125966	0.297157
41125967	2.04267
41125968	0.624441
41125969	4.33365
41125970	0.733535
41125971	-0.357409
41125972	-0.030126
41125973	7.3883
41125974	1.71539
41125975	1.06082
41125976	4.44275
41125977	1.16991
41125978	8.69743
41125979	5.3155
41125980	1.71539
41125981	6.84283
41125982	0.733535
41125983	0.297157
41125984	0.951724
41125985	5.75188
41125986	0.0789685
41125987	0.406252
41125988	5.53369
41125989	0.0789685
41125990	4.55184
41125991	2.36995
41125992	1.3881
41125993	5.64279
41125994	5.64279
41125995	1.3881
41125996	1.82448
41125997	2.80633
41125998	0.297157
41125999	1.60629
41126000	2.91543
41126001	2.80633
41126002	7.3883
41126003	6.73373
41126004	2.36995
41126005	6.73373
41126006	4.44275
41126007	3.02452
41126008	8.69743
41126009	6.84283
41126010	2.15176
41126011	0.624441
41126012	0.84263
41126013	0.297157
41126014	3.24271
41126015	2.26086
41126016	0.624441
41126017	0.951724
41126018	5.53369
41126019	0.515346
41126020	7.17011
41126021	3.13361
41126022	0.297157
41126023	1.60629
41126024	3.4609
41126025	0.951724
41126026	5.20641
41126027	4.22456
41126028	1.06082
41126029	3.24271
41126030	4.55184
41126031	6.18826
41126032	1.16991
41126033	5.64279
41126034	-0.13922
41126035	5.64279
41126036	0.515346
41126037	0.733535
41126038	5.53369
41126039	7.3883
41126040	9.24291
#	output date: 2025-05-20 18:20:23 UTC
#	chrom specified: chr22
#	position specified: 41127488-41127748
#	This data has been compressed with a minor loss in resolution.
#	(Worst case: 0.111602)  The original source data
#	(before querying and compression) is available at 
#		http://hgdownload.soe.ucsc.edu/downloads.html
variableStep chrom=chr22 span=1
41127488	2.47228
41127489	-0.0431811
41127490	7.08397
41127491	4.14926
41127492	-0.252803
41127493	3.41558
41127494	3.73002
41127495	0.480874
41127496	3.31077
41127497	3.20596
41127498	0.690496
41127499	0.271252
41127500	3.52039
41127501	1.21455
41127502	0.585685
41127503	5.82624
41127504	-3.29232
41127505	4.35888
41127506	1.42417
41127507	0.166441
41127508	5.09256
41127509	2.57709
41127510	-0.0431811
41127511	7.3984
41127512	7.18878
41127513	1.84342
41127514	5.5118
41127515	5.5118
41127516	1.21455
41127517	2.36747
41127518	1.00493
41127519	1.10974
41127520	6.76954
41127521	4.5685
41127522	0.376063
41127523	1.84342
41127524	3.31077
41127525	1.73861
41127526	9.285
41127527	2.36747
41127528	1.31936
41127529	0.585685
41127530	3.83483
41127531	0.0616299
41127532	1.42417
41127533	2.78672
41127534	-0.776858
41127535	4.35888
41127536	2.05304
41127537	-0.68263
41127538	0.442173
41127539	5.95371
41127540	0.329693
41127541	5.05387
41127542	2.35434
41127543	-0.57015
41127544	9.4406
41127545	2.46682
41127546	-0.457669
41127547	4.94139
41127548	2.5793
41127549	2.69178
41127550	5.61627
41127551	3.02922
41127552	-0.79511
41127553	2.69178
41127554	6.85355
41127555	0.104732
41127556	5.61627
41127557	8.65324
41127558	-0.232709
41127559	4.49146
41127560	6.74107
41127561	-1.80743
41127562	7.64091
41127563	6.40363
41127564	-1.35751
41127565	6.29115
41127566	7.86587
41127567	-0.79511
41127568	10.003
41127569	7.86587
41127570	-0.68263
41127571	10.003
41127572	9.21564
41127573	0.217213
41127574	7.86587
41127575	7.86587
41127576	-2.03239
41127577	10.003
41127578	9.21564
41127579	0.554654
41127580	9.21564
41127581	9.21564
41127582	2.12938
41127583	3.92906
41127584	10.003
41127585	-0.79511
41127586	9.21564
41127587	9.21564
41127588	3.36666
41127589	3.36666
41127590	7.97835
41127591	-0.00774803
41127592	9.21564
41127593	7.97835
41127594	-0.120228
41127595	7.86587
41127596	9.21564
41127597	1.56698
41127598	7.86587
41127599	9.21564
41127600	4.2665
41127601	7.86587
41127602	9.21564
41127603	0.329693
41127604	2.80426
41127605	7.97835
41127606	-0.457669
41127607	10.003
41127608	7.97835
41127609	0.554654
41127610	6.06619
41127611	7.97835
41127612	-0.00774803
41127613	1.90442
41127614	7.97835
41127615	-0.120228
41127616	1.56698
41127617	7.97835
41127618	-0.232709
41127619	7.86587
41127620	9.21564
41127621	-2.48232
41127622	10.003
41127623	7.86587
41127624	-0.57015
41127625	7.86587
41127626	9.21564
41127627	3.36666
41127628	9.21564
41127629	9.21564
41127630	2.5793
41127631	7.97835
41127632	10.003
41127633	2.5793
41127634	7.86587
41127635	9.21564
41127636	5.84123
41127637	4.82891
41127638	10.003
41127639	0.217213
41127640	0.554654
41127641	10.003
41127642	0.329693
41127643	10.003
41127644	9.21564
41127645	1.4545
41127646	7.86587
41127647	9.21564
41127648	2.35434
41127649	10.003
41127650	6.06619
41127651	0.104732
41127652	9.21564
41127653	9.21564
41127654	-1.02007
41127655	10.003
41127656	10.003
41127657	-0.00774803
41127658	10.003
41127659	9.21564
41127660	0.104732
41127661	5.61627
41127662	7.97835
41127663	0.442173
41127664	1.90442
41127665	8.09083
41127666	0.442173
41127667	4.94139
41127668	4.04154
41127669	0.217213
41127670	7.97835
41127671	10.003
41127672	0.442173
41127673	4.2665
41127674	4.04154
41127675	0.442173
41127676	4.04154
41127677	7.97835
41127678	0.779614
41127679	7.86587
41127680	7.86587
41127681	0.104732
41127682	7.86587
41127683	9.21564
41127684	1.00457
41127685	7.97835
41127686	10.003
41127687	-0.00774803
41127688	7.86587
41127689	10.003
41127690	-0.907591
41127691	9.21564
41127692	7.86587
41127693	-1.13255
41127694	9.21564
41127695	7.97835
41127696	10.003
41127697	9.21564
41127698	9.21564
41127699	4.15402
41127700	9.21564
41127701	9.21564
41127702	-0.345189
41127703	10.003
41127704	7.97835
41127705	0.667134
41127706	1.79194
41127707	7.97835
41127708	-1.91991
41127709	9.21564
41127710	9.21564
41127711	4.94139
41127712	7.86587
41127713	9.21564
41127714	0.554654
41127715	9.21564
41127716	7.97835
41127717	10.003
41127718	9.21564
41127719	7.86587
41127720	0.554654
41127721	7.86587
41127722	9.21564
41127723	-0.232709
41127724	7.97835
41127725	10.003
41127726	0.442173
41127727	7.86587
41127728	9.21564
41127729	3.59162
41127730	5.16635
41127731	5.05387
41127732	0.104732
41127733	10.003
41127734	10.003
41127735	2.12938
41127736	9.21564
41127737	9.21564
41127738	1.11706
41127739	5.05387
41127740	7.86587
41127741	0.554654
41127742	7.97835
41127743	10.003
41127744	0.779614
41127745	7.86587
41127746	9.21564
41127747	1.67946
41127748	10.003
#	output date: 2025-05-20 18:20:23 UTC
#	chrom specified: chr22
#	position specified: 41129891-41130003
#	This data has been compressed with a minor loss in resolution.
#	(Worst case: 0.113953)  The original source data
#	(before querying and compression) is available at 
#		http://hgdownload.soe.ucsc.edu/downloads.html
variableStep chrom=chr22 span=1
41129891	2.19317
41129892	10.003
41129893	7.82084
41129894	0.0110157
41129895	7.82084
41129896	9.3139
41129897	0.700118
41129898	7.93569
41129899	10.003
41129900	1.84862
41129901	10.003
41129902	7.82084
41129903	-0.907787
41129904	7.93569
41129905	7.82084
41129906	1.96347
41129907	7.93569
41129908	7.82084
41129909	0.125866
41129910	1.61892
41129911	10.003
41129912	3.11198
41129913	7.82084
41129914	9.3139
41129915	3.22683
41129916	9.3139
41129917	7.93569
41129918	3.80108
41129919	9.3139
41129920	7.93569
41129921	1.27437
41129922	7.93569
41129923	7.82084
41129924	-0.333535
41129925	7.82084
41129926	9.3139
41129927	2.65257
41129928	7.93569
41129929	8.05054
41129930	10.003
41129931	7.47629
41129932	9.3139
41129933	2.88228
41129934	9.3139
41129935	9.3139
41129936	-0.563236
41129937	7.93569
41129938	10.003
41129939	2.53772
41129940	9.3139
41129941	7.82084
41129942	-0.792937
41129943	0.814969
41129944	10.003
41129945	0.585268
41129946	7.82084
41129947	7.24659
41129948	0.355567
41129949	10.003
41129950	9.3139
41129951	0.125866
41129952	7.93569
41129953	10.003
41129954	4.83473
41129955	7.82084
41129956	7.82084
41129957	2.53772
41129958	10.003
41129959	7.93569
41129960	-0.333535
41129961	7.93569
41129962	10.003
41129963	1.38922
41129964	3.22683
41129965	7.93569
41129966	-0.448386
41129967	7.82084
41129968	7.82084
41129969	-0.678087
41129970	4.03078
41129971	7.93569
41129972	0.700118
41129973	9.3139
41129974	9.3139
41129975	1.15952
41129976	9.3139
41129977	9.3139
41129978	1.04467
41129979	10.003
41129980	7.82084
41129981	-0.103835
41129982	4.83473
41129983	10.003
41129984	-0.678087
41129985	10.003
41129986	9.3139
41129987	4.94958
41129988	9.3139
41129989	9.3139
41129990	2.65257
41129991	3.22683
41129992	10.003
41129993	2.65257
41129994	7.01689
41129995	7.24659
41129996	-0.103835
41129997	4.03078
41129998	4.26048
41129999	0.355567
41130000	5.98324
41130001	8.96935
41130002	3.57138
41130003	1.15952
#	output date: 2025-05-20 18:20:23 UTC
#	chrom specified: chr22
#	position specified: 41131389-41131633
#	This data has been compressed with a minor loss in resolution.
#	(Worst case: 0.110734)  The original source data
#	(before querying and compression) is available at 
#		http://hgdownload.soe.ucsc.edu/downloads.html
variableStep chrom=chr22 span=1
41131389	0.739677
41131390	1.63253
41131391	4.98072
41131392	-0.0415669
41131393	-0.153173
41131394	5.09232
41131395	0.404858
41131396	1.40931
41131397	1.0745
41131398	-1.49245
41131399	2.19056
41131400	3.19502
41131401	-0.487992
41131402	3.19502
41131403	4.86911
41131404	0.628071
41131405	1.29771
41131406	1.52092
41131407	-2.3853
41131408	1.40931
41131409	0.96289
41131410	-0.153173
41131411	8.10569
41131412	6.4316
41131413	-0.0415669
41131414	0.0700394
41131415	6.09678
41131416	-0.153173
41131417	3.08341
41131418	0.404858
41131419	-0.26478
41131420	5.87357
41131421	1.74413
41131422	1.0745
41131423	-0.153173
41131424	4.86911
41131425	-0.153173
41131426	0.739677
41131427	5.76196
41131428	-1.04602
41131429	1.63253
41131430	5.76196
41131431	0.293252
41131432	4.7575
41131433	5.87357
41131434	-0.26478
41131435	7.32445
41131436	5.42714
41131437	-2.05048
41131438	4.7575
41131439	1.96735
41131440	0.516465
41131441	5.87357
41131442	8.10569
41131443	-1.15763
41131444	4.98072
41131445	7.10124
41131446	-1.26924
41131447	1.85574
41131448	6.87802
41131449	0.739677
41131450	3.75305
41131451	1.29771
41131452	-0.487992
41131453	0.96289
41131454	6.09678
41131455	-1.71566
41131456	4.08787
41131457	7.88248
41131458	-0.0415669
41131459	3.52983
41131460	0.293252
41131461	0.0700394
41131462	0.181646
41131463	7.99409
41131464	-0.822811
41131465	7.21284
41131466	3.08341
41131467	-0.153173
41131468	2.63698
41131469	1.29771
41131470	-0.0415669
41131471	1.96735
41131472	5.98517
41131473	-1.82727
41131474	6.98963
41131475	0.739677
41131476	2.07895
41131477	5.98517
41131478	2.63698
41131479	0.628071
41131480	9.11015
41131481	7.99409
41131482	0.0700394
41131483	10.003
41131484	9.22176
41131485	-0.26478
41131486	7.88248
41131487	7.88248
41131488	0.293252
41131489	9.22176
41131490	10.003
41131491	1.74413
41131492	7.99409
41131493	7.88248
41131494	-0.0415669
41131495	9.22176
41131496	7.99409
41131497	0.293252
41131498	3.41823
41131499	9.22176
41131500	0.628071
41131501	1.1861
41131502	10.003
41131503	0.293252
41131504	10.003
41131505	6.09678
41131506	-0.153173
41131507	7.99409
41131508	9.22176
41131509	-0.0415669
41131510	10.003
41131511	7.88248
41131512	-0.0415669
41131513	10.003
41131514	7.88248
41131515	-1.04602
41131516	4.08787
41131517	7.99409
41131518	-0.26478
41131519	10.003
41131520	10.003
41131521	0.293252
41131522	5.98517
41131523	7.99409
41131524	-0.934417
41131525	1.40931
41131526	7.88248
41131527	-0.153173
41131528	7.99409
41131529	9.22176
41131530	2.07895
41131531	5.42714
41131532	6.65481
41131533	1.1861
41131534	6.87802
41131535	6.20839
41131536	-1.49245
41131537	9.22176
41131538	3.08341
41131539	0.739677
41131540	7.88248
41131541	8.88694
41131542	2.8602
41131543	2.63698
41131544	2.63698
41131545	0.851283
41131546	4.31108
41131547	0.404858
41131548	-2.49691
41131549	-0.0415669
41131550	1.63253
41131551	-0.711205
41131552	7.32445
41131553	4.7575
41131554	0.628071
41131555	-2.83172
41131556	1.96735
41131557	-0.153173
41131558	4.08787
41131559	2.19056
41131560	0.851283
41131561	3.08341
41131562	3.86465
41131563	0.0700394
41131564	3.97626
41131565	2.9718
41131566	1.52092
41131567	2.52538
41131568	3.41823
41131569	-1.82727
41131570	3.52983
41131571	3.75305
41131572	1.29771
41131573	1.40931
41131574	-0.153173
41131575	0.516465
41131576	3.30662
41131577	1.0745
41131578	1.52092
41131579	2.19056
41131580	1.85574
41131581	-0.711205
41131582	2.07895
41131583	0.404858
41131584	-0.0415669
41131585	4.6459
41131586	4.86911
41131587	1.1861
41131588	3.86465
41131589	1.96735
41131590	-0.376386
41131591	2.41377
41131592	1.85574
41131593	-0.599598
41131594	6.5432
41131595	3.75305
41131596	-0.376386
41131597	5.42714
41131598	4.6459
41131599	3.30662
41131600	1.0745
41131601	3.75305
41131602	-0.822811
41131603	3.75305
41131604	3.64144
41131605	0.516465
41131606	1.1861
41131607	4.6459
41131608	0.0700394
41131609	4.08787
41131610	2.74859
41131611	-0.599598
41131612	2.8602
41131613	4.98072
41131614	2.74859
41131615	0.739677
41131616	8.10569
41131617	0.293252
41131618	-0.0415669
41131619	5.98517
41131620	-0.711205
41131621	0.739677
41131622	6.20839
41131623	2.30217
41131624	2.9718
41131625	4.42269
41131626	1.96735
41131627	0.851283
41131628	1.40931
41131629	-0.0415669
41131630	1.96735
41131631	4.7575
41131632	2.8602
41131633	2.81936
#	output date: 2025-05-20 18:20:23 UTC
#	chrom specified: chr22
#	position specified: 41135814-41135906
#	This data has been compressed with a minor loss in resolution.
#	(Worst case: 0.123797)  The original source data
#	(before querying and compression) is available at 
#		http://hgdownload.soe.ucsc.edu/downloads.html
variableStep chrom=chr22 span=1
41135814	1.30884
41135815	5.17676
41135816	1.43361
41135817	0.185898
41135818	8.67037
41135819	4.92722
41135820	0.809756
41135821	0.809756
41135822	7.42265
41135823	-0.437961
41135824	8.67037
41135825	7.42265
41135826	9.419
41135827	9.419
41135828	9.419
41135829	0.809756
41135830	9.419
41135831	7.42265
41135832	0.435441
41135833	8.67037
41135834	8.67037
41135835	1.43361
41135836	9.419
41135837	9.419
41135838	0.560213
41135839	9.419
41135840	7.42265
41135841	0.061126
41135842	6.29971
41135843	7.42265
41135844	-0.313189
41135845	7.54743
41135846	7.54743
41135847	-0.0636457
41135848	7.42265
41135849	2.93087
41135850	0.684984
41135851	7.42265
41135852	3.80428
41135853	0.435441
41135854	-1.56091
41135855	5.42631
41135856	-3.18294
41135857	0.809756
41135858	1.18407
41135859	-2.80862
41135860	8.67037
41135861	0.435441
41135862	2.30702
41135863	3.6795
41135864	7.17311
41135865	0.934528
41135866	2.05747
41135867	7.17311
41135868	-0.0636457
41135869	1.55839
41135870	1.9327
41135871	1.18407
41135872	5.92539
41135873	8.42083
41135874	0.310669
41135875	0.684984
41135876	5.30154
41135877	-2.80862
41135878	5.17676
41135879	7.17311
41135880	7.04834
41135881	0.934528
41135882	7.17311
41135883	1.80793
41135884	7.04834
41135885	8.42083
41135886	1.43361
41135887	1.18407
41135888	1.43361
41135889	1.43361
41135890	1.18407
41135891	2.68133
41135892	-0.437961
41135893	6.42448
41135894	7.04834
41135895	5.55108
41135896	8.42083
41135897	6.67402
41135898	1.68316
41135899	1.68316
41135900	3.42996
41135901	-0.0636457
41135902	7.04834
41135903	8.42083
41135904	1.43361
41135905	3.6795
41135906	4.42813
#	output date: 2025-05-20 18:20:23 UTC
#	chrom specified: chr22
#	position specified: 41137654-41137790
#	This data has been compressed with a minor loss in resolution.
#	(Worst case: 0.134789)  The original source data
#	(before querying and compression) is available at 
#		http://hgdownload.soe.ucsc.edu/downloads.html
variableStep chrom=chr22 span=1
41137654	2.39538
41137655	3.07463
41137656	2.12368
41137657	2.93878
41137658	7.69354
41137659	6.47089
41137660	3.88973
41137661	5.65579
41137662	3.61803
41137663	5.79164
41137664	0.357622
41137665	1.58028
41137666	9.59545
41137667	8.9162
41137668	1.44443
41137669	3.48218
41137670	1.98783
41137671	0.493472
41137672	0.901024
41137673	1.85198
41137674	0.0859213
41137675	1.17272
41137676	3.07463
41137677	0.629323
41137678	9.32375
41137679	3.75388
41137680	1.44443
41137681	1.44443
41137682	2.12368
41137683	0.493472
41137684	2.39538
41137685	2.66708
41137686	0.0859213
41137687	1.17272
41137688	4.70483
41137689	2.25953
41137690	8.10109
41137691	9.86715
41137692	-0.0499291
41137693	1.17272
41137694	3.88973
41137695	1.85198
41137696	2.12368
41137697	6.19919
41137698	8.10109
41137699	6.06334
41137700	7.82939
41137701	0.901024
41137702	2.53123
41137703	5.24824
41137704	0.0859213
41137705	9.05205
41137706	7.82939
41137707	0.765173
41137708	2.66708
41137709	3.88973
41137710	-0.18578
41137711	7.82939
41137712	5.24824
41137713	-0.0499291
41137714	5.38409
41137715	3.48218
41137716	1.85198
41137717	4.56898
41137718	7.82939
41137719	-0.0499291
41137720	4.29728
41137721	0.901024
41137722	0.901024
41137723	1.44443
41137724	4.02558
41137725	0.493472
41137726	8.10109
41137727	10.003
41137728	1.17272
41137729	3.88973
41137730	6.19919
41137731	0.765173
41137732	3.34633
41137733	8.10109
41137734	3.75388
41137735	9.32375
41137736	9.32375
41137737	0.629323
41137738	1.58028
41137739	1.03687
41137740	0.0859213
41137741	7.96524
41137742	10.003
41137743	10.003
41137744	7.82939
41137745	9.32375
41137746	2.80293
41137747	10.003
41137748	9.32375
41137749	4.29728
41137750	4.02558
41137751	9.32375
41137752	1.44443
41137753	3.88973
41137754	7.96524
41137755	1.58028
41137756	9.32375
41137757	7.82939
41137758	1.17272
41137759	7.82939
41137760	9.32375
41137761	8.10109
41137762	10.003
41137763	9.32375
41137764	0.901024
41137765	6.06334
41137766	7.96524
41137767	-0.0499291
41137768	5.92749
41137769	10.003
41137770	1.17272
41137771	9.32375
41137772	6.19919
41137773	0.629323
41137774	7.82939
41137775	9.32375
41137776	1.30857
41137777	3.2852
41137778	7.96367
41137779	1.84568
41137780	10.003
41137781	7.96367
41137782	0.646071
41137783	7.84371
41137784	9.28324
41137785	0.286189
41137786	9.28324
41137787	9.28324
41137788	4.48481
41137789	2.6854
41137790	7.96367
#	output date: 2025-05-20 18:20:23 UTC
#	chrom specified: chr22
#	position specified: 41140141-41140257
#	This data has been compressed with a minor loss in resolution.
#	(Worst case: 0.11618)  The original source data
#	(before querying and compression) is available at 
#		http://hgdownload.soe.ucsc.edu/downloads.html
variableStep chrom=chr22 span=1
41140141	9.917
41140142	7.92639
41140143	-0.27022
41140144	7.8093
41140145	9.21443
41140146	4.17937
41140147	9.917
41140148	7.8093
41140149	4.88194
41140150	9.21443
41140151	7.92639
41140152	3.12552
41140153	7.92639
41140154	7.92639
41140155	0.78363
41140156	7.8093
41140157	7.8093
41140158	-0.387315
41140159	9.21443
41140160	7.8093
41140161	0.081063
41140162	7.8093
41140163	7.8093
41140164	-0.387315
41140165	9.917
41140166	9.21443
41140167	0.315252
41140168	7.8093
41140169	7.8093
41140170	0.78363
41140171	9.917
41140172	7.8093
41140173	2.54005
41140174	9.917
41140175	7.8093
41140176	0.198157
41140177	1.4862
41140178	7.92639
41140179	0.666535
41140180	9.21443
41140181	9.21443
41140182	2.18876
41140183	9.917
41140184	9.21443
41140185	0.549441
41140186	1.72039
41140187	9.917
41140188	-0.0360315
41140189	3.94518
41140190	9.917
41140191	-0.0360315
41140192	9.21443
41140193	7.92639
41140194	9.917
41140195	9.917
41140196	6.05288
41140197	2.77424
41140198	9.21443
41140199	9.21443
41140200	0.666535
41140201	2.18876
41140202	7.92639
41140203	-0.387315
41140204	9.917
41140205	7.92639
41140206	0.78363
41140207	6.52126
41140208	5.93579
41140209	-0.153126
41140210	7.92639
41140211	9.21443
41140212	0.666535
41140213	9.917
41140214	7.8093
41140215	-0.738598
41140216	4.76484
41140217	8.04349
41140218	0.549441
41140219	9.21443
41140220	9.21443
41140221	1.72039
41140222	9.917
41140223	7.92639
41140224	-1.08988
41140225	9.917
41140226	9.21443
41140227	3.94518
41140228	9.917
41140229	9.917
41140230	-1.44117
41140231	9.917
41140232	9.21443
41140233	0.198157
41140234	9.21443
41140235	7.92639
41140236	9.917
41140237	7.92639
41140238	9.21443
41140239	1.4862
41140240	9.917
41140241	9.21443
41140242	1.3691
41140243	7.92639
41140244	7.8093
41140245	-0.153126
41140246	9.917
41140247	7.8093
41140248	0.198157
41140249	9.21443
41140250	9.21443
41140251	0.666535
41140252	7.34092
41140253	4.53065
41140254	1.60329
41140255	1.3691
41140256	9.917
41140257	0.900724
#	output date: 2025-05-20 18:20:23 UTC
#	chrom specified: chr22
#	position specified: 41141049-41141222
#	This data has been compressed with a minor loss in resolution.
#	(Worst case: 0.122109)  The original source data
#	(before querying and compression) is available at 
#		http://hgdownload.soe.ucsc.edu/downloads.html
variableStep chrom=chr22 span=1
41141049	2.49568
41141050	-0.950307
41141051	9.87993
41141052	9.1415
41141053	2.74182
41141054	7.9108
41141055	9.1415
41141056	0.403472
41141057	7.9108
41141058	9.1415
41141059	0.0342598
41141060	7.78772
41141061	9.1415
41141062	0.0342598
41141063	0.403472
41141064	7.9108
41141065	-0.334953
41141066	0.526543
41141067	7.9108
41141068	1.88032
41141069	9.87993
41141070	7.78772
41141071	0.157331
41141072	9.87993
41141073	9.1415
41141074	4.83402
41141075	9.1415
41141076	7.41851
41141077	2.86489
41141078	9.1415
41141079	7.9108
41141080	0.403472
41141081	7.9108
41141082	9.1415
41141083	1.01883
41141084	9.1415
41141085	9.1415
41141086	0.403472
41141087	7.29544
41141088	7.9108
41141089	-0.088811
41141090	7.78772
41141091	9.1415
41141092	0.649614
41141093	9.1415
41141094	9.1415
41141095	1.01883
41141096	9.87993
41141097	9.1415
41141098	1.01883
41141099	-0.581095
41141100	7.9108
41141101	2.24954
41141102	9.87993
41141103	9.1415
41141104	2.12646
41141105	9.87993
41141106	9.1415
41141107	2.00339
41141108	9.1415
41141109	9.1415
41141110	3.84946
41141111	2.49568
41141112	9.87993
41141113	-0.211882
41141114	3.60331
41141115	9.87993
41141116	1.1419
41141117	4.0956
41141118	6.06473
41141119	-0.827236
41141120	3.48024
41141121	10.003
41141122	0.403472
41141123	0.895756
41141124	7.9108
41141125	-0.211882
41141126	7.78772
41141127	9.26458
41141128	1.26497
41141129	9.26458
41141130	7.41851
41141131	3.11103
41141132	7.78772
41141133	9.26458
41141134	0.526543
41141135	3.48024
41141136	2.12646
41141137	0.403472
41141138	5.57245
41141139	7.54158
41141140	3.11103
41141141	3.72639
41141142	7.66465
41141143	-0.088811
41141144	4.71095
41141145	5.69552
41141146	-0.704165
41141147	4.0956
41141148	0.649614
41141149	2.00339
41141150	1.51111
41141151	4.0956
41141152	0.280402
41141153	1.01883
41141154	3.2341
41141155	0.0342598
41141156	4.71095
41141157	7.78772
41141158	4.58788
41141159	3.2341
41141160	5.94166
41141161	2.86489
41141162	2.74182
41141163	1.38804
41141164	-0.704165
41141165	2.86489
41141166	4.58788
41141167	0.280402
41141168	0.895756
41141169	2.12646
41141170	0.157331
41141171	1.1419
41141172	2.37261
41141173	-0.334953
41141174	1.88032
41141175	3.35717
41141176	3.2341
41141177	3.2341
41141178	3.48024
41141179	0.526543
41141180	3.35717
41141181	3.48024
41141182	1.88032
41141183	7.9108
41141184	4.58788
41141185	0.0342598
41141186	2.61875
41141187	3.72639
41141188	-0.211882
41141189	3.48024
41141190	2.12646
41141191	0.526543
41141192	5.20324
41141193	7.9108
41141194	4.71095
41141195	7.9108
41141196	7.9108
41141197	-0.827236
41141198	7.78772
41141199	4.83402
41141200	2.37261
41141201	3.11103
41141202	4.95709
41141203	-1.19645
41141204	5.57245
41141205	2.86489
41141206	0.0342598
41141207	0.649614
41141208	5.69552
41141209	-0.211882
41141210	5.32631
41141211	3.48024
41141212	0.772685
41141213	3.97253
41141214	1.63418
41141215	1.88032
41141216	0.526543
41141217	4.58788
41141218	0.0342598
41141219	1.26497
41141220	4.46481
41141221	-0.458024
41141222	6.92623
#	output date: 2025-05-20 18:20:23 UTC
#	chrom specified: chr22
#	position specified: 41146740-41146816
#	This data has been compressed with a minor loss in resolution.
#	(Worst case: 0.0989922)  The original source data
#	(before querying and compression) is available at 
#		http://hgdownload.soe.ucsc.edu/downloads.html
variableStep chrom=chr22 span=1
41146740	1.08872
41146741	9.27
41146742	9.27
41146743	0.490094
41146744	7.27457
41146745	7.27457
41146746	0.19078
41146747	1.08872
41146748	3.48324
41146749	-2.0042
41146750	0.19078
41146751	7.27457
41146752	1.8869
41146753	9.27
41146754	8.5716
41146755	-0.108535
41146756	7.27457
41146757	7.27457
41146758	0.689638
41146759	0.0910079
41146760	1.58758
41146761	-0.607394
41146762	2.98439
41146763	7.37434
41146764	6.17708
41146765	6.87548
41146766	7.37434
41146767	0.589866
41146768	7.27457
41146769	9.27
41146770	0.290551
41146771	5.27913
41146772	6.27685
41146773	0.789409
41146774	3.18393
41146775	0.789409
41146776	4.08187
41146777	9.27
41146778	4.78028
41146779	1.98667
41146780	7.27457
41146781	7.27457
41146782	1.1885
41146783	5.67822
41146784	3.78256
41146785	1.78713
41146786	7.27457
41146787	6.77571
41146788	4.28142
41146789	8.37206
41146790	7.1748
41146791	6.07731
41146792	3.58302
41146793	7.07502
41146794	4.48096
41146795	3.08416
41146796	4.48096
41146797	0.589866
41146798	5.17936
41146799	8.67137
41146800	1.98667
41146801	4.18165
41146802	5.27913
41146803	2.48553
41146804	2.88461
41146805	3.48324
41146806	0.789409
41146807	0.589866
41146808	5.37891
41146809	0.390323
41146810	5.27913
41146811	2.48553
41146812	-0.108535
41146813	0.290551
41146814	3.78256
41146815	0.789409
41146816	3.9821
#	output date: 2025-05-20 18:20:23 UTC
#	chrom specified: chr22
#	position specified: 41147838-41147946
#	This data has been compressed with a minor loss in resolution.
#	(Worst case: 0.0931719)  The original source data
#	(before querying and compression) is available at 
#		http://hgdownload.soe.ucsc.edu/downloads.html
variableStep chrom=chr22 span=1
41147838	1.13028
41147839	2.82057
41147840	6.6707
41147841	5.35602
41147842	7.79757
41147843	4.8865
41147844	3.10229
41147845	6.5768
41147846	7.79757
41147847	0.00340945
41147848	6.6707
41147849	6.6707
41147850	3.85354
41147851	5.16821
41147852	4.32306
41147853	0.19122
41147854	4.9804
41147855	4.69869
41147856	1.88152
41147857	4.8865
41147858	6.6707
41147859	4.51087
41147860	2.72667
41147861	0.942465
41147862	0.472937
41147863	7.79757
41147864	6.6707
41147865	7.89147
41147866	2.82057
41147867	1.5998
41147868	-0.184402
41147869	2.06933
41147870	3.47791
41147871	4.04135
41147872	1.03637
41147873	2.53886
41147874	-0.466118
41147875	-0.184402
41147876	4.51087
41147877	-2.43813
41147878	1.5998
41147879	6.38898
41147880	-0.466118
41147881	7.89147
41147882	4.8865
41147883	0.00340945
41147884	4.60478
41147885	4.60478
41147886	0.472937
41147887	1.41199
41147888	7.89147
41147889	0.097315
41147890	3.00839
41147891	5.07431
41147892	0.754654
41147893	2.72667
41147894	3.47791
41147895	-0.278307
41147896	1.5998
41147897	6.29508
41147898	3.57182
41147899	4.60478
41147900	6.29508
41147901	-0.184402
41147902	6.29508
41147903	6.38898
41147904	1.97543
41147905	6.29508
41147906	5.07431
41147907	3.2901
41147908	4.22916
41147909	5.16821
41147910	1.13028
41147911	3.47791
41147912	2.44495
41147913	2.06933
41147914	7.89147
41147915	2.53886
41147916	3.66572
41147917	3.38401
41147918	4.22916
41147919	2.06933
41147920	1.22418
41147921	5.44993
41147922	0.285126
41147923	2.44495
41147924	1.13028
41147925	-0.466118
41147926	5.35602
41147927	6.29508
41147928	0.942465
41147929	0.379032
41147930	5.35602
41147931	0.19122
41147932	6.76461
41147933	3.10229
41147934	1.13028
41147935	-0.0904961
41147936	5.35602
41147937	-0.0904961
41147938	1.5059
41147939	4.60478
41147940	0.472937
41147941	7.42195
41147942	4.60478
41147943	1.13028
41147944	6.29508
41147945	3.10229
41147946	3.2901
#	output date: 2025-05-20 18:20:23 UTC
#	chrom specified: chr22
#	position specified: 41149039-41149175
#	This data has been compressed with a minor loss in resolution.
#	(Worst case: 0.101875)  The original source data
#	(before querying and compression) is available at 
#		http://hgdownload.soe.ucsc.edu/downloads.html
variableStep chrom=chr22 span=1
41149039	3.7147
41149040	2.09737
41149041	3.29143
41149042	5.2423
41149043	2.88072
41149044	4.83159
41149045	4.72891
41149046	0.621827
41149047	5.2423
41149048	4.11285
41149049	0.313795
41149050	2.47002
41149051	2.36734
41149052	-1.12369
41149053	1.13521
41149054	5.34498
41149055	0.51915
41149056	3.08608
41149057	7.29584
41149058	-0.0969134
41149059	4.01017
41149060	5.85836
41149061	4.42088
41149062	3.08608
41149063	3.9075
41149064	0.51915
41149065	6.98781
41149066	6.47443
41149067	3.18876
41149068	0.416472
41149069	5.2423
41149070	0.929858
41149071	0.827181
41149072	4.21553
41149073	0.00576378
41149074	3.80482
41149075	0.416472
41149076	2.05931
41149077	7.09049
41149078	6.67978
41149079	2.16198
41149080	3.08608
41149081	1.13521
41149082	2.16198
41149083	7.09049
41149084	8.42529
41149085	0.929858
41149086	7.19317
41149087	3.49679
41149088	0.724504
41149089	1.03254
41149090	7.19317
41149091	0.211118
41149092	1.54592
41149093	1.44324
41149094	-2.56117
41149095	7.09049
41149096	6.5771
41149097	2.47002
41149098	1.34057
41149099	1.13521
41149100	0.724504
41149101	3.49679
41149102	1.75128
41149103	1.54592
41149104	7.19317
41149105	5.44765
41149106	0.621827
41149107	0.827181
41149108	4.21553
41149109	-0.404945
41149110	-0.302268
41149111	2.67537
41149112	-0.507622
41149113	2.57269
41149114	1.95663
41149115	0.51915
41149116	4.83159
41149117	5.13962
41149118	0.724504
41149119	2.77805
41149120	2.26466
41149121	1.54592
41149122	5.34498
41149123	3.59946
41149124	0.51915
41149125	2.05931
41149126	2.67537
41149127	-0.199591
41149128	0.108441
41149129	4.11285
41149130	-0.507622
41149131	6.67978
41149132	1.95663
41149133	0.313795
41149134	3.29143
41149135	5.55033
41149136	2.26466
41149137	1.6486
41149138	1.95663
41149139	0.827181
41149140	2.36734
41149141	6.98781
41149142	5.96104
41149143	1.6486
41149144	2.16198
41149145	-0.0969134
41149146	3.29143
41149147	3.70214
41149148	0.108441
41149149	0.211118
41149150	4.52356
41149151	1.54592
41149152	0.621827
41149153	2.26466
41149154	0.51915
41149155	2.47002
41149156	2.05931
41149157	-0.0969134
41149158	7.09049
41149159	5.44765
41149160	2.16198
41149161	2.77805
41149162	1.6486
41149163	-0.199591
41149164	3.49679
41149165	4.3182
41149166	0.00576378
41149167	5.85836
41149168	2.26466
41149169	0.211118
41149170	2.26466
41149171	6.88513
41149172	0.00576378
41149173	6.88513
41149174	6.26907
41149175	6.06372
#	output date: 2025-05-20 18:20:23 UTC
#	chrom specified: chr22
#	position specified: 41149762-41150198
#	This data has been compressed with a minor loss in resolution.
#	(Worst case: 0.101875)  The original source data
#	(before querying and compression) is available at 
#		http://hgdownload.soe.ucsc.edu/downloads.html
variableStep chrom=chr22 span=1
41149762	4.11285
41149763	3.80482
41149764	5.75568
41149765	4.93427
41149766	1.95663
41149767	6.78246
41149768	5.85836
41149769	3.39411
41149770	3.08608
41149771	4.21553
41149772	0.313795
41149773	2.36734
41149774	2.47002
41149775	0.108441
41149776	0.929858
41149777	4.21553
41149778	4.11285
41149779	2.9834
41149780	4.11285
41149781	2.67537
41149782	3.18876
41149783	3.9075
41149784	0.313795
41149785	3.18876
41149786	5.75568
41149787	-0.404945
41149788	5.55033
41149789	3.18876
41149790	2.88072
41149791	5.2423
41149792	4.01017
41149793	0.108441
41149794	5.85836
41149795	5.34498
41149796	1.13521
41149797	5.85836
41149798	5.85836
41149799	0.51915
41149800	1.6486
41149801	1.75128
41149802	0.621827
41149803	2.77805
41149804	4.62624
41149805	6.06372
41149806	1.03254
41149807	3.49679
41149808	1.23789
41149809	3.49679
41149810	4.62624
41149811	0.00576378
41149812	5.85836
41149813	5.85836
41149814	-0.507622
41149815	1.23789
41149816	4.52356
41149817	0.211118
41149818	4.62624
41149819	3.18876
41149820	0.211118
41149821	5.44765
41149822	5.85836
41149823	1.85395
41149824	4.42088
41149825	4.01017
41149826	1.44324
41149827	4.3182
41149828	5.2423
41149829	0.621827
41149830	2.05931
41149831	5.44765
41149832	1.75128
41149833	6.47443
41149834	4.21553
41149835	1.13521
41149836	5.44765
41149837	6.06372
41149838	1.54592
41149839	2.36734
41149840	4.01017
41149841	-0.712976
41149842	1.6486
41149843	3.70214
41149844	0.827181
41149845	3.08608
41149846	3.08608
41149847	0.211118
41149848	1.34057
41149849	3.08608
41149850	0.51915
41149851	4.83159
41149852	3.80482
41149853	0.00576378
41149854	1.13521
41149855	1.13521
41149856	0.827181
41149857	-0.0969134
41149858	4.01017
41149859	0.00576378
41149860	1.23789
41149861	4.62624
41149862	0.416472
41149863	5.03694
41149864	6.26907
41149865	1.95663
41149866	1.75128
41149867	2.57269
41149868	1.34057
41149869	8.21994
41149870	4.52356
41149871	0.108441
41149872	6.78246
41149873	6.88513
41149874	0.00576378
41149875	5.2423
41149876	5.2423
41149877	-2.15046
41149878	5.34498
41149879	6.88513
41149880	-0.199591
41149881	6.88513
41149882	6.88513
41149883	-1.12369
41149884	8.836
41149885	4.93427
41149886	0.108441
41149887	5.2423
41149888	3.29143
41149889	-1.02101
41149890	6.37175
41149891	8.836
41149892	0.211118
41149893	4.01017
41149894	5.55033
41149895	-2.66384
41149896	4.72891
41149897	6.88513
41149898	-0.0969134
41149899	6.88513
41149900	6.88513
41149901	-1.9451
41149902	6.37175
41149903	4.11285
41149904	-0.199591
41149905	6.88513
41149906	5.13962
41149907	0.108441
41149908	6.67978
41149909	7.91191
41149910	0.724504
41149911	6.67978
41149912	5.96104
41149913	-0.918331
41149914	8.21994
41149915	6.88513
41149916	-0.815654
41149917	6.88513
41149918	6.88513
41149919	0.313795
41149920	6.88513
41149921	6.88513
41149922	0.827181
41149923	4.42088
41149924	4.72891
41149925	1.03254
41149926	0.51915
41149927	5.2423
41149928	0.416472
41149929	2.57269
41149930	5.03694
41149931	-0.0969134
41149932	0.724504
41149933	3.39411
41149934	-0.0969134
41149935	4.11285
41149936	2.77805
41149937	0.211118
41149938	6.88513
41149939	5.2423
41149940	3.80482
41149941	1.44324
41149942	5.34498
41149943	1.13521
41149944	4.11285
41149945	4.11285
41149946	1.44324
41149947	1.54592
41149948	5.34498
41149949	1.54592
41149950	0.00576378
41149951	5.34498
41149952	1.44324
41149953	0.108441
41149954	1.85395
41149955	0.313795
41149956	1.6486
41149957	1.95663
41149958	-0.404945
41149959	1.6486
41149960	2.47002
41149961	0.313795
41149962	3.59946
41149963	1.95663
41149964	-0.507622
41149965	2.26466
41149966	6.67978
41149967	0.416472
41149968	2.57269
41149969	3.08608
41149970	0.108441
41149971	3.9075
41149972	2.9834
41149973	0.00576378
41149974	2.16198
41149975	3.9075
41149976	-0.199591
41149977	1.85395
41149978	5.03694
41149979	0.51915
41149980	2.9834
41149981	3.9075
41149982	2.47002
41149983	2.47002
41149984	4.83159
41149985	0.108441
41149986	0.724504
41149987	2.47002
41149988	2.26466
41149989	1.03254
41149990	3.70214
41149991	-0.404945
41149992	0.313795
41149993	4.83159
41149994	-0.610299
41149995	2.57269
41149996	2.05931
41149997	0.00576378
41149998	1.34057
41149999	3.9075
41150000	0.00576378
41150001	5.13962
41150002	0.621827
41150003	1.13521
41150004	-0.507622
41150005	4.93427
41150006	1.03254
41150007	4.72891
41150008	2.77805
41150009	0.929858
41150010	1.44324
41150011	1.85395
41150012	0.51915
41150013	1.54592
41150014	3.18876
41150015	-1.02101
41150016	2.88072
41150017	5.03694
41150018	-0.302268
41150019	3.08608
41150020	2.9834
41150021	-1.02101
41150022	1.85395
41150023	6.67978
41150024	0.211118
41150025	3.08608
41150026	4.01017
41150027	0.108441
41150028	1.95663
41150029	4.01017
41150030	-0.199591
41150031	5.34498
41150032	6.37175
41150033	1.95663
41150034	4.62624
41150035	2.77805
41150036	-1.02101
41150037	3.70214
41150038	5.34498
41150039	-1.43172
41150040	4.62624
41150041	5.34498
41150042	-0.918331
41150043	5.34498
41150044	5.34498
41150045	-0.302268
41150046	3.70214
41150047	6.67978
41150048	-0.918331
41150049	0.108441
41150050	3.08608
41150051	0.313795
41150052	0.51915
41150053	1.95663
41150054	0.00576378
41150055	4.83159
41150056	7.91191
41150057	-0.302268
41150058	1.54592
41150059	3.70214
41150060	0.724504
41150061	2.57269
41150062	5.13962
41150063	0.929858
41150064	2.57269
41150065	2.64228
41150066	-1.07451
41150067	5.08993
41150068	3.36751
41150069	2.37032
41150070	4.45535
41150071	3.54882
41150072	-1.07451
41150073	4.00209
41150074	4.90862
41150075	0.375945
41150076	1.46379
41150077	4.99928
41150078	1.37313
41150079	1.01052
41150080	4.81797
41150081	-0.167976
41150082	0.829213
41150083	3.45817
41150084	0.0133307
41150085	1.73575
41150086	4.63666
41150087	0.0133307
41150088	2.00771
41150089	2.82359
41150090	0.375945
41150091	1.73575
41150092	1.73575
41150093	-0.25863
41150094	1.19183
41150095	3.73013
41150096	0.194638
41150097	-0.25863
41150098	4.00209
41150099	-1.70909
41150100	1.28248
41150101	1.28248
41150102	-0.349283
41150103	6.903
41150104	3.27686
41150105	-0.349283
41150106	1.01052
41150107	1.28248
41150108	0.0133307
41150109	-0.0773228
41150110	1.19183
41150111	-0.167976
41150112	3.54882
41150113	1.8264
41150114	1.46379
41150115	2.73294
41150116	3.54882
41150117	1.01052
41150118	3.54882
41150119	4.18339
41150120	0.103984
41150121	3.82078
41150122	3.73013
41150123	-0.983858
41150124	2.46098
41150125	2.09836
41150126	-0.530591
41150127	3.27686
41150128	3.1862
41150129	-0.439937
41150130	4.45535
41150131	2.82359
41150132	1.91706
41150133	6.63104
41150134	2.82359
41150135	1.28248
41150136	4.3647
41150137	5.08993
41150138	-0.621244
41150139	0.829213
41150140	2.27967
41150141	-1.34647
41150142	0.647906
41150143	4.54601
41150144	-1.16517
41150145	2.09836
41150146	3.0049
41150147	-3.88477
41150148	0.919866
41150149	3.63947
41150150	0.103984
41150151	4.00209
41150152	1.10117
41150153	-0.439937
41150154	1.8264
41150155	2.64228
41150156	0.557252
41150157	5.81516
41150158	4.63666
41150159	-0.167976
41150160	2.09836
41150161	3.54882
41150162	0.103984
41150163	2.73294
41150164	5.36189
41150165	-0.711898
41150166	2.55163
41150167	2.73294
41150168	-0.349283
41150169	1.01052
41150170	4.27405
41150171	-0.167976
41150172	1.28248
41150173	3.91143
41150174	0.919866
41150175	1.64509
41150176	1.19183
41150177	0.375945
41150178	1.73575
41150179	3.0049
41150180	-0.0773228
41150181	1.73575
41150182	1.37313
41150183	-0.621244
41150184	3.0049
41150185	4.45535
41150186	1.10117
41150187	5.36189
41150188	3.82078
41150189	-0.439937
41150190	-0.439937
41150191	2.82359
41150192	-2.16235
41150193	4.63666
41150194	5.36189
41150195	1.55444
41150196	5.36189
41150197	5.36189
41150198	0.0133307
#	output date: 2025-05-20 18:20:23 UTC
#	chrom specified: chr22
#	position specified: 41151834-41152012
#	This data has been compressed with a minor loss in resolution.
#	(Worst case: 0.104227)  The original source data
#	(before querying and compression) is available at 
#		http://hgdownload.soe.ucsc.edu/downloads.html
variableStep chrom=chr22 span=1
41151834	3.13831
41151835	0.196984
41151836	5.44935
41151837	5.3443
41151838	-0.0131102
41151839	5.1342
41151840	4.92411
41151841	1.3525
41151842	1.3525
41151843	3.5585
41151844	0.407079
41151845	2.08783
41151846	2.61307
41151847	0.512126
41151848	6.07963
41151849	1.98279
41151850	-0.748441
41151851	4.81906
41151852	3.03326
41151853	0.512126
41151854	0.617173
41151855	2.92821
41151856	-0.223205
41151857	8.39067
41151858	8.07553
41151859	0.196984
41151860	5.44935
41151861	5.76449
41151862	-0.118157
41151863	7.1301
41151864	4.29383
41151865	1.5626
41151866	4.08373
41151867	1.24746
41151868	-2.53424
41151869	3.3484
41151870	4.29383
41151871	-0.538346
41151872	4.29383
41151873	4.81906
41151874	-0.118157
41151875	5.44935
41151876	5.3443
41151877	-0.958535
41151878	4.39887
41151879	5.44935
41151880	0.196984
41151881	5.55439
41151882	5.44935
41151883	-0.643394
41151884	1.98279
41151885	3.76859
41151886	0.932315
41151887	6.70991
41151888	3.24335
41151889	0.72222
41151890	8.49572
41151891	7.23515
41151892	0.407079
41151893	1.3525
41151894	2.71812
41151895	-0.328252
41151896	7.23515
41151897	6.39477
41151898	0.512126
41151899	5.76449
41151900	3.13831
41151901	1.03736
41151902	4.08373
41151903	0.72222
41151904	0.302031
41151905	2.19288
41151906	4.29383
41151907	0.196984
41151908	7.1301
41151909	8.49572
41151910	4.29383
41151911	0.72222
41151912	1.45755
41151913	-0.748441
41151914	0.617173
41151915	1.24746
41151916	-0.0131102
41151917	1.5626
41151918	2.61307
41151919	0.932315
41151920	5.55439
41151921	4.71402
41151922	0.302031
41151923	3.66354
41151924	8.49572
41151925	3.5585
41151926	3.24335
41151927	3.5585
41151928	0.617173
41151929	1.98279
41151930	3.3484
41151931	-0.223205
41151932	2.29793
41151933	1.45755
41151934	0.196984
41151935	4.29383
41151936	3.3484
41151937	2.19288
41151938	9.126
41151939	5.55439
41151940	2.40298
41151941	2.40298
41151942	3.24335
41151943	-0.643394
41151944	8.39067
41151945	5.44935
41151946	1.03736
41151947	2.50802
41151948	3.5585
41151949	3.3484
41151950	9.02095
41151951	5.44935
41151952	0.407079
41151953	0.196984
41151954	0.827268
41151955	-0.958535
41151956	5.44935
41151957	6.60487
41151958	0.72222
41151959	1.87774
41151960	2.71812
41151961	3.66354
41151962	3.24335
41151963	5.3443
41151964	0.407079
41151965	4.08373
41151966	5.02916
41151967	0.512126
41151968	5.86954
41151969	4.50392
41151970	0.407079
41151971	4.18878
41151972	1.87774
41151973	-0.538346
41151974	0.407079
41151975	4.18878
41151976	0.512126
41151977	7.23515
41151978	8.49572
41151979	2.61307
41151980	1.03736
41151981	1.45755
41151982	0.302031
41151983	1.98279
41151984	1.03736
41151985	0.196984
41151986	6.70991
41151987	4.29383
41151988	-0.748441
41151989	-1.69387
41151990	1.3525
41151991	-0.0131102
41151992	2.19288
41151993	3.45345
41151994	0.091937
41151995	0.091937
41151996	1.77269
41151997	-0.118157
41151998	6.70991
41151999	5.44935
41152000	1.45755
41152001	7.76039
41152002	2.71812
41152003	0.302031
41152004	2.92821
41152005	0.932315
41152006	0.72222
41152007	-0.0131102
41152008	3.24335
41152009	0.196984
41152010	5.55439
41152011	4.08373
41152012	5.97458
#	output date: 2025-05-20 18:20:23 UTC
#	chrom specified: chr22
#	position specified: 41152207-41152350
#	This data has been compressed with a minor loss in resolution.
#	(Worst case: 0.0988828)  The original source data
#	(before querying and compression) is available at 
#		http://hgdownload.soe.ucsc.edu/downloads.html
variableStep chrom=chr22 span=1
41152207	0.160441
41152208	-0.238205
41152209	2.55231
41152210	7.33606
41152211	1.35638
41152212	1.15706
41152213	0.758409
41152214	0.459425
41152215	5.4425
41152216	6.73809
41152217	0.359764
41152218	7.13674
41152219	5.04385
41152220	-0.437528
41152221	1.35638
41152222	3.34961
41152223	1.85469
41152224	5.84114
41152225	4.54554
41152226	1.45604
41152227	0.658748
41152228	1.5557
41152229	0.0607795
41152230	6.23979
41152231	5.84114
41152232	1.35638
41152233	0.658748
41152234	4.94419
41152235	0.858071
41152236	1.05739
41152237	1.05739
41152238	1.25672
41152239	3.94757
41152240	4.6452
41152241	2.55231
41152242	1.05739
41152243	0.559087
41152244	0.0607795
41152245	6.23979
41152246	2.95096
41152247	0.459425
41152248	8.33268
41152249	2.25333
41152250	0.459425
41152251	1.85469
41152252	3.05062
41152253	0.459425
41152254	0.559087
41152255	1.15706
41152256	-0.138543
41152257	0.0607795
41152258	2.15367
41152259	-0.138543
41152260	8.532
41152261	7.93403
41152262	0.758409
41152263	0.559087
41152264	2.45265
41152265	0.359764
41152266	7.93403
41152267	7.93403
41152268	1.85469
41152269	-0.337866
41152270	3.05062
41152271	-1.13516
41152272	8.532
41152273	6.04046
41152274	0.260102
41152275	0.359764
41152276	0.260102
41152277	-0.736512
41152278	4.84453
41152279	5.9408
41152280	1.5557
41152281	4.34622
41152282	4.74487
41152283	-0.0388819
41152284	8.532
41152285	6.23979
41152286	0.758409
41152287	8.532
41152288	7.93403
41152289	0.957732
41152290	6.43911
41152291	2.15367
41152292	-0.337866
41152293	4.34622
41152294	2.25333
41152295	2.45265
41152296	1.75502
41152297	3.94757
41152298	1.15706
41152299	3.05062
41152300	1.25672
41152301	0.758409
41152302	6.43911
41152303	3.94757
41152304	1.65536
41152305	3.94757
41152306	4.94419
41152307	-0.138543
41152308	4.34622
41152309	3.05062
41152310	0.160441
41152311	1.15706
41152312	3.74825
41152313	-0.437528
41152314	6.14013
41152315	5.84114
41152316	4.44588
41152317	2.25333
41152318	3.44927
41152319	-1.73313
41152320	4.94419
41152321	4.84453
41152322	1.05739
41152323	2.55231
41152324	3.64859
41152325	0.658748
41152326	4.74487
41152327	4.84453
41152328	0.0607795
41152329	1.65536
41152330	2.25333
41152331	-0.935835
41152332	4.54554
41152333	4.84453
41152334	0.160441
41152335	4.6452
41152336	5.4425
41152337	3.34961
41152338	3.74825
41152339	2.95096
41152340	-0.437528
41152341	7.63505
41152342	5.9408
41152343	3.94757
41152344	5.84114
41152345	2.35299
41152346	1.15706
41152347	7.63505
41152348	7.63505
41152349	1.75502
41152350	7.63505
#	output date: 2025-05-20 18:20:23 UTC
#	chrom specified: chr22
#	position specified: 41154996-41155113
#	This data has been compressed with a minor loss in resolution.
#	(Worst case: 0.11893)  The original source data
#	(before querying and compression) is available at 
#		http://hgdownload.soe.ucsc.edu/downloads.html
variableStep chrom=chr22 span=1
41154996	1.61237
41154997	7.96528
41154998	7.96528
41154999	0.0541102
41155000	9.2838
41155001	9.2838
41155002	0.773307
41155003	7.84541
41155004	7.84541
41155005	-0.665087
41155006	10.003
41155007	9.2838
41155008	1.97197
41155009	10.003
41155010	9.2838
41155011	0.653441
41155012	1.37264
41155013	7.96528
41155014	1.25277
41155015	3.76996
41155016	10.003
41155017	-0.665087
41155018	7.84541
41155019	9.2838
41155020	6.88648
41155021	10.003
41155022	7.84541
41155023	-0.425354
41155024	1.01304
41155025	7.96528
41155026	3.65009
41155027	9.2838
41155028	7.96528
41155029	10.003
41155030	6.16728
41155031	7.84541
41155032	1.25277
41155033	9.2838
41155034	7.84541
41155035	-0.665087
41155036	0.533575
41155037	7.96528
41155038	2.9309
41155039	10.003
41155040	9.2838
41155041	2.81103
41155042	5.32822
41155043	7.84541
41155044	1.61237
41155045	3.2905
41155046	7.96528
41155047	0.653441
41155048	7.96528
41155049	9.2838
41155050	1.73224
41155051	3.2905
41155052	10.003
41155053	-1.62402
41155054	7.84541
41155055	9.2838
41155056	2.5713
41155057	10.003
41155058	9.2838
41155059	0.0541102
41155060	7.84541
41155061	7.84541
41155062	-0.185622
41155063	10.003
41155064	9.2838
41155065	2.69117
41155066	7.96528
41155067	7.84541
41155068	0.0541102
41155069	6.04742
41155070	7.96528
41155071	-0.0657559
41155072	7.84541
41155073	7.84541
41155074	0.293843
41155075	7.96528
41155076	7.96528
41155077	2.2117
41155078	1.13291
41155079	10.003
41155080	-0.185622
41155081	3.2905
41155082	4.24943
41155083	-0.305488
41155084	7.84541
41155085	7.84541
41155086	1.01304
41155087	10.003
41155088	7.96528
41155089	1.73224
41155090	10.003
41155091	9.2838
41155092	0.293843
41155093	7.84541
41155094	7.84541
41155095	-0.185622
41155096	3.88983
41155097	5.80768
41155098	0.173976
41155099	0.893173
41155100	5.08849
41155101	0.293843
41155102	1.37264
41155103	7.96528
41155104	-0.904819
41155105	4.84876
41155106	8.08514
41155107	1.25277
41155108	9.2838
41155109	7.96528
41155110	1.61237
41155111	7.84541
41155112	7.84541
41155113	0.173976
#	output date: 2025-05-20 18:20:23 UTC
#	chrom specified: chr22
#	position specified: 41157170-41157408
#	This data has been compressed with a minor loss in resolution.
#	(Worst case: 0.110617)  The original source data
#	(before querying and compression) is available at 
#		http://hgdownload.soe.ucsc.edu/downloads.html
variableStep chrom=chr22 span=1
41157170	9.22258
41157171	1.97585
41157172	7.99621
41157173	9.22258
41157174	-0.030937
41157175	7.99621
41157176	7.99621
41157177	3.4252
41157178	10.003
41157179	9.22258
41157180	2.08734
41157181	9.22258
41157182	7.99621
41157183	-0.030937
41157184	10.003
41157185	7.99621
41157186	1.08394
41157187	9.22258
41157188	9.22258
41157189	3.53668
41157190	7.43877
41157191	3.4252
41157192	0.415016
41157193	7.88472
41157194	7.88472
41157195	-0.142425
41157196	9.22258
41157197	7.99621
41157198	6.65835
41157199	10.003
41157200	9.22258
41157201	0.860969
41157202	2.53329
41157203	7.99621
41157204	-0.811354
41157205	7.99621
41157206	7.88472
41157207	-0.47689
41157208	9.22258
41157209	7.88472
41157210	-0.922843
41157211	9.22258
41157212	7.99621
41157213	-0.142425
41157214	9.22258
41157215	9.22258
41157216	1.86436
41157217	2.97924
41157218	10.003
41157219	0.415016
41157220	9.22258
41157221	9.22258
41157222	2.08734
41157223	0.74948
41157224	7.99621
41157225	2.08734
41157226	10.003
41157227	5.20901
41157228	0.192039
41157229	5.20901
41157230	4.09413
41157231	0.637992
41157232	10.003
41157233	10.003
41157234	0.213551
41157235	7.82757
41157236	9.2416
41157237	2.06267
41157238	7.93634
41157239	9.2416
41157240	0.757409
41157241	6.08722
41157242	9.2416
41157243	1.9539
41157244	10.003
41157245	9.2416
41157246	0.322323
41157247	7.82757
41157248	7.82757
41157249	-3.70223
41157250	7.93634
41157251	10.003
41157252	10.003
41157253	7.82757
41157254	7.50125
41157255	0.322323
41157256	7.93634
41157257	9.2416
41157258	0.431094
41157259	4.67319
41157260	7.93634
41157261	0.10478
41157262	10.003
41157263	9.2416
41157264	-0.221535
41157265	10.003
41157266	9.2416
41157267	0.10478
41157268	2.7153
41157269	7.93634
41157270	0.648638
41157271	7.93634
41157272	8.04511
41157273	10.003
41157274	2.7153
41157275	7.93634
41157276	-0.982937
41157277	9.2416
41157278	7.93634
41157279	10.003
41157280	7.93634
41157281	7.93634
41157282	2.28021
41157283	9.2416
41157284	9.2416
41157285	1.41004
41157286	9.2416
41157287	9.2416
41157288	0.757409
41157289	10.003
41157290	7.82757
41157291	1.08372
41157292	7.93634
41157293	10.003
41157294	10.003
41157295	1.30127
41157296	7.93634
41157297	-0.330307
41157298	7.93634
41157299	9.2416
41157300	1.1925
41157301	9.2416
41157302	9.2416
41157303	0.322323
41157304	4.89073
41157305	10.003
41157306	1.1925
41157307	9.2416
41157308	9.2416
41157309	2.38898
41157310	7.50125
41157311	7.82757
41157312	-0.656622
41157313	7.93634
41157314	7.82757
41157315	-3.37591
41157316	1.62758
41157317	10.003
41157318	-0.656622
41157319	10.003
41157320	7.93634
41157321	-0.874165
41157322	7.93634
41157323	9.2416
41157324	1.51881
41157325	9.2416
41157326	9.2416
41157327	4.02056
41157328	7.93634
41157329	6.19599
41157330	2.7153
41157331	7.93634
41157332	10.003
41157333	0.757409
41157334	3.25916
41157335	7.82757
41157336	0.974953
41157337	9.2416
41157338	6.19599
41157339	0.757409
41157340	0.974953
41157341	7.93634
41157342	-0.112764
41157343	7.28371
41157344	7.82757
41157345	-0.54785
41157346	10.003
41157347	9.2416
41157348	4.02056
41157349	10.003
41157350	7.93634
41157351	0.757409
41157352	7.93634
41157353	7.93634
41157354	1.41004
41157355	10.003
41157356	9.2416
41157357	1.41004
41157358	2.06267
41157359	4.12933
41157360	1.41004
41157361	10.003
41157362	9.2416
41157363	1.62758
41157364	9.2416
41157365	7.93634
41157366	0.10478
41157367	10.003
41157368	9.2416
41157369	-0.221535
41157370	6.08722
41157371	7.82757
41157372	-1.09171
41157373	10.003
41157374	7.93634
41157375	0.10478
41157376	9.2416
41157377	7.93634
41157378	10.003
41157379	7.82757
41157380	9.2416
41157381	1.9539
41157382	1.41004
41157383	2.7153
41157384	0.648638
41157385	4.12933
41157386	7.93634
41157387	0.431094
41157388	10.003
41157389	10.003
41157390	-1.09171
41157391	7.93634
41157392	9.2416
41157393	0.322323
41157394	7.93634
41157395	10.003
41157396	0.322323
41157397	7.93634
41157398	10.003
41157399	5.10828
41157400	10.003
41157401	10.003
41157402	-0.00399213
41157403	1.62758
41157404	9.78546
41157405	3.36793
41157406	9.13283
41157407	9.13283
41157408	7.93634
#	output date: 2025-05-20 18:20:23 UTC
#	chrom specified: chr22
#	position specified: 41158413-41158500
#	This data has been compressed with a minor loss in resolution.
#	(Worst case: 0.114047)  The original source data
#	(before querying and compression) is available at 
#		http://hgdownload.soe.ucsc.edu/downloads.html
variableStep chrom=chr22 span=1
41158413	1.95686
41158414	0.807409
41158415	10.003
41158416	9.31333
41158417	0.692465
41158418	7.93399
41158419	7.93399
41158420	-0.227094
41158421	7.93399
41158422	7.81905
41158423	-0.686874
41158424	7.81905
41158425	7.81905
41158426	0.00279528
41158427	7.81905
41158428	9.31333
41158429	1.61202
41158430	9.31333
41158431	7.81905
41158432	0.232685
41158433	2.0718
41158434	7.93399
41158435	-0.916764
41158436	7.93399
41158437	10.003
41158438	3.22125
41158439	7.93399
41158440	10.003
41158441	4.94543
41158442	7.93399
41158443	9.31333
41158444	0.34763
41158445	10.003
41158446	10.003
41158447	0.232685
41158448	9.31333
41158449	9.31333
41158450	0.922354
41158451	7.81905
41158452	9.31333
41158453	2.53158
41158454	0.57752
41158455	7.93399
41158456	-0.686874
41158457	7.93399
41158458	10.003
41158459	0.807409
41158460	9.31333
41158461	7.81905
41158462	0.00279528
41158463	9.31333
41158464	7.93399
41158465	0.462575
41158466	7.81905
41158467	3.3362
41158468	-0.571929
41158469	4.83048
41158470	7.93399
41158471	-1.72138
41158472	10.003
41158473	7.47421
41158474	2.76147
41158475	10.003
41158476	6.09487
41158477	1.15224
41158478	2.41664
41158479	7.81905
41158480	-0.11215
41158481	7.93399
41158482	9.31333
41158483	-0.456984
41158484	7.93399
41158485	4.60059
41158486	1.26719
41158487	9.31333
41158488	10.003
41158489	1.0373
41158490	7.93399
41158491	9.31333
41158492	2.18675
41158493	7.81905
41158494	9.31333
41158495	3.10631
41158496	9.31333
41158497	9.31333
41158498	4.94543
41158499	9.31333
41158500	10.003
#	output date: 2025-05-20 18:20:23 UTC
#	chrom specified: chr22
#	position specified: 41160643-41160722
#	This data has been compressed with a minor loss in resolution.
#	(Worst case: 0.120813)  The original source data
#	(before querying and compression) is available at 
#		http://hgdownload.soe.ucsc.edu/downloads.html
variableStep chrom=chr22 span=1
41160643	7.65378
41160644	8.87142
41160645	2.41794
41160646	7.53202
41160647	8.87142
41160648	3.63557
41160649	7.65378
41160650	3.8791
41160651	7.53202
41160652	7.65378
41160653	9.602
41160654	3.8791
41160655	9.602
41160656	8.87142
41160657	4.00087
41160658	8.87142
41160659	8.87142
41160660	9.602
41160661	7.65378
41160662	9.602
41160663	3.02676
41160664	7.65378
41160665	7.65378
41160666	7.53202
41160667	8.87142
41160668	7.04496
41160669	1.07854
41160670	9.602
41160671	8.87142
41160672	1.2003
41160673	8.87142
41160674	7.65378
41160675	5.82732
41160676	7.53202
41160677	8.87142
41160678	1.68735
41160679	7.65378
41160680	9.602
41160681	1.93088
41160682	9.602
41160683	8.87142
41160684	3.02676
41160685	6.9232
41160686	3.14852
41160687	1.07854
41160688	9.602
41160689	7.65378
41160690	0.59148
41160691	2.29617
41160692	7.53202
41160693	2.78323
41160694	1.56559
41160695	7.65378
41160696	3.8791
41160697	9.602
41160698	9.602
41160699	0.956772
41160700	9.602
41160701	8.87142
41160702	1.93088
41160703	9.602
41160704	8.87142
41160705	2.66146
41160706	7.53202
41160707	7.53202
41160708	1.93088
41160709	1.07854
41160710	7.53202
41160711	2.29617
41160712	7.53202
41160713	8.87142
41160714	2.05265
41160715	7.53202
41160716	7.53202
41160717	0.226189
41160718	7.53202
41160719	8.87142
41160720	3.39205
41160721	7.04496
41160722	7.53202
#	output date: 2025-05-20 18:20:23 UTC
#	chrom specified: chr22
#	position specified: 41162724-41162779
#	This data has been compressed with a minor loss in resolution.
#	(Worst case: 0.108523)  The original source data
#	(before querying and compression) is available at 
#		http://hgdownload.soe.ucsc.edu/downloads.html
variableStep chrom=chr22 span=1
41162724	3.95024
41162725	4.16899
41162726	-0.096748
41162727	8.43473
41162728	7.23158
41162729	2.52832
41162730	4.38775
41162731	5.15339
41162732	2.52832
41162733	8.43473
41162734	8.43473
41162735	2.09081
41162736	9.091
41162737	8.43473
41162738	0.778276
41162739	7.1222
41162740	8.43473
41162741	0.55952
41162742	7.23158
41162743	7.23158
41162744	2.30957
41162745	1.6533
41162746	4.38775
41162747	0.122008
41162748	5.91904
41162749	6.46593
41162750	0.997032
41162751	8.43473
41162752	5.70028
41162753	3.84086
41162754	8.43473
41162755	6.57531
41162756	1.98143
41162757	8.43473
41162758	8.43473
41162759	0.450142
41162760	9.091
41162761	8.43473
41162762	0.778276
41162763	6.68469
41162764	4.38775
41162765	0.231386
41162766	3.51272
41162767	7.23158
41162768	1.87206
41162769	9.091
41162770	8.43473
41162771	1.6533
41162772	7.1222
41162773	5.37215
41162774	0.887654
41162775	9.091
41162776	8.43473
41162777	2.96583
41162778	0.668898
41162779	2.20019
#	output date: 2025-05-20 18:20:23 UTC
#	chrom specified: chr22
#	position specified: 41164054-41164130
#	This data has been compressed with a minor loss in resolution.
#	(Worst case: 0.10975)  The original source data
#	(before querying and compression) is available at 
#		http://hgdownload.soe.ucsc.edu/downloads.html
variableStep chrom=chr22 span=1
41164054	3.36615
41164055	6.02089
41164056	3.47676
41164057	10.003
41164058	8.01194
41164059	-0.173504
41164060	10.003
41164061	9.2287
41164062	1.81755
41164063	8.01194
41164064	10.003
41164065	1.48571
41164066	3.36615
41164067	1.15387
41164068	-0.837189
41164069	10.003
41164070	9.2287
41164071	-0.837189
41164072	8.01194
41164073	10.003
41164074	0.490181
41164075	10.003
41164076	10.003
41164077	-0.837189
41164078	1.92817
41164079	10.003
41164080	-0.0628898
41164081	9.2287
41164082	9.2287
41164083	1.26448
41164084	7.23765
41164085	8.01194
41164086	10.003
41164087	7.90133
41164088	9.2287
41164089	-0.0628898
41164090	7.90133
41164091	9.2287
41164092	5.02536
41164093	9.2287
41164094	8.01194
41164095	-0.173504
41164096	8.01194
41164097	10.003
41164098	1.26448
41164099	8.12256
41164100	4.14045
41164101	-1.94333
41164102	0.932638
41164103	8.01194
41164104	-0.394732
41164105	7.90133
41164106	9.2287
41164107	-0.615961
41164108	2.26001
41164109	9.2287
41164110	1.26448
41164111	10.003
41164112	9.2287
41164113	-0.173504
41164114	2.14939
41164115	3.03431
41164116	-0.173504
41164117	9.2287
41164118	8.01194
41164119	0.379567
41164120	8.01194
41164121	10.003
41164122	10.003
41164123	7.90133
41164124	7.90133
41164125	-1.50087
41164126	0.0477244
41164127	2.14939
41164128	-0.173504
41164129	10.003
41164130	10.003
#	output date: 2025-05-20 18:20:23 UTC
#	chrom specified: chr22
#	position specified: 41166600-41166666
#	This data has been compressed with a minor loss in resolution.
#	(Worst case: 0.102648)  The original source data
#	(before querying and compression) is available at 
#		http://hgdownload.soe.ucsc.edu/downloads.html
variableStep chrom=chr22 span=1
41166600	7.77432
41166601	7.77432
41166602	1.25655
41166603	2.70494
41166604	7.77432
41166605	0.221984
41166606	7.77432
41166607	9.74
41166608	3.01532
41166609	9.74
41166610	9.0158
41166611	0.842724
41166612	3.22223
41166613	2.8084
41166614	0.842724
41166615	7.77432
41166616	9.74
41166617	0.325441
41166618	0.325441
41166619	7.77432
41166620	0.635811
41166621	9.0158
41166622	9.0158
41166623	4.67062
41166624	9.0158
41166625	5.9121
41166626	4.15334
41166627	1.56692
41166628	3.22223
41166629	0.428898
41166630	6.22247
41166631	3.84297
41166632	0.428898
41166633	3.01532
41166634	6.22247
41166635	1.56692
41166636	4.15334
41166637	5.80865
41166638	-0.295299
41166639	0.842724
41166640	7.87778
41166641	0.842724
41166642	9.0158
41166643	7.25704
41166644	2.8084
41166645	9.74
41166646	9.0158
41166647	2.49803
41166648	9.0158
41166649	9.0158
41166650	0.325441
41166651	9.0158
41166652	9.0158
41166653	1.25655
41166654	6.01556
41166655	4.77408
41166656	0.0150709
41166657	2.91186
41166658	3.01532
41166659	0.946181
41166660	6.42939
41166661	7.67087
41166662	0.532354
41166663	9.0158
41166664	7.25704
41166665	7.25704
41166666	3.84297
#	output date: 2025-05-20 18:20:23 UTC
#	chrom specified: chr22
#	position specified: 41168450-41168599
#	This data has been compressed with a minor loss in resolution.
#	(Worst case: 0.11593)  The original source data
#	(before querying and compression) is available at 
#		http://hgdownload.soe.ucsc.edu/downloads.html
variableStep chrom=chr22 span=1
41168450	2.17144
41168451	0.648638
41168452	7.93634
41168453	0.757409
41168454	7.82757
41168455	4.78196
41168456	-1.63557
41168457	0.974953
41168458	3.91179
41168459	0.10478
41168460	7.28371
41168461	7.82757
41168462	-0.54785
41168463	6.08722
41168464	5.65213
41168465	0.10478
41168466	3.25916
41168467	7.93634
41168468	0.974953
41168469	10.003
41168470	10.003
41168471	-0.221535
41168472	2.93284
41168473	0.866181
41168474	-0.112764
41168475	6.19599
41168476	3.25916
41168477	0.974953
41168478	-0.112764
41168479	7.93634
41168480	0.322323
41168481	10.003
41168482	9.2416
41168483	1.08372
41168484	3.69424
41168485	1.62758
41168486	0.322323
41168487	2.38898
41168488	10.003
41168489	0.648638
41168490	10.003
41168491	7.93634
41168492	0.322323
41168493	9.2416
41168494	9.2416
41168495	1.30127
41168496	5.86968
41168497	7.28371
41168498	-0.54785
41168499	7.93634
41168500	1.73635
41168501	0.539866
41168502	0.213551
41168503	7.93634
41168504	1.62758
41168505	4.89073
41168506	4.34687
41168507	2.93284
41168508	0.757409
41168509	10.003
41168510	0.431094
41168511	7.82757
41168512	9.2416
41168513	0.322323
41168514	4.45565
41168515	3.69424
41168516	2.7153
41168517	3.15039
41168518	6.19599
41168519	0.322323
41168520	7.89983
41168521	4.97877
41168522	-0.980197
41168523	10.003
41168524	9.30194
41168525	2.40824
41168526	2.29139
41168527	7.89983
41168528	-0.162299
41168529	10.003
41168530	10.003
41168531	0.889283
41168532	10.003
41168533	9.30194
41168534	0.538756
41168535	10.003
41168536	8.01668
41168537	0.655598
41168538	3.45982
41168539	1.00613
41168540	0.655598
41168541	3.92719
41168542	8.01668
41168543	0.188228
41168544	2.40824
41168545	10.003
41168546	-0.0454567
41168547	8.01668
41168548	8.01668
41168549	0.188228
41168550	10.003
41168551	8.01668
41168552	0.305071
41168553	4.86193
41168554	5.91351
41168555	0.655598
41168556	5.79667
41168557	3.81035
41168558	-0.0454567
41168559	8.01668
41168560	7.89983
41168561	-0.395984
41168562	10.003
41168563	9.30194
41168564	0.655598
41168565	9.30194
41168566	9.30194
41168567	2.52508
41168568	6.03035
41168569	4.86193
41168570	1.59034
41168571	10.003
41168572	8.01668
41168573	-0.279142
41168574	10.003
41168575	9.30194
41168576	1.00613
41168577	10.003
41168578	8.01668
41168579	-0.279142
41168580	9.30194
41168581	9.30194
41168582	0.0713858
41168583	7.89983
41168584	7.89983
41168585	0.188228
41168586	10.003
41168587	10.003
41168588	1.23981
41168589	9.30194
41168590	8.01668
41168591	10.003
41168592	9.30194
41168593	9.30194
41168594	5.09561
41168595	6.26404
41168596	7.89983
41168597	3.22613
41168598	9.30194
41168599	8.13352
#	output date: 2025-05-20 18:20:23 UTC
#	chrom specified: chr22
#	position specified: 41168722-41168867
#	This data has been compressed with a minor loss in resolution.
#	(Worst case: 0.11593)  The original source data
#	(before querying and compression) is available at 
#		http://hgdownload.soe.ucsc.edu/downloads.html
variableStep chrom=chr22 span=1
41168722	8.01668
41168723	8.01668
41168724	5.09561
41168725	10.003
41168726	8.01668
41168727	0.655598
41168728	10.003
41168729	9.30194
41168730	0.538756
41168731	7.43246
41168732	1.12297
41168733	0.305071
41168734	10.003
41168735	10.003
41168736	0.0713858
41168737	9.88616
41168738	9.1851
41168739	1.4735
41168740	9.1851
41168741	7.89983
41168742	9.88616
41168743	2.05771
41168744	6.03035
41168745	-0.0454567
41168746	9.88616
41168747	7.31562
41168748	0.421913
41168749	4.86193
41168750	5.91351
41168751	-0.0454567
41168752	7.89983
41168753	7.89983
41168754	1.70718
41168755	7.78299
41168756	7.78299
41168757	-2.26546
41168758	7.89983
41168759	9.1851
41168760	0.421913
41168761	4.62824
41168762	7.89983
41168763	6.03035
41168764	4.04403
41168765	3.22613
41168766	0.305071
41168767	9.1851
41168768	9.1851
41168769	2.87561
41168770	9.88616
41168771	7.78299
41168772	-0.512827
41168773	4.86193
41168774	7.89983
41168775	-0.512827
41168776	7.89983
41168777	7.89983
41168778	4.04403
41168779	9.88616
41168780	7.78299
41168781	0.188228
41168782	7.89983
41168783	7.89983
41168784	0.421913
41168785	9.88616
41168786	9.1851
41168787	0.772441
41168788	9.88616
41168789	9.1851
41168790	0.305071
41168791	5.21246
41168792	7.89983
41168793	-2.73283
41168794	9.88616
41168795	9.1851
41168796	1.00613
41168797	9.76931
41168798	9.76931
41168799	-0.980197
41168800	6.73141
41168801	4.86193
41168802	0.0713858
41168803	9.88616
41168804	9.1851
41168805	0.305071
41168806	1.94087
41168807	7.89983
41168808	0.772441
41168809	7.89983
41168810	9.88616
41168811	-0.0454567
41168812	7.89983
41168813	7.89983
41168814	0.655598
41168815	7.89983
41168816	7.89983
41168817	-0.0454567
41168818	9.88616
41168819	9.88616
41168820	-0.863354
41168821	9.1851
41168822	7.89983
41168823	9.88616
41168824	7.78299
41168825	9.1851
41168826	-2.14862
41168827	9.88616
41168828	7.89983
41168829	-0.0454567
41168830	7.78299
41168831	9.1851
41168832	-0.162299
41168833	9.88616
41168834	9.1851
41168835	2.05771
41168836	7.89983
41168837	9.1851
41168838	0.188228
41168839	8.01668
41168840	8.01668
41168841	0.889283
41168842	7.89983
41168843	7.78299
41168844	-4.836
41168845	9.88616
41168846	9.1851
41168847	1.12297
41168848	7.89983
41168849	9.88616
41168850	0.188228
41168851	5.91351
41168852	7.78299
41168853	-0.0454567
41168854	6.03035
41168855	1.4735
41168856	-1.33072
41168857	7.78299
41168858	7.78299
41168859	0.889283
41168860	9.1851
41168861	9.1851
41168862	0.772441
41168863	5.91351
41168864	7.19878
41168865	2.75876
41168866	8.25036
41168867	8.83457
#	output date: 2025-05-20 18:20:23 UTC
#	chrom specified: chr22
#	position specified: 41169504-41169616
#	This data has been compressed with a minor loss in resolution.
#	(Worst case: 0.11593)  The original source data
#	(before querying and compression) is available at 
#		http://hgdownload.soe.ucsc.edu/downloads.html
variableStep chrom=chr22 span=1
41169504	4.39456
41169505	9.88616
41169506	2.29139
41169507	9.88616
41169508	7.89983
41169509	-0.629669
41169510	7.89983
41169511	9.1851
41169512	0.538756
41169513	9.1851
41169514	7.89983
41169515	2.64192
41169516	7.89983
41169517	7.78299
41169518	-0.0454567
41169519	7.89983
41169520	9.1851
41169521	2.52508
41169522	6.03035
41169523	7.89983
41169524	-0.279142
41169525	9.88616
41169526	9.1851
41169527	0.538756
41169528	9.1851
41169529	9.88616
41169530	3.92719
41169531	5.67983
41169532	7.89983
41169533	0.655598
41169534	7.78299
41169535	9.1851
41169536	2.29139
41169537	7.89983
41169538	7.89983
41169539	2.64192
41169540	7.89983
41169541	7.89983
41169542	1.59034
41169543	1.94087
41169544	3.60091
41169545	-0.631945
41169546	7.71937
41169547	7.71937
41169548	-0.059937
41169549	5.54574
41169550	7.37617
41169551	0.626472
41169552	1.54168
41169553	2.11369
41169554	1.08408
41169555	1.42728
41169556	7.83377
41169557	0.626472
41169558	2.5713
41169559	9.893
41169560	1.08408
41169561	9.20659
41169562	7.71937
41169563	-0.174339
41169564	6.68976
41169565	3.82972
41169566	-0.059937
41169567	9.893
41169568	7.83377
41169569	-0.174339
41169570	7.83377
41169571	9.20659
41169572	0.855276
41169573	6.00335
41169574	9.20659
41169575	0.855276
41169576	9.893
41169577	9.20659
41169578	1.88489
41169579	9.20659
41169580	7.83377
41169581	-0.059937
41169582	1.31288
41169583	7.83377
41169584	-0.517543
41169585	4.05852
41169586	7.83377
41169587	0.626472
41169588	9.893
41169589	9.893
41169590	0.969677
41169591	7.83377
41169592	9.20659
41169593	1.19848
41169594	2.6857
41169595	7.83377
41169596	1.31288
41169597	9.893
41169598	9.20659
41169599	0.855276
41169600	7.83377
41169601	9.20659
41169602	0.0544646
41169603	9.893
41169604	5.88895
41169605	0.626472
41169606	9.20659
41169607	7.37617
41169608	3.25771
41169609	7.14736
41169610	2.4569
41169611	1.31288
41169612	0.626472
41169613	3.14331
41169614	0.168866
41169615	9.893
41169616	9.893
#	output date: 2025-05-20 18:20:23 UTC
#	chrom specified: chr22
#	position specified: 41170407-41170571
#	This data has been compressed with a minor loss in resolution.
#	(Worst case: 0.113508)  The original source data
#	(before querying and compression) is available at 
#		http://hgdownload.soe.ucsc.edu/downloads.html
variableStep chrom=chr22 span=1
41170407	7.83377
41170408	3.25771
41170409	-1.43276
41170410	6.00335
41170411	6.00335
41170412	-0.860748
41170413	4.17292
41170414	4.63053
41170415	-0.631945
41170416	9.893
41170417	7.94817
41170418	-0.631945
41170419	7.71937
41170420	9.20659
41170421	0.0544646
41170422	9.20659
41170423	7.83377
41170424	1.19848
41170425	7.83377
41170426	9.893
41170427	7.94817
41170428	9.893
41170429	7.71937
41170430	-0.97515
41170431	7.83377
41170432	9.893
41170433	0.168866
41170434	7.71937
41170435	7.71937
41170436	-2.00476
41170437	7.71937
41170438	7.71937
41170439	-0.631945
41170440	9.20659
41170441	9.893
41170442	0.512071
41170443	9.893
41170444	9.20659
41170445	0.397669
41170446	9.893
41170447	9.893
41170448	0.283268
41170449	9.893
41170450	9.20659
41170451	-0.517543
41170452	9.893
41170453	9.20659
41170454	0.626472
41170455	7.83377
41170456	9.20659
41170457	-0.059937
41170458	9.20659
41170459	7.83377
41170460	1.54168
41170461	7.83377
41170462	7.83377
41170463	2.6857
41170464	7.71937
41170465	9.20659
41170466	-0.174339
41170467	7.83377
41170468	9.893
41170469	-0.059937
41170470	7.71937
41170471	9.20659
41170472	0.512071
41170473	7.71937
41170474	7.71937
41170475	-0.059937
41170476	0.969677
41170477	3.25771
41170478	-0.860748
41170479	9.893
41170480	9.20659
41170481	1.31288
41170482	7.71937
41170483	9.20659
41170484	6.68976
41170485	9.20659
41170486	6.11775
41170487	5.66014
41170488	9.20659
41170489	7.83377
41170490	0.512071
41170491	7.71937
41170492	7.71937
41170493	0.168866
41170494	9.20659
41170495	9.20659
41170496	0.740874
41170497	7.71937
41170498	7.71937
41170499	-0.174339
41170500	9.20659
41170501	9.20659
41170502	1.99929
41170503	2.3425
41170504	9.893
41170505	0.626472
41170506	1.31288
41170507	7.83377
41170508	0.855276
41170509	6.00335
41170510	7.37617
41170511	1.31288
41170512	9.893
41170513	9.20659
41170514	-0.059937
41170515	7.83377
41170516	9.893
41170517	9.893
41170518	7.83377
41170519	9.20659
41170520	1.54168
41170521	9.20659
41170522	6.11775
41170523	3.48651
41170524	9.20659
41170525	9.20659
41170526	1.31288
41170527	9.20659
41170528	7.83377
41170529	9.893
41170530	2.11369
41170531	7.83377
41170532	1.99929
41170533	9.893
41170534	9.20659
41170535	1.08408
41170536	7.26176
41170537	9.20659
41170538	0.626472
41170539	4.74493
41170540	7.71937
41170541	-0.97515
41170542	5.54574
41170543	4.97373
41170544	0.0544646
41170545	2.22809
41170546	7.71937
41170547	-2.34797
41170548	9.893
41170549	9.20659
41170550	0.855276
41170551	2.9145
41170552	9.893
41170553	-2.46237
41170554	4.40172
41170555	7.83377
41170556	-0.403142
41170557	4.85933
41170558	7.83377
41170559	0.0544646
41170560	7.71937
41170561	9.20659
41170562	-0.059937
41170563	9.893
41170564	9.20659
41170565	-0.174339
41170566	7.83377
41170567	9.20659
41170568	-0.951929
41170569	9.14874
41170570	9.14874
41170571	6.70331
#	output date: 2025-05-20 18:20:23 UTC
#	chrom specified: chr22
#	position specified: 41172500-41172663
#	This data has been compressed with a minor loss in resolution.
#	(Worst case: 0.109555)  The original source data
#	(before querying and compression) is available at 
#		http://hgdownload.soe.ucsc.edu/downloads.html
variableStep chrom=chr22 span=1
41172500	9.17321
41172501	0.741417
41172502	6.08841
41172503	7.83646
41172504	0.432937
41172505	5.06014
41172506	7.83646
41172507	0.947071
41172508	9.17321
41172509	9.17321
41172510	1.0499
41172511	7.73364
41172512	9.17321
41172513	2.48947
41172514	9.893
41172515	7.73364
41172516	-0.389677
41172517	9.17321
41172518	7.73364
41172519	1.25555
41172520	9.893
41172521	9.17321
41172522	1.35838
41172523	9.893
41172524	9.17321
41172525	-0.492504
41172526	4.95731
41172527	9.893
41172528	-0.492504
41172529	1.25555
41172530	7.83646
41172531	0.947071
41172532	9.17321
41172533	7.73364
41172534	0.638591
41172535	9.17321
41172536	9.893
41172537	0.33011
41172538	9.893
41172539	7.73364
41172540	0.33011
41172541	9.17321
41172542	9.17321
41172543	1.66686
41172544	9.893
41172545	9.17321
41172546	0.33011
41172547	0.741417
41172548	7.83646
41172549	2.69513
41172550	7.73364
41172551	7.73364
41172552	0.124457
41172553	7.83646
41172554	9.17321
41172555	2.18099
41172556	7.83646
41172557	7.83646
41172558	0.432937
41172559	9.893
41172560	9.17321
41172561	1.0499
41172562	9.893
41172563	9.893
41172564	-1.93208
41172565	9.893
41172566	9.17321
41172567	0.124457
41172568	7.83646
41172569	7.83646
41172570	1.25555
41172571	7.83646
41172572	9.893
41172573	9.893
41172574	7.73364
41172575	7.73364
41172576	0.0216299
41172577	9.17321
41172578	9.17321
41172579	-0.0811969
41172580	9.893
41172581	7.83646
41172582	0.124457
41172583	2.69513
41172584	7.83646
41172585	0.535764
41172586	9.893
41172587	9.17321
41172588	1.4612
41172589	9.893
41172590	9.17321
41172591	2.79795
41172592	9.17321
41172593	9.893
41172594	1.66686
41172595	9.17321
41172596	7.83646
41172597	1.0499
41172598	9.17321
41172599	9.17321
41172600	1.35838
41172601	7.93929
41172602	9.17321
41172603	0.0216299
41172604	4.03187
41172605	7.83646
41172606	2.07817
41172607	9.79017
41172608	9.17321
41172609	0.124457
41172610	7.73364
41172611	9.17321
41172612	1.76969
41172613	9.79017
41172614	9.17321
41172615	0.535764
41172616	9.78258
41172617	9.12008
41172618	-0.0445591
41172619	9.78258
41172620	9.12008
41172621	1.83254
41172622	9.78258
41172623	9.12008
41172624	0.949197
41172625	0.728362
41172626	8.01591
41172627	-0.81748
41172628	9.12008
41172629	9.12008
41172630	0.507528
41172631	1.28045
41172632	5.69714
41172633	-0.0445591
41172634	9.893
41172635	9.12008
41172636	0.949197
41172637	9.893
41172638	9.12008
41172639	0.0658583
41172640	9.12008
41172641	5.25547
41172642	1.72212
41172643	9.12008
41172644	2.71587
41172645	0.39711
41172646	4.37213
41172647	5.80756
41172648	0.949197
41172649	3.93046
41172650	2.71587
41172651	-0.486228
41172652	9.893
41172653	9.12008
41172654	0.286693
41172655	9.12008
41172656	4.59297
41172657	0.507528
41172658	2.16379
41172659	1.94295
41172660	-1.03831
41172661	9.893
41172662	9.12008
41172663	0.39711
#	output date: 2025-05-20 18:20:23 UTC
#	chrom specified: chr22
#	position specified: 41173624-41173784
#	This data has been compressed with a minor loss in resolution.
#	(Worst case: 0.117914)  The original source data
#	(before querying and compression) is available at 
#		http://hgdownload.soe.ucsc.edu/downloads.html
variableStep chrom=chr22 span=1
41173624	0.728362
41173625	0.617945
41173626	6.13881
41173627	2.2742
41173628	-0.0445591
41173629	4.04088
41173630	7.24298
41173631	0.286693
41173632	6.58048
41173633	9.893
41173634	0.83878
41173635	9.893
41173636	9.12008
41173637	-0.0445591
41173638	9.12008
41173639	9.893
41173640	3.23782
41173641	9.17994
41173642	9.17994
41173643	1.57402
41173644	9.17994
41173645	7.39731
41173646	1.81171
41173647	9.893
41173648	5.9712
41173649	1.57402
41173650	9.17994
41173651	9.17994
41173652	0.623283
41173653	9.17994
41173654	9.17994
41173655	5.37698
41173656	9.17994
41173657	9.17994
41173658	1.57402
41173659	9.17994
41173660	9.17994
41173661	0.742126
41173662	9.17994
41173663	7.39731
41173664	-0.208614
41173665	9.17994
41173666	9.17994
41173667	3.23782
41173668	9.17994
41173669	9.17994
41173670	4.42624
41173671	7.39731
41173672	7.75383
41173673	-1.75357
41173674	9.17994
41173675	4.78277
41173676	0.860969
41173677	9.17994
41173678	9.17994
41173679	3.71319
41173680	9.17994
41173681	7.39731
41173682	0.623283
41173683	9.17994
41173684	9.17994
41173685	4.66393
41173686	7.39731
41173687	9.893
41173688	2.16824
41173689	7.27846
41173690	9.893
41173691	1.09865
41173692	-0.208614
41173693	5.9712
41173694	0.385598
41173695	9.17994
41173696	9.893
41173697	0.266756
41173698	1.57402
41173699	9.893
41173700	0.385598
41173701	7.99152
41173702	4.78277
41173703	0.266756
41173704	9.17994
41173705	3.83203
41173706	-0.446299
41173707	9.17994
41173708	9.17994
41173709	3.35666
41173710	9.17994
41173711	9.17994
41173712	1.2175
41173713	9.17994
41173714	9.17994
41173715	1.45518
41173716	5.9712
41173717	7.75383
41173718	-3.41736
41173719	7.99152
41173720	9.893
41173721	0.385598
41173722	4.3074
41173723	7.87268
41173724	9.893
41173725	7.75383
41173726	7.75383
41173727	-0.208614
41173728	9.17994
41173729	2.88129
41173730	-0.208614
41173731	9.893
41173732	7.87268
41173733	-5.2
41173734	6.09004
41173735	7.75383
41173736	1.57402
41173737	9.17994
41173738	9.17994
41173739	-1.2782
41173740	9.893
41173741	9.17994
41173742	0.979811
41173743	5.9712
41173744	7.87268
41173745	-1.15935
41173746	7.87268
41173747	7.75383
41173748	-2.11009
41173749	7.75383
41173750	9.17994
41173751	2.40592
41173752	9.17994
41173753	9.17994
41173754	-0.0897717
41173755	3.11898
41173756	7.87268
41173757	-0.208614
41173758	7.87268
41173759	9.17994
41173760	-0.683984
41173761	9.893
41173762	7.75383
41173763	0.623283
41173764	7.15962
41173765	7.75383
41173766	-0.208614
41173767	7.15962
41173768	7.87268
41173769	9.893
41173770	9.893
41173771	9.17994
41173772	2.40592
41173773	9.17994
41173774	9.17994
41173775	0.147913
41173776	7.75383
41173777	9.17994
41173778	-0.327457
41173779	9.17994
41173780	9.17994
41173781	0.742126
41173782	9.893
41173783	9.17994
41173784	9.893
#	output date: 2025-05-20 18:20:23 UTC
#	chrom specified: chr22
#	position specified: 41176248-41176528
#	This data has been compressed with a minor loss in resolution.
#	(Worst case: 0.116523)  The original source data
#	(before querying and compression) is available at 
#		http://hgdownload.soe.ucsc.edu/downloads.html
variableStep chrom=chr22 span=1
41176248	8.0065
41176249	-0.214362
41176250	8.0065
41176251	8.0065
41176252	2.01702
41176253	8.0065
41176254	8.0065
41176255	0.137961
41176256	10.003
41176257	8.0065
41176258	0.0205197
41176259	9.29835
41176260	8.0065
41176261	1.78213
41176262	7.88906
41176263	4.8356
41176264	-0.214362
41176265	4.8356
41176266	8.0065
41176267	0.372843
41176268	2.8391
41176269	1.54725
41176270	-0.0969213
41176271	4.60072
41176272	7.88906
41176273	-1.27133
41176274	5.54024
41176275	4.60072
41176276	0.0205197
41176277	6.01001
41176278	7.88906
41176279	-0.0969213
41176280	4.48328
41176281	0.255402
41176282	-1.50621
41176283	3.77863
41176284	4.01351
41176285	0.137961
41176286	9.29835
41176287	9.29835
41176288	0.372843
41176289	1.07749
41176290	7.88906
41176291	-0.449244
41176292	0.490283
41176293	8.0065
41176294	2.48678
41176295	7.88906
41176296	6.12745
41176297	-0.331803
41176298	6.12745
41176299	7.88906
41176300	0.255402
41176301	9.29835
41176302	8.0065
41176303	-1.62365
41176304	0.842606
41176305	3.07398
41176306	-1.38877
41176307	10.003
41176308	9.29835
41176309	-0.214362
41176310	7.88906
41176311	6.01001
41176312	-0.684126
41176313	10.003
41176314	9.29835
41176315	0.607724
41176316	6.12745
41176317	7.88906
41176318	-2.56318
41176319	3.77863
41176320	8.0065
41176321	0.137961
41176322	3.42631
41176323	8.0065
41176324	2.48678
41176325	3.07398
41176326	6.12745
41176327	-0.0969213
41176328	8.0065
41176329	10.003
41176330	-1.15389
41176331	10.003
41176332	9.29835
41176333	-0.214362
41176334	0.960047
41176335	8.0065
41176336	1.07749
41176337	9.29835
41176338	8.0065
41176339	10.003
41176340	10.003
41176341	9.29835
41176342	-1.03645
41176343	10.003
41176344	10.003
41176345	-0.331803
41176346	4.8356
41176347	10.003
41176348	-1.85854
41176349	10.003
41176350	9.29835
41176351	0.372843
41176352	10.003
41176353	7.88906
41176354	-0.0969213
41176355	8.0065
41176356	8.0065
41176357	0.0205197
41176358	4.95304
41176359	8.0065
41176360	-0.449244
41176361	9.29835
41176362	7.88906
41176363	-1.03645
41176364	3.89607
41176365	8.0065
41176366	-0.566685
41176367	8.0065
41176368	6.12745
41176369	-0.566685
41176370	1.19493
41176371	10.003
41176372	1.42981
41176373	10.003
41176374	9.29835
41176375	1.31237
41176376	9.29835
41176377	9.29835
41176378	0.960047
41176379	7.88906
41176380	9.29835
41176381	2.13446
41176382	0.607724
41176383	3.19143
41176384	2.36934
41176385	10.003
41176386	9.29835
41176387	2.36934
41176388	8.0065
41176389	8.0065
41176390	3.30887
41176391	6.24489
41176392	6.24489
41176393	-2.68062
41176394	8.0065
41176395	7.88906
41176396	-2.21086
41176397	1.78213
41176398	8.0065
41176399	-1.74109
41176400	3.30887
41176401	10.003
41176402	-0.214362
41176403	2.01702
41176404	10.003
41176405	1.42981
41176406	5.89257
41176407	6.01001
41176408	0.725165
41176409	4.24839
41176410	2.8391
41176411	5.54024
41176412	8.0065
41176413	10.003
41176414	10.003
41176415	6.36233
41176416	6.36233
41176417	-0.214362
41176418	5.77513
41176419	7.88906
41176420	-0.0969213
41176421	7.4193
41176422	5.07048
41176423	8.12395
41176424	8.0065
41176425	10.003
41176426	1.31237
41176427	9.29835
41176428	8.0065
41176429	10.003
41176430	2.13446
41176431	8.0065
41176432	3.54375
41176433	10.003
41176434	8.0065
41176435	1.19493
41176436	10.003
41176437	9.29835
41176438	0.960047
41176439	2.72166
41176440	8.0065
41176441	0.842606
41176442	7.88906
41176443	9.29835
41176444	1.19493
41176445	9.29835
41176446	5.18792
41176447	-0.214362
41176448	7.88906
41176449	9.29835
41176450	2.48678
41176451	3.77863
41176452	10.003
41176453	2.60422
41176454	7.88906
41176455	9.29835
41176456	2.8391
41176457	10.003
41176458	9.29835
41176459	1.66469
41176460	7.88906
41176461	10.003
41176462	2.01702
41176463	8.0065
41176464	8.0065
41176465	-0.566685
41176466	10.003
41176467	8.0065
41176468	0.255402
41176469	8.0065
41176470	9.29835
41176471	1.07749
41176472	9.29835
41176473	7.88906
41176474	0.960047
41176475	8.0065
41176476	10.003
41176477	4.71816
41176478	9.29835
41176479	9.29835
41176480	-2.3283
41176481	10.003
41176482	9.29835
41176483	1.89957
41176484	8.0065
41176485	10.003
41176486	3.30887
41176487	9.29835
41176488	9.29835
41176489	3.77863
41176490	7.88906
41176491	7.4193
41176492	2.60422
41176493	7.88906
41176494	9.29835
41176495	-1.27133
41176496	10.003
41176497	8.0065
41176498	3.19143
41176499	10.003
41176500	9.29835
41176501	4.60072
41176502	9.29835
41176503	7.88906
41176504	-4.3248
41176505	2.60422
41176506	10.003
41176507	0.607724
41176508	8.0065
41176509	3.66119
41176510	4.24839
41176511	7.88906
41176512	9.29835
41176513	0.725165
41176514	8.0065
41176515	10.003
41176516	0.725165
41176517	9.29835
41176518	7.88906
41176519	-2.3283
41176520	10.003
41176521	8.0065
41176522	-2.21086
41176523	8.0065
41176524	10.003
41176525	0.0205197
41176526	10.003
41176527	9.29835
41176528	10.003
#	output date: 2025-05-20 18:20:23 UTC
#	chrom specified: chr22
#	position specified: 41093006-41093098
#	This data has been compressed with a minor loss in resolution.
#	(Worst case: 0.0989766)  The original source data
#	(before querying and compression) is available at 
#		http://hgdownload.soe.ucsc.edu/downloads.html
variableStep chrom=chr22 span=1
41093006	6.86039
41093007	8.656
41093008	8.656
41093009	6.76064
41093010	6.76064
41093011	8.656
41093012	8.05746
41093013	2.96991
41093014	8.05746
41093015	8.05746
41093016	1.27406
41093017	8.656
41093018	6.86039
41093019	2.07211
41093020	6.06235
41093021	6.86039
41093022	6.66088
41093023	8.656
41093024	8.05746
41093025	2.47113
41093026	4.06723
41093027	6.76064
41093028	0.176748
41093029	8.656
41093030	8.656
41093031	4.66576
41093032	5.06479
41093033	6.76064
41093034	8.656
41093035	3.26918
41093036	6.76064
41093037	4.06723
41093038	5.16454
41093039	6.76064
41093040	4.16698
41093041	5.56357
41093042	6.76064
41093043	3.06967
41093044	8.05746
41093045	8.05746
41093046	8.656
41093047	4.06723
41093048	8.656
41093049	8.656
41093050	6.76064
41093051	5.06479
41093052	1.57333
41093053	8.05746
41093054	8.05746
41093055	3.46869
41093056	6.76064
41093057	6.86039
41093058	1.37382
41093059	5.16454
41093060	6.76064
41093061	-0.0227638
41093062	6.86039
41093063	6.76064
41093064	0.476016
41093065	6.76064
41093066	6.76064
41093067	3.86772
41093068	8.55624
41093069	6.76064
41093070	0.675528
41093071	6.76064
41093072	6.86039
41093073	-0.0227638
41093074	6.86039
41093075	6.76064
41093076	0.675528
41093077	8.656
41093078	0.974795
41093079	2.07211
41093080	5.16454
41093081	6.76064
41093082	-0.12252
41093083	8.656
41093084	6.76064
41093085	3.06967
41093086	8.05746
41093087	8.656
41093088	2.57089
41093089	8.656
41093090	8.05746
41093091	-0.12252
41093092	5.66332
41093093	8.656
41093094	4.16698
41093095	8.05746
41093096	5.2643
41093097	1.8726
41093098	8.656
#	output date: 2025-05-20 18:20:23 UTC
#	chrom specified: chr22
#	position specified: 41176774-41178956
#	This data has been compressed with a minor loss in resolution.
#	(Worst case: 0.134914)  The original source data
#	(before querying and compression) is available at 
#		http://hgdownload.soe.ucsc.edu/downloads.html
variableStep chrom=chr22 span=1
41176774	9.32312
41176775	0.756606
41176776	7.96335
41176777	7.28347
41176778	-0.87511
41176779	10.003
41176780	9.32312
41176781	1.02856
41176782	0.0767244
41176783	7.96335
41176784	1.70844
41176785	7.96335
41176786	9.86702
41176787	0.0767244
41176788	6.19566
41176789	7.96335
41176790	1.57246
41176791	7.55543
41176792	3.88406
41176793	0.212701
41176794	7.96335
41176795	10.003
41176796	2.11637
41176797	7.96335
41176798	9.32312
41176799	0.892583
41176800	7.41945
41176801	7.28347
41176802	3.74809
41176803	7.41945
41176804	6.05969
41176805	2.5243
41176806	9.32312
41176807	9.32312
41176808	0.892583
41176809	7.41945
41176810	5.10785
41176811	-0.059252
41176812	7.82738
41176813	9.32312
41176814	-1.14706
41176815	8.09933
41176816	7.28347
41176817	1.02856
41176818	7.82738
41176819	9.32312
41176820	3.34016
41176821	9.32312
41176822	7.28347
41176823	0.892583
41176824	9.32312
41176825	7.96335
41176826	10.003
41176827	10.003
41176828	4.15602
41176829	0.348677
41176830	9.32312
41176831	9.32312
41176832	1.84442
41176833	-0.467181
41176834	2.66028
41176835	-0.059252
41176836	10.003
41176837	10.003
41176838	-1.01109
41176839	4.02004
41176840	7.96335
41176841	-6.58612
41176842	10.003
41176843	10.003
41176844	-0.059252
41176845	0.348677
41176846	7.96335
41176847	0.484654
41176848	10.003
41176849	9.32312
41176850	-0.467181
41176851	10.003
41176852	9.32312
41176853	-2.50683
41176854	10.003
41176855	9.32312
41176856	1.02856
41176857	7.41945
41176858	10.003
41176859	2.79625
41176860	9.32312
41176861	5.24383
41176862	1.57246
41176863	9.32312
41176864	1.02856
41176865	0.756606
41176866	7.82738
41176867	9.32312
41176868	2.5243
41176869	2.66028
41176870	2.5243
41176871	0.892583
41176872	6.19566
41176873	3.74809
41176874	-7.266
41176875	5.3798
41176876	3.61211
41176877	-3.59464
41176878	4.15602
41176879	7.82738
41176880	-0.059252
41176881	3.47613
41176882	4.02004
41176883	-1.01109
41176884	3.20418
41176885	9.32312
41176886	4.29199
41176887	9.32312
41176888	5.51578
41176889	1.57246
41176890	7.82738
41176891	7.82738
41176892	-5.22635
41176893	3.88406
41176894	4.29199
41176895	-1.01109
41176896	10.003
41176897	9.32312
41176898	-1.01109
41176899	4.8359
41176900	4.8359
41176901	-4.81843
41176902	7.82738
41176903	10.003
41176904	-1.69097
41176905	7.82738
41176906	8.09933
41176907	0.62063
41176908	2.66028
41176909	7.96335
41176910	0.892583
41176911	9.32312
41176912	10.003
41176913	4.02004
41176914	9.32312
41176915	7.96335
41176916	2.66028
41176917	7.82738
41176918	9.32312
41176919	4.15602
41176920	7.82738
41176921	10.003
41176922	2.11637
41176923	7.96335
41176924	10.003
41176925	0.212701
41176926	9.32312
41176927	6.19566
41176928	2.79625
41176929	7.82738
41176930	9.32312
41176931	5.92371
41176932	7.96335
41176933	7.82738
41176934	-1.69097
41176935	4.97187
41176936	7.96335
41176937	2.79625
41176938	10.003
41176939	7.96335
41176940	-1.01109
41176941	7.82738
41176942	9.32312
41176943	-0.87511
41176944	10.003
41176945	7.82738
41176946	0.348677
41176947	7.96335
41176948	10.003
41176949	1.30051
41176950	7.82738
41176951	9.32312
41176952	8.09933
41176953	6.19566
41176954	10.003
41176955	-0.195228
41176956	7.82738
41176957	7.96335
41176958	-0.87511
41176959	7.41945
41176960	9.32312
41176961	-2.0989
41176962	10.003
41176963	7.82738
41176964	1.98039
41176965	9.32312
41176966	9.32312
41176967	0.484654
41176968	7.96335
41176969	10.003
41176970	2.66028
41176971	6.19566
41176972	7.82738
41176973	-6.04221
41176974	2.79625
41176975	7.96335
41176976	3.20418
41176977	6.05969
41176978	7.82738
41176979	-1.28304
41176980	7.96335
41176981	7.82738
41176982	0.484654
41176983	7.96335
41176984	8.09933
41176985	0.212701
41176986	7.82738
41176987	7.28347
41176988	4.15602
41176989	7.41945
41176990	9.18714
41176991	3.61211
41176992	9.18714
41176993	7.96335
41176994	9.86702
41176995	9.18714
41176996	9.18714
41176997	1.16454
41176998	1.43649
41176999	8.09933
41177000	-0.331205
41177001	9.86702
41177002	7.96335
41177003	-4.27452
41177004	9.86702
41177005	6.19566
41177006	-0.739134
41177007	7.82738
41177008	7.28347
41177009	1.57246
41177010	7.82738
41177011	9.32312
41177012	1.30051
41177013	9.32312
41177014	7.82738
41177015	2.25235
41177016	7.28347
41177017	7.55543
41177018	0.484654
41177019	6.73957
41177020	6.60359
41177021	0.212701
41177022	7.96335
41177023	10.003
41177024	4.97187
41177025	9.32312
41177026	9.32312
41177027	0.484654
41177028	3.20418
41177029	10.003
41177030	0.212701
41177031	9.32312
41177032	9.32312
41177033	0.0767244
41177034	9.32312
41177035	7.82738
41177036	2.5243
41177037	9.32312
41177038	9.32312
41177039	-2.0989
41177040	10.003
41177041	10.003
41177042	-3.32269
41177043	10.003
41177044	10.003
41177045	-0.195228
41177046	7.96335
41177047	10.003
41177048	0.62063
41177049	7.82738
41177050	7.82738
41177051	0.348677
41177052	4.42797
41177053	7.96335
41177054	1.43649
41177055	7.96335
41177056	10.003
41177057	3.34016
41177058	9.18714
41177059	9.18714
41177060	3.47613
41177061	7.82738
41177062	9.18714
41177063	4.02004
41177064	7.82738
41177065	7.96335
41177066	-0.331205
41177067	9.18714
41177068	7.96335
41177069	-0.195228
41177070	9.86702
41177071	6.05969
41177072	-0.87511
41177073	2.79625
41177074	7.96335
41177075	-0.331205
41177076	7.96335
41177077	9.86702
41177078	1.70844
41177079	7.96335
41177080	9.86702
41177081	2.5243
41177082	7.96335
41177083	7.28347
41177084	2.25235
41177085	7.82738
41177086	9.18714
41177087	-1.96292
41177088	9.86702
41177089	7.82738
41177090	0.0767244
41177091	9.18714
41177092	9.18714
41177093	1.84442
41177094	7.82738
41177095	9.18714
41177096	6.05969
41177097	7.96335
41177098	9.86702
41177099	2.79625
41177100	7.82738
41177101	9.18714
41177102	5.51578
41177103	9.86702
41177104	9.18714
41177105	4.29199
41177106	9.18714
41177107	7.41945
41177108	2.79625
41177109	9.18714
41177110	9.18714
41177111	1.43649
41177112	7.96335
41177113	8.09933
41177114	-0.059252
41177115	7.82738
41177116	7.82738
41177117	-5.36233
41177118	9.86702
41177119	7.96335
41177120	2.93223
41177121	7.82738
41177122	7.82738
41177123	-3.18671
41177124	7.96335
41177125	7.96335
41177126	4.02004
41177127	7.96335
41177128	9.86702
41177129	2.11637
41177130	4.97187
41177131	7.96335
41177132	-0.467181
41177133	9.18714
41177134	9.18714
41177135	1.43649
41177136	9.18714
41177137	7.96335
41177138	1.16454
41177139	9.18714
41177140	9.18714
41177141	2.66028
41177142	7.82738
41177143	9.18714
41177144	-0.467181
41177145	9.18714
41177146	9.18714
41177147	2.25235
41177148	4.8359
41177149	7.96335
41177150	-1.55499
41177151	6.05969
41177152	9.86702
41177153	-0.467181
41177154	7.82738
41177155	9.18714
41177156	0.484654
41177157	7.82738
41177158	9.18714
41177159	3.61211
41177160	7.82738
41177161	9.18714
41177162	1.70844
41177163	6.05969
41177164	7.96335
41177165	1.16454
41177166	7.82738
41177167	9.18714
41177168	5.78773
41177169	7.82738
41177170	9.18714
41177171	3.20418
41177172	1.84442
41177173	9.86702
41177174	-0.603157
41177175	2.11637
41177176	7.96335
41177177	-1.14706
41177178	7.82738
41177179	9.18714
41177180	2.11637
41177181	7.82738
41177182	9.18714
41177183	3.0682
41177184	9.86702
41177185	7.82738
41177186	-0.87511
41177187	7.82738
41177188	9.18714
41177189	5.78773
41177190	7.41945
41177191	7.96335
41177192	8.09933
41177193	1.43649
41177194	7.96335
41177195	-0.467181
41177196	4.97187
41177197	9.86702
41177198	0.0767244
41177199	1.30051
41177200	9.86702
41177201	2.66028
41177202	2.66028
41177203	9.86702
41177204	1.84442
41177205	7.41945
41177206	7.96335
41177207	7.96335
41177208	9.86702
41177209	7.82738
41177210	1.16454
41177211	7.41945
41177212	2.5243
41177213	1.70844
41177214	9.18714
41177215	7.96335
41177216	9.86702
41177217	4.8359
41177218	9.18714
41177219	3.34016
41177220	0.756606
41177221	6.87554
41177222	1.16454
41177223	2.38832
41177224	4.15602
41177225	-2.6428
41177226	5.51578
41177227	4.29199
41177228	-2.23487
41177229	5.51578
41177230	2.38832
41177231	0.62063
41177232	5.51578
41177233	1.16454
41177234	0.212701
41177235	5.78773
41177236	6.73957
41177237	-0.603157
41177238	5.92371
41177239	4.8359
41177240	1.98039
41177241	5.78773
41177242	2.5243
41177243	-0.331205
41177244	2.93223
41177245	3.61211
41177246	0.348677
41177247	5.65176
41177248	6.46761
41177249	-0.87511
41177250	0.62063
41177251	4.8359
41177252	1.57246
41177253	5.78773
41177254	7.55543
41177255	-0.059252
41177256	3.0682
41177257	7.82738
41177258	-3.05073
41177259	6.05969
41177260	7.82738
41177261	-5.49831
41177262	5.10785
41177263	4.29199
41177264	-2.0989
41177265	2.25235
41177266	6.05969
41177267	-1.01109
41177268	5.92371
41177269	4.42797
41177270	0.62063
41177271	3.61211
41177272	3.0682
41177273	-2.37085
41177274	4.15602
41177275	4.8359
41177276	-1.14706
41177277	3.74809
41177278	4.8359
41177279	-0.87511
41177280	3.0682
41177281	2.93223
41177282	-1.55499
41177283	5.78773
41177284	1.84442
41177285	-5.77026
41177286	4.42797
41177287	1.30051
41177288	-4.27452
41177289	5.3798
41177290	7.28347
41177291	0.484654
41177292	5.78773
41177293	4.8359
41177294	0.212701
41177295	3.61211
41177296	2.38832
41177297	2.93223
41177298	6.05969
41177299	3.0682
41177300	-2.6428
41177301	-1.41902
41177302	1.57246
41177303	-0.603157
41177304	2.11637
41177305	2.5243
41177306	-0.195228
41177307	6.05969
41177308	1.43649
41177309	-4.27452
41177310	4.97187
41177311	4.8359
41177312	2.5243
41177313	3.0682
41177314	2.25235
41177315	-2.50683
41177316	2.79625
41177317	2.11637
41177318	-1.96292
41177319	4.29199
41177320	2.79625
41177321	-0.059252
41177322	5.65176
41177323	0.892583
41177324	0.62063
41177325	0.212701
41177326	1.57246
41177327	-0.467181
41177328	0.348677
41177329	5.3798
41177330	-0.739134
41177331	5.3798
41177332	2.11637
41177333	1.43649
41177334	1.70844
41177335	3.47613
41177336	-1.41902
41177337	2.79625
41177338	2.25235
41177339	0.212701
41177340	3.61211
41177341	2.11637
41177342	-1.41902
41177343	4.02004
41177344	3.88406
41177345	-4.4105
41177346	5.78773
41177347	5.3798
41177348	0.756606
41177349	2.11637
41177350	2.93223
41177351	2.93223
41177352	3.88406
41177353	1.16454
41177354	1.16454
41177355	5.24383
41177356	0.348677
41177357	0.484654
41177358	5.24383
41177359	4.8359
41177360	4.42797
41177361	1.43649
41177362	7.6914
41177363	-3.32269
41177364	7.6914
41177365	6.05969
41177366	-0.059252
41177367	1.30051
41177368	1.30051
41177369	0.62063
41177370	-0.195228
41177371	5.3798
41177372	1.16454
41177373	2.38832
41177374	1.57246
41177375	0.0767244
41177376	3.34016
41177377	6.33164
41177378	0.348677
41177379	1.43649
41177380	1.84442
41177381	1.02856
41177382	4.29199
41177383	4.02004
41177384	-0.195228
41177385	0.212701
41177386	5.78773
41177387	-0.331205
41177388	0.212701
41177389	2.25235
41177390	-0.603157
41177391	1.84442
41177392	6.87554
41177393	-1.01109
41177394	2.66028
41177395	1.84442
41177396	-0.331205
41177397	3.0682
41177398	1.02856
41177399	0.348677
41177400	2.25235
41177401	2.79625
41177402	-0.331205
41177403	4.56394
41177404	1.84442
41177405	0.892583
41177406	6.19566
41177407	6.05969
41177408	-0.059252
41177409	5.51578
41177410	6.87554
41177411	4.15602
41177412	6.60359
41177413	1.57246
41177414	-0.195228
41177415	3.47613
41177416	1.98039
41177417	-2.50683
41177418	4.56394
41177419	2.93223
41177420	0.484654
41177421	3.88406
41177422	2.79625
41177423	0.348677
41177424	4.69992
41177425	3.0682
41177426	0.484654
41177427	2.93223
41177428	4.02004
41177429	-1.41902
41177430	4.29199
41177431	5.92371
41177432	0.0767244
41177433	4.8359
41177434	2.25235
41177435	-1.01109
41177436	1.98039
41177437	5.51578
41177438	-0.467181
41177439	2.79625
41177440	2.11637
41177441	-3.59464
41177442	3.74809
41177443	2.79625
41177444	-1.14706
41177445	6.05969
41177446	4.15602
41177447	6.46761
41177448	1.43649
41177449	3.74809
41177450	-0.195228
41177451	1.57246
41177452	1.43649
41177453	-0.195228
41177454	7.82738
41177455	4.97187
41177456	1.30051
41177457	6.05969
41177458	2.93223
41177459	-0.467181
41177460	4.02004
41177461	2.38832
41177462	-1.14706
41177463	3.20418
41177464	1.98039
41177465	-2.37085
41177466	2.5243
41177467	3.0682
41177468	-1.01109
41177469	7.82738
41177470	5.51578
41177471	-2.0989
41177472	7.82738
41177473	5.92371
41177474	-1.55499
41177475	7.82738
41177476	6.05969
41177477	-0.603157
41177478	3.88406
41177479	2.11637
41177480	-0.603157
41177481	9.86702
41177482	7.82738
41177483	-1.69097
41177484	9.86702
41177485	7.82738
41177486	-1.01109
41177487	5.65176
41177488	6.05969
41177489	0.62063
41177490	7.96335
41177491	7.41945
41177492	-0.059252
41177493	3.74809
41177494	2.25235
41177495	0.484654
41177496	7.96335
41177497	7.82738
41177498	-1.01109
41177499	0.892583
41177500	1.70844
41177501	4.97187
41177502	3.88406
41177503	7.41945
41177504	1.02856
41177505	9.18714
41177506	7.96335
41177507	0.892583
41177508	2.11637
41177509	9.18714
41177510	5.78773
41177511	1.70844
41177512	3.20418
41177513	0.348677
41177514	4.97187
41177515	1.84442
41177516	-0.467181
41177517	9.86702
41177518	7.6914
41177519	-6.45014
41177520	4.42797
41177521	7.1475
41177522	0.212701
41177523	1.57246
41177524	3.88406
41177525	-0.739134
41177526	7.82738
41177527	9.18714
41177528	0.756606
41177529	3.88406
41177530	4.02004
41177531	-0.739134
41177532	3.20418
41177533	7.28347
41177534	5.3798
41177535	4.69992
41177536	5.92371
41177537	5.51578
41177538	5.3798
41177539	2.5243
41177540	-1.01109
41177541	4.69992
41177542	3.74809
41177543	-2.50683
41177544	4.29199
41177545	2.93223
41177546	0.484654
41177547	2.93223
41177548	6.05969
41177549	-0.331205
41177550	2.11637
41177551	1.98039
41177552	-0.603157
41177553	2.5243
41177554	2.11637
41177555	-0.059252
41177556	2.38832
41177557	4.8359
41177558	0.484654
41177559	0.756606
41177560	2.25235
41177561	2.93223
41177562	7.28347
41177563	2.93223
41177564	-1.28304
41177565	3.88406
41177566	0.62063
41177567	-0.059252
41177568	4.97187
41177569	1.98039
41177570	-0.195228
41177571	1.98039
41177572	1.16454
41177573	0.348677
41177574	2.38832
41177575	1.84442
41177576	2.79625
41177577	1.70844
41177578	2.66028
41177579	1.98039
41177580	0.62063
41177581	1.16454
41177582	0.0767244
41177583	4.8359
41177584	1.84442
41177585	0.212701
41177586	1.70844
41177587	3.20418
41177588	4.8359
41177589	-2.37085
41177590	1.02856
41177591	-1.55499
41177592	2.5243
41177593	0.892583
41177594	-4.13854
41177595	1.84442
41177596	1.84442
41177597	3.74809
41177598	-0.059252
41177599	0.484654
41177600	-2.0989
41177601	3.0682
41177602	3.61211
41177603	-0.87511
41177604	2.5243
41177605	3.74809
41177606	1.57246
41177607	3.20418
41177608	4.29199
41177609	-1.28304
41177610	2.79625
41177611	6.05969
41177612	3.0682
41177613	6.73957
41177614	3.20418
41177615	0.484654
41177616	1.84442
41177617	2.38832
41177618	-1.01109
41177619	2.5243
41177620	2.38832
41177621	-0.195228
41177622	3.61211
41177623	1.02856
41177624	-0.195228
41177625	1.98039
41177626	1.57246
41177627	2.25235
41177628	0.62063
41177629	0.0767244
41177630	1.57246
41177631	2.66028
41177632	5.51578
41177633	0.62063
41177634	2.79625
41177635	3.74809
41177636	-1.01109
41177637	2.5243
41177638	0.484654
41177639	-0.059252
41177640	0.0767244
41177641	0.892583
41177642	0.0767244
41177643	5.24383
41177644	4.97187
41177645	-1.14706
41177646	2.25235
41177647	1.30051
41177648	0.348677
41177649	-0.059252
41177650	1.02856
41177651	2.38832
41177652	4.8359
41177653	1.84442
41177654	-0.195228
41177655	1.84442
41177656	0.62063
41177657	0.348677
41177658	5.24383
41177659	2.93223
41177660	0.0767244
41177661	2.25235
41177662	1.70844
41177663	3.34016
41177664	4.69992
41177665	4.56394
41177666	-0.059252
41177667	3.0682
41177668	1.70844
41177669	-4.68245
41177670	0.0767244
41177671	1.57246
41177672	-0.739134
41177673	1.30051
41177674	2.79625
41177675	-0.467181
41177676	3.88406
41177677	4.02004
41177678	2.93223
41177679	6.05969
41177680	4.02004
41177681	-0.059252
41177682	4.02004
41177683	7.28347
41177684	-0.331205
41177685	3.74809
41177686	2.11637
41177687	2.66028
41177688	0.348677
41177689	2.25235
41177690	-1.96292
41177691	4.42797
41177692	3.34016
41177693	-4.54647
41177694	2.5243
41177695	1.16454
41177696	3.61211
41177697	1.30051
41177698	0.348677
41177699	-0.331205
41177700	1.16454
41177701	1.57246
41177702	-0.331205
41177703	3.34016
41177704	4.15602
41177705	-0.195228
41177706	3.74809
41177707	1.02856
41177708	-1.41902
41177709	-0.603157
41177710	1.02856
41177711	4.02004
41177712	0.756606
41177713	0.892583
41177714	-0.739134
41177715	7.82738
41177716	0.62063
41177717	-0.059252
41177718	0.212701
41177719	2.11637
41177720	-0.195228
41177721	7.1475
41177722	5.3798
41177723	5.10785
41177724	1.16454
41177725	2.25235
41177726	0.0767244
41177727	-0.059252
41177728	4.29199
41177729	-1.41902
41177730	4.15602
41177731	2.38832
41177732	2.25235
41177733	0.0767244
41177734	3.0682
41177735	-2.0989
41177736	5.54318
41177737	7.2585
41177738	-0.403244
41177739	6.80108
41177740	5.88624
41177741	2.79868
41177742	6.0006
41177743	3.82787
41177744	0.0541732
41177745	1.54078
41177746	5.20012
41177747	0.397236
41177748	1.54078
41177749	3.82787
41177750	-1.88985
41177751	0.969008
41177752	1.9982
41177753	-0.174535
41177754	2.56997
41177755	1.9982
41177756	4.51399
41177757	1.9982
41177758	3.82787
41177759	3.14174
41177760	0.854654
41177761	3.82787
41177762	-0.0601811
41177763	1.08336
41177764	1.54078
41177765	0.625945
41177766	0.740299
41177767	1.9982
41177768	0.168528
41177769	3.71351
41177770	1.08336
41177771	0.969008
41177772	1.54078
41177773	1.65513
41177774	-3.14775
41177775	2.68432
41177776	3.02739
41177777	-0.0601811
41177778	3.59916
41177779	2.91303
41177780	1.65513
41177781	0.397236
41177782	3.71351
41177783	-1.54679
41177784	0.282882
41177785	4.05657
41177786	3.25609
41177787	2.45561
41177788	4.05657
41177789	0.969008
41177790	1.9982
41177791	1.08336
41177792	1.31207
41177793	-0.174535
41177794	0.168528
41177795	0.511591
41177796	4.7427
41177797	2.68432
41177798	0.625945
41177799	2.11255
41177800	1.9982
41177801	-0.860661
41177802	4.05657
41177803	2.68432
41177804	-0.746307
41177805	4.62835
41177806	4.7427
41177807	-0.517598
41177808	-0.28889
41177809	3.25609
41177810	3.37045
41177811	4.97141
41177812	4.05657
41177813	0.168528
41177814	4.85706
41177815	2.22691
41177816	2.68432
41177817	3.82787
41177818	1.31207
41177819	-0.631953
41177820	3.02739
41177821	1.19772
41177822	-1.88985
41177823	3.25609
41177824	1.31207
41177825	0.0541732
41177826	1.08336
41177827	2.79868
41177828	0.0541732
41177829	3.14174
41177830	1.42643
41177831	-0.0601811
41177832	4.7427
41177833	2.91303
41177834	1.54078
41177835	3.37045
41177836	3.71351
41177837	-0.0601811
41177838	4.62835
41177839	0.0541732
41177840	0.282882
41177841	4.28528
41177842	1.42643
41177843	1.19772
41177844	0.969008
41177845	5.54318
41177846	0.397236
41177847	2.56997
41177848	3.25609
41177849	1.88384
41177850	2.91303
41177851	3.82787
41177852	-0.174535
41177853	7.71591
41177854	2.11255
41177855	0.397236
41177856	1.42643
41177857	0.969008
41177858	-0.28889
41177859	9.88865
41177860	7.71591
41177861	0.397236
41177862	2.34126
41177863	7.83027
41177864	0.0541732
41177865	6.0006
41177866	7.37285
41177867	-0.0601811
41177868	3.37045
41177869	9.20252
41177870	1.19772
41177871	1.9982
41177872	6.11495
41177873	-3.14775
41177874	-2.11856
41177875	7.83027
41177876	0.740299
41177877	1.88384
41177878	7.94462
41177879	0.740299
41177880	4.28528
41177881	3.25609
41177882	0.168528
41177883	2.68432
41177884	7.83027
41177885	0.0541732
41177886	1.76949
41177887	4.05657
41177888	0.969008
41177889	7.83027
41177890	4.85706
41177891	-0.0601811
41177892	6.0006
41177893	7.71591
41177894	1.65513
41177895	9.08817
41177896	9.77429
41177897	2.68432
41177898	6.11495
41177899	7.71591
41177900	-0.975016
41177901	3.14174
41177902	4.05657
41177903	0.0541732
41177904	0.282882
41177905	0.397236
41177906	-0.28889
41177907	7.71591
41177908	9.20252
41177909	1.9982
41177910	7.71591
41177911	9.20252
41177912	4.85706
41177913	7.71591
41177914	9.20252
41177915	1.88384
41177916	7.71591
41177917	9.20252
41177918	3.4848
41177919	7.94462
41177920	7.83027
41177921	1.9982
41177922	6.0006
41177923	7.83027
41177924	0.397236
41177925	9.08817
41177926	6.34366
41177927	1.65513
41177928	9.08817
41177929	7.83027
41177930	1.42643
41177931	2.68432
41177932	7.83027
41177933	-0.0601811
41177934	1.88384
41177935	5.08576
41177936	-2.23291
41177937	3.71351
41177938	4.85706
41177939	1.42643
41177940	9.20252
41177941	7.37285
41177942	1.65513
41177943	6.0006
41177944	6.0006
41177945	0.168528
41177946	3.25609
41177947	4.17093
41177948	1.19772
41177949	4.05657
41177950	7.83027
41177951	-0.0601811
41177952	0.397236
41177953	7.94462
41177954	8.05898
41177955	10.003
41177956	7.83027
41177957	-0.517598
41177958	7.71591
41177959	6.11495
41177960	-1.66114
41177961	6.22931
41177962	7.94462
41177963	1.65513
41177964	9.31687
41177965	6.22931
41177966	1.31207
41177967	5.20012
41177968	4.51399
41177969	1.65513
41177970	7.83027
41177971	9.31687
41177972	2.56997
41177973	0.625945
41177974	10.003
41177975	0.969008
41177976	4.17093
41177977	6.11495
41177978	-2.0042
41177979	1.9982
41177980	4.97141
41177981	0.625945
41177982	7.2585
41177983	3.82787
41177984	1.88384
41177985	6.22931
41177986	9.31687
41177987	-2.0042
41177988	5.54318
41177989	3.14174
41177990	0.0541732
41177991	3.02739
41177992	0.625945
41177993	0.511591
41177994	0.168528
41177995	1.42643
41177996	-2.0042
41177997	4.62835
41177998	2.91303
41177999	0.0541732
41178000	1.31207
41178001	2.22691
41178002	-1.88985
41178003	1.76949
41178004	0.625945
41178005	-2.0042
41178006	0.854654
41178007	1.08336
41178008	-1.08937
41178009	0.397236
41178010	2.68432
41178011	0.168528
41178012	0.397236
41178013	1.31207
41178014	0.397236
41178015	3.25609
41178016	1.65513
41178017	0.511591
41178018	5.31447
41178019	2.34126
41178020	1.19772
41178021	1.31207
41178022	0.969008
41178023	-1.54679
41178024	5.20012
41178025	2.45561
41178026	0.397236
41178027	0.854654
41178028	1.9982
41178029	1.54078
41178030	0.511591
41178031	0.969008
41178032	-1.31808
41178033	1.88384
41178034	2.11255
41178035	3.4848
41178036	1.9982
41178037	4.85706
41178038	-0.746307
41178039	5.31447
41178040	4.39964
41178041	3.02739
41178042	3.71351
41178043	3.4848
41178044	-1.20372
41178045	3.94222
41178046	3.02739
41178047	0.0541732
41178048	2.68432
41178049	3.02739
41178050	-0.403244
41178051	5.20012
41178052	6.11495
41178053	0.397236
41178054	2.68432
41178055	2.56997
41178056	-0.0601811
41178057	3.82787
41178058	0.854654
41178059	-0.860661
41178060	0.0541732
41178061	0.740299
41178062	1.9982
41178063	7.14414
41178064	4.39964
41178065	1.9982
41178066	0.740299
41178067	0.397236
41178068	-0.860661
41178069	3.71351
41178070	2.22691
41178071	-0.975016
41178072	6.11495
41178073	6.11495
41178074	1.42643
41178075	3.02739
41178076	0.854654
41178077	0.740299
41178078	3.59916
41178079	1.31207
41178080	-0.746307
41178081	2.45561
41178082	1.19772
41178083	0.168528
41178084	3.37045
41178085	5.20012
41178086	0.511591
41178087	0.625945
41178088	2.79868
41178089	-0.28889
41178090	2.22691
41178091	0.168528
41178092	-0.631953
41178093	0.740299
41178094	3.71351
41178095	-0.403244
41178096	4.05657
41178097	3.14174
41178098	2.56997
41178099	4.05657
41178100	2.34126
41178101	3.25609
41178102	1.19772
41178103	0.969008
41178104	1.19772
41178105	2.45561
41178106	1.54078
41178107	0.854654
41178108	1.76949
41178109	2.68432
41178110	6.0006
41178111	4.39964
41178112	0.511591
41178113	-0.860661
41178114	2.79868
41178115	1.9982
41178116	0.740299
41178117	2.79868
41178118	2.56997
41178119	3.71351
41178120	1.9982
41178121	1.65513
41178122	0.0541732
41178123	5.65754
41178124	0.511591
41178125	-0.746307
41178126	0.969008
41178127	3.37045
41178128	-3.49081
41178129	3.02739
41178130	2.22691
41178131	0.397236
41178132	5.77189
41178133	1.88384
41178134	1.31207
41178135	1.08336
41178136	1.88384
41178137	1.31207
41178138	0.0541732
41178139	4.7427
41178140	-0.403244
41178141	1.08336
41178142	1.88384
41178143	1.42643
41178144	0.625945
41178145	6.11495
41178146	2.22691
41178147	2.68432
41178148	1.19772
41178149	-1.08937
41178150	4.7427
41178151	0.854654
41178152	1.65513
41178153	7.83027
41178154	3.14174
41178155	1.54078
41178156	3.82787
41178157	1.88384
41178158	-0.517598
41178159	3.14174
41178160	0.969008
41178161	-4.40565
41178162	5.88624
41178163	2.45561
41178164	0.625945
41178165	7.71591
41178166	2.79868
41178167	1.19772
41178168	7.71591
41178169	3.59916
41178170	0.854654
41178171	4.7427
41178172	2.79868
41178173	-0.746307
41178174	1.88384
41178175	1.19772
41178176	0.282882
41178177	1.76949
41178178	0.625945
41178179	-2.23291
41178180	2.91303
41178181	3.02739
41178182	0.854654
41178183	1.19772
41178184	3.02739
41178185	2.79868
41178186	3.14174
41178187	1.08336
41178188	-1.7755
41178189	5.54318
41178190	4.62835
41178191	0.740299
41178192	1.19772
41178193	2.79868
41178194	5.42883
41178195	4.05657
41178196	1.76949
41178197	0.168528
41178198	3.37045
41178199	6.11495
41178200	-0.28889
41178201	6.11495
41178202	7.14414
41178203	1.31207
41178204	3.25609
41178205	2.22691
41178206	-3.60517
41178207	7.60156
41178208	4.85706
41178209	5.54318
41178210	2.34126
41178211	0.511591
41178212	-0.174535
41178213	1.31207
41178214	4.05657
41178215	2.68432
41178216	5.65754
41178217	3.25609
41178218	3.02739
41178219	5.65754
41178220	2.34126
41178221	1.88384
41178222	2.34126
41178223	0.969008
41178224	-0.28889
41178225	4.05657
41178226	3.25609
41178227	0.168528
41178228	0.511591
41178229	-0.0601811
41178230	-0.174535
41178231	-0.517598
41178232	2.11255
41178233	0.854654
41178234	4.7427
41178235	2.34126
41178236	3.14174
41178237	0.168528
41178238	2.91303
41178239	-0.860661
41178240	0.397236
41178241	1.76949
41178242	-2.23291
41178243	4.85706
41178244	6.0006
41178245	2.11255
41178246	1.54078
41178247	2.91303
41178248	1.42643
41178249	1.08336
41178250	4.97141
41178251	-0.0601811
41178252	6.0006
41178253	5.65754
41178254	0.168528
41178255	0.0541732
41178256	3.59916
41178257	0.0541732
41178258	-0.28889
41178259	5.42883
41178260	0.282882
41178261	3.37045
41178262	2.56997
41178263	-0.746307
41178264	3.71351
41178265	5.77189
41178266	-0.746307
41178267	4.51399
41178268	2.68432
41178269	1.42643
41178270	5.88624
41178271	5.88624
41178272	2.68432
41178273	1.76949
41178274	1.9982
41178275	3.4848
41178276	2.11255
41178277	3.25609
41178278	0.282882
41178279	2.68432
41178280	3.25609
41178281	1.31207
41178282	5.31447
41178283	4.39964
41178284	1.42643
41178285	5.20012
41178286	6.57237
41178287	4.7427
41178288	5.88624
41178289	5.20012
41178290	2.79868
41178291	7.37285
41178292	5.54318
41178293	0.282882
41178294	5.77189
41178295	6.22931
41178296	1.19772
41178297	1.9982
41178298	1.88384
41178299	-0.631953
41178300	2.22691
41178301	1.54078
41178302	-0.0601811
41178303	6.57237
41178304	3.4848
41178305	-0.631953
41178306	4.17093
41178307	4.05657
41178308	-3.2621
41178309	5.88624
41178310	2.91303
41178311	-1.88985
41178312	-0.28889
41178313	3.4848
41178314	-1.66114
41178315	5.88624
41178316	5.88624
41178317	-0.517598
41178318	2.56997
41178319	2.22691
41178320	-4.52
41178321	4.28528
41178322	3.4848
41178323	-1.31808
41178324	2.45561
41178325	4.51399
41178326	3.14174
41178327	4.85706
41178328	1.54078
41178329	0.168528
41178330	1.76949
41178331	1.88384
41178332	0.282882
41178333	4.62835
41178334	4.51399
41178335	-1.43243
41178336	2.34126
41178337	-0.0601811
41178338	0.168528
41178339	7.83027
41178340	6.0006
41178341	3.94222
41178342	3.37045
41178343	3.94222
41178344	-0.517598
41178345	7.83027
41178346	3.37045
41178347	3.4848
41178348	3.82787
41178349	3.94222
41178350	-0.28889
41178351	2.45561
41178352	4.51399
41178353	-1.20372
41178354	7.60156
41178355	5.77189
41178356	-0.403244
41178357	4.51399
41178358	2.91303
41178359	-3.03339
41178360	2.68432
41178361	1.9982
41178362	-1.20372
41178363	3.4848
41178364	4.28528
41178365	0.397236
41178366	4.05657
41178367	5.08576
41178368	-0.631953
41178369	0.168528
41178370	5.77189
41178371	-0.631953
41178372	0.740299
41178373	0.0541732
41178374	-1.08937
41178375	4.85706
41178376	2.91303
41178377	1.88384
41178378	5.88624
41178379	3.25609
41178380	0.397236
41178381	6.0006
41178382	4.39964
41178383	1.08336
41178384	6.11495
41178385	2.34126
41178386	0.168528
41178387	3.25609
41178388	6.57237
41178389	-0.0601811
41178390	2.45561
41178391	2.56997
41178392	5.42883
41178393	7.60156
41178394	8.97381
41178395	1.08336
41178396	5.65754
41178397	6.91543
41178398	-0.860661
41178399	5.77189
41178400	5.20012
41178401	4.39964
41178402	2.34126
41178403	6.11495
41178404	1.88384
41178405	6.11495
41178406	9.20252
41178407	-0.0601811
41178408	1.31207
41178409	3.02739
41178410	2.56997
41178411	3.02739
41178412	4.17093
41178413	1.76949
41178414	5.77189
41178415	3.82787
41178416	-0.746307
41178417	5.77189
41178418	3.02739
41178419	0.854654
41178420	5.42883
41178421	5.54318
41178422	0.511591
41178423	3.94222
41178424	-0.28889
41178425	-0.174535
41178426	3.14174
41178427	4.17093
41178428	4.39964
41178429	5.65754
41178430	5.42883
41178431	2.34126
41178432	4.05657
41178433	3.25609
41178434	0.282882
41178435	3.14174
41178436	5.77189
41178437	4.39964
41178438	3.25609
41178439	6.11495
41178440	1.19772
41178441	4.62835
41178442	4.97141
41178443	6.22931
41178444	0.168528
41178445	3.71351
41178446	-2.23291
41178447	1.42643
41178448	3.71351
41178449	-0.746307
41178450	4.7427
41178451	3.14174
41178452	1.54078
41178453	4.39964
41178454	0.740299
41178455	-0.403244
41178456	-0.174535
41178457	1.9982
41178458	5.42883
41178459	0.969008
41178460	2.22691
41178461	-1.31808
41178462	1.31207
41178463	1.42643
41178464	-0.174535
41178465	3.94222
41178466	4.97141
41178467	0.854654
41178468	0.168528
41178469	5.77189
41178470	-0.517598
41178471	4.28528
41178472	4.28528
41178473	0.0541732
41178474	3.25609
41178475	5.31447
41178476	0.854654
41178477	3.25609
41178478	3.4848
41178479	0.282882
41178480	1.19772
41178481	5.88624
41178482	0.0541732
41178483	5.77189
41178484	2.11255
41178485	1.65513
41178486	4.05657
41178487	3.94222
41178488	-0.28889
41178489	3.14174
41178490	2.11255
41178491	0.625945
41178492	7.02979
41178493	4.97141
41178494	3.37045
41178495	7.02979
41178496	8.28769
41178497	2.11255
41178498	0.282882
41178499	6.34366
41178500	0.397236
41178501	1.88384
41178502	2.91303
41178503	-0.0601811
41178504	5.88624
41178505	2.45561
41178506	-2.0042
41178507	6.0006
41178508	6.11495
41178509	0.625945
41178510	7.83027
41178511	5.08576
41178512	0.0541732
41178513	4.97141
41178514	3.71351
41178515	3.02739
41178516	4.05657
41178517	3.37045
41178518	2.91303
41178519	4.39964
41178520	6.11495
41178521	-1.08937
41178522	3.94222
41178523	7.60156
41178524	-2.80469
41178525	5.88624
41178526	7.60156
41178527	-0.631953
41178528	9.88865
41178529	2.68432
41178530	-0.174535
41178531	7.83027
41178532	4.17093
41178533	1.65513
41178534	6.11495
41178535	3.14174
41178536	1.08336
41178537	6.11495
41178538	2.45561
41178539	-0.174535
41178540	3.94222
41178541	7.83027
41178542	-0.0601811
41178543	5.88624
41178544	5.08576
41178545	9.88865
41178546	6.22931
41178547	6.68672
41178548	0.511591
41178549	6.11495
41178550	7.83027
41178551	0.511591
41178552	7.71591
41178553	9.08817
41178554	0.168528
41178555	7.83027
41178556	7.2585
41178557	5.77189
41178558	7.83027
41178559	7.2585
41178560	-0.0601811
41178561	4.97141
41178562	4.7427
41178563	4.51399
41178564	4.17093
41178565	5.88624
41178566	1.19772
41178567	3.14174
41178568	5.77189
41178569	-0.174535
41178570	2.68432
41178571	0.511591
41178572	-0.860661
41178573	5.77189
41178574	4.85706
41178575	1.19772
41178576	3.94222
41178577	4.28528
41178578	-0.746307
41178579	5.54318
41178580	6.80108
41178581	5.88624
41178582	2.11255
41178583	6.11495
41178584	-0.0601811
41178585	4.85706
41178586	7.83027
41178587	-1.20372
41178588	6.0006
41178589	7.4872
41178590	1.65513
41178591	1.42643
41178592	6.11495
41178593	-1.31808
41178594	6.0006
41178595	4.17093
41178596	2.22691
41178597	6.57237
41178598	7.71591
41178599	0.282882
41178600	7.60156
41178601	7.02979
41178602	4.7427
41178603	4.28528
41178604	3.14174
41178605	3.25609
41178606	1.65513
41178607	6.68672
41178608	1.54078
41178609	3.82787
41178610	6.22931
41178611	-0.403244
41178612	-0.0601811
41178613	3.94222
41178614	-0.174535
41178615	5.88624
41178616	7.60156
41178617	-0.517598
41178618	4.7427
41178619	7.60156
41178620	0.740299
41178621	2.34126
41178622	1.31207
41178623	3.82787
41178624	9.20252
41178625	3.25609
41178626	1.31207
41178627	7.83027
41178628	7.37285
41178629	2.91303
41178630	9.88865
41178631	6.11495
41178632	0.740299
41178633	6.0006
41178634	7.94462
41178635	-3.94823
41178636	7.83027
41178637	7.71591
41178638	-0.517598
41178639	7.71591
41178640	7.71591
41178641	-0.975016
41178642	3.94222
41178643	4.85706
41178644	1.9982
41178645	6.0006
41178646	7.71591
41178647	0.0541732
41178648	6.11495
41178649	5.88624
41178650	-0.174535
41178651	5.77189
41178652	3.14174
41178653	-0.860661
41178654	5.88624
41178655	7.83027
41178656	-0.0601811
41178657	6.0006
41178658	7.83027
41178659	-3.83387
41178660	2.56997
41178661	9.88865
41178662	-0.0601811
41178663	7.71591
41178664	7.71591
41178665	-2.69033
41178666	4.85706
41178667	7.14414
41178668	4.7427
41178669	7.83027
41178670	4.97141
41178671	0.0541732
41178672	6.11495
41178673	9.31687
41178674	2.45561
41178675	7.83027
41178676	3.02739
41178677	-0.174535
41178678	6.11495
41178679	6.11495
41178680	-0.403244
41178681	5.88624
41178682	3.14174
41178683	1.54078
41178684	6.22931
41178685	7.4872
41178686	1.19772
41178687	9.31687
41178688	7.94462
41178689	1.54078
41178690	7.83027
41178691	7.83027
41178692	-0.975016
41178693	4.97141
41178694	6.11495
41178695	0.854654
41178696	7.83027
41178697	6.11495
41178698	-1.88985
41178699	1.42643
41178700	6.57237
41178701	1.9982
41178702	4.05657
41178703	6.0006
41178704	4.85706
41178705	5.77189
41178706	8.85946
41178707	0.969008
41178708	7.4872
41178709	4.39964
41178710	0.0541732
41178711	6.11495
41178712	7.4872
41178713	2.91303
41178714	7.83027
41178715	6.11495
41178716	-0.174535
41178717	7.94462
41178718	6.0006
41178719	-1.54679
41178720	7.83027
41178721	4.85706
41178722	-1.31808
41178723	7.83027
41178724	7.37285
41178725	0.740299
41178726	7.83027
41178727	3.14174
41178728	0.625945
41178729	4.17093
41178730	6.0006
41178731	0.0541732
41178732	4.85706
41178733	5.88624
41178734	0.168528
41178735	7.60156
41178736	5.88624
41178737	-0.631953
41178738	5.88624
41178739	9.08817
41178740	4.05657
41178741	3.25609
41178742	2.34126
41178743	0.511591
41178744	5.65754
41178745	7.94462
41178746	0.282882
41178747	6.11495
41178748	6.0006
41178749	0.282882
41178750	7.83027
41178751	7.83027
41178752	-1.20372
41178753	6.0006
41178754	6.11495
41178755	0.854654
41178756	4.05657
41178757	6.11495
41178758	-1.54679
41178759	3.4848
41178760	5.57433
41178761	1.44942
41178762	2.29315
41178763	5.85557
41178764	7.2618
41178765	5.57433
41178766	4.26186
41178767	0.0431968
41178768	7.2618
41178769	2.01191
41178770	0.699433
41178771	3.60562
41178772	1.63691
41178773	2.57439
41178774	4.44935
41178775	1.82441
41178776	4.16811
41178777	2.66814
41178778	0.511937
41178779	0.418189
41178780	5.57433
41178781	2.29315
41178782	2.48065
41178783	2.85564
41178784	3.69937
41178785	0.324441
41178786	4.5431
41178787	2.1994
41178788	3.23063
41178789	3.23063
41178790	6.23057
41178791	1.54317
41178792	3.69937
41178793	3.88687
41178794	0.605685
41178795	3.04313
41178796	6.79306
41178797	1.91816
41178798	7.82428
41178799	7.44929
41178800	0.418189
41178801	3.69937
41178802	1.54317
41178803	0.699433
41178804	2.3869
41178805	1.35567
41178806	1.35567
41178807	4.82435
41178808	1.82441
41178809	0.980677
41178810	2.10565
41178811	7.2618
41178812	0.324441
41178813	9.2305
41178814	8.57427
41178815	2.01191
41178816	4.91809
41178817	5.94932
41178818	5.57433
41178819	9.13676
41178820	1.54317
41178821	2.57439
41178822	0.418189
41178823	5.94932
41178824	-0.425543
41178825	7.44929
41178826	7.82428
41178827	5.66808
41178828	2.57439
41178829	6.04307
41178830	-0.331795
41178831	2.1994
41178832	7.73054
41178833	-0.238047
41178834	7.82428
41178835	9.32425
41178836	6.79306
41178837	5.76183
41178838	5.10559
41178839	-0.706787
41178840	0.418189
41178841	4.26186
41178842	0.136945
41178843	3.23063
41178844	3.69937
41178845	1.63691
41178846	5.19934
41178847	3.41813
41178848	0.511937
41178849	3.51187
41178850	4.44935
41178851	-0.331795
41178852	5.01184
41178853	9.32425
41178854	0.605685
41178855	4.63685
41178856	5.66808
41178857	9.32425
41178858	5.94932
41178859	4.35561
41178860	1.16817
41178861	5.19934
41178862	2.48065
41178863	1.73066
41178864	6.60556
41178865	3.79312
41178866	2.29315
41178867	2.85564
41178868	2.85564
41178869	1.35567
41178870	4.26186
41178871	5.38683
41178872	1.63691
41178873	4.07436
41178874	3.04313
41178875	0.230693
41178876	3.41813
41178877	2.29315
41178878	0.324441
41178879	5.10559
41178880	1.63691
41178881	4.63685
41178882	1.44942
41178883	2.48065
41178884	1.63691
41178885	6.04307
41178886	4.07436
41178887	2.66814
41178888	4.44935
41178889	3.60562
41178890	2.57439
41178891	4.7306
41178892	5.29309
41178893	0.511937
41178894	3.79312
41178895	4.35561
41178896	1.91816
41178897	0.324441
41178898	3.88687
41178899	1.63691
41178900	0.0431968
41178901	2.57439
41178902	0.136945
41178903	4.91809
41178904	5.19934
41178905	-1.36302
41178906	4.91809
41178907	1.73066
41178908	2.10565
41178909	1.91816
41178910	4.44935
41178911	1.73066
41178912	9.418
41178913	5.38683
41178914	3.23063
41178915	4.63685
41178916	5.66808
41178917	6.04307
41178918	5.01184
41178919	2.3869
41178920	0.699433
41178921	-0.331795
41178922	4.07436
41178923	0.699433
41178924	5.48058
41178925	2.1994
41178926	1.63691
41178927	2.29315
41178928	3.41813
41178929	2.1994
41178930	3.60562
41178931	2.94939
41178932	2.1994
41178933	2.76189
41178934	5.38683
41178935	3.79312
41178936	5.29309
41178937	4.16811
41178938	4.16811
41178939	5.19934
41178940	5.10559
41178941	3.32438
41178942	3.69937
41178943	2.76189
41178944	3.79312
41178945	6.23057
41178946	5.57433
41178947	2.57439
41178948	4.7306
41178949	3.51187
41178950	3.13688
41178951	3.98061
41178952	3.41813
41178953	4.91809
41178954	6.69931
41178955	3.51187
41178956	2.10565
