,gene_id,gene,From,Entry,Gene Names (primary),LOEUF,transcript,repressor,activator,sfari
0,ENSG00000137203,TFAP2A,TFAP2A,P05549,TFAP2A,0.334,ENST00000379613,False,True,False
1,ENSG00000008196,TFAP2B,TFAP2B,Q92481,TFAP2B,0.353,ENST00000393655,True,True,False
2,ENSG00000087510,TFAP2C,TFAP2C,Q92754,TFAP2C,0.417,ENST00000201031,True,True,False
3,ENSG00000008197,TFAP2D,TFAP2D,Q7Z6R9,TFAP2D,0.389,ENST00000008391,False,True,False
4,ENSG00000116819,TFAP2E,TFAP2E,Q6VUC0,TFAP2E,1.418,ENST00000373235,False,False,False
5,ENSG00000116017,ARID3A,ARID3A,Q99856,ARID3A,0.442,ENST00000263620,True,False,False
6,ENSG00000179361,ARID3B,ARID3B,Q8IVW6,ARID3B,0.332,ENST00000346246,True,False,False
7,ENSG00000205143,ARID3C,ARID3C,A6NKF2,ARID3C,1.716,ENST00000378909,False,False,False
8,ENSG00000196843,ARID5A,ARID5A,Q03989,ARID5A,0.802,ENST00000357485,True,True,False
9,ENSG00000150347,ARID5B,ARID5B,Q14865,ARID5B,0.211,ENST00000279873,True,False,False
10,ENSG00000117139,KDM5B,KDM5B,Q9UGL1,KDM5B,0.858,ENST00000367265,True,True,True
11,ENSG00000189079,ARID2,ARID2,Q68CP9,ARID2,0.224,ENST00000334344,True,False,True
12,ENSG00000153207,AHCTF1,AHCTF1,Q8WYP5,AHCTF1,0.142,ENST00000648844,True,True,False
13,ENSG00000126705,AHDC1,AHDC1,Q5TGY3,AHDC1,0.168,ENST00000673934,True,False,True
14,ENSG00000106948,AKNA,AKNA,Q7Z591,AKNA,0.631,ENST00000374088,True,False,False
15,ENSG00000116539,ASH1L,ASH1L,Q9NR48,ASH1L,0.104,ENST00000392403,True,False,True
16,ENSG00000173894,CBX2,CBX2,Q14781,CBX2,0.946,ENST00000310942,False,False,False
17,ENSG00000101457,DNTTIP1,DNTTIP1,Q9H147,DNTTIP1,0.673,ENST00000372622,True,False,False
18,ENSG00000104885,DOT1L,DOT1L,Q8TEK3,DOT1L,0.321,ENST00000398665,True,False,False
19,ENSG00000140632,GLYR1,GLYR1,Q49A26,GLYR1,0.397,ENST00000321919,True,False,False
20,ENSG00000137309,HMGA1,HMGA1,P17096,HMGA1,0.435,ENST00000311487,False,True,False
21,ENSG00000149948,HMGA2,HMGA2,P52926,HMGA2,1.688,ENST00000403681,False,True,False
22,ENSG00000025293,PHF20,PHF20,Q9BVI0,PHF20,0.249,ENST00000374012,True,True,False
23,ENSG00000135365,PHF21A,PHF21A,Q96BD5,PHF21A,0.149,ENST00000676320,True,False,True
24,ENSG00000126464,PRR12,PRR12,Q9ULL5,PRR12,0.18,ENST00000418929,True,False,True
25,ENSG00000146285,SCML4,SCML4,Q8N228,SCML4,1.059,ENST00000369020,False,False,False
26,ENSG00000152217,SETBP1,SETBP1,Q9Y6X0,SETBP1,0.143,ENST00000649279,True,False,True
27,ENSG00000080603,SRCAP,SRCAP,Q6ZRS2,SRCAP,0.223,ENST00000262518,True,True,True
28,ENSG00000188070,C11orf95,C11orf95,C9JLR9,ZFTA,1.602,ENST00000433688,False,False,False
29,ENSG00000237765,FAM200B,FAM200B,P0CF97,FAM200B,1.158,ENST00000422728,True,False,False
30,ENSG00000141258,SGSM2,SGSM2,O43147,SGSM2,0.851,ENST00000268989,True,False,False
31,ENSG00000214717,ZBED1,ZBED1,O96006,ZBED1,,,True,False,False
32,ENSG00000177494,ZBED2,ZBED2,Q9BTP6,ZBED2,1.933,ENST00000317012,True,False,False
33,ENSG00000132846,ZBED3,ZBED3,Q96IU2,ZBED3,1.949,ENST00000255198,True,False,False
34,ENSG00000100426,ZBED4,ZBED4,O75132,ZBED4,0.729,ENST00000216268,True,False,False
35,ENSG00000236287,ZBED5,ZBED5,Q49AG3,ZBED5,0.774,ENST00000413761,False,False,False
36,ENSG00000257315,ZBED6,ZBED6,P86452,ZBED6,0.818,ENST00000550078,False,False,False
37,ENSG00000232040,ZBED9,ZBED9,Q6R2W3,SCAND3,0.592,ENST00000452236,True,False,False
38,ENSG00000106546,AHR,AHR,P35869,AHR,0.606,ENST00000242057,True,True,False
39,ENSG00000063438,AHRR,AHRR,A9YTQ3,AHRR,0.897,ENST00000684583,True,False,False
40,ENSG00000143437,ARNT,ARNT,P27540,ARNT,0.387,ENST00000358595,True,True,False
41,ENSG00000172379,ARNT2,ARNT2,Q9HBZ2,ARNT2,0.498,ENST00000303329,True,True,True
42,ENSG00000133794,ARNTL,ARNTL,O00327,BMAL1,0.25,ENST00000403290,True,True,False
43,ENSG00000029153,ARNTL2,ARNTL2,Q8WYA1,BMAL2,0.831,ENST00000266503,True,True,False
44,ENSG00000139352,ASCL1,ASCL1,P50553,ASCL1,0.51,ENST00000266744,True,False,False
45,ENSG00000183734,ASCL2,ASCL2,Q99929,ASCL2,1.962,ENST00000331289,True,False,False
46,ENSG00000176009,ASCL3,ASCL3,Q9NQ33,ASCL3,1.504,ENST00000531618,True,False,False
47,ENSG00000187855,ASCL4,ASCL4,Q6XD76,ASCL4,1.921,ENST00000342331,True,False,False
48,ENSG00000232237,ASCL5,ASCL5,Q7RTU5,ASCL5,1.704,ENST00000449188,False,False,False
49,ENSG00000172238,ATOH1,ATOH1,Q92858,ATOH1,0.767,ENST00000306011,True,False,False
50,ENSG00000179774,ATOH7,ATOH7,Q8N100,ATOH7,1.758,ENST00000373673,True,False,False
51,ENSG00000168874,ATOH8,ATOH8,Q96SQ7,ATOH8,0.794,ENST00000306279,True,False,False
52,ENSG00000180535,BHLHA15,BHLHA15,Q7RTS1,BHLHA15,1.642,ENST00000609256,True,False,False
53,ENSG00000205899,BHLHA9,BHLHA9,Q7RTU4,BHLHA9,1.931,ENST00000391429,True,False,False
54,ENSG00000180828,BHLHE22,BHLHE22,Q8NFJ8,BHLHE22,1.31,ENST00000321870,False,False,False
55,ENSG00000125533,BHLHE23,BHLHE23,Q8NDY6,BHLHE23,1.892,ENST00000612929,False,True,False
56,ENSG00000134107,BHLHE40,BHLHE40,O14503,BHLHE40,0.219,ENST00000256495,True,False,False
57,ENSG00000123095,BHLHE41,BHLHE41,Q9C0J9,BHLHE41,1.219,ENST00000242728,True,False,False
58,ENSG00000250709,CCDC169-SOHLH2,,,,0.723,ENST00000511166,False,True,False
59,ENSG00000134852,CLOCK,CLOCK,O15516,CLOCK,0.496,ENST00000513440,True,False,False
60,ENSG00000116016,EPAS1,EPAS1,Q99814,EPAS1,0.366,ENST00000263734,True,True,False
61,ENSG00000146618,FERD3L,FERD3L,Q96RJ6,FERD3L,1.341,ENST00000275461,False,False,False
62,ENSG00000183733,FIGLA,FIGLA,Q6QHK4,FIGLA,1.279,ENST00000332372,True,False,False
63,ENSG00000113196,HAND1,HAND1,O96004,HAND1,1.188,ENST00000231121,True,False,False
64,ENSG00000164107,HAND2,HAND2,P61296,HAND2,0.601,ENST00000359562,True,True,False
65,ENSG00000187821,HELT,HELT,A6NFD8,HELT,0.857,ENST00000515777,True,False,False
66,ENSG00000114315,HES1,HES1,Q14469,HES1,0.607,ENST00000232424,True,False,False
67,ENSG00000069812,HES2,HES2,Q9Y543,HES2,1.91,ENST00000377834,True,False,False
68,ENSG00000173673,HES3,HES3,Q5TGS1,HES3,1.751,ENST00000377898,True,False,False
69,ENSG00000188290,HES4,HES4,Q9HCC6,HES4,1.946,ENST00000304952,True,False,False
70,ENSG00000197921,HES5,HES5,Q5TA89,HES5,1.927,ENST00000378453,True,False,False
71,ENSG00000144485,HES6,HES6,Q96HZ4,HES6,1.986,ENST00000272937,True,False,False
72,ENSG00000179111,HES7,HES7,Q9BYE0,HES7,1.319,ENST00000541682,True,False,False
73,ENSG00000164683,HEY1,HEY1,Q9Y5J3,HEY1,0.624,ENST00000354724,True,False,False
74,ENSG00000135547,HEY2,HEY2,Q9UBP5,HEY2,1.292,ENST00000368364,True,False,False
75,ENSG00000163909,HEYL,HEYL,Q9NQ87,HEYL,1.25,ENST00000372852,True,False,False
76,ENSG00000100644,HIF1A,HIF1A,Q16665,HIF1A,0.353,ENST00000337138,True,True,False
77,ENSG00000124440,HIF3A,HIF3A,Q9Y2N7,HIF3A,0.833,ENST00000377670,False,True,False
78,ENSG00000104903,LYL1,LYL1,P12980,LYL1,1.236,ENST00000264824,True,False,False
79,ENSG00000125952,MAX,MAX,P61244,MAX,0.288,ENST00000358664,True,False,False
80,ENSG00000166823,MESP1,MESP1,Q9BRJ9,MESP1,1.986,ENST00000300057,True,False,False
81,ENSG00000188095,MESP2,MESP2,Q0VG99,MESP2,1.656,ENST00000341735,True,False,False
82,ENSG00000187098,MITF,MITF,O75030,MITF,0.482,ENST00000352241,True,True,False
83,ENSG00000108788,MLX,MLX,Q9UH92,MLX,0.694,ENST00000435881,False,False,False
84,ENSG00000175727,MLXIP,MLXIP,Q9HAP2,MLXIP,0.461,ENST00000319080,True,True,False
85,ENSG00000009950,MLXIPL,MLXIPL,Q9NP71,MLXIPL,0.884,ENST00000313375,True,True,False
86,ENSG00000070444,MNT,MNT,Q99583,MNT,0.619,ENST00000174618,True,False,True
87,ENSG00000178860,MSC,MSC,O60682,MSC,1.784,ENST00000325509,True,False,False
88,ENSG00000151379,MSGN1,MSGN1,A6NI15,MSGN1,0.708,ENST00000281047,True,False,False
89,ENSG00000059728,MXD1,MXD1,Q05195,MXD1,0.7,ENST00000264444,True,False,False
90,ENSG00000213347,MXD3,MXD3,Q9BW11,MXD3,1.174,ENST00000439742,True,False,False
91,ENSG00000123933,MXD4,MXD4,Q14582,MXD4,1.37,ENST00000337190,False,False,False
92,ENSG00000119950,MXI1,MXI1,P50539,MXI1,0.839,ENST00000332674,True,False,False
93,ENSG00000136997,MYC,MYC,P01106,MYC,0.128,ENST00000621592,True,True,False
94,ENSG00000116990,MYCL,MYCL,P12524,MYCL,0.617,ENST00000372816,True,True,False
95,ENSG00000134323,MYCN,MYCN,P04198,MYCN,0.311,ENST00000281043,True,True,False
96,ENSG00000111049,MYF5,MYF5,P13349,MYF5,1.269,ENST00000228644,True,True,False
97,ENSG00000111046,MYF6,MYF6,P23409,MYF6,1.24,ENST00000228641,True,True,False
98,ENSG00000129152,MYOD1,MYOD1,P15172,MYOD1,1.749,ENST00000250003,True,True,False
99,ENSG00000122180,MYOG,MYOG,P15173,MYOG,0.715,ENST00000241651,True,True,False
100,ENSG00000084676,NCOA1,NCOA1,Q15788,NCOA1,0.298,ENST00000348332,True,True,True
101,ENSG00000140396,NCOA2,NCOA2,Q15596,NCOA2,0.211,ENST00000452400,True,True,False
102,ENSG00000124151,NCOA3,NCOA3,Q9Y6Q9,NCOA3,0.376,ENST00000371998,True,True,False
103,ENSG00000162992,NEUROD1,NEUROD1,Q13562,NEUROD1,0.688,ENST00000295108,True,True,False
104,ENSG00000171532,NEUROD2,NEUROD2,Q15784,NEUROD2,0.897,ENST00000302584,True,True,False
105,ENSG00000123307,NEUROD4,NEUROD4,Q9HD90,NEUROD4,1.191,ENST00000242994,True,False,False
106,ENSG00000164600,NEUROD6,NEUROD6,Q96NK8,NEUROD6,0.413,ENST00000297142,True,True,False
107,ENSG00000181965,NEUROG1,NEUROG1,Q92886,NEUROG1,1.79,ENST00000314744,True,True,False
108,ENSG00000178403,NEUROG2,NEUROG2,Q9H2A3,NEUROG2,1.45,ENST00000313341,True,True,False
109,ENSG00000122859,NEUROG3,NEUROG3,Q9Y4Z2,NEUROG3,1.892,ENST00000242462,True,True,False
110,ENSG00000171786,NHLH1,NHLH1,Q02575,NHLH1,1.19,ENST00000302101,False,False,False
111,ENSG00000177551,NHLH2,NHLH2,Q02577,NHLH2,1.779,ENST00000320238,True,False,False
112,ENSG00000130751,NPAS1,NPAS1,Q99742,NPAS1,0.918,ENST00000602212,True,False,False
113,ENSG00000170485,NPAS2,NPAS2,Q99743,NPAS2,0.338,ENST00000335681,True,False,True
114,ENSG00000151322,NPAS3,NPAS3,Q8IXF0,NPAS3,0.286,ENST00000356141,True,True,False
115,ENSG00000174576,NPAS4,NPAS4,Q8IUM7,NPAS4,0.235,ENST00000311034,True,True,False
116,ENSG00000184221,OLIG1,OLIG1,Q8TAK6,OLIG1,1.92,ENST00000382348,False,False,False
117,ENSG00000205927,OLIG2,OLIG2,Q13516,OLIG2,1.842,ENST00000382357,False,False,False
118,ENSG00000177468,OLIG3,OLIG3,Q7RTU3,OLIG3,1.398,ENST00000367734,False,False,False
119,ENSG00000168267,PTF1A,PTF1A,Q7RTS3,PTF1A,1.878,ENST00000376504,True,True,False
120,ENSG00000260428,SCX,SCX,Q7RTU7,SCX,1.94,ENST00000567180,True,False,False
121,ENSG00000112246,SIM1,SIM1,P81133,SIM1,0.332,ENST00000369208,True,False,False
122,ENSG00000159263,SIM2,SIM2,Q14190,SIM2,0.667,ENST00000290399,True,False,False
123,ENSG00000165643,SOHLH1,SOHLH1,Q5JUK2,SOHLH1,0.981,ENST00000425225,True,False,False
124,ENSG00000120669,SOHLH2,SOHLH2,Q9NX45,SOHLH2,0.595,ENST00000379881,True,False,False
125,ENSG00000072310,SREBF1,SREBF1,P36956,SREBF1,0.662,ENST00000261646,True,True,False
126,ENSG00000198911,SREBF2,SREBF2,Q12772,SREBF2,0.593,ENST00000361204,True,True,False
127,ENSG00000162367,TAL1,TAL1,P17542,TAL1,0.991,ENST00000294339,True,True,False
128,ENSG00000186051,TAL2,TAL2,Q16559,TAL2,1.378,ENST00000334077,False,False,False
129,ENSG00000140262,TCF12,TCF12,Q99081,TCF12,0.609,ENST00000333725,True,True,False
130,ENSG00000125878,TCF15,TCF15,Q12870,TCF15,1.957,ENST00000246080,True,False,False
131,ENSG00000118526,TCF21,TCF21,O43680,TCF21,0.53,ENST00000367882,True,False,False
132,ENSG00000163792,TCF23,TCF23,Q7RTU1,TCF23,1.171,ENST00000296096,True,False,False
133,ENSG00000261787,TCF24,TCF24,Q7RTU0,TCF24,1.44,ENST00000563496,True,False,False
134,ENSG00000071564,TCF3,TCF3,P15923,TCF3,1.239,ENST00000262965,True,True,False
135,ENSG00000071564,TCF3,TCF3,Q9HCS4,TCF7L1,1.239,ENST00000262965,True,True,False
136,ENSG00000196628,TCF4,TCF4,P15884,TCF4,0.096,ENST00000354452,True,True,True
137,ENSG00000196628,TCF4,TCF4,Q9NQB0,TCF7L2,0.096,ENST00000354452,True,True,True
138,ENSG00000101190,TCFL5,TCFL5,Q9UL49,TCFL5,0.381,ENST00000335351,True,False,False
139,ENSG00000090447,TFAP4,TFAP4,Q01664,TFAP4,0.356,ENST00000204517,True,False,False
140,ENSG00000068323,TFE3,TFE3,P19532,TFE3,,,False,True,True
141,ENSG00000112561,TFEB,TFEB,P19484,TFEB,0.467,ENST00000373033,True,True,False
142,ENSG00000105967,TFEC,TFEC,O14948,TFEC,0.905,ENST00000265440,True,True,False
143,ENSG00000122691,TWIST1,TWIST1,Q15672,TWIST1,1.451,ENST00000242261,False,True,False
144,ENSG00000233608,TWIST2,TWIST2,Q8WVJ9,TWIST2,0.714,ENST00000612363,False,False,False
145,ENSG00000158773,USF1,USF1,P22415,USF1,0.658,ENST00000368021,True,True,False
146,ENSG00000105698,USF2,USF2,Q15853,USF2,0.71,ENST00000222305,True,True,False
147,ENSG00000176542,USF3,USF3,Q68DE3,USF3,0.258,ENST00000316407,True,False,False
148,ENSG00000143157,POGK,POGK,Q9P215,POGK,0.419,ENST00000367876,True,False,False
149,ENSG00000267281,AC023509.3,,,,0.545,ENST00000591834,False,True,False
150,ENSG00000123268,ATF1,ATF1,P18846,ATF1,0.683,ENST00000262053,False,False,False
151,ENSG00000115966,ATF2,ATF2,P15336,ATF2,0.539,ENST00000264110,False,True,False
152,ENSG00000162772,ATF3,ATF3,P18847,ATF3,0.879,ENST00000341491,True,True,False
153,ENSG00000128272,ATF4,ATF4,P18848,ATF4,0.718,ENST00000674920,True,True,False
154,ENSG00000169136,ATF5,ATF5,Q9Y2D1,ATF5,1.596,ENST00000423777,True,True,False
155,ENSG00000118217,ATF6,ATF6,P18850,ATF6,0.882,ENST00000367942,True,True,False
156,ENSG00000213676,ATF6B,ATF6B,Q99941,ATF6B,0.752,ENST00000375203,True,True,False
157,ENSG00000170653,ATF7,ATF7,P17544,ATF7,0.391,ENST00000420353,True,True,False
158,ENSG00000156273,BACH1,BACH1,O14867,BACH1,0.836,ENST00000286800,True,False,False
159,ENSG00000156273,BACH1,BACH1,Q9BX63,BRIP1,0.836,ENST00000286800,False,False,False
160,ENSG00000112182,BACH2,BACH2,Q9BYV9,BACH2,0.164,ENST00000257749,True,False,False
161,ENSG00000156127,BATF,BATF,Q16520,BATF,0.739,ENST00000286639,False,False,False
162,ENSG00000168062,BATF2,BATF2,Q8N1L9,BATF2,1.522,ENST00000301887,True,False,False
163,ENSG00000123685,BATF3,BATF3,Q9NR55,BATF3,1.094,ENST00000243440,False,False,False
164,ENSG00000245848,CEBPA,CEBPA,P49715,CEBPA,1.372,ENST00000498907,True,True,False
165,ENSG00000172216,CEBPB,CEBPB,P17676,CEBPB,1.677,ENST00000303004,True,True,False
166,ENSG00000221869,CEBPD,CEBPD,P49716,CEBPD,0.99,ENST00000408965,True,True,False
167,ENSG00000092067,CEBPE,CEBPE,Q15744,CEBPE,0.848,ENST00000206513,True,True,False
168,ENSG00000153879,CEBPG,CEBPG,P53567,CEBPG,1.072,ENST00000284000,False,False,False
169,ENSG00000118260,CREB1,CREB1,P16220,CREB1,0.189,ENST00000353267,True,True,False
170,ENSG00000107175,CREB3,CREB3,O43889,CREB3,1.145,ENST00000353704,True,True,False
171,ENSG00000157613,CREB3L1,CREB3L1,Q96BA8,CREB3L1,0.954,ENST00000621158,True,True,False
172,ENSG00000182158,CREB3L2,CREB3L2,Q70SY1,CREB3L2,0.645,ENST00000330387,True,True,False
173,ENSG00000060566,CREB3L3,CREB3L3,Q68CJ9,CREB3L3,1.155,ENST00000078445,False,True,False
174,ENSG00000143578,CREB3L4,CREB3L4,Q8TEY5,CREB3L4,0.984,ENST00000368607,True,True,False
175,ENSG00000146592,CREB5,CREB5,Q02930,CREB5,0.421,ENST00000357727,True,False,False
176,ENSG00000111269,CREBL2,CREBL2,O60519,CREBL2,0.427,ENST00000228865,False,False,False
177,ENSG00000137504,CREBZF,CREBZF,Q9NS37,CREBZF,0.738,ENST00000527447,True,True,False
178,ENSG00000095794,CREM,CREM,Q03060,CREM,0.533,ENST00000685392,True,True,False
179,ENSG00000105516,DBP,DBP,Q10586,DBP,1.043,ENST00000222122,False,True,False
180,ENSG00000175197,DDIT3,DDIT3,P0DPQ6,DDIT3,1.188,ENST00000346473,False,True,False
181,ENSG00000175197,DDIT3,DDIT3,P35638,DDIT3,1.188,ENST00000346473,True,True,False
182,ENSG00000170345,FOS,FOS,P01100,FOS,0.581,ENST00000303562,True,True,False
183,ENSG00000125740,FOSB,FOSB,P53539,FOSB,0.534,ENST00000353609,False,True,False
184,ENSG00000175592,FOSL1,FOSL1,P15407,FOSL1,0.97,ENST00000312562,True,True,False
185,ENSG00000075426,FOSL2,FOSL2,P15408,FOSL2,0.279,ENST00000264716,True,False,False
186,ENSG00000108924,HLF,HLF,Q16534,HLF,0.428,ENST00000226067,False,True,False
187,ENSG00000140044,JDP2,JDP2,Q8WYK2,JDP2,0.925,ENST00000651602,True,False,False
188,ENSG00000177606,JUN,JUN,P05412,JUN,0.716,ENST00000371222,True,True,False
189,ENSG00000171223,JUNB,JUNB,P17275,JUNB,0.86,ENST00000302754,False,True,False
190,ENSG00000130522,JUND,JUND,P17535,JUND,0.906,ENST00000252818,True,True,False
191,ENSG00000178573,MAF,MAF,O75444,MAF,0.852,ENST00000326043,True,True,False
192,ENSG00000182759,MAFA,MAFA,Q8NHW3,MAFA,,ENST00000333480,True,True,False
193,ENSG00000182759,MAFA,MAFA,Q96E93,KLRG1,,ENST00000333480,False,False,False
194,ENSG00000204103,MAFB,MAFB,Q9Y5Q3,MAFB,0.469,ENST00000373313,False,True,False
195,ENSG00000185022,MAFF,MAFF,Q9ULX9,MAFF,1.953,ENST00000338483,False,False,False
196,ENSG00000197063,MAFG,MAFG,O15525,MAFG,0.807,ENST00000357736,True,False,False
197,ENSG00000198517,MAFK,MAFK,O60675,MAFK,0.973,ENST00000343242,False,False,False
198,ENSG00000123405,NFE2,NFE2,Q16621,NFE2,0.798,ENST00000435572,True,True,False
199,ENSG00000082641,NFE2L1,NFE2L1,Q14494,NFE2L1,0.417,ENST00000362042,True,True,False
200,ENSG00000116044,NFE2L2,NFE2L2,Q16236,NFE2L2,0.575,ENST00000397062,True,True,False
201,ENSG00000050344,NFE2L3,NFE2L3,Q9Y4A8,NFE2L3,1.802,ENST00000056233,True,True,True
202,ENSG00000165030,NFIL3,NFIL3,Q16649,NFIL3,0.696,ENST00000297689,True,False,False
203,ENSG00000129535,NRL,NRL,P54845,NRL,1.917,ENST00000561028,True,True,False
204,ENSG00000167074,TEF,TEF,Q10587,TEF,0.389,ENST00000266304,True,True,False
205,ENSG00000100219,XBP1,XBP1,P17861,XBP1,0.778,ENST00000344347,False,True,False
206,ENSG00000267179,AC008770.3,,,,1.094,ENST00000590798,False,True,False
207,ENSG00000233757,AC092835.1,,,,,,False,True,False
208,ENSG00000264668,AC138696.1,,,,1.754,ENST00000522452,False,True,False
209,ENSG00000139154,AEBP2,AEBP2,Q6ZN18,AEBP2,0.461,ENST00000266508,True,False,False
210,ENSG00000105127,AKAP8,AKAP8,O43823,AKAP8,0.48,ENST00000269701,False,True,False
211,ENSG00000011243,AKAP8L,AKAP8L,Q9ULX6,AKAP8L,0.592,ENST00000397410,True,True,False
212,ENSG00000163516,ANKZF1,ANKZF1,Q9H8Y5,ANKZF1,1.125,ENST00000323348,False,False,False
213,ENSG00000166454,ATMIN,ATMIN,O43313,ATMIN,0.695,ENST00000299575,True,True,False
214,ENSG00000119866,BCL11A,BCL11A,Q9H165,BCL11A,0.125,ENST00000642384,True,False,True
215,ENSG00000127152,BCL11B,BCL11B,Q9C0K0,BCL11B,0.462,ENST00000357195,True,False,False
216,ENSG00000113916,BCL6,BCL6,P41182,BCL6,0.221,ENST00000406870,True,False,False
217,ENSG00000161940,BCL6B,BCL6B,Q8N143,BCL6B,0.823,ENST00000293805,True,False,False
218,ENSG00000169594,BNC1,BNC1,Q01954,BNC1,0.212,ENST00000345382,True,False,False
219,ENSG00000173068,BNC2,BNC2,Q6ZN30,BNC2,0.365,ENST00000380672,True,False,False
220,ENSG00000130940,CASZ1,CASZ1,Q86V15,CASZ1,0.285,ENST00000377022,True,True,True
221,ENSG00000159588,CCDC17,CCDC17,Q96LX7,CCDC17,1.519,ENST00000528266,False,False,False
222,ENSG00000198824,CHAMP1,CHAMP1,Q96JM3,CHAMP1,0.16,ENST00000361283,True,False,True
223,ENSG00000147183,CPXCR1,CPXCR1,Q8N123,CPXCR1,,,False,False,False
224,ENSG00000102974,CTCF,CTCF,P49711,CTCF,0.205,ENST00000264010,True,False,True
225,ENSG00000124092,CTCFL,CTCFL,Q8NI51,CTCFL,0.669,ENST00000243914,True,False,False
226,ENSG00000011332,DPF1,DPF1,Q92782,DPF1,0.415,ENST00000355526,True,False,False
227,ENSG00000205683,DPF3,DPF3,Q92784,DPF3,0.491,ENST00000556509,True,False,False
228,ENSG00000134874,DZIP1,DZIP1,Q86YF9,DZIP1,1.01,ENST00000376829,True,False,False
229,ENSG00000167967,E4F1,E4F1,Q66K89,E4F1,0.638,ENST00000301727,True,False,False
230,ENSG00000102189,EEA1,EEA1,Q15075,EEA1,0.663,ENST00000322349,True,False,False
231,ENSG00000120738,EGR1,EGR1,P18146,EGR1,0.462,ENST00000239938,True,True,False
232,ENSG00000122877,EGR2,EGR2,P11161,EGR2,0.401,ENST00000242480,True,True,False
233,ENSG00000179388,EGR3,EGR3,Q06889,EGR3,0.396,ENST00000317216,True,True,True
234,ENSG00000135625,EGR4,EGR4,Q05215,EGR4,1.564,ENST00000436467,False,True,False
235,ENSG00000164334,FAM170A,FAM170A,A1A519,FAM170A,1.07,ENST00000613773,True,False,False
236,ENSG00000128610,FEZF1,FEZF1,A0PJY2,FEZF1,0.42,ENST00000442488,True,False,False
237,ENSG00000153266,FEZF2,FEZF2,Q8TBJ5,FEZF2,0.227,ENST00000283268,True,False,True
238,ENSG00000179943,FIZ1,FIZ1,Q96SL8,FIZ1,1.183,ENST00000221665,False,False,False
239,ENSG00000162676,GFI1,GFI1,Q99684,GFI1,0.715,ENST00000294702,True,False,False
240,ENSG00000165702,GFI1B,GFI1B,Q5VTD9,GFI1B,0.761,ENST00000372122,True,False,False
241,ENSG00000111087,GLI1,GLI1,P08151,GLI1,0.704,ENST00000228682,False,True,False
242,ENSG00000074047,GLI2,GLI2,P10070,GLI2,0.364,ENST00000361492,True,True,False
243,ENSG00000106571,GLI3,GLI3,P10071,GLI3,0.298,ENST00000395925,True,True,False
244,ENSG00000250571,GLI4,GLI4,P10075,GLI4,1.728,ENST00000340042,True,False,False
245,ENSG00000174332,GLIS1,GLIS1,Q8NBF1,GLIS1,0.6,ENST00000628545,True,True,True
246,ENSG00000126603,GLIS2,GLIS2,Q9BZE0,GLIS2,0.637,ENST00000433375,True,True,False
247,ENSG00000107249,GLIS3,GLIS3,Q8NEA6,GLIS3,0.853,ENST00000381971,False,True,False
248,ENSG00000122034,GTF3A,GTF3A,Q92664,GTF3A,1.893,ENST00000381140,False,False,False
249,ENSG00000125812,GZF1,GZF1,Q9H116,GZF1,0.87,ENST00000338121,True,False,False
250,ENSG00000177374,HIC1,HIC1,Q14526,HIC1,0.901,ENST00000619757,True,False,False
251,ENSG00000169635,HIC2,HIC2,Q96JB3,HIC2,0.203,ENST00000407464,True,True,False
252,ENSG00000172273,HINFP,HINFP,Q9BQA5,HINFP,0.504,ENST00000350777,True,True,False
253,ENSG00000095951,HIVEP1,HIVEP1,P15822,HIVEP1,0.231,ENST00000379388,True,False,False
254,ENSG00000010818,HIVEP2,HIVEP2,P31629,HIVEP2,0.114,ENST00000367603,True,False,True
255,ENSG00000127124,HIVEP3,HIVEP3,Q5T1R4,HIVEP3,0.417,ENST00000372583,True,True,True
256,ENSG00000181666,HKR1,HKR1,P10072,ZNF875,1.885,ENST00000392153,True,False,False
257,ENSG00000185811,IKZF1,IKZF1,Q13422,IKZF1,0.32,ENST00000331340,True,True,True
258,ENSG00000030419,IKZF2,IKZF2,Q9UKS7,IKZF2,0.5,ENST00000434687,True,False,False
259,ENSG00000161405,IKZF3,IKZF3,Q9UKT9,IKZF3,0.244,ENST00000346872,True,False,False
260,ENSG00000123411,IKZF4,IKZF4,Q9H2S9,IKZF4,0.392,ENST00000547167,True,False,False
261,ENSG00000095574,IKZF5,IKZF5,Q9H5V7,IKZF5,0.286,ENST00000368886,True,False,False
262,ENSG00000173404,INSM1,INSM1,Q01101,INSM1,1.929,ENST00000310227,True,False,False
263,ENSG00000168348,INSM2,INSM2,Q96T92,INSM2,0.796,ENST00000307169,True,False,False
264,ENSG00000153814,JAZF1,JAZF1,Q86VZ6,JAZF1,0.438,ENST00000283928,True,True,False
265,ENSG00000136504,KAT7,KAT7,O95251,KAT7,0.275,ENST00000259021,True,True,False
266,ENSG00000176407,KCMF1,KCMF1,Q9P0J7,KCMF1,0.245,ENST00000409785,True,False,False
267,ENSG00000151657,KIN,KIN,O60870,KIN,0.782,ENST00000379562,True,False,False
268,ENSG00000105610,KLF1,KLF1,Q13351,KLF1,1.777,ENST00000264834,True,True,False
269,ENSG00000155090,KLF10,KLF10,Q13118,KLF10,0.817,ENST00000285407,True,False,False
270,ENSG00000172059,KLF11,KLF11,O14901,KLF11,1.07,ENST00000305883,True,False,False
271,ENSG00000118922,KLF12,KLF12,Q9Y4X4,KLF12,0.398,ENST00000377669,True,False,False
272,ENSG00000169926,KLF13,KLF13,Q9Y2Y9,KLF13,1.786,ENST00000307145,True,True,False
273,ENSG00000266265,KLF14,KLF14,Q3SY56,SP6,1.728,ENST00000583337,True,True,False
274,ENSG00000266265,KLF14,KLF14,Q8TD94,KLF14,1.728,ENST00000583337,True,False,False
275,ENSG00000163884,KLF15,KLF15,Q9UIH9,KLF15,0.413,ENST00000296233,True,True,False
276,ENSG00000129911,KLF16,KLF16,Q9BXK1,KLF16,1.928,ENST00000250916,True,True,True
277,ENSG00000171872,KLF17,KLF17,Q5JT82,KLF17,1.222,ENST00000372299,False,False,False
278,ENSG00000127528,KLF2,KLF2,Q9Y5W3,KLF2,1.119,ENST00000248071,True,True,False
279,ENSG00000109787,KLF3,KLF3,P57682,KLF3,0.469,ENST00000261438,True,False,False
280,ENSG00000136826,KLF4,KLF4,O43474,KLF4,0.698,ENST00000374672,True,True,False
281,ENSG00000102554,KLF5,KLF5,Q13887,KLF5,0.519,ENST00000377687,True,True,False
282,ENSG00000067082,KLF6,KLF6,Q99612,KLF6,0.108,ENST00000497571,True,True,False
283,ENSG00000118263,KLF7,KLF7,O75840,KLF7,0.219,ENST00000309446,True,True,True
284,ENSG00000102349,KLF8,KLF8,O95600,KLF8,,,True,True,False
285,ENSG00000119138,KLF9,KLF9,Q13886,KLF9,0.347,ENST00000377126,True,True,False
286,ENSG00000185513,L3MBTL1,L3MBTL1,Q9Y468,L3MBTL1,0.84,ENST00000418998,False,False,False
287,ENSG00000198945,L3MBTL3,L3MBTL3,Q96JM7,L3MBTL3,0.326,ENST00000361794,True,False,False
288,ENSG00000154655,L3MBTL4,L3MBTL4,Q8NA19,L3MBTL4,0.793,ENST00000317931,False,True,False
289,ENSG00000103495,MAZ,MAZ,P56270,MAZ,0.35,ENST00000322945,False,False,False
290,ENSG00000085276,MECOM,MECOM,Q03112,MECOM,0.161,ENST00000651503,True,False,False
291,ENSG00000188786,MTF1,MTF1,Q01538,MYT1,0.417,ENST00000373036,True,False,True
292,ENSG00000188786,MTF1,MTF1,Q14872,MTF1,0.417,ENST00000373036,True,True,True
293,ENSG00000085274,MYNN,MYNN,Q9NPC7,MYNN,0.553,ENST00000349841,True,False,False
294,ENSG00000196132,MYT1,MYT1,Q99640,PKMYT1,0.257,ENST00000328439,False,False,False
295,ENSG00000186487,MYT1L,MYT1L,Q9UL68,MYT1L,0.085,ENST00000647738,True,True,True
296,ENSG00000099326,MZF1,MZF1,P28698,MZF1,1.18,ENST00000215057,True,True,False
297,ENSG00000143867,OSR1,OSR1,O95747,OXSR1,0.466,ENST00000272223,False,False,False
298,ENSG00000143867,OSR1,OSR1,Q8TAX0,OSR1,0.466,ENST00000272223,True,False,False
299,ENSG00000164920,OSR2,OSR2,Q8N2R0,OSR2,0.658,ENST00000297565,True,False,False
300,ENSG00000172818,OVOL1,OVOL1,O14753,OVOL1,0.871,ENST00000335987,False,False,False
301,ENSG00000125850,OVOL2,OVOL2,Q9BRP0,OVOL2,1.218,ENST00000278780,True,True,False
302,ENSG00000105261,OVOL3,OVOL3,O00110,OVOL3,1.633,ENST00000633214,False,False,False
303,ENSG00000198300,PEG3,PEG3,Q9GZU2,PEG3,0.868,ENST00000326441,True,False,False
304,ENSG00000181690,PLAG1,PLAG1,Q6DJT9,PLAG1,0.373,ENST00000316981,True,True,False
305,ENSG00000118495,PLAGL1,PLAGL1,Q9UM63,PLAGL1,1.017,ENST00000674357,True,True,False
306,ENSG00000126003,PLAGL2,PLAGL2,Q9UPG8,PLAGL2,0.469,ENST00000246229,True,True,False
307,ENSG00000057657,PRDM1,PRDM1,O75626,PRDM1,0.314,ENST00000369096,True,False,False
308,ENSG00000170325,PRDM10,PRDM10,Q9NQV6,PRDM10,0.588,ENST00000360871,True,True,False
309,ENSG00000130711,PRDM12,PRDM12,Q9H4Q4,PRDM12,1.153,ENST00000253008,True,False,False
310,ENSG00000112238,PRDM13,PRDM13,Q9H4Q3,PRDM13,0.694,ENST00000369215,True,False,False
311,ENSG00000147596,PRDM14,PRDM14,Q9GZV8,PRDM14,0.536,ENST00000276594,True,False,False
312,ENSG00000141956,PRDM15,PRDM15,P57071,PRDM15,0.608,ENST00000398548,True,False,False
313,ENSG00000142611,PRDM16,PRDM16,Q9HAZ2,PRDM16,0.304,ENST00000270722,True,False,False
314,ENSG00000116731,PRDM2,PRDM2,Q13029,PRDM2,0.297,ENST00000311066,True,False,False
315,ENSG00000110851,PRDM4,PRDM4,Q9UKN5,PRDM4,0.734,ENST00000228437,True,False,False
316,ENSG00000138738,PRDM5,PRDM5,Q9NQX1,PRDM5,0.899,ENST00000264808,True,False,False
317,ENSG00000061455,PRDM6,PRDM6,Q9NQX0,PRDM6,0.649,ENST00000407847,True,False,False
318,ENSG00000152784,PRDM8,PRDM8,Q9NQV8,PRDM8,0.498,ENST00000415738,False,False,False
319,ENSG00000164256,PRDM9,PRDM9,Q9NQV7,PRDM9,1.039,ENST00000296682,False,False,False
320,ENSG00000185238,PRMT3,PRMT3,O60678,PRMT3,1.167,ENST00000331079,True,True,False
321,ENSG00000146587,RBAK,RBAK,Q9NYW8,RBAK,0.749,ENST00000396912,False,False,False
322,ENSG00000131381,RBSN,RBSN,Q9H1K0,RBSN,0.74,ENST00000253699,True,True,False
323,ENSG00000214022,REPIN1,REPIN1,Q9BWE0,REPIN1,1.365,ENST00000489432,False,False,False
324,ENSG00000084093,REST,REST,Q13127,REST,0.16,ENST00000309042,True,False,False
325,ENSG00000117000,RLF,RLF,P51460,INSL3,0.087,ENST00000372771,False,False,False
326,ENSG00000117000,RLF,RLF,Q13129,RLF,0.087,ENST00000372771,True,False,False
327,ENSG00000124782,RREB1,RREB1,Q92766,RREB1,0.366,ENST00000379938,True,False,False
328,ENSG00000103449,SALL1,SALL1,Q9NSC2,SALL1,0.228,ENST00000251020,True,False,False
329,ENSG00000165821,SALL2,SALL2,Q9Y467,SALL2,0.723,ENST00000537235,True,False,False
330,ENSG00000256463,SALL3,SALL3,Q9BXA9,SALL3,0.754,ENST00000537592,True,False,False
331,ENSG00000101115,SALL4,SALL4,Q9UJQ4,SALL4,0.184,ENST00000217086,True,False,False
332,ENSG00000261678,SCRT1,SCRT1,Q9BWW7,SCRT1,1.801,ENST00000569446,False,False,False
333,ENSG00000215397,SCRT2,SCRT2,Q9NQ03,SCRT2,1.945,ENST00000246104,False,False,False
334,ENSG00000125520,SLC2A4RG,SLC2A4RG,Q9NR83,SLC2A4RG,0.979,ENST00000266077,True,False,False
335,ENSG00000124216,SNAI1,SNAI1,O95863,SNAI1,0.896,ENST00000244050,True,False,False
336,ENSG00000019549,SNAI2,SNAI2,O43623,SNAI2,0.283,ENST00000020945,True,False,False
337,ENSG00000185669,SNAI3,SNAI3,Q3KNW1,SNAI3,1.751,ENST00000332281,True,False,False
338,ENSG00000185591,SP1,SP1,P08047,SP1,0.169,ENST00000327443,False,True,False
339,ENSG00000185591,SP1,SP1,Q8N907,DAND5,0.169,ENST00000327443,False,False,False
340,ENSG00000167182,SP2,SP2,Q02086,SP2,0.314,ENST00000376741,False,False,False
341,ENSG00000172845,SP3,SP3,Q02447,SP3,0.225,ENST00000310015,True,True,False
342,ENSG00000105866,SP4,SP4,Q02446,SP4,0.339,ENST00000222584,False,False,False
343,ENSG00000204335,SP5,SP5,Q6BEB4,SP5,1.115,ENST00000375281,True,True,False
344,ENSG00000189120,SP6,,,,0.873,ENST00000536300,False,True,False
345,ENSG00000170374,SP7,SP7,Q8TDD2,SP7,0.808,ENST00000536324,False,True,False
346,ENSG00000164651,SP8,SP8,Q8IXZ3,SP8,1.133,ENST00000418710,False,False,False
347,ENSG00000217236,SP9,SP9,P0CG40,SP9,0.731,ENST00000394967,False,True,False
348,ENSG00000147488,ST18,ST18,O60284,ST18,0.555,ENST00000689386,True,False,False
349,ENSG00000135148,TRAFD1,TRAFD1,O14545,TRAFD1,0.749,ENST00000412615,False,True,False
350,ENSG00000179981,TSHZ1,TSHZ1,Q6ZSZ6,TSHZ1,0.289,ENST00000580243,True,False,True
351,ENSG00000182463,TSHZ2,TSHZ2,Q9NRE2,TSHZ2,0.406,ENST00000371497,True,False,False
352,ENSG00000121297,TSHZ3,TSHZ3,Q63HK5,TSHZ3,0.263,ENST00000240587,True,False,True
353,ENSG00000136451,VEZF1,VEZF1,Q14119,VEZF1,0.173,ENST00000581208,True,False,True
354,ENSG00000011451,WIZ,WIZ,O95785,WIZ,0.29,ENST00000673675,True,False,False
355,ENSG00000184937,WT1,WT1,P19544,WT1,0.253,ENST00000452863,False,True,False
356,ENSG00000100811,YY1,YY1,P25490,YY1,0.2,ENST00000262238,True,True,True
357,ENSG00000230797,YY2,YY2,O15391,YY2,,,True,True,False
358,ENSG00000126804,ZBTB1,ZBTB1,Q9Y2K1,ZBTB1,0.381,ENST00000683701,True,False,False
359,ENSG00000205189,ZBTB10,ZBTB10,Q96DT7,ZBTB10,0.626,ENST00000455036,True,False,False
360,ENSG00000066422,ZBTB11,ZBTB11,O95625,ZBTB11,0.746,ENST00000312938,True,False,False
361,ENSG00000204366,ZBTB12,ZBTB12,Q9Y330,ZBTB12,0.735,ENST00000375527,True,False,False
362,ENSG00000198081,ZBTB14,ZBTB14,O43829,ZBTB14,0.932,ENST00000651870,True,False,False
363,ENSG00000109906,ZBTB16,ZBTB16,Q05516,ZBTB16,0.245,ENST00000335953,True,False,True
364,ENSG00000116809,ZBTB17,ZBTB17,Q13105,ZBTB17,0.441,ENST00000375743,True,True,False
365,ENSG00000179456,ZBTB18,ZBTB18,Q99592,ZBTB18,0.128,ENST00000358704,True,False,False
366,ENSG00000181472,ZBTB2,ZBTB2,Q8N680,ZBTB2,0.179,ENST00000325144,False,False,False
367,ENSG00000181722,ZBTB20,ZBTB20,Q9HC78,ZBTB20,0.3,ENST00000675478,True,False,True
368,ENSG00000173276,ZBTB21,ZBTB21,Q9ULJ3,ZBTB21,0.476,ENST00000310826,True,False,True
369,ENSG00000236104,ZBTB22,ZBTB22,O15209,ZBTB22,1.577,ENST00000431845,True,False,False
370,ENSG00000089775,ZBTB25,ZBTB25,P24278,ZBTB25,0.812,ENST00000608382,True,False,False
371,ENSG00000171448,ZBTB26,ZBTB26,Q9HCK0,ZBTB26,0.586,ENST00000373656,True,False,False
372,ENSG00000185670,ZBTB3,ZBTB3,Q9H5J0,ZBTB3,0.722,ENST00000394807,True,False,False
373,ENSG00000011590,ZBTB32,ZBTB32,Q9Y2Y4,ZBTB32,0.832,ENST00000392197,False,False,False
374,ENSG00000177485,ZBTB33,ZBTB33,Q86T24,ZBTB33,,,True,False,False
375,ENSG00000177125,ZBTB34,ZBTB34,Q8NCN2,ZBTB34,0.137,ENST00000319119,True,False,False
376,ENSG00000185278,ZBTB37,ZBTB37,Q5TC79,ZBTB37,0.583,ENST00000427304,True,False,False
377,ENSG00000177311,ZBTB38,ZBTB38,Q8NAP3,ZBTB38,0.389,ENST00000321464,True,False,False
378,ENSG00000166860,ZBTB39,ZBTB39,O15060,ZBTB39,0.845,ENST00000300101,True,False,False
379,ENSG00000174282,ZBTB4,ZBTB4,Q9P1Z0,ZBTB4,0.385,ENST00000380599,True,False,False
380,ENSG00000184677,ZBTB40,ZBTB40,Q9NUA8,ZBTB40,0.603,ENST00000375647,True,False,False
381,ENSG00000177888,ZBTB41,ZBTB41,Q5SVQ8,ZBTB41,0.577,ENST00000367405,True,False,False
382,ENSG00000179627,ZBTB42,ZBTB42,B2RXF5,ZBTB42,1.631,ENST00000342537,True,False,False
383,ENSG00000169155,ZBTB43,ZBTB43,O43298,ZBTB43,0.799,ENST00000373464,True,False,False
384,ENSG00000196323,ZBTB44,ZBTB44,Q8NCP5,ZBTB44,0.449,ENST00000357899,False,True,False
385,ENSG00000119574,ZBTB45,ZBTB45,Q96K62,ZBTB45,0.939,ENST00000594051,False,False,False
386,ENSG00000130584,ZBTB46,ZBTB46,Q86UZ6,ZBTB46,0.379,ENST00000245663,True,False,False
387,ENSG00000114853,ZBTB47,ZBTB47,Q9UFB7,ZBTB47,0.676,ENST00000232974,True,False,False
388,ENSG00000204859,ZBTB48,ZBTB48,P10074,ZBTB48,0.739,ENST00000377674,True,True,False
389,ENSG00000168826,ZBTB49,ZBTB49,Q6ZSB9,ZBTB49,0.827,ENST00000337872,True,False,False
390,ENSG00000168795,ZBTB5,ZBTB5,O15062,ZBTB5,0.661,ENST00000307750,True,False,False
391,ENSG00000186130,ZBTB6,ZBTB6,Q15916,ZBTB6,0.567,ENST00000373659,True,False,False
392,ENSG00000178951,ZBTB7A,ZBTB7A,O95365,ZBTB7A,0.878,ENST00000322357,True,False,True
393,ENSG00000160685,ZBTB7B,ZBTB7B,O15156,ZBTB7B,0.49,ENST00000535420,False,False,False
394,ENSG00000184828,ZBTB7C,ZBTB7C,A1YPR0,ZBTB7C,0.629,ENST00000590800,True,False,False
395,ENSG00000160062,ZBTB8A,ZBTB8A,Q96BR9,ZBTB8A,0.719,ENST00000373510,True,False,False
396,ENSG00000273274,ZBTB8B,ZBTB8B,Q8NAP8,ZBTB8B,0.841,ENST00000609129,True,False,False
397,ENSG00000213588,ZBTB9,ZBTB9,Q96C00,ZBTB9,0.928,ENST00000395064,True,False,False
398,ENSG00000066827,ZFAT,ZFAT,Q9P243,ZFAT,0.679,ENST00000377838,True,False,False
399,ENSG00000184517,ZFP1,ZFP1,Q6P2D0,ZFP1,1.061,ENST00000570010,True,False,False
400,ENSG00000142065,ZFP14,ZFP14,Q9HCL3,ZFP14,0.524,ENST00000270001,True,False,False
401,ENSG00000198939,ZFP2,ZFP2,Q6ZN57,ZFP2,1.188,ENST00000361362,False,False,False
402,ENSG00000196867,ZFP28,ZFP28,Q8NHY6,ZFP28,1.056,ENST00000301318,True,False,False
403,ENSG00000180787,ZFP3,ZFP3,Q96NJ6,ZFP3,0.678,ENST00000318833,False,False,False
404,ENSG00000120784,ZFP30,ZFP30,Q9Y2G7,ZFP30,1.311,ENST00000684514,False,False,False
405,ENSG00000136866,ZFP37,ZFP37,Q9Y6Q3,ZFP37,0.926,ENST00000374227,False,False,False
406,ENSG00000181638,ZFP41,ZFP41,Q8N8Y5,ZFP41,1.415,ENST00000330701,False,False,False
407,ENSG00000179059,ZFP42,ZFP42,Q96MM3,ZFP42,1.94,ENST00000326866,True,False,False
408,ENSG00000204644,ZFP57,ZFP57,Q9NU63,ZFP57,1.134,ENST00000376883,True,False,False
409,ENSG00000196670,ZFP62,ZFP62,Q8NB50,ZFP62,1.054,ENST00000502412,False,False,False
410,ENSG00000020256,ZFP64,ZFP64,Q9NTW7,ZFP64,0.436,ENST00000216923,False,False,False
411,ENSG00000187815,ZFP69,ZFP69,Q49AA0,ZFP69,0.884,ENST00000372706,False,False,False
412,ENSG00000187801,ZFP69B,ZFP69B,Q9UJL9,ZFP69B,1.365,ENST00000361584,False,False,False
413,ENSG00000181007,ZFP82,ZFP82,Q8N141,ZFP82,0.719,ENST00000392161,True,False,False
414,ENSG00000184939,ZFP90,ZFP90,Q8TF47,ZFP90,0.789,ENST00000563169,True,False,False
415,ENSG00000186660,ZFP91,ZFP91,Q96JP5,ZFP91,0.237,ENST00000316059,True,False,False
416,ENSG00000189420,ZFP92,ZFP92,A6NM28,ZFP92,,,False,False,False
417,ENSG00000179588,ZFPM1,ZFPM1,Q8IX07,ZFPM1,1.114,ENST00000319555,True,False,False
418,ENSG00000169946,ZFPM2,ZFPM2,Q8WW38,ZFPM2,0.274,ENST00000407775,True,True,False
419,ENSG00000005889,ZFX,ZFX,P17010,ZFX,,,True,True,False
420,ENSG00000067646,ZFY,ZFY,P08048,ZFY,,,True,True,False
421,ENSG00000152977,ZIC1,ZIC1,Q15915,ZIC1,0.306,ENST00000282928,True,False,False
422,ENSG00000043355,ZIC2,ZIC2,O95409,ZIC2,0.52,ENST00000376335,True,True,False
423,ENSG00000156925,ZIC3,ZIC3,O60481,ZIC3,,,True,False,False
424,ENSG00000174963,ZIC4,ZIC4,Q8N9L1,ZIC4,0.827,ENST00000383075,True,False,False
425,ENSG00000139800,ZIC5,ZIC5,Q96T25,ZIC5,1.348,ENST00000267294,True,False,False
426,ENSG00000171649,ZIK1,ZIK1,Q3SY52,ZIK1,1.874,ENST00000597850,True,False,False
427,ENSG00000269699,ZIM2,ZIM2,Q9NZV7,ZIM2,0.518,ENST00000629319,True,False,False
428,ENSG00000141946,ZIM3,ZIM3,Q96PE6,ZIM3,1.354,ENST00000269834,True,False,False
429,ENSG00000106261,ZKSCAN1,ZKSCAN1,P17029,ZKSCAN1,0.413,ENST00000324306,False,False,False
430,ENSG00000155592,ZKSCAN2,ZKSCAN2,Q63HK3,ZKSCAN2,0.516,ENST00000328086,False,False,False
431,ENSG00000189298,ZKSCAN3,ZKSCAN3,Q9BRR0,ZKSCAN3,0.927,ENST00000252211,False,False,False
432,ENSG00000187626,ZKSCAN4,ZKSCAN4,Q969J2,ZKSCAN4,1.038,ENST00000377294,False,False,False
433,ENSG00000196652,ZKSCAN5,ZKSCAN5,Q9Y2L8,ZKSCAN5,0.598,ENST00000326775,False,False,False
434,ENSG00000196345,ZKSCAN7,ZKSCAN7,Q9P0L1,ZKSCAN7,0.804,ENST00000426540,False,False,False
435,ENSG00000198315,ZKSCAN8,ZKSCAN8,Q15776,ZKSCAN8,0.626,ENST00000330236,False,False,False
436,ENSG00000166432,ZMAT1,ZMAT1,Q5H9K5,ZMAT1,,,True,False,False
437,ENSG00000165061,ZMAT4,ZMAT4,Q9H898,ZMAT4,0.935,ENST00000297737,False,False,False
438,ENSG00000256223,ZNF10,ZNF10,P21506,ZNF10,1.204,ENST00000248211,True,False,False
439,ENSG00000197020,ZNF100,ZNF100,Q8IYN0,ZNF100,1.321,ENST00000358296,False,False,False
440,ENSG00000181896,ZNF101,ZNF101,Q8IZC7,ZNF101,1.02,ENST00000592502,False,False,False
441,ENSG00000196247,ZNF107,ZNF107,Q9UII5,ZNF107,1.932,ENST00000620827,False,False,False
442,ENSG00000062370,ZNF112,ZNF112,Q9UJU3,ZNF112,0.588,ENST00000354340,False,False,False
443,ENSG00000178150,ZNF114,ZNF114,Q8NC26,ZNF114,1.774,ENST00000595607,False,False,False
444,ENSG00000152926,ZNF117,ZNF117,Q03924,ZNF117,1.181,ENST00000620222,False,False,False
445,ENSG00000164631,ZNF12,ZNF12,P17014,ZNF12,0.653,ENST00000405858,False,False,False
446,ENSG00000197961,ZNF121,ZNF121,P58317,ZNF121,1.869,ENST00000320451,True,False,False
447,ENSG00000196418,ZNF124,ZNF124,Q15973,ZNF124,1.15,ENST00000543802,False,False,False
448,ENSG00000172262,ZNF131,ZNF131,P52739,ZNF131,0.19,ENST00000682664,True,False,False
449,ENSG00000131849,ZNF132,ZNF132,P52740,ZNF132,1.433,ENST00000254166,False,False,False
450,ENSG00000125846,ZNF133,ZNF133,P52736,ZNF133,0.613,ENST00000425686,True,False,False
451,ENSG00000213762,ZNF134,ZNF134,P52741,ZNF134,1.959,ENST00000396161,True,False,False
452,ENSG00000176293,ZNF135,ZNF135,P52742,ZNF135,1.524,ENST00000313434,False,False,False
453,ENSG00000196646,ZNF136,ZNF136,P52737,ZNF136,1.468,ENST00000343979,True,False,False
454,ENSG00000197008,ZNF138,ZNF138,P52744,ZNF138,1.313,ENST00000307355,False,False,False
455,ENSG00000105708,ZNF14,ZNF14,P17017,ZNF14,1.3,ENST00000344099,False,False,False
456,ENSG00000196387,ZNF140,ZNF140,P52738,ZNF140,1.617,ENST00000355557,True,False,False
457,ENSG00000131127,ZNF141,ZNF141,Q15928,ZNF141,1.123,ENST00000240499,True,False,False
458,ENSG00000115568,ZNF142,ZNF142,P52746,ZNF142,0.832,ENST00000411696,True,False,False
459,ENSG00000166478,ZNF143,ZNF143,P52747,ZNF143,0.805,ENST00000396602,False,True,False
460,ENSG00000167635,ZNF146,ZNF146,Q15072,ZNF146,0.705,ENST00000443387,True,False,False
461,ENSG00000163848,ZNF148,ZNF148,Q9UQR1,ZNF148,0.208,ENST00000360647,True,True,False
462,ENSG00000179909,ZNF154,ZNF154,Q13106,ZNF154,1.619,ENST00000684351,False,False,False
463,ENSG00000204920,ZNF155,ZNF155,Q12901,ZNF155,1.756,ENST00000270014,False,False,False
464,ENSG00000147117,ZNF157,ZNF157,P51786,ZNF157,,,False,False,False
465,ENSG00000170631,ZNF16,ZNF16,P17020,ZNF16,1.152,ENST00000394909,True,True,False
466,ENSG00000170949,ZNF160,ZNF160,Q9HCG1,ZNF160,1.1,ENST00000683776,False,False,False
467,ENSG00000197279,ZNF165,ZNF165,P49910,ZNF165,0.984,ENST00000683778,True,False,False
468,ENSG00000175787,ZNF169,ZNF169,Q14929,ZNF169,1.502,ENST00000395395,False,False,False
469,ENSG00000186272,ZNF17,ZNF17,P17021,ZNF17,1.21,ENST00000307658,False,False,False
470,ENSG00000103343,ZNF174,ZNF174,Q15697,ZNF174,0.959,ENST00000268655,True,False,False
471,ENSG00000105497,ZNF175,ZNF175,Q9Y473,ZNF175,0.965,ENST00000262259,True,False,False
472,ENSG00000188629,ZNF177,ZNF177,Q13360,ZNF177,1.333,ENST00000589262,False,False,False
473,ENSG00000154957,ZNF18,ZNF18,P17022,ZNF18,0.93,ENST00000580306,False,False,True
474,ENSG00000167384,ZNF180,ZNF180,Q9UJW8,ZNF180,1.846,ENST00000592529,False,False,False
475,ENSG00000197841,ZNF181,ZNF181,Q2M3W8,ZNF181,1.331,ENST00000492450,False,False,False
476,ENSG00000147118,ZNF182,ZNF182,P17025,ZNF182,,,False,False,False
477,ENSG00000096654,ZNF184,ZNF184,Q99676,ZNF184,0.421,ENST00000683788,True,False,False
478,ENSG00000136870,ZNF189,ZNF189,O75820,ZNF189,0.788,ENST00000339664,False,False,False
479,ENSG00000157429,ZNF19,ZNF19,P17023,ZNF19,1.396,ENST00000288177,False,False,False
480,ENSG00000005801,ZNF195,ZNF195,O14628,ZNF195,0.87,ENST00000399602,False,False,False
481,ENSG00000186448,ZNF197,ZNF197,O14709,ZNF197,0.82,ENST00000344387,True,False,False
482,ENSG00000275111,ZNF2,ZNF2,Q9BSG1,ZNF2,0.933,ENST00000614034,False,False,False
483,ENSG00000132010,ZNF20,ZNF20,P17024,ZNF20,1.347,ENST00000334213,False,False,False
484,ENSG00000010539,ZNF200,ZNF200,P98182,ZNF200,1.279,ENST00000414144,True,True,False
485,ENSG00000166261,ZNF202,ZNF202,O95125,ZNF202,0.616,ENST00000530393,False,False,False
486,ENSG00000122386,ZNF205,ZNF205,O95201,ZNF205,0.786,ENST00000219091,False,False,False
487,ENSG00000010244,ZNF207,ZNF207,O43670,ZNF207,0.597,ENST00000394670,False,False,False
488,ENSG00000160321,ZNF208,ZNF208,O43345,ZNF208,1.289,ENST00000397126,False,False,False
489,ENSG00000121417,ZNF211,ZNF211,Q13398,ZNF211,1.918,ENST00000240731,False,False,False
490,ENSG00000170260,ZNF212,ZNF212,Q9UDV6,ZNF212,0.906,ENST00000335870,False,False,False
491,ENSG00000085644,ZNF213,ZNF213,O14771,ZNF213,0.949,ENST00000396878,True,False,False
492,ENSG00000149050,ZNF214,ZNF214,Q9UL59,ZNF214,1.015,ENST00000278314,True,False,False
493,ENSG00000149054,ZNF215,ZNF215,Q9UL58,ZNF215,1.168,ENST00000278319,False,False,False
494,ENSG00000171940,ZNF217,ZNF217,O75362,ZNF217,0.237,ENST00000371471,True,False,False
495,ENSG00000165804,ZNF219,ZNF219,Q9P2Y4,ZNF219,0.765,ENST00000360947,True,False,False
496,ENSG00000165512,ZNF22,ZNF22,P17026,ZNF22,1.216,ENST00000298299,False,False,False
497,ENSG00000159905,ZNF221,ZNF221,Q9UK13,ZNF221,1.272,ENST00000587682,True,False,False
498,ENSG00000159885,ZNF222,ZNF222,Q9UK12,ZNF222,1.208,ENST00000391960,False,False,False
499,ENSG00000178386,ZNF223,ZNF223,Q9UK11,ZNF223,1.254,ENST00000434772,False,False,False
500,ENSG00000267680,ZNF224,ZNF224,Q9NZL3,ZNF224,1.397,ENST00000693561,True,False,False
501,ENSG00000256294,ZNF225,ZNF225,Q9UK10,ZNF225,0.983,ENST00000262894,False,False,False
502,ENSG00000167380,ZNF226,ZNF226,Q9NYT6,ZNF226,1.134,ENST00000337433,False,False,False
503,ENSG00000131115,ZNF227,ZNF227,Q86WZ6,ZNF227,1.158,ENST00000313040,False,False,False
504,ENSG00000278318,ZNF229,ZNF229,Q9UJW7,ZNF229,1.319,ENST00000614049,False,False,False
505,ENSG00000167377,ZNF23,ZNF23,P17027,ZNF23,0.991,ENST00000647773,False,False,False
506,ENSG00000159882,ZNF230,ZNF230,Q8WVD5,RNF141,1.729,ENST00000429154,False,False,False
507,ENSG00000159882,ZNF230,ZNF230,Q9UIE0,ZNF230,1.729,ENST00000429154,False,False,False
508,ENSG00000167840,ZNF232,ZNF232,Q9UNY5,ZNF232,1.342,ENST00000575898,True,False,False
509,ENSG00000159915,ZNF233,ZNF233,A6NK53,ZNF233,1.202,ENST00000683810,False,False,False
510,ENSG00000263002,ZNF234,ZNF234,Q14588,ZNF234,1.267,ENST00000426739,False,False,False
511,ENSG00000159917,ZNF235,ZNF235,Q14590,ZNF235,1.053,ENST00000291182,False,False,False
512,ENSG00000130856,ZNF236,ZNF236,Q9UL36,ZNF236,0.327,ENST00000320610,True,False,False
513,ENSG00000196793,ZNF239,ZNF239,Q16600,ZNF239,0.806,ENST00000374446,True,False,False
514,ENSG00000172466,ZNF24,ZNF24,P17028,ZNF24,0.44,ENST00000261332,True,False,False
515,ENSG00000198105,ZNF248,ZNF248,Q8NDW4,ZNF248,0.631,ENST00000395867,False,False,False
516,ENSG00000175395,ZNF25,ZNF25,P17030,ZNF25,0.863,ENST00000302609,False,False,False
517,ENSG00000196150,ZNF250,ZNF250,P15622,ZNF250,0.531,ENST00000417550,True,False,False
518,ENSG00000198169,ZNF251,ZNF251,Q9BRH9,ZNF251,1.798,ENST00000292562,False,False,False
519,ENSG00000256771,ZNF253,ZNF253,O75346,ZNF253,1.073,ENST00000589717,True,False,False
520,ENSG00000213096,ZNF254,ZNF254,O75437,ZNF254,1.379,ENST00000357002,True,False,False
521,ENSG00000152454,ZNF256,ZNF256,Q9Y2P7,ZNF256,1.329,ENST00000282308,False,False,False
522,ENSG00000197134,ZNF257,ZNF257,Q9Y2Q1,ZNF257,1.634,ENST00000594947,False,False,False
523,ENSG00000198393,ZNF26,ZNF26,P17031,ZNF26,0.78,ENST00000328654,False,False,False
524,ENSG00000254004,ZNF260,ZNF260,Q3ZCT1,ZNF260,0.966,ENST00000523638,True,False,False
525,ENSG00000006194,ZNF263,ZNF263,O14978,ZNF263,0.986,ENST00000219069,False,False,False
526,ENSG00000083844,ZNF264,ZNF264,O43296,ZNF264,1.773,ENST00000263095,True,False,False
527,ENSG00000174652,ZNF266,ZNF266,Q14584,ZNF266,1.465,ENST00000592904,False,False,False
528,ENSG00000185947,ZNF267,ZNF267,Q14586,ZNF267,1.006,ENST00000300870,True,False,False
529,ENSG00000090612,ZNF268,ZNF268,Q14587,ZNF268,1.411,ENST00000536435,True,False,False
530,ENSG00000198039,ZNF273,ZNF273,Q14593,ZNF273,1.29,ENST00000476120,True,False,False
531,ENSG00000171606,ZNF274,ZNF274,Q96GC6,ZNF274,0.9,ENST00000617501,True,False,False
532,ENSG00000063587,ZNF275,ZNF275,Q9NSD4,ZNF275,,,True,False,False
533,ENSG00000158805,ZNF276,ZNF276,Q8N554,ZNF276,1.157,ENST00000443381,True,False,False
534,ENSG00000198538,ZNF28,ZNF28,P17035,ZNF28,1.712,ENST00000457749,False,False,False
535,ENSG00000169548,ZNF280A,ZNF280A,P59817,ZNF280A,0.98,ENST00000302097,True,False,False
536,ENSG00000275004,ZNF280B,ZNF280B,Q86YH2,ZNF280B,0.613,ENST00000626650,False,False,False
537,ENSG00000056277,ZNF280C,ZNF280C,Q8ND82,ZNF280C,,,True,False,False
538,ENSG00000137871,ZNF280D,ZNF280D,Q6N043,ZNF280D,0.499,ENST00000267807,True,True,False
539,ENSG00000162702,ZNF281,ZNF281,Q9Y2X9,ZNF281,0.103,ENST00000367353,True,False,False
540,ENSG00000170265,ZNF282,ZNF282,Q9UDV7,ZNF282,0.64,ENST00000610704,False,False,False
541,ENSG00000167637,ZNF283,ZNF283,Q8N7M2,ZNF283,1.487,ENST00000618787,False,False,False
542,ENSG00000186026,ZNF284,ZNF284,Q2VY69,ZNF284,1.4,ENST00000421176,False,False,False
543,ENSG00000267508,ZNF285,ZNF285,Q96NJ3,ZNF285,1.389,ENST00000614994,False,False,False
544,ENSG00000187607,ZNF286A,ZNF286A,Q9HBT8,ZNF286A,0.95,ENST00000583566,False,False,False
545,ENSG00000249459,ZNF286B,ZNF286B,P0CG31,ZNF286B,,,False,False,False
546,ENSG00000141040,ZNF287,ZNF287,Q9HBT7,ZNF287,0.527,ENST00000395825,False,False,False
547,ENSG00000188994,ZNF292,ZNF292,O60281,ZNF292,0.161,ENST00000369577,True,False,True
548,ENSG00000170684,ZNF296,ZNF296,Q8WUU4,ZNF296,0.673,ENST00000303809,True,False,False
549,ENSG00000166526,ZNF3,ZNF3,P17036,ZNF3,0.656,ENST00000299667,False,False,False
550,ENSG00000168661,ZNF30,ZNF30,P17039,ZNF30,1.519,ENST00000601142,False,False,False
551,ENSG00000145908,ZNF300,ZNF300,Q96RE9,ZNF300,0.937,ENST00000274599,True,False,False
552,ENSG00000089335,ZNF302,ZNF302,Q9NR11,ZNF302,1.763,ENST00000505242,False,False,False
553,ENSG00000131845,ZNF304,ZNF304,Q9HCX3,ZNF304,1.523,ENST00000282286,False,False,False
554,ENSG00000197935,ZNF311,ZNF311,Q5JNZ3,ZNF311,0.955,ENST00000377179,False,False,False
555,ENSG00000205903,ZNF316,ZNF316,A6NFI3,ZNF316,1.175,ENST00000382252,False,False,False
556,ENSG00000130803,ZNF317,ZNF317,Q96PQ6,ZNF317,0.983,ENST00000247956,False,False,False
557,ENSG00000171467,ZNF318,ZNF318,Q5VUA4,ZNF318,0.545,ENST00000361428,True,False,False
558,ENSG00000166188,ZNF319,ZNF319,Q9P2F9,ZNF319,0.603,ENST00000299237,True,False,False
559,ENSG00000169740,ZNF32,ZNF32,P17041,ZNF32,0.804,ENST00000374433,False,False,False
560,ENSG00000182986,ZNF320,ZNF320,A2RRD8,ZNF320,1.311,ENST00000682928,True,False,False
561,ENSG00000181315,ZNF322,ZNF322,Q6U7Q0,ZNF322,0.425,ENST00000415922,True,False,False
562,ENSG00000083812,ZNF324,ZNF324,O75467,ZNF324,0.849,ENST00000196482,True,False,False
563,ENSG00000249471,ZNF324B,ZNF324B,Q6AW86,ZNF324B,1.189,ENST00000336614,False,False,False
564,ENSG00000162664,ZNF326,ZNF326,Q5BKZ1,ZNF326,0.651,ENST00000340281,False,True,False
565,ENSG00000181894,ZNF329,ZNF329,Q86UD4,ZNF329,0.872,ENST00000598312,True,False,False
566,ENSG00000130844,ZNF331,ZNF331,Q9NQX6,ZNF331,1.073,ENST00000449416,True,False,False
567,ENSG00000160961,ZNF333,ZNF333,Q96JL9,ZNF333,0.961,ENST00000292530,False,False,False
568,ENSG00000198185,ZNF334,ZNF334,Q9HCZ1,ZNF334,1.558,ENST00000692313,False,False,False
569,ENSG00000198026,ZNF335,ZNF335,Q9H4Z2,ZNF335,0.718,ENST00000322927,True,False,False
570,ENSG00000130684,ZNF337,ZNF337,Q9Y3M9,ZNF337,1.085,ENST00000252979,False,False,False
571,ENSG00000189180,ZNF33A,ZNF33A,Q06730,ZNF33A,0.878,ENST00000432900,False,False,False
572,ENSG00000196693,ZNF33B,ZNF33B,Q06732,ZNF33B,0.854,ENST00000359467,False,False,False
573,ENSG00000196378,ZNF34,ZNF34,Q8IZ26,ZNF34,1.135,ENST00000429371,True,False,False
574,ENSG00000131061,ZNF341,ZNF341,Q9BYN7,ZNF341,0.756,ENST00000375200,False,False,False
575,ENSG00000088876,ZNF343,ZNF343,Q6P1L6,ZNF343,1.202,ENST00000278772,False,False,False
576,ENSG00000251247,ZNF345,ZNF345,Q14585,ZNF345,1.97,ENST00000420450,False,False,False
577,ENSG00000113761,ZNF346,ZNF346,Q9UL40,ZNF346,1.209,ENST00000358149,True,False,False
578,ENSG00000197937,ZNF347,ZNF347,Q96SE7,ZNF347,1.868,ENST00000334197,False,False,False
579,ENSG00000169981,ZNF35,ZNF35,P13682,ZNF35,0.875,ENST00000396056,True,False,False
580,ENSG00000256683,ZNF350,ZNF350,Q9GZX5,ZNF350,0.738,ENST00000243644,True,False,False
581,ENSG00000169131,ZNF354A,ZNF354A,O60765,ZNF354A,0.671,ENST00000335815,True,False,False
582,ENSG00000178338,ZNF354B,ZNF354B,Q96LW1,ZNF354B,1.18,ENST00000322434,False,False,False
583,ENSG00000177932,ZNF354C,ZNF354C,Q86Y25,ZNF354C,0.922,ENST00000315475,True,False,False
584,ENSG00000198816,ZNF358,ZNF358,Q9NW07,ZNF358,1.694,ENST00000597229,False,False,False
585,ENSG00000160094,ZNF362,ZNF362,Q5T0B9,ZNF362,0.445,ENST00000539719,True,False,False
586,ENSG00000138311,ZNF365,ZNF365,Q70YC4,ZNF365,0.853,ENST00000395254,False,False,False
587,ENSG00000138311,ZNF365,ZNF365,Q70YC5,ZNF365,0.853,ENST00000395254,True,False,False
588,ENSG00000178175,ZNF366,ZNF366,Q8N895,ZNF366,0.601,ENST00000318442,True,False,False
589,ENSG00000165244,ZNF367,ZNF367,Q7RTV3,ZNF367,0.564,ENST00000375256,True,False,False
590,ENSG00000075407,ZNF37A,ZNF37A,P17032,ZNF37A,1.253,ENST00000685332,True,False,False
591,ENSG00000161298,ZNF382,ZNF382,Q96SR6,ZNF382,0.727,ENST00000292928,True,False,False
592,ENSG00000188283,ZNF383,ZNF383,Q8NA42,ZNF383,0.89,ENST00000684119,True,False,False
593,ENSG00000126746,ZNF384,ZNF384,Q8TF68,ZNF384,0.312,ENST00000683879,False,False,False
594,ENSG00000161642,ZNF385A,ZNF385A,Q96PM9,ZNF385A,0.737,ENST00000394313,False,False,False
595,ENSG00000144331,ZNF385B,ZNF385B,Q569K4,ZNF385B,0.751,ENST00000410066,False,False,True
596,ENSG00000187595,ZNF385C,ZNF385C,Q66K41,ZNF385C,1.009,ENST00000692273,False,False,False
597,ENSG00000151789,ZNF385D,ZNF385D,Q9H6B1,ZNF385D,0.611,ENST00000281523,True,False,False
598,ENSG00000124613,ZNF391,ZNF391,Q9UJN7,ZNF391,1.685,ENST00000244576,False,False,False
599,ENSG00000160908,ZNF394,ZNF394,Q53GI3,ZNF394,1.241,ENST00000337673,True,False,False
600,ENSG00000186918,ZNF395,ZNF395,Q9H8N7,ZNF395,0.54,ENST00000344423,True,False,False
601,ENSG00000186496,ZNF396,ZNF396,Q96N95,ZNF396,0.997,ENST00000589332,True,False,False
602,ENSG00000186812,ZNF397,ZNF397,Q8NF99,ZNF397,0.97,ENST00000330501,True,False,False
603,ENSG00000197024,ZNF398,ZNF398,Q8TD17,ZNF398,0.776,ENST00000475153,False,False,False
604,ENSG00000176222,ZNF404,ZNF404,Q494X3,ZNF404,1.679,ENST00000587539,False,False,False
605,ENSG00000215421,ZNF407,ZNF407,Q9C0G0,ZNF407,0.226,ENST00000299687,True,False,False
606,ENSG00000175213,ZNF408,ZNF408,Q9H9D4,ZNF408,1.146,ENST00000311764,False,False,False
607,ENSG00000147124,ZNF41,ZNF41,P51814,ZNF41,,,False,False,False
608,ENSG00000119725,ZNF410,ZNF410,Q86VK4,ZNF410,0.472,ENST00000555044,False,False,False
609,ENSG00000133250,ZNF414,ZNF414,Q96IQ9,ZNF414,1.793,ENST00000393927,False,False,False
610,ENSG00000170954,ZNF415,ZNF415,Q09FC8,ZNF415,1.292,ENST00000243643,True,False,False
611,ENSG00000083817,ZNF416,ZNF416,Q9BWM5,ZNF416,1.025,ENST00000196489,False,False,False
612,ENSG00000173480,ZNF417,ZNF417,Q8TAU3,ZNF417,1.468,ENST00000312026,False,False,False
613,ENSG00000196724,ZNF418,ZNF418,Q8TF45,ZNF418,1.267,ENST00000396147,True,False,False
614,ENSG00000105136,ZNF419,ZNF419,Q96HQ0,ZNF419,0.926,ENST00000221735,True,False,False
615,ENSG00000197050,ZNF420,ZNF420,Q8TAQ5,ZNF420,0.893,ENST00000337995,False,False,False
616,ENSG00000102935,ZNF423,ZNF423,Q2M1K9,ZNF423,0.196,ENST00000563137,True,False,False
617,ENSG00000204947,ZNF425,ZNF425,Q6IV72,ZNF425,1.587,ENST00000378061,False,False,False
618,ENSG00000130818,ZNF426,ZNF426,Q9BUY5,ZNF426,1.224,ENST00000253115,True,True,False
619,ENSG00000131116,ZNF428,ZNF428,Q96B54,ZNF428,0.678,ENST00000300811,True,False,False
620,ENSG00000197013,ZNF429,ZNF429,Q86V71,ZNF429,1.148,ENST00000358491,False,False,False
621,ENSG00000198521,ZNF43,ZNF43,P17038,ZNF43,0.837,ENST00000354959,False,False,False
622,ENSG00000118620,ZNF430,ZNF430,Q9H8G1,ZNF430,0.823,ENST00000261560,False,False,False
623,ENSG00000196705,ZNF431,ZNF431,Q8TF32,ZNF431,0.833,ENST00000311048,False,False,False
624,ENSG00000256087,ZNF432,ZNF432,O94892,ZNF432,1.163,ENST00000221315,False,False,False
625,ENSG00000197647,ZNF433,ZNF433,Q8N7K0,ZNF433,1.678,ENST00000550507,False,False,False
626,ENSG00000125945,ZNF436,ZNF436,Q9C0F3,ZNF436,0.775,ENST00000314011,False,False,False
627,ENSG00000183621,ZNF438,ZNF438,Q7Z4V0,ZNF438,0.882,ENST00000413025,True,False,False
628,ENSG00000171291,ZNF439,ZNF439,Q8NDP4,ZNF439,1.061,ENST00000682736,False,False,False
629,ENSG00000197857,ZNF44,ZNF44,P15621,ZNF44,1.436,ENST00000355684,False,False,False
630,ENSG00000171295,ZNF440,ZNF440,Q8IYI8,ZNF440,1.164,ENST00000304060,False,False,False
631,ENSG00000197044,ZNF441,ZNF441,Q8N8Z8,ZNF441,0.476,ENST00000357901,False,False,False
632,ENSG00000198342,ZNF442,ZNF442,Q9H7R0,ZNF442,0.963,ENST00000242804,False,False,False
633,ENSG00000180855,ZNF443,ZNF443,Q9Y2A4,ZNF443,1.235,ENST00000301547,False,False,False
634,ENSG00000167685,ZNF444,ZNF444,Q8N0Y2,ZNF444,1.899,ENST00000337080,True,False,False
635,ENSG00000185219,ZNF445,ZNF445,P59923,ZNF445,0.3,ENST00000396077,False,False,False
636,ENSG00000083838,ZNF446,ZNF446,Q9NWS9,ZNF446,1.478,ENST00000594369,True,False,False
637,ENSG00000173275,ZNF449,ZNF449,Q6P9G9,ZNF449,,,True,False,False
638,ENSG00000124459,ZNF45,ZNF45,Q02386,ZNF45,0.633,ENST00000269973,True,False,False
639,ENSG00000112200,ZNF451,ZNF451,Q9Y4E5,ZNF451,0.905,ENST00000370706,False,False,False
640,ENSG00000178187,ZNF454,ZNF454,Q8N9F8,ZNF454,0.787,ENST00000519564,False,False,False
641,ENSG00000197714,ZNF460,ZNF460,Q14592,ZNF460,0.548,ENST00000360338,False,False,False
642,ENSG00000197808,ZNF461,ZNF461,Q8TAF7,ZNF461,1.156,ENST00000588268,True,False,False
643,ENSG00000148143,ZNF462,ZNF462,Q96JM2,ZNF462,0.082,ENST00000277225,True,False,True
644,ENSG00000181444,ZNF467,ZNF467,Q7Z7K2,ZNF467,1.789,ENST00000302017,True,False,False
645,ENSG00000204604,ZNF468,ZNF468,Q5VIY5,ZNF468,1.808,ENST00000595646,False,False,False
646,ENSG00000225614,ZNF469,ZNF469,Q96JG9,ZNF469,1.711,ENST00000565624,False,True,False
647,ENSG00000197016,ZNF470,ZNF470,Q6ECI4,ZNF470,1.369,ENST00000330619,False,False,False
648,ENSG00000196263,ZNF471,ZNF471,Q9BX82,ZNF471,1.134,ENST00000308031,False,False,False
649,ENSG00000142528,ZNF473,ZNF473,Q8WTR7,ZNF473,0.811,ENST00000270617,False,True,False
650,ENSG00000164185,ZNF474,ZNF474,Q6S9Z5,ZNF474,1.877,ENST00000296600,True,False,False
651,ENSG00000164185,ZNF474,ZNF474,Q9H2Y7,ZNF106,1.877,ENST00000296600,False,False,False
652,ENSG00000185177,ZNF479,ZNF479,Q96JC4,ZNF479,1.317,ENST00000319636,False,False,False
653,ENSG00000180035,ZNF48,ZNF48,Q96MX3,ZNF48,0.764,ENST00000613509,False,False,False
654,ENSG00000198464,ZNF480,ZNF480,Q8WV37,ZNF480,1.736,ENST00000595962,False,False,False
655,ENSG00000173258,ZNF483,ZNF483,Q8TF39,ZNF483,0.515,ENST00000309235,False,False,False
656,ENSG00000127081,ZNF484,ZNF484,Q5JVG2,ZNF484,1.488,ENST00000375495,False,False,False
657,ENSG00000198298,ZNF485,ZNF485,Q8NCK3,ZNF485,1.265,ENST00000361807,False,False,False
658,ENSG00000256229,ZNF486,ZNF486,Q96H40,ZNF486,1.736,ENST00000335117,False,False,False
659,ENSG00000243660,ZNF487,ZNF487,B1APH4,ZNF487,,,False,False,False
660,ENSG00000265763,ZNF488,ZNF488,Q96MN9,ZNF488,1.889,ENST00000585316,False,False,False
661,ENSG00000188033,ZNF490,ZNF490,Q9ULM2,ZNF490,0.924,ENST00000311437,False,False,False
662,ENSG00000177599,ZNF491,ZNF491,Q8N8L2,ZNF491,0.878,ENST00000323169,False,False,False
663,ENSG00000229676,ZNF492,ZNF492,Q9P255,ZNF492,1.255,ENST00000456783,False,False,False
664,ENSG00000196268,ZNF493,ZNF493,Q6ZR52,ZNF493,1.472,ENST00000392288,True,False,False
665,ENSG00000162714,ZNF496,ZNF496,Q96IT1,ZNF496,0.3,ENST00000682384,False,False,False
666,ENSG00000174586,ZNF497,ZNF497,Q6ZNH5,ZNF497,1.846,ENST00000311044,False,False,False
667,ENSG00000103199,ZNF500,ZNF500,O60304,ZNF500,1.328,ENST00000219478,False,False,False
668,ENSG00000186446,ZNF501,ZNF501,Q96CX3,ZNF501,1.395,ENST00000620116,False,False,False
669,ENSG00000196653,ZNF502,ZNF502,Q8TBZ5,ZNF502,0.849,ENST00000436624,True,False,False
670,ENSG00000165655,ZNF503,ZNF503,Q96F45,ZNF503,1.029,ENST00000372524,False,False,False
671,ENSG00000081665,ZNF506,ZNF506,Q5JVG8,ZNF506,1.222,ENST00000540806,True,False,False
672,ENSG00000168813,ZNF507,ZNF507,Q8TCN5,ZNF507,0.462,ENST00000355898,True,False,False
673,ENSG00000081386,ZNF510,ZNF510,Q9Y2H8,ZNF510,1.188,ENST00000223428,False,False,False
674,ENSG00000198546,ZNF511,ZNF511,Q8NB15,ZNF511,1.38,ENST00000361518,False,False,False
675,ENSG00000196700,ZNF512B,ZNF512B,Q96KM6,ZNF512B,0.413,ENST00000369888,True,False,False
676,ENSG00000163795,ZNF513,ZNF513,Q8N8E2,ZNF513,0.615,ENST00000323703,True,True,False
677,ENSG00000144026,ZNF514,ZNF514,Q96K75,ZNF514,1.832,ENST00000295208,False,False,False
678,ENSG00000101493,ZNF516,ZNF516,Q92618,ZNF516,0.41,ENST00000443185,True,True,False
679,ENSG00000197363,ZNF517,ZNF517,Q6ZMY9,ZNF517,1.473,ENST00000359971,False,False,True
680,ENSG00000177853,ZNF518A,ZNF518A,Q6AHZ1,ZNF518A,0.559,ENST00000316045,True,False,False
681,ENSG00000178163,ZNF518B,ZNF518B,Q9C0D4,ZNF518B,0.551,ENST00000326756,True,False,False
682,ENSG00000175322,ZNF519,ZNF519,Q8TB69,ZNF519,1.724,ENST00000590202,False,False,False
683,ENSG00000198795,ZNF521,ZNF521,Q96K83,ZNF521,0.206,ENST00000361524,True,False,False
684,ENSG00000203326,ZNF525,ZNF525,Q8N782,ZNF525,1.287,ENST00000474037,False,False,False
685,ENSG00000167625,ZNF526,ZNF526,Q8TF50,ZNF526,0.645,ENST00000301215,True,False,False
686,ENSG00000189164,ZNF527,ZNF527,Q8NB42,ZNF527,0.765,ENST00000436120,False,False,False
687,ENSG00000167555,ZNF528,ZNF528,Q3MIS6,ZNF528,1.093,ENST00000360465,True,False,False
688,ENSG00000186020,ZNF529,ZNF529,Q6P280,ZNF529,1.936,ENST00000591340,False,False,False
689,ENSG00000183647,ZNF530,ZNF530,Q6P9A1,ZNF530,1.916,ENST00000597700,False,False,False
690,ENSG00000074657,ZNF532,ZNF532,Q9HCE3,ZNF532,0.307,ENST00000591808,True,True,False
691,ENSG00000198633,ZNF534,ZNF534,Q76KX8,ZNF534,1.875,ENST00000433050,False,False,False
692,ENSG00000198597,ZNF536,ZNF536,O15090,ZNF536,0.245,ENST00000355537,True,False,False
693,ENSG00000171817,ZNF540,ZNF540,Q8NDQ6,ZNF540,0.754,ENST00000316433,True,False,False
694,ENSG00000178229,ZNF543,ZNF543,Q08ER8,ZNF543,1.313,ENST00000321545,True,False,False
695,ENSG00000198131,ZNF544,ZNF544,Q6NX49,ZNF544,1.179,ENST00000687789,False,False,False
696,ENSG00000187187,ZNF546,ZNF546,Q86UE3,ZNF546,0.923,ENST00000347077,False,False,False
697,ENSG00000152433,ZNF547,ZNF547,Q8IVP9,ZNF547,1.125,ENST00000282282,True,False,False
698,ENSG00000188785,ZNF548,ZNF548,Q8NEK5,ZNF548,1.653,ENST00000336128,False,False,True
699,ENSG00000121406,ZNF549,ZNF549,Q6P9A3,ZNF549,1.562,ENST00000376233,False,False,False
700,ENSG00000251369,ZNF550,ZNF550,Q7Z398,ZNF550,1.343,ENST00000457177,False,False,False
701,ENSG00000204519,ZNF551,ZNF551,Q7Z340,ZNF551,1.288,ENST00000282296,False,False,False
702,ENSG00000178935,ZNF552,ZNF552,Q9H707,ZNF552,0.993,ENST00000391701,True,False,False
703,ENSG00000172006,ZNF554,ZNF554,Q86TJ5,ZNF554,1.073,ENST00000317243,True,False,False
704,ENSG00000186300,ZNF555,ZNF555,Q8NEP9,ZNF555,1.295,ENST00000334241,False,False,False
705,ENSG00000172000,ZNF556,ZNF556,Q9HAH1,ZNF556,1.426,ENST00000307635,False,False,False
706,ENSG00000130544,ZNF557,ZNF557,Q8N988,ZNF557,1.241,ENST00000252840,True,False,False
707,ENSG00000167785,ZNF558,ZNF558,Q96NG5,ZNF558,0.816,ENST00000601372,False,False,False
708,ENSG00000188321,ZNF559,ZNF559,Q9BR84,ZNF559,1.669,ENST00000603380,False,False,True
709,ENSG00000198028,ZNF560,ZNF560,Q96MR9,ZNF560,0.834,ENST00000301480,False,False,False
710,ENSG00000171469,ZNF561,ZNF561,Q8N587,ZNF561,1.325,ENST00000302851,False,True,False
711,ENSG00000171466,ZNF562,ZNF562,Q6V9R5,ZNF562,1.12,ENST00000453372,False,False,False
712,ENSG00000188868,ZNF563,ZNF563,Q8TA94,ZNF563,1.002,ENST00000293725,False,False,False
713,ENSG00000249709,ZNF564,ZNF564,Q8TBZ8,ZNF564,0.947,ENST00000339282,False,False,False
714,ENSG00000196357,ZNF565,ZNF565,Q8N9K5,ZNF565,0.953,ENST00000304116,False,False,False
715,ENSG00000186017,ZNF566,ZNF566,Q969W8,ZNF566,0.977,ENST00000452939,True,False,False
716,ENSG00000189042,ZNF567,ZNF567,Q8N184,ZNF567,0.877,ENST00000682579,False,False,False
717,ENSG00000198453,ZNF568,ZNF568,Q3ZCX4,ZNF568,1.034,ENST00000333987,False,False,False
718,ENSG00000196437,ZNF569,ZNF569,Q5MCW4,ZNF569,0.865,ENST00000316950,False,False,False
719,ENSG00000171970,ZNF57,ZNF57,Q68EA5,ZNF57,1.243,ENST00000306908,True,False,False
720,ENSG00000171827,ZNF570,ZNF570,Q96NI8,ZNF570,0.964,ENST00000330173,False,False,False
721,ENSG00000180479,ZNF571,ZNF571,Q7Z3V5,ZNF571,1.157,ENST00000451802,False,False,False
722,ENSG00000180938,ZNF572,ZNF572,Q7Z3I7,ZNF572,1.516,ENST00000319286,True,False,False
723,ENSG00000189144,ZNF573,ZNF573,Q86YE8,ZNF573,0.92,ENST00000536220,False,False,False
724,ENSG00000105732,ZNF574,ZNF574,Q6ZN55,ZNF574,0.599,ENST00000359044,True,False,False
725,ENSG00000176472,ZNF575,ZNF575,Q86XF7,ZNF575,1.616,ENST00000314228,True,False,False
726,ENSG00000124444,ZNF576,ZNF576,B3KS81,SRRM5,1.293,ENST00000336564,False,False,False
727,ENSG00000124444,ZNF576,ZNF576,Q9H609,ZNF576,1.293,ENST00000336564,True,False,False
728,ENSG00000161551,ZNF577,ZNF577,Q9BSK1,ZNF577,1.484,ENST00000638348,False,False,False
729,ENSG00000258405,ZNF578,ZNF578,Q96N58,ZNF578,1.634,ENST00000421239,False,False,False
730,ENSG00000218891,ZNF579,ZNF579,Q8NAF0,ZNF579,1.906,ENST00000325421,True,False,False
731,ENSG00000213015,ZNF580,ZNF580,Q9UK33,ZNF580,1.915,ENST00000325333,False,False,False
732,ENSG00000171425,ZNF581,ZNF581,Q9P0T4,ZNF581,1.753,ENST00000270451,False,False,False
733,ENSG00000018869,ZNF582,ZNF582,Q96NG8,ZNF582,1.651,ENST00000586929,True,False,False
734,ENSG00000198440,ZNF583,ZNF583,Q96ND8,ZNF583,0.698,ENST00000333201,False,False,False
735,ENSG00000171574,ZNF584,ZNF584,Q8IVC4,ZNF584,1.435,ENST00000306910,False,False,False
736,ENSG00000196967,ZNF585A,ZNF585A,Q6P3V2,ZNF585A,0.892,ENST00000292841,False,False,False
737,ENSG00000245680,ZNF585B,ZNF585B,Q52M93,ZNF585B,0.864,ENST00000532828,False,False,False
738,ENSG00000083828,ZNF586,ZNF586,Q9NXT0,ZNF586,1.808,ENST00000396154,False,False,False
739,ENSG00000198466,ZNF587,ZNF587,Q96SQ5,ZNF587,1.659,ENST00000339656,False,False,False
740,ENSG00000269343,ZNF587B,ZNF587B,E7ETH6,ZNF587B,1.687,ENST00000594901,False,False,False
741,ENSG00000164048,ZNF589,ZNF589,Q86UQ0,ZNF589,1.662,ENST00000354698,False,False,False
742,ENSG00000166716,ZNF592,ZNF592,Q92610,ZNF592,0.212,ENST00000560079,True,True,False
743,ENSG00000180626,ZNF594,ZNF594,Q96JF6,ZNF594,1.852,ENST00000575779,False,False,False
744,ENSG00000272602,ZNF595,ZNF595,Q8IYB9,ZNF595,1.053,ENST00000610261,True,False,False
745,ENSG00000172748,ZNF596,ZNF596,Q8TC21,ZNF596,1.159,ENST00000398612,True,False,False
746,ENSG00000167981,ZNF597,ZNF597,Q96LX8,ZNF597,1.529,ENST00000301744,False,False,False
747,ENSG00000167962,ZNF598,ZNF598,Q86UK7,ZNF598,0.985,ENST00000562103,False,False,False
748,ENSG00000153896,ZNF599,ZNF599,Q96NL3,ZNF599,1.629,ENST00000329285,False,False,False
749,ENSG00000189190,ZNF600,ZNF600,Q6ZNG1,ZNF600,1.038,ENST00000648973,False,False,False
750,ENSG00000196458,ZNF605,ZNF605,Q86T29,ZNF605,1.775,ENST00000360187,False,False,False
751,ENSG00000166704,ZNF606,ZNF606,Q8WXB4,ZNF606,0.621,ENST00000551380,True,False,False
752,ENSG00000198182,ZNF607,ZNF607,Q96SK3,ZNF607,0.966,ENST00000355202,False,False,False
753,ENSG00000168916,ZNF608,ZNF608,Q9ULD9,ZNF608,0.161,ENST00000513986,True,False,False
754,ENSG00000180357,ZNF609,ZNF609,O15014,ZNF609,0.166,ENST00000326648,True,False,False
755,ENSG00000167554,ZNF610,ZNF610,Q8N9Z0,ZNF610,1.451,ENST00000403906,False,False,False
756,ENSG00000213020,ZNF611,ZNF611,Q8N823,ZNF611,1.315,ENST00000652185,False,False,False
757,ENSG00000176024,ZNF613,ZNF613,Q6PF04,ZNF613,1.109,ENST00000293471,False,False,False
758,ENSG00000142556,ZNF614,ZNF614,Q8N883,ZNF614,1.349,ENST00000270649,False,False,False
759,ENSG00000197619,ZNF615,ZNF615,Q8N8J6,ZNF615,1.368,ENST00000598071,False,False,False
760,ENSG00000204611,ZNF616,ZNF616,Q08AN1,ZNF616,1.294,ENST00000600228,False,False,False
761,ENSG00000157657,ZNF618,ZNF618,Q5T7W0,ZNF618,0.459,ENST00000374126,True,False,False
762,ENSG00000177873,ZNF619,ZNF619,Q8N2I2,ZNF619,1.194,ENST00000432264,False,False,False
763,ENSG00000177842,ZNF620,ZNF620,Q6ZNG0,ZNF620,1.166,ENST00000314529,False,False,False
764,ENSG00000172888,ZNF621,ZNF621,Q6ZSS3,ZNF621,0.848,ENST00000339296,False,False,False
765,ENSG00000183309,ZNF623,ZNF623,O75123,ZNF623,0.959,ENST00000526926,False,False,False
766,ENSG00000197566,ZNF624,ZNF624,Q9P2J8,ZNF624,0.713,ENST00000311331,False,False,False
767,ENSG00000257591,ZNF625,ZNF625,Q96I27,ZNF625,1.456,ENST00000439556,True,False,False
768,ENSG00000188171,ZNF626,ZNF626,Q68DY1,ZNF626,0.756,ENST00000601440,False,False,True
769,ENSG00000198551,ZNF627,ZNF627,Q7L945,ZNF627,1.778,ENST00000361113,False,False,False
770,ENSG00000197483,ZNF628,ZNF628,Q5EBL2,ZNF628,1.958,ENST00000598519,True,False,False
771,ENSG00000102870,ZNF629,ZNF629,Q9UEG4,ZNF629,0.281,ENST00000262525,True,False,False
772,ENSG00000221994,ZNF630,ZNF630,Q2M218,ZNF630,,,False,False,False
773,ENSG00000121864,ZNF639,ZNF639,Q9UID6,ZNF639,0.734,ENST00000496856,True,False,False
774,ENSG00000167528,ZNF641,ZNF641,Q96N77,ZNF641,0.734,ENST00000547026,True,True,False
775,ENSG00000122482,ZNF644,ZNF644,Q9H582,ZNF644,0.224,ENST00000337393,True,True,False
776,ENSG00000175809,ZNF645,ZNF645,Q8N7E2,CBLL2,,,False,False,False
777,ENSG00000167395,ZNF646,ZNF646,O15015,ZNF646,0.561,ENST00000300850,True,False,False
778,ENSG00000179930,ZNF648,ZNF648,Q5T619,ZNF648,1.849,ENST00000339948,False,False,False
779,ENSG00000198093,ZNF649,ZNF649,Q9BS31,ZNF649,0.813,ENST00000354957,True,False,False
780,ENSG00000198740,ZNF652,ZNF652,Q9Y2D9,ZNF652,0.473,ENST00000430262,True,False,False
781,ENSG00000175105,ZNF654,ZNF654,Q8IZM8,ZNF654,0.305,ENST00000636215,False,True,False
782,ENSG00000197343,ZNF655,ZNF655,Q8N720,ZNF655,0.682,ENST00000252713,True,False,False
783,ENSG00000274349,ZNF658,ZNF658,Q5TYW1,ZNF658,0.948,ENST00000621410,False,False,False
784,ENSG00000160229,ZNF66,ZNF66,Q6ZN08,ZNF66,1.115,ENST00000344519,True,False,False
785,ENSG00000144792,ZNF660,ZNF660,Q6AZW8,ZNF660,1.304,ENST00000322734,False,False,False
786,ENSG00000182983,ZNF662,ZNF662,Q6ZS27,ZNF662,1.479,ENST00000440367,False,False,False
787,ENSG00000179195,ZNF664,ZNF664,Q8N3J9,ZNF664,0.904,ENST00000337815,True,False,False
788,ENSG00000197497,ZNF665,ZNF665,Q9H7R5,ZNF665,1.617,ENST00000396424,True,False,False
789,ENSG00000198046,ZNF667,ZNF667,Q5HYK9,ZNF667,0.736,ENST00000504904,False,False,False
790,ENSG00000167394,ZNF668,ZNF668,Q96K58,ZNF668,0.458,ENST00000300849,True,False,False
791,ENSG00000188295,ZNF669,ZNF669,Q96BR6,ZNF669,1.049,ENST00000448299,True,False,False
792,ENSG00000277462,ZNF670,ZNF670,Q9BS34,ZNF670,1.147,ENST00000366503,True,False,False
793,ENSG00000083814,ZNF671,ZNF671,Q8TAW3,ZNF671,1.685,ENST00000317398,False,False,False
794,ENSG00000171161,ZNF672,ZNF672,Q499Z4,ZNF672,,ENST00000306562,True,False,False
795,ENSG00000251192,ZNF674,ZNF674,Q2M3X9,ZNF674,,,False,False,False
796,ENSG00000197372,ZNF675,ZNF675,Q8TD23,ZNF675,0.852,ENST00000359788,True,False,False
797,ENSG00000196109,ZNF676,ZNF676,Q8N7Q3,ZNF676,1.77,ENST00000397121,False,False,False
798,ENSG00000197928,ZNF677,ZNF677,Q86XU0,ZNF677,1.201,ENST00000598513,True,False,False
799,ENSG00000181450,ZNF678,ZNF678,Q5SXM1,ZNF678,1.919,ENST00000343776,True,False,False
800,ENSG00000197123,ZNF679,ZNF679,Q8IYX0,ZNF679,1.377,ENST00000421025,False,False,False
801,ENSG00000173041,ZNF680,ZNF680,Q8NEM1,ZNF680,0.987,ENST00000309683,True,False,False
802,ENSG00000196172,ZNF681,ZNF681,Q96N22,ZNF681,0.869,ENST00000402377,False,False,False
803,ENSG00000197124,ZNF682,ZNF682,O95780,ZNF682,1.098,ENST00000397165,False,False,False
804,ENSG00000176083,ZNF683,ZNF683,Q8IZ20,ZNF683,0.929,ENST00000349618,True,False,False
805,ENSG00000117010,ZNF684,ZNF684,Q5T5D7,ZNF684,1.507,ENST00000372699,False,False,False
806,ENSG00000143373,ZNF687,ZNF687,Q8N1G0,ZNF687,0.293,ENST00000336715,True,True,False
807,ENSG00000229809,ZNF688,ZNF688,P0C7X2,ZNF688,1.362,ENST00000223459,False,False,False
808,ENSG00000156853,ZNF689,ZNF689,C0HLU2,ZNF689,0.632,ENST00000287461,False,False,False
809,ENSG00000156853,ZNF689,ZNF689,Q96CS4,ZNF689,0.632,ENST00000287461,False,False,False
810,ENSG00000198429,ZNF69,ZNF69,Q9UC07,ZNF69,1.137,ENST00000429654,False,False,False
811,ENSG00000164011,ZNF691,ZNF691,Q5VV52,ZNF691,0.728,ENST00000651192,True,False,False
812,ENSG00000171163,ZNF692,ZNF692,Q9BU19,ZNF692,1.109,ENST00000306601,True,False,False
813,ENSG00000197472,ZNF695,ZNF695,Q8IW36,ZNF695,1.782,ENST00000339986,False,False,False
814,ENSG00000185730,ZNF696,ZNF696,Q9H7X3,ZNF696,1.879,ENST00000330143,False,False,False
815,ENSG00000143067,ZNF697,ZNF697,Q5TEC3,ZNF697,1.712,ENST00000421812,True,False,False
816,ENSG00000196110,ZNF699,ZNF699,Q32M78,ZNF699,1.414,ENST00000591998,False,False,False
817,ENSG00000147789,ZNF7,ZNF7,P17097,ZNF7,1.401,ENST00000532777,False,False,False
818,ENSG00000187792,ZNF70,ZNF70,Q9UC06,ZNF70,0.67,ENST00000341976,False,False,False
819,ENSG00000196757,ZNF700,ZNF700,Q9H0M5,ZNF700,0.731,ENST00000254321,False,False,False
820,ENSG00000167562,ZNF701,ZNF701,Q9NV72,ZNF701,1.892,ENST00000391785,False,False,False
821,ENSG00000183779,ZNF703,ZNF703,Q9H7S9,ZNF703,1.576,ENST00000331569,True,False,False
822,ENSG00000164684,ZNF704,ZNF704,Q6ZNC4,ZNF704,0.384,ENST00000327835,True,False,False
823,ENSG00000196946,ZNF705A,ZNF705A,Q6ZN79,ZNF705A,1.348,ENST00000359286,False,False,False
824,ENSG00000215356,ZNF705B,ZNF705B,P0CI00,ZNF705B,,,False,False,False
825,ENSG00000215343,ZNF705D,ZNF705D,P0CH99,ZNF705D,1.809,ENST00000400078,False,False,False
826,ENSG00000214534,ZNF705E,ZNF705E,A8MWA4,ZNF705EP,1.189,ENST00000525199,True,False,False
827,ENSG00000215372,ZNF705G,ZNF705G,A8MUZ8,ZNF705G,1.871,ENST00000400156,False,False,False
828,ENSG00000120963,ZNF706,ZNF706,Q9Y5V0,ZNF706,1.009,ENST00000311212,False,False,False
829,ENSG00000181135,ZNF707,ZNF707,Q96C28,ZNF707,1.151,ENST00000358656,False,False,False
830,ENSG00000182141,ZNF708,ZNF708,P17019,ZNF708,1.304,ENST00000356929,True,False,False
831,ENSG00000242852,ZNF709,ZNF709,Q8N972,ZNF709,1.882,ENST00000397732,False,False,False
832,ENSG00000197951,ZNF71,ZNF71,Q9NQZ8,ZNF71,1.85,ENST00000599599,False,False,False
833,ENSG00000140548,ZNF710,ZNF710,Q8N1W2,ZNF710,0.395,ENST00000268154,True,False,False
834,ENSG00000147180,ZNF711,ZNF711,Q9Y462,ZNF711,,,True,False,True
835,ENSG00000178665,ZNF713,ZNF713,Q8N859,ZNF713,1.016,ENST00000429591,False,False,True
836,ENSG00000160352,ZNF714,ZNF714,Q96N38,ZNF714,0.925,ENST00000456283,False,False,False
837,ENSG00000182111,ZNF716,ZNF716,A6NP11,ZNF716,1.349,ENST00000420713,False,False,False
838,ENSG00000227124,ZNF717,ZNF717,Q9BY31,ZNF717,1.45,ENST00000652011,False,False,False
839,ENSG00000250312,ZNF718,ZNF718,Q3SXZ3,ZNF718,1.918,ENST00000510175,True,False,False
840,ENSG00000182903,ZNF721,ZNF721,Q8TF20,ZNF721,1.85,ENST00000511833,True,False,False
841,ENSG00000196081,ZNF724,ZNF724,A8MTY0,ZNF724,0.861,ENST00000418100,False,False,False
842,ENSG00000213967,ZNF726,ZNF726,A6NNF4,ZNF726,1.841,ENST00000594466,False,False,False
843,ENSG00000214652,ZNF727,ZNF727,A8MUV8,ZNF727,1.782,ENST00000456806,False,False,False
844,ENSG00000269067,ZNF728,ZNF728,P0DKX0,ZNF728,1.546,ENST00000594710,False,False,False
845,ENSG00000196350,ZNF729,ZNF729,A6NN14,ZNF729,1.739,ENST00000601693,True,False,False
846,ENSG00000183850,ZNF730,ZNF730,Q6ZMV8,ZNF730,1.637,ENST00000597761,False,False,False
847,ENSG00000186777,ZNF732,ZNF732,B4DXR9,ZNF732,1.625,ENST00000419098,False,False,False
848,ENSG00000223614,ZNF735,ZNF735,P0CB33,ZNF735,1.556,ENST00000429565,False,False,False
849,ENSG00000234444,ZNF736,ZNF736,B4DX44,ZNF736,1.218,ENST00000423484,False,False,False
850,ENSG00000237440,ZNF737,ZNF737,O75373,ZNF737,1.703,ENST00000427401,False,False,False
851,ENSG00000185252,ZNF74,ZNF74,Q16587,ZNF74,1.184,ENST00000400451,True,False,False
852,ENSG00000139651,ZNF740,ZNF740,Q8NDX6,ZNF740,0.98,ENST00000416904,False,False,False
853,ENSG00000181220,ZNF746,ZNF746,Q6NUN9,ZNF746,0.55,ENST00000458143,True,False,False
854,ENSG00000169955,ZNF747,ZNF747,Q9BV97,ZNF747,1.799,ENST00000693075,False,False,False
855,ENSG00000186230,ZNF749,ZNF749,O43361,ZNF749,1.814,ENST00000334181,False,False,False
856,ENSG00000141579,ZNF750,ZNF750,Q32MQ0,ZNF750,0.554,ENST00000269394,True,False,False
857,ENSG00000162086,ZNF75A,ZNF75A,Q96N20,ZNF75A,0.954,ENST00000669516,False,False,False
858,ENSG00000186376,ZNF75D,ZNF75D,P51815,ZNF75D,,,False,False,False
859,ENSG00000065029,ZNF76,ZNF76,P36508,ZNF76,1.197,ENST00000373953,True,False,False
860,ENSG00000160336,ZNF761,ZNF761,Q86XN6,ZNF761,0.896,ENST00000684525,True,False,False
861,ENSG00000197054,ZNF763,ZNF763,Q0D2J5,ZNF763,1.117,ENST00000358987,False,False,False
862,ENSG00000169951,ZNF764,ZNF764,Q96H86,ZNF764,1.338,ENST00000395091,True,False,False
863,ENSG00000196417,ZNF765,ZNF765,Q7L2R6,ZNF765,1.074,ENST00000396408,False,False,False
864,ENSG00000196214,ZNF766,ZNF766,Q5HY98,ZNF766,1.792,ENST00000439461,False,False,False
865,ENSG00000169957,ZNF768,ZNF768,Q9H5H4,ZNF768,0.499,ENST00000380412,False,False,False
866,ENSG00000175691,ZNF77,ZNF77,Q15935,ZNF77,1.646,ENST00000314531,False,False,False
867,ENSG00000198146,ZNF770,ZNF770,Q6IQ21,ZNF770,0.422,ENST00000356321,True,False,False
868,ENSG00000179965,ZNF771,ZNF771,Q7L3S4,ZNF771,1.46,ENST00000319296,True,False,False
869,ENSG00000197128,ZNF772,ZNF772,Q68DY9,ZNF772,1.121,ENST00000356584,False,False,False
870,ENSG00000152439,ZNF773,ZNF773,Q6PK81,ZNF773,1.367,ENST00000282292,False,False,False
871,ENSG00000196391,ZNF774,ZNF774,Q6NX45,ZNF774,1.645,ENST00000354377,False,False,True
872,ENSG00000196456,ZNF775,ZNF775,Q96BV0,ZNF775,1.87,ENST00000329630,True,False,False
873,ENSG00000152443,ZNF776,ZNF776,Q68DI1,ZNF776,1.231,ENST00000317178,False,False,False
874,ENSG00000196453,ZNF777,ZNF777,Q9ULD5,ZNF777,0.199,ENST00000247930,True,True,False
875,ENSG00000170100,ZNF778,ZNF778,Q96MU6,ZNF778,1.89,ENST00000433976,False,False,False
876,ENSG00000197782,ZNF780A,ZNF780A,O75290,ZNF780A,0.863,ENST00000683561,False,False,False
877,ENSG00000128000,ZNF780B,ZNF780B,Q9Y6R6,ZNF780B,0.868,ENST00000434248,False,False,False
878,ENSG00000196381,ZNF781,ZNF781,Q8N8C0,ZNF781,,ENST00000358582,False,False,False
879,ENSG00000196597,ZNF782,ZNF782,Q6ZMW2,ZNF782,1.416,ENST00000481138,False,False,False
880,ENSG00000204946,ZNF783,ZNF783,Q6ZMS7,ZNF783,1.145,ENST00000434415,False,False,False
881,ENSG00000179922,ZNF784,ZNF784,Q8NCA9,ZNF784,1.93,ENST00000325351,True,False,False
882,ENSG00000197162,ZNF785,ZNF785,A8K8V0,ZNF785,1.915,ENST00000395216,True,False,False
883,ENSG00000197362,ZNF786,ZNF786,Q8N393,ZNF786,1.166,ENST00000491431,False,False,False
884,ENSG00000142409,ZNF787,ZNF787,Q6DD87,ZNF787,1.214,ENST00000610935,False,False,False
885,ENSG00000214189,ZNF788,ZNF788,Q6ZQV5,ZNF788P,,,False,False,False
886,ENSG00000198556,ZNF789,ZNF789,Q5FWF6,ZNF789,1.072,ENST00000331410,False,False,False
887,ENSG00000196152,ZNF79,ZNF79,Q15937,ZNF79,1.149,ENST00000342483,False,False,False
888,ENSG00000197863,ZNF790,ZNF790,Q6PG37,ZNF790,1.134,ENST00000356725,False,False,False
889,ENSG00000173875,ZNF791,ZNF791,Q3KP31,ZNF791,0.937,ENST00000343325,False,False,False
890,ENSG00000180884,ZNF792,ZNF792,Q3KQV3,ZNF792,1.57,ENST00000404801,False,False,False
891,ENSG00000188227,ZNF793,ZNF793,Q6ZN11,ZNF793,0.809,ENST00000627814,False,False,False
892,ENSG00000196466,ZNF799,ZNF799,Q96GE5,ZNF799,1.052,ENST00000430385,False,False,False
893,ENSG00000278129,ZNF8,ZNF8,P17098,ZNF8,1.317,ENST00000621650,True,False,False
894,ENSG00000174255,ZNF80,ZNF80,P51504,ZNF80,1.878,ENST00000482457,False,False,False
895,ENSG00000048405,ZNF800,ZNF800,Q2TB10,ZNF800,0.358,ENST00000265827,True,False,False
896,ENSG00000170396,ZNF804A,ZNF804A,Q7Z570,ZNF804A,0.37,ENST00000302277,True,False,True
897,ENSG00000182348,ZNF804B,ZNF804B,A4D1E1,ZNF804B,0.9,ENST00000333190,True,False,False
898,ENSG00000204524,ZNF805,ZNF805,Q5CZA5,ZNF805,1.256,ENST00000414468,False,False,False
899,ENSG00000198482,ZNF808,ZNF808,Q8N4W9,ZNF808,1.194,ENST00000359798,False,False,False
900,ENSG00000197779,ZNF81,ZNF81,P51508,ZNF81,,,False,False,False
901,ENSG00000198346,ZNF813,ZNF813,Q6ZN06,ZNF813,1.193,ENST00000396403,False,False,False
902,ENSG00000204514,ZNF814,ZNF814,B7Z6K7,ZNF814,1.652,ENST00000435989,False,False,False
903,ENSG00000180257,ZNF816,ZNF816,Q0VGE8,ZNF816,1.83,ENST00000444460,True,False,False
904,ENSG00000102984,ZNF821,ZNF821,O75541,ZNF821,0.525,ENST00000425432,False,False,False
905,ENSG00000197933,ZNF823,ZNF823,P16415,ZNF823,0.873,ENST00000341191,False,False,False
906,ENSG00000151612,ZNF827,ZNF827,Q17R98,ZNF827,0.197,ENST00000508784,True,False,True
907,ENSG00000185869,ZNF829,ZNF829,Q3KNS6,ZNF829,0.911,ENST00000391711,False,False,False
908,ENSG00000167766,ZNF83,ZNF83,P51522,ZNF83,1.882,ENST00000301096,True,False,False
909,ENSG00000198783,ZNF830,ZNF830,Q96NB3,ZNF830,0.77,ENST00000361952,True,False,False
910,ENSG00000124203,ZNF831,ZNF831,Q5JPB2,ZNF831,0.822,ENST00000371030,True,False,False
911,ENSG00000127903,ZNF835,ZNF835,Q9Y2P0,ZNF835,1.854,ENST00000537055,False,False,False
912,ENSG00000196267,ZNF836,ZNF836,Q6ZNA1,ZNF836,1.877,ENST00000682614,False,False,False
913,ENSG00000152475,ZNF837,ZNF837,Q96EG3,ZNF837,,ENST00000597582,False,False,False
914,ENSG00000198040,ZNF84,ZNF84,P51523,ZNF84,1.132,ENST00000539354,False,False,False
915,ENSG00000197608,ZNF841,ZNF841,Q6ZN19,ZNF841,1.581,ENST00000594440,True,False,False
916,ENSG00000176723,ZNF843,ZNF843,Q8N446,ZNF843,1.899,ENST00000315678,False,False,False
917,ENSG00000223547,ZNF844,ZNF844,Q08AG5,ZNF844,1.716,ENST00000439326,False,False,False
918,ENSG00000213799,ZNF845,ZNF845,Q96IR2,ZNF845,0.942,ENST00000458035,False,False,False
919,ENSG00000196605,ZNF846,ZNF846,Q147U1,ZNF846,1.386,ENST00000397902,False,False,False
920,ENSG00000105750,ZNF85,ZNF85,Q03923,ZNF85,1.083,ENST00000328178,True,False,False
921,ENSG00000267041,ZNF850,ZNF850,A8MQ14,ZNF850,1.343,ENST00000591344,False,False,False
922,ENSG00000178917,ZNF852,ZNF852,Q6ZMS4,ZNF852,1.008,ENST00000436261,False,False,False
923,ENSG00000236609,ZNF853,ZNF853,P0CG23,ZNF853,0.861,ENST00000457543,True,False,False
924,ENSG00000197385,ZNF860,ZNF860,A6NHJ4,ZNF860,1.892,ENST00000360311,False,False,False
925,ENSG00000261221,ZNF865,ZNF865,P0CJ78,ZNF865,1.076,ENST00000568956,True,False,False
926,ENSG00000257446,ZNF878,ZNF878,C9JN71,ZNF878,1.585,ENST00000547628,False,False,False
927,ENSG00000234284,ZNF879,ZNF879,B4DU55,ZNF879,1.02,ENST00000444149,False,False,False
928,ENSG00000221923,ZNF880,ZNF880,Q6PDB4,ZNF880,1.523,ENST00000422689,False,False,False
929,ENSG00000228623,ZNF883,ZNF883,P0CG24,ZNF883,,,False,False,False
930,ENSG00000213793,ZNF888,ZNF888,P0CJ79,ZNF888,1.665,ENST00000638862,True,False,False
931,ENSG00000214029,ZNF891,ZNF891,A8MT65,ZNF891,1.872,ENST00000537226,False,False,False
932,ENSG00000213988,ZNF90,ZNF90,Q03938,ZNF90,1.288,ENST00000418063,False,False,False
933,ENSG00000167232,ZNF91,ZNF91,Q05481,ZNF91,1.14,ENST00000300619,False,False,False
934,ENSG00000146757,ZNF92,ZNF92,Q03936,ZNF92,1.583,ENST00000328747,False,False,False
935,ENSG00000184635,ZNF93,ZNF93,P35789,ZNF93,0.91,ENST00000343769,False,False,False
936,ENSG00000197360,ZNF98,ZNF98,A6NK75,ZNF98,1.477,ENST00000357774,True,False,False
937,ENSG00000213973,ZNF99,ZNF99,A8MXY4,ZNF99,1.168,ENST00000596209,False,False,False
938,ENSG00000152467,ZSCAN1,ZSCAN1,Q8NBB4,ZSCAN1,1.354,ENST00000282326,False,False,False
939,ENSG00000130182,ZSCAN10,ZSCAN10,Q96SZ4,ZSCAN10,1.312,ENST00000576985,False,False,False
940,ENSG00000158691,ZSCAN12,ZSCAN12,O43309,ZSCAN12,1.117,ENST00000684592,True,False,False
941,ENSG00000196812,ZSCAN16,ZSCAN16,Q9H4T2,ZSCAN16,1.35,ENST00000340487,True,False,False
942,ENSG00000121413,ZSCAN18,ZSCAN18,Q8TBC5,ZSCAN18,0.817,ENST00000601144,True,False,False
943,ENSG00000176371,ZSCAN2,ZSCAN2,Q7Z7L9,ZSCAN2,0.739,ENST00000546148,True,False,False
944,ENSG00000121903,ZSCAN20,ZSCAN20,P17040,ZSCAN20,0.507,ENST00000684572,True,True,False
945,ENSG00000166529,ZSCAN21,ZSCAN21,Q9Y5A6,ZSCAN21,1.064,ENST00000292450,True,False,False
946,ENSG00000182318,ZSCAN22,ZSCAN22,P10073,ZSCAN22,0.985,ENST00000329665,True,False,False
947,ENSG00000187987,ZSCAN23,ZSCAN23,Q3MJ62,ZSCAN23,1.351,ENST00000289788,True,False,False
948,ENSG00000197037,ZSCAN25,ZSCAN25,Q6NSZ9,ZSCAN25,0.963,ENST00000394152,True,False,False
949,ENSG00000197062,ZSCAN26,ZSCAN26,Q16670,ZSCAN26,1.566,ENST00000421553,True,False,False
950,ENSG00000140265,ZSCAN29,ZSCAN29,Q8IWY8,ZSCAN29,0.922,ENST00000684362,False,False,False
951,ENSG00000186814,ZSCAN30,ZSCAN30,Q86W11,ZSCAN30,1.048,ENST00000333206,True,False,False
952,ENSG00000235109,ZSCAN31,ZSCAN31,Q96LW9,ZSCAN31,0.937,ENST00000344279,True,False,False
953,ENSG00000140987,ZSCAN32,ZSCAN32,Q9NX65,ZSCAN32,1.391,ENST00000396852,False,False,False
954,ENSG00000180532,ZSCAN4,ZSCAN4,Q8NAM6,ZSCAN4,1.49,ENST00000318203,True,False,False
955,ENSG00000131848,ZSCAN5A,ZSCAN5A,Q9BUG6,ZSCAN5A,0.838,ENST00000683990,True,False,False
956,ENSG00000197213,ZSCAN5B,ZSCAN5B,A6NJL1,ZSCAN5B,1.492,ENST00000586855,True,False,False
957,ENSG00000204532,ZSCAN5C,ZSCAN5C,A6NGD5,ZSCAN5C,0.995,ENST00000534327,True,False,False
958,ENSG00000137185,ZSCAN9,ZSCAN9,O15535,ZSCAN9,1.137,ENST00000252207,True,False,False
959,ENSG00000153975,ZUFSP,ZUFSP,Q96AP4,ZUP1,1.119,ENST00000368576,False,False,False
960,ENSG00000198205,ZXDA,ZXDA,P98168,ZXDA,,,False,True,False
961,ENSG00000198455,ZXDB,ZXDB,P98169,ZXDB,,,False,True,False
962,ENSG00000070476,ZXDC,ZXDC,Q2QGD7,ZXDC,1.189,ENST00000389709,True,True,False
963,ENSG00000100105,PATZ1,PATZ1,Q9HBE1,PATZ1,0.331,ENST00000266269,True,False,False
964,ENSG00000112365,ZBTB24,ZBTB24,O43167,ZBTB24,0.763,ENST00000230122,True,False,False
965,ENSG00000171443,ZNF524,ZNF524,Q96C55,ZNF524,1.925,ENST00000301073,False,False,False
966,ENSG00000161914,ZNF653,ZNF653,Q96CK0,ZNF653,0.948,ENST00000293771,True,False,False
967,ENSG00000198839,ZNF277,ZNF277,Q9NRM2,ZNF277,1.149,ENST00000361822,True,False,False
968,ENSG00000243943,ZNF512,ZNF512,Q96ME7,ZNF512,0.489,ENST00000355467,True,False,False
969,ENSG00000148516,ZEB1,ZEB1,P37275,ZEB1,0.339,ENST00000424869,True,False,False
970,ENSG00000169554,ZEB2,ZEB2,O60315,ZEB2,0.114,ENST00000627532,True,False,False
971,ENSG00000140836,ZFHX3,ZFHX3,Q15911,ZFHX3,0.189,ENST00000268489,True,False,False
972,ENSG00000091656,ZFHX4,ZFHX4,Q86UP3,ZFHX4,0.244,ENST00000651372,True,True,False
973,ENSG00000124496,TRERF1,TRERF1,Q96PN7,TRERF1,0.313,ENST00000372922,False,True,False
974,ENSG00000118156,ZNF541,ZNF541,Q9H0D2,ZNF541,0.278,ENST00000391901,True,False,False
975,ENSG00000001167,NFYA,NFYA,P23511,NFYA,0.68,ENST00000341376,False,True,False
976,ENSG00000139793,MBNL2,MBNL2,Q5VZF2,MBNL2,0.559,ENST00000679496,False,False,False
977,ENSG00000144161,ZC3H8,ZC3H8,Q8N5P1,ZC3H8,1.027,ENST00000409573,False,False,False
978,ENSG00000197114,ZGPAT,ZGPAT,Q8N5A5,ZGPAT,1.101,ENST00000355969,False,False,False
979,ENSG00000125817,CENPB,CENPB,P07199,CENPB,0.828,ENST00000379751,False,False,False
980,ENSG00000177946,CENPBD1,CENPBD1,B2RD01,CENPBD1P,,,False,False,False
981,ENSG00000234616,JRK,JRK,O75564,JRK,1.911,ENST00000612905,True,False,False
982,ENSG00000183340,JRKL,JRKL,Q9Y4A0,JRKL,1.002,ENST00000332349,True,True,False
983,ENSG00000221944,TIGD1,TIGD1,Q96MW7,TIGD1,1.895,ENST00000408957,True,True,False
984,ENSG00000180346,TIGD2,TIGD2,Q4W5G0,TIGD2,0.739,ENST00000603357,False,False,False
985,ENSG00000173825,TIGD3,TIGD3,Q6B0B8,TIGD3,1.219,ENST00000309880,True,False,False
986,ENSG00000169989,TIGD4,TIGD4,Q8IY51,TIGD4,1.123,ENST00000304337,True,True,False
987,ENSG00000179886,TIGD5,TIGD5,Q53EQ6,TIGD5,1.565,ENST00000504548,True,False,False
988,ENSG00000164296,TIGD6,TIGD6,Q17RP2,TIGD6,1.366,ENST00000296736,False,False,False
989,ENSG00000140993,TIGD7,TIGD7,Q6NT04,TIGD7,1.288,ENST00000396862,True,True,False
990,ENSG00000171735,CAMTA1,CAMTA1,Q9Y6Y1,CAMTA1,0.227,ENST00000303635,True,True,False
991,ENSG00000108509,CAMTA2,CAMTA2,O94983,CAMTA2,0.512,ENST00000348066,True,True,True
992,ENSG00000131914,LIN28A,LIN28A,Q9H9Z2,LIN28A,0.831,ENST00000326279,False,False,False
993,ENSG00000187772,LIN28B,LIN28B,Q6ZN17,LIN28B,0.411,ENST00000345080,False,False,False
994,ENSG00000065978,YBX1,YBX1,P67809,YBX1,0.199,ENST00000321358,True,False,False
995,ENSG00000006047,YBX2,YBX2,Q9Y2T7,YBX2,0.266,ENST00000007699,False,False,False
996,ENSG00000060138,YBX3,YBX3,P16989,YBX3,1.012,ENST00000228251,True,False,False
997,ENSG00000168214,RBPJ,RBPJ,Q06330,RBPJ,0.267,ENST00000355476,True,False,False
998,ENSG00000124232,RBPJL,RBPJL,Q9UBG7,RBPJL,1.089,ENST00000343694,True,False,False
999,ENSG00000257923,CUX1,CUX1,P39880,CUX1,0.277,ENST00000292535,True,False,True
1000,ENSG00000257923,CUX1,CUX1,Q13948,CUX1,0.277,ENST00000292535,False,False,True
1001,ENSG00000111249,CUX2,CUX2,O14529,CUX2,0.383,ENST00000261726,True,False,True
1002,ENSG00000169856,ONECUT1,ONECUT1,Q9UBC0,ONECUT1,0.823,ENST00000305901,True,True,False
1003,ENSG00000119547,ONECUT2,ONECUT2,O95948,ONECUT2,0.677,ENST00000491143,True,False,False
1004,ENSG00000205922,ONECUT3,ONECUT3,O60422,ONECUT3,1.933,ENST00000382349,False,False,False
1005,ENSG00000182568,SATB1,SATB1,Q01826,SATB1,0.209,ENST00000338745,True,False,True
1006,ENSG00000119042,SATB2,SATB2,Q9UPW6,SATB2,0.077,ENST00000417098,True,False,True
1007,ENSG00000154832,CXXC1,CXXC1,Q9P0U4,CXXC1,0.37,ENST00000285106,True,True,False
1008,ENSG00000168772,CXXC4,CXXC4,Q9H2H0,CXXC4,0.496,ENST00000394767,False,False,False
1009,ENSG00000171604,CXXC5,CXXC5,Q7LFL8,CXXC5,0.367,ENST00000302517,False,False,False
1010,ENSG00000130816,DNMT1,DNMT1,P26358,DNMT1,0.15,ENST00000359526,True,False,False
1011,ENSG00000099364,FBXL19,FBXL19,Q6PCT2,FBXL19,0.541,ENST00000338343,True,False,False
1012,ENSG00000173120,KDM2A,KDM2A,Q9Y2K7,KDM2A,0.057,ENST00000529006,True,False,True
1013,ENSG00000089094,KDM2B,KDM2B,Q8NHM5,KDM2B,0.266,ENST00000377071,True,False,True
1014,ENSG00000138336,TET1,TET1,Q8NFU7,TET1,0.151,ENST00000373644,True,True,False
1015,ENSG00000187605,TET3,TET3,O43151,TET3,0.213,ENST00000409262,True,False,True
1016,ENSG00000118058,KMT2A,KMT2A,Q03164,KMT2A,0.065,ENST00000534358,True,True,True
1017,ENSG00000272333,KMT2B,KMT2B,Q9UMN6,KMT2B,0.127,ENST00000420124,True,True,False
1018,ENSG00000137090,DMRT1,DMRT1,Q9Y5R6,DMRT1,0.432,ENST00000382276,True,True,False
1019,ENSG00000173253,DMRT2,DMRT2,Q9Y5R5,DMRT2,1.279,ENST00000358146,True,False,False
1020,ENSG00000064218,DMRT3,DMRT3,Q9NQL9,DMRT3,1.273,ENST00000190165,True,False,False
1021,ENSG00000176399,DMRTA1,DMRTA1,Q5VZB9,DMRTA1,1.279,ENST00000325870,True,False,False
1022,ENSG00000142700,DMRTA2,DMRTA2,Q96SC8,DMRTA2,1.236,ENST00000404795,True,False,False
1023,ENSG00000143006,DMRTB1,DMRTB1,Q96MA1,DMRTB1,0.716,ENST00000371445,False,False,False
1024,ENSG00000142025,DMRTC2,DMRTC2,Q8IXT2,DMRTC2,0.521,ENST00000269945,True,False,False
1025,ENSG00000101412,E2F1,E2F1,Q01094,E2F1,0.399,ENST00000343380,False,True,False
1026,ENSG00000007968,E2F2,E2F2,Q14209,E2F2,0.761,ENST00000361729,True,True,False
1027,ENSG00000112242,E2F3,E2F3,O00716,E2F3,0.393,ENST00000346618,True,True,False
1028,ENSG00000205250,E2F4,E2F4,Q16254,E2F4,0.615,ENST00000379378,True,True,False
1029,ENSG00000133740,E2F5,E2F5,Q15329,E2F5,1.008,ENST00000416274,True,True,False
1030,ENSG00000169016,E2F6,E2F6,O75461,E2F6,1.073,ENST00000381525,True,False,False
1031,ENSG00000165891,E2F7,E2F7,Q96AV8,E2F7,0.58,ENST00000322886,True,False,False
1032,ENSG00000129173,E2F8,E2F8,A0AVK6,E2F8,0.539,ENST00000250024,True,False,False
1033,ENSG00000198176,TFDP1,TFDP1,Q14186,TFDP1,0.245,ENST00000375370,True,True,False
1034,ENSG00000114126,TFDP2,TFDP2,Q14188,TFDP2,0.443,ENST00000489671,True,False,False
1035,ENSG00000183434,TFDP3,TFDP3,Q5H9I0,TFDP3,,,False,False,False
1036,ENSG00000164330,EBF1,EBF1,Q9UH73,EBF1,0.264,ENST00000313708,True,True,False
1037,ENSG00000221818,EBF2,EBF2,Q9HAK2,EBF2,0.394,ENST00000520164,True,False,False
1038,ENSG00000108001,EBF3,EBF3,Q9H4W6,EBF3,0.353,ENST00000440978,True,True,True
1039,ENSG00000088881,EBF4,EBF4,Q9BQW3,EBF4,0.868,ENST00000609451,True,False,False
1040,ENSG00000135373,EHF,EHF,Q9NZC4,EHF,0.483,ENST00000257831,True,False,False
1041,ENSG00000120690,ELF1,ELF1,P32519,ELF1,0.656,ENST00000239882,True,True,False
1042,ENSG00000109381,ELF2,ELF2,Q15723,ELF2,0.271,ENST00000686138,True,True,False
1043,ENSG00000102034,ELF4,ELF4,Q99607,ELF4,,,False,True,False
1044,ENSG00000135374,ELF5,ELF5,Q9UKW6,ELF5,1.064,ENST00000257832,True,True,False
1045,ENSG00000126767,ELK1,ELK1,P19419,ELK1,,,True,True,False
1046,ENSG00000111145,ELK3,ELK3,P41970,ELK3,0.608,ENST00000228741,True,True,False
1047,ENSG00000158711,ELK4,ELK4,P28324,ELK4,0.856,ENST00000357992,True,True,False
1048,ENSG00000105722,ERF,ERF,P50548,ERF,0.443,ENST00000222329,True,False,False
1049,ENSG00000157554,ERG,ERG,P11308,ERG,0.234,ENST00000288319,True,True,True
1050,ENSG00000157554,ERG,ERG,Q12809,KCNH2,0.234,ENST00000288319,False,False,True
1051,ENSG00000134954,ETS1,ETS1,P14921,ETS1,0.393,ENST00000392668,True,True,False
1052,ENSG00000157557,ETS2,ETS2,P15036,ETS2,0.434,ENST00000360938,False,True,False
1053,ENSG00000006468,ETV1,ETV1,P50549,ETV1,0.658,ENST00000430479,True,True,False
1054,ENSG00000105672,ETV2,ETV2,O00321,ETV2,1.448,ENST00000402764,True,True,False
1055,ENSG00000117036,ETV3,ETV3,P41162,ETV3,0.447,ENST00000368192,True,True,False
1056,ENSG00000253831,ETV3L,ETV3L,Q6ZN32,ETV3L,1.452,ENST00000454449,False,False,False
1057,ENSG00000175832,ETV4,ETV4,P43268,ETV4,0.821,ENST00000319349,True,True,False
1058,ENSG00000244405,ETV5,ETV5,P41161,ETV5,0.233,ENST00000306376,True,True,False
1059,ENSG00000139083,ETV6,ETV6,P41212,ETV6,0.44,ENST00000396373,True,False,False
1060,ENSG00000010030,ETV7,ETV7,Q9Y603,ETV7,1.384,ENST00000340181,True,False,False
1061,ENSG00000163497,FEV,FEV,Q99581,FEV,1.311,ENST00000295727,True,False,False
1062,ENSG00000151702,FLI1,FLI1,Q01543,FLI1,0.367,ENST00000527786,True,True,False
1063,ENSG00000154727,GABPA,GABPA,Q06546,GABPA,0.083,ENST00000400075,True,False,False
1064,ENSG00000124664,SPDEF,SPDEF,O95238,SPDEF,0.578,ENST00000374037,True,False,False
1065,ENSG00000066336,SPI1,SPI1,P17947,SPI1,0.3,ENST00000378538,True,True,False
1066,ENSG00000269404,SPIB,SPIB,Q01892,SPIB,0.57,ENST00000595883,False,True,False
1067,ENSG00000166211,SPIC,SPIC,Q8N5J4,SPIC,1.091,ENST00000551346,True,True,False
1068,ENSG00000163435,ELF3,ELF3,P78545,ELF3,0.678,ENST00000367284,False,True,False
1069,ENSG00000059122,FLYWCH1,FLYWCH1,Q4VC44,FLYWCH1,1.647,ENST00000253928,True,False,False
1070,ENSG00000129514,FOXA1,FOXA1,P55317,FOXA1,0.575,ENST00000250448,True,True,False
1071,ENSG00000125798,FOXA2,FOXA2,Q9Y261,FOXA2,0.518,ENST00000419308,True,True,False
1072,ENSG00000170608,FOXA3,FOXA3,P55318,FOXA3,1.048,ENST00000302177,True,False,False
1073,ENSG00000171956,FOXB1,FOXB1,Q99853,FOXB1,0.689,ENST00000396057,True,False,False
1074,ENSG00000204612,FOXB2,FOXB2,Q5VYV0,FOXB2,1.935,ENST00000376708,True,False,False
1075,ENSG00000054598,FOXC1,FOXC1,Q12948,FOXC1,1.276,ENST00000645831,True,True,False
1076,ENSG00000176692,FOXC2,FOXC2,Q99958,FOXC2,1.807,ENST00000649859,True,True,False
1077,ENSG00000251493,FOXD1,FOXD1,Q16676,FOXD1,1.931,ENST00000615637,False,False,False
1078,ENSG00000186564,FOXD2,FOXD2,O60548,FOXD2,1.955,ENST00000334793,False,False,False
1079,ENSG00000187140,FOXD3,FOXD3,Q9UJU5,FOXD3,1.889,ENST00000371116,True,False,False
1080,ENSG00000170122,FOXD4,FOXD4,Q12950,FOXD4,1.373,ENST00000382500,False,False,False
1081,ENSG00000184492,FOXD4L1,FOXD4L1,Q9NU39,FOXD4L1,0.799,ENST00000306507,True,False,False
1082,ENSG00000187559,FOXD4L3,FOXD4L3,Q6VB84,FOXD4L3,0.297,ENST00000342833,False,False,False
1083,ENSG00000184659,FOXD4L4,FOXD4L4,Q8WXT5,FOXD4L4,0.777,ENST00000377413,False,False,False
1084,ENSG00000204779,FOXD4L5,FOXD4L5,Q5VV16,FOXD4L5,0.409,ENST00000377420,True,False,False
1085,ENSG00000273514,FOXD4L6,FOXD4L6,Q3SYB3,FOXD4L6,1.427,ENST00000622588,True,False,False
1086,ENSG00000178919,FOXE1,FOXE1,O00358,FOXE1,1.926,ENST00000375123,True,False,False
1087,ENSG00000186790,FOXE3,FOXE3,Q13461,FOXE3,1.935,ENST00000335071,False,False,False
1088,ENSG00000103241,FOXF1,FOXF1,Q12946,FOXF1,0.685,ENST00000262426,True,True,False
1089,ENSG00000137273,FOXF2,FOXF2,Q12947,FOXF2,1.016,ENST00000645481,False,True,False
1090,ENSG00000176165,FOXG1,FOXG1,P55316,FOXG1,0.36,ENST00000313071,True,False,True
1091,ENSG00000160973,FOXH1,FOXH1,O75593,FOXH1,1.608,ENST00000377317,True,False,False
1092,ENSG00000168269,FOXI1,FOXI1,Q12951,FOXI1,1.061,ENST00000306268,True,True,False
1093,ENSG00000186766,FOXI2,FOXI2,Q6ZQN5,FOXI2,1.943,ENST00000388920,False,False,False
1094,ENSG00000214336,FOXI3,FOXI3,A8MTJ6,FOXI3,0.73,ENST00000428390,False,True,False
1095,ENSG00000129654,FOXJ1,FOXJ1,Q92949,FOXJ1,0.701,ENST00000322957,True,True,False
1096,ENSG00000065970,FOXJ2,FOXJ2,Q9P0K8,FOXJ2,0.398,ENST00000162391,False,True,False
1097,ENSG00000198815,FOXJ3,FOXJ3,Q9UPW0,FOXJ3,0.418,ENST00000361346,False,True,False
1098,ENSG00000164916,FOXK1,FOXK1,P85037,FOXK1,0.664,ENST00000328914,True,False,False
1099,ENSG00000141568,FOXK2,FOXK2,Q01167,FOXK2,0.721,ENST00000335255,True,False,False
1100,ENSG00000176678,FOXL1,FOXL1,Q12952,FOXL1,1.84,ENST00000320241,True,False,False
1101,ENSG00000183770,FOXL2,FOXL2,P58012,FOXL2,1.913,ENST00000648323,True,False,False
1102,ENSG00000111206,FOXM1,FOXM1,Q08050,FOXM1,0.545,ENST00000359843,True,True,False
1103,ENSG00000109101,FOXN1,FOXN1,O15353,FOXN1,0.442,ENST00000579795,True,True,False
1104,ENSG00000170802,FOXN2,FOXN2,P32314,FOXN2,0.735,ENST00000340553,True,True,False
1105,ENSG00000053254,FOXN3,FOXN3,O00409,FOXN3,0.373,ENST00000557258,True,False,False
1106,ENSG00000139445,FOXN4,FOXN4,Q96NZ1,FOXN4,0.435,ENST00000299162,True,True,False
1107,ENSG00000150907,FOXO1,FOXO1,Q12778,FOXO1,0.348,ENST00000379561,True,True,False
1108,ENSG00000118689,FOXO3,FOXO3,O43524,FOXO3,0.26,ENST00000406360,True,True,False
1109,ENSG00000184481,FOXO4,FOXO4,P98177,FOXO4,,,True,True,False
1110,ENSG00000204060,FOXO6,FOXO6,A8MYZ6,FOXO6,1.099,ENST00000641094,False,True,False
1111,ENSG00000114861,FOXP1,FOXP1,Q9H334,FOXP1,0.279,ENST00000649528,True,False,True
1112,ENSG00000128573,FOXP2,FOXP2,O15409,FOXP2,0.157,ENST00000350908,True,False,True
1113,ENSG00000049768,FOXP3,FOXP3,Q9BZS1,FOXP3,,,True,False,False
1114,ENSG00000137166,FOXP4,FOXP4,Q8IVH2,FOXP4,0.496,ENST00000307972,True,False,False
1115,ENSG00000164379,FOXQ1,FOXQ1,Q9C009,FOXQ1,1.938,ENST00000296839,True,False,False
1116,ENSG00000176302,FOXR1,FOXR1,Q6PIV2,FOXR1,0.984,ENST00000317011,True,True,False
1117,ENSG00000189299,FOXR2,FOXR2,Q6PJQ5,FOXR2,,,True,True,False
1118,ENSG00000179772,FOXS1,FOXS1,O43638,FOXS1,0.959,ENST00000375978,False,False,False
1119,ENSG00000102145,GATA1,GATA1,P15976,GATA1,,,True,True,False
1120,ENSG00000179348,GATA2,GATA2,P23769,GATA2,0.335,ENST00000341105,True,True,False
1121,ENSG00000107485,GATA3,GATA3,P23771,GATA3,0.376,ENST00000379328,True,True,False
1122,ENSG00000136574,GATA4,GATA4,P43694,GATA4,0.468,ENST00000532059,True,True,False
1123,ENSG00000130700,GATA5,GATA5,Q9BWX5,GATA5,1.629,ENST00000252997,True,True,False
1124,ENSG00000141448,GATA6,GATA6,Q92908,GATA6,0.527,ENST00000269216,True,True,False
1125,ENSG00000167491,GATAD2A,GATAD2A,Q86YP4,GATAD2A,0.295,ENST00000683918,True,False,False
1126,ENSG00000143614,GATAD2B,GATAD2B,Q8WXI9,GATAD2B,0.236,ENST00000368655,True,False,False
1127,ENSG00000104447,TRPS1,TRPS1,Q9UHF7,TRPS1,0.114,ENST00000395715,True,False,False
1128,ENSG00000220201,ZGLP1,ZGLP1,P0C6A0,ZGLP1,0.898,ENST00000403903,True,False,False
1129,ENSG00000137270,GCM1,GCM1,Q9NP62,GCM1,0.404,ENST00000259803,True,True,False
1130,ENSG00000124827,GCM2,GCM2,O75603,GCM2,1.205,ENST00000379491,True,True,False
1131,ENSG00000134317,GRHL1,GRHL1,Q9NZI5,GRHL1,0.834,ENST00000324907,True,True,False
1132,ENSG00000083307,GRHL2,GRHL2,Q6ISB3,GRHL2,0.367,ENST00000646743,True,True,False
1133,ENSG00000158055,GRHL3,GRHL3,Q8TE85,GRHL3,0.4,ENST00000361548,True,True,False
1134,ENSG00000135457,TFCP2,TFCP2,Q12800,TFCP2,0.564,ENST00000257915,True,True,False
1135,ENSG00000115112,TFCP2L1,TFCP2L1,Q9NZI6,TFCP2L1,0.277,ENST00000263707,True,False,False
1136,ENSG00000153560,UBP1,UBP1,Q9NZI7,UBP1,0.492,ENST00000283629,True,False,False
1137,ENSG00000263001,GTF2I,GTF2I,P78347,GTF2I,0.195,ENST00000573035,True,False,True
1138,ENSG00000006704,GTF2IRD1,GTF2IRD1,Q9UHL9,GTF2IRD1,0.309,ENST00000424337,True,False,False
1139,ENSG00000196275,GTF2IRD2,GTF2IRD2,Q86UP8,GTF2IRD2,0.871,ENST00000451013,False,False,False
1140,ENSG00000174428,GTF2IRD2B,GTF2IRD2B,Q6EKJ0,GTF2IRD2B,0.87,ENST00000472837,False,False,False
1141,ENSG00000114439,BBX,BBX,Q8WY36,BBX,0.359,ENST00000325805,True,False,False
1142,ENSG00000079432,CIC,CIC,Q96RK0,CIC,0.249,ENST00000681038,True,False,True
1143,ENSG00000105856,HBP1,HBP1,O60381,HBP1,0.679,ENST00000222574,True,True,False
1144,ENSG00000105856,HBP1,HBP1,Q8IV16,GPIHBP1,0.679,ENST00000222574,False,False,False
1145,ENSG00000140382,HMG20A,HMG20A,Q9NP66,HMG20A,0.582,ENST00000336216,False,False,False
1146,ENSG00000064961,HMG20B,HMG20B,Q9P0W2,HMG20B,1.087,ENST00000333651,True,False,False
1147,ENSG00000118418,HMGN3,HMGN3,Q15651,HMGN3,0.665,ENST00000344726,True,False,False
1148,ENSG00000138795,LEF1,LEF1,Q9UJU2,LEF1,0.459,ENST00000265165,True,True,False
1149,ENSG00000182968,SOX1,SOX1,O00570,SOX1,1.95,ENST00000330949,False,True,False
1150,ENSG00000100146,SOX10,SOX10,P56693,SOX10,0.248,ENST00000396884,True,True,False
1151,ENSG00000176887,SOX11,SOX11,P35716,SOX11,1.148,ENST00000322002,True,True,False
1152,ENSG00000177732,SOX12,SOX12,O15370,SOX12,0.89,ENST00000342665,False,True,False
1153,ENSG00000177732,SOX12,SOX12,O60248,SOX15,0.89,ENST00000342665,False,True,False
1154,ENSG00000143842,SOX13,SOX13,Q9UN79,SOX13,0.631,ENST00000367204,True,False,False
1155,ENSG00000168875,SOX14,SOX14,O95416,SOX14,0.72,ENST00000306087,True,True,False
1156,ENSG00000129194,SOX15,,,,1.444,ENST00000250055,False,True,False
1157,ENSG00000164736,SOX17,SOX17,Q9H6I2,SOX17,0.614,ENST00000297316,False,True,False
1158,ENSG00000203883,SOX18,SOX18,P35713,SOX18,1.483,ENST00000340356,False,True,False
1159,ENSG00000181449,SOX2,SOX2,P48431,SOX2,0.302,ENST00000325404,False,True,False
1160,ENSG00000125285,SOX21,SOX21,Q9Y651,SOX21,1.716,ENST00000376945,True,False,False
1161,ENSG00000134595,SOX3,SOX3,P41225,SOX3,,,True,True,False
1162,ENSG00000039600,SOX30,SOX30,O94993,SOX30,0.493,ENST00000265007,True,False,False
1163,ENSG00000124766,SOX4,SOX4,Q06945,SOX4,0.72,ENST00000244745,False,True,False
1164,ENSG00000134532,SOX5,SOX5,P35711,SOX5,0.204,ENST00000451604,True,False,True
1165,ENSG00000110693,SOX6,SOX6,P35712,SOX6,0.165,ENST00000683767,True,False,True
1166,ENSG00000171056,SOX7,SOX7,Q9BT81,SOX7,1.373,ENST00000304501,False,True,False
1167,ENSG00000005513,SOX8,SOX8,P57073,SOX8,0.904,ENST00000293894,True,True,False
1168,ENSG00000125398,SOX9,SOX9,P48436,SOX9,0.154,ENST00000245479,True,True,False
1169,ENSG00000184895,SRY,SRY,Q05066,SRY,,,True,False,False
1170,ENSG00000081059,TCF7,TCF7,P36402,TCF7,0.624,ENST00000342854,False,True,False
1171,ENSG00000152284,TCF7L1,,,,0.472,ENST00000282111,False,True,False
1172,ENSG00000148737,TCF7L2,,,,0.474,ENST00000627217,False,True,True
1173,ENSG00000101126,ADNP,ADNP,Q9H2P0,ADNP,0.106,ENST00000621696,True,False,True
1174,ENSG00000101544,ADNP2,ADNP2,Q6IQ32,ADNP2,0.896,ENST00000262198,True,False,False
1175,ENSG00000180318,ALX1,ALX1,Q15699,ALX1,0.838,ENST00000316824,True,True,False
1176,ENSG00000156150,ALX3,ALX3,O95076,ALX3,1.051,ENST00000647563,True,True,False
1177,ENSG00000052850,ALX4,ALX4,Q9H161,ALX4,0.902,ENST00000652299,True,False,False
1178,ENSG00000227059,ANHX,ANHX,E9PGG2,ANHX,0.776,ENST00000545940,True,False,False
1179,ENSG00000186103,ARGFX,ARGFX,A6NJG6,ARGFX,1.843,ENST00000334384,True,True,False
1180,ENSG00000004848,ARX,ARX,Q96QS3,ARX,,,True,True,True
1181,ENSG00000125492,BARHL1,BARHL1,Q9BZE3,BARHL1,0.419,ENST00000263610,True,False,False
1182,ENSG00000143032,BARHL2,BARHL2,Q9NY43,BARHL2,0.629,ENST00000370445,True,False,False
1183,ENSG00000131668,BARX1,BARX1,Q9HBU1,BARX1,1.266,ENST00000253968,True,False,False
1184,ENSG00000043039,BARX2,BARX2,Q9UMQ3,BARX2,0.729,ENST00000281437,False,False,False
1185,ENSG00000188909,BSX,BSX,Q3C1V8,BSX,1.172,ENST00000343035,True,True,False
1186,ENSG00000113722,CDX1,CDX1,P47902,CDX1,1.625,ENST00000231656,True,True,False
1187,ENSG00000165556,CDX2,CDX2,Q99626,CDX2,0.609,ENST00000381020,True,True,False
1188,ENSG00000131264,CDX4,CDX4,O14627,CDX4,,,True,True,False
1189,ENSG00000105392,CRX,CRX,O43186,CRX,0.673,ENST00000221996,True,True,False
1190,ENSG00000109851,DBX1,DBX1,A6NMT0,DBX1,0.98,ENST00000524983,True,False,False
1191,ENSG00000185610,DBX2,DBX2,Q6ZNG2,DBX2,1.61,ENST00000332700,True,False,False
1192,ENSG00000144355,DLX1,DLX1,P56177,DLX1,0.546,ENST00000361725,True,False,False
1193,ENSG00000115844,DLX2,DLX2,Q07687,DLX2,0.529,ENST00000234198,True,False,True
1194,ENSG00000064195,DLX3,DLX3,O60479,DLX3,0.559,ENST00000434704,True,True,True
1195,ENSG00000108813,DLX4,DLX4,Q92988,DLX4,1.056,ENST00000240306,True,False,False
1196,ENSG00000105880,DLX5,DLX5,P56178,DLX5,0.498,ENST00000648378,False,False,False
1197,ENSG00000006377,DLX6,DLX6,P56179,DLX6,0.379,ENST00000518156,True,False,True
1198,ENSG00000197587,DMBX1,DMBX1,Q8NFW5,DMBX1,0.407,ENST00000360032,True,False,False
1199,ENSG00000204595,DPRX,DPRX,A6NFQ7,DPRX,1.777,ENST00000376650,True,False,False
1200,ENSG00000165606,DRGX,DRGX,A6NNA5,DRGX,1.062,ENST00000374139,True,False,False
1201,DUX1_HUMAN,DUX1,DUX1,O43812,DUX1,,,False,False,False
1202,DUX3_HUMAN,DUX3,DUX3,Q96PT4,DUX3,,,False,False,False
1203,ENSG00000260596,DUX4,DUX4,Q9UBX2,DUX4,,,False,True,False
1204,ENSG00000258873,DUXA,DUXA,A6NLW8,DUXA,1.18,ENST00000554048,True,False,False
1205,ENSG00000135638,EMX1,EMX1,Q04741,EMX1,1.324,ENST00000258106,True,False,False
1206,ENSG00000170370,EMX2,EMX2,Q04743,EMX2,0.499,ENST00000553456,True,False,False
1207,ENSG00000163064,EN1,EN1,Q05925,EN1,0.724,ENST00000295206,True,False,False
1208,ENSG00000164778,EN2,EN2,P19622,EN2,0.775,ENST00000297375,True,False,True
1209,ENSG00000123576,ESX1,ESX1,Q8N693,ESX1,,,True,False,False
1210,ENSG00000106038,EVX1,EVX1,P49640,EVX1,1.097,ENST00000496902,True,False,False
1211,ENSG00000174279,EVX2,EVX2,Q03828,EVX2,1.228,ENST00000308618,True,False,False
1212,ENSG00000164900,GBX1,GBX1,Q14549,GBX1,0.768,ENST00000297537,True,False,False
1213,ENSG00000168505,GBX2,GBX2,P52951,GBX2,0.596,ENST00000306318,True,False,False
1214,ENSG00000133937,GSC,GSC,P56915,GSC,1.398,ENST00000238558,False,False,False
1215,ENSG00000063515,GSC2,GSC2,O15499,GSC2,1.9,ENST00000086933,False,False,False
1216,ENSG00000169840,GSX1,GSX1,Q9H4S2,GSX1,1.419,ENST00000302945,True,False,False
1217,ENSG00000180613,GSX2,GSX2,Q9BZM3,GSX2,1.278,ENST00000326902,True,False,False
1218,ENSG00000165259,HDX,HDX,Q7Z353,HDX,,,True,False,False
1219,ENSG00000163666,HESX1,HESX1,Q9UBX0,HESX1,0.84,ENST00000295934,True,False,False
1220,ENSG00000152804,HHEX,HHEX,Q03014,HHEX,0.653,ENST00000282728,True,True,False
1221,ENSG00000136630,HLX,HLX,Q14774,HLX,0.415,ENST00000366903,True,False,False
1222,ENSG00000147421,HMBOX1,HMBOX1,Q6NT76,HMBOX1,0.415,ENST00000287701,True,False,False
1223,ENSG00000215612,HMX1,HMX1,Q9NP08,HMX1,1.957,ENST00000400677,True,False,False
1224,ENSG00000188816,HMX2,HMX2,A2RU54,HMX2,1.214,ENST00000339992,True,False,False
1225,ENSG00000188620,HMX3,HMX3,A6NHT5,HMX3,1.076,ENST00000357878,True,False,False
1226,ENSG00000188620,HMX3,HMX3,Q8IZL8,PELP1,1.076,ENST00000357878,False,False,False
1227,ENSG00000135100,HNF1A,HNF1A,P20823,HNF1A,0.477,ENST00000257555,False,True,False
1228,ENSG00000275410,HNF1B,HNF1B,P35680,HNF1B,0.239,ENST00000617811,True,True,False
1229,ENSG00000215271,HOMEZ,HOMEZ,Q8IX15,HOMEZ,0.589,ENST00000357460,True,False,False
1230,ENSG00000105991,HOXA1,HOXA1,P49639,HOXA1,1.012,ENST00000643460,False,False,True
1231,ENSG00000253293,HOXA10,HOXA10,P31260,HOXA10,0.834,ENST00000283921,True,True,False
1232,ENSG00000005073,HOXA11,HOXA11,P31270,HOXA11,0.605,ENST00000006015,True,False,False
1233,ENSG00000106031,HOXA13,HOXA13,P31271,HOXA13,0.482,ENST00000649031,False,True,False
1234,ENSG00000105996,HOXA2,HOXA2,O43364,HOXA2,0.334,ENST00000222718,False,True,False
1235,ENSG00000105997,HOXA3,HOXA3,O43365,HOXA3,0.544,ENST00000612286,True,False,False
1236,ENSG00000197576,HOXA4,HOXA4,Q00056,HOXA4,1.902,ENST00000360046,True,False,False
1237,ENSG00000106004,HOXA5,HOXA5,P20719,HOXA5,0.996,ENST00000222726,False,False,False
1238,ENSG00000106006,HOXA6,HOXA6,P31267,HOXA6,1.121,ENST00000222728,True,True,False
1239,ENSG00000122592,HOXA7,HOXA7,P31268,HOXA7,1.572,ENST00000242159,True,True,False
1240,ENSG00000078399,HOXA9,HOXA9,P31269,HOXA9,1.433,ENST00000343483,True,False,False
1241,ENSG00000120094,HOXB1,HOXB1,P14653,HOXB1,0.749,ENST00000239174,False,True,False
1242,ENSG00000159184,HOXB13,HOXB13,Q92826,HOXB13,1.273,ENST00000290295,True,True,False
1243,ENSG00000173917,HOXB2,HOXB2,P14652,HOXB2,1.649,ENST00000330070,False,True,False
1244,ENSG00000120093,HOXB3,HOXB3,P14651,HOXB3,0.965,ENST00000498678,True,True,False
1245,ENSG00000182742,HOXB4,HOXB4,P17483,HOXB4,1.177,ENST00000332503,False,False,False
1246,ENSG00000120075,HOXB5,HOXB5,P09067,HOXB5,0.921,ENST00000239151,False,False,False
1247,ENSG00000108511,HOXB6,HOXB6,P17509,HOXB6,1.158,ENST00000225648,False,True,False
1248,ENSG00000260027,HOXB7,HOXB7,P09629,HOXB7,1.207,ENST00000239165,False,True,False
1249,ENSG00000120068,HOXB8,HOXB8,P17481,HOXB8,1.171,ENST00000239144,False,False,False
1250,ENSG00000170689,HOXB9,HOXB9,P17482,HOXB9,0.962,ENST00000311177,True,True,False
1251,ENSG00000180818,HOXC10,HOXC10,Q9NYD6,HOXC10,0.872,ENST00000303460,True,False,False
1252,ENSG00000123388,HOXC11,HOXC11,O43248,HOXC11,1.116,ENST00000546378,True,False,False
1253,ENSG00000123407,HOXC12,HOXC12,P31275,HOXC12,1.89,ENST00000243103,False,False,False
1254,ENSG00000123364,HOXC13,HOXC13,P31276,HOXC13,0.828,ENST00000243056,True,False,False
1255,ENSG00000198353,HOXC4,HOXC4,P09017,HOXC4,0.863,ENST00000430889,False,False,False
1256,ENSG00000172789,HOXC5,HOXC5,Q00444,HOXC5,1.445,ENST00000312492,False,False,False
1257,ENSG00000197757,HOXC6,HOXC6,P09630,HOXC6,0.67,ENST00000243108,True,False,False
1258,ENSG00000037965,HOXC8,HOXC8,P31273,HOXC8,0.872,ENST00000040584,False,False,False
1259,ENSG00000180806,HOXC9,HOXC9,P31274,HOXC9,0.934,ENST00000303450,True,False,False
1260,ENSG00000128645,HOXD1,HOXD1,Q9GZZ0,HOXD1,1.378,ENST00000331462,False,False,False
1261,ENSG00000128710,HOXD10,HOXD10,P28358,HOXD10,0.806,ENST00000249501,True,False,False
1262,ENSG00000128713,HOXD11,HOXD11,P31277,HOXD11,1.425,ENST00000249504,False,False,False
1263,ENSG00000170178,HOXD12,HOXD12,P35452,HOXD12,1.684,ENST00000406506,True,False,False
1264,ENSG00000128714,HOXD13,HOXD13,P35453,HOXD13,0.957,ENST00000392539,True,True,False
1265,ENSG00000128652,HOXD3,HOXD3,P31249,HOXD3,0.637,ENST00000683222,False,False,False
1266,ENSG00000170166,HOXD4,HOXD4,P09016,HOXD4,0.979,ENST00000306324,True,True,False
1267,ENSG00000175879,HOXD8,HOXD8,P13378,HOXD8,1.153,ENST00000313173,True,False,False
1268,ENSG00000128709,HOXD9,HOXD9,P28356,HOXD9,1.655,ENST00000249499,True,True,False
1269,ENSG00000170549,IRX1,IRX1,P78414,IRX1,1.125,ENST00000302006,True,False,False
1270,ENSG00000170561,IRX2,IRX2,Q9BZI1,IRX2,1.305,ENST00000302057,True,False,False
1271,ENSG00000177508,IRX3,IRX3,P78415,IRX3,1.003,ENST00000329734,True,False,False
1272,ENSG00000113430,IRX4,IRX4,P78413,IRX4,1.129,ENST00000231357,True,True,False
1273,ENSG00000176842,IRX5,IRX5,P78411,IRX5,0.413,ENST00000394636,False,False,False
1274,ENSG00000159387,IRX6,IRX6,P78412,IRX6,1.228,ENST00000290552,True,False,False
1275,ENSG00000016082,ISL1,ISL1,P61371,ISL1,0.235,ENST00000230658,True,False,False
1276,ENSG00000159556,ISL2,ISL2,Q96A47,ISL2,0.9,ENST00000290759,True,False,False
1277,ENSG00000175329,ISX,ISX,Q2M1V0,ISX,1.436,ENST00000404699,True,False,False
1278,ENSG00000138136,LBX1,LBX1,P52954,LBX1,0.753,ENST00000370193,True,False,False
1279,ENSG00000179528,LBX2,LBX2,Q6XYB7,LBX2,1.749,ENST00000377566,True,False,False
1280,ENSG00000213921,LEUTX,LEUTX,A8MZ59,LEUTX,1.838,ENST00000638280,True,True,False
1281,ENSG00000273706,LHX1,LHX1,P48742,LHX1,0.552,ENST00000614239,False,True,False
1282,ENSG00000106689,LHX2,LHX2,P50458,LHX2,0.368,ENST00000373615,True,True,False
1283,ENSG00000107187,LHX3,LHX3,Q9UBR4,LHX3,1.024,ENST00000371748,True,True,False
1284,ENSG00000121454,LHX4,LHX4,Q969G2,LHX4,0.589,ENST00000263726,False,False,False
1285,ENSG00000089116,LHX5,LHX5,Q9H2C1,LHX5,0.42,ENST00000261731,True,False,False
1286,ENSG00000106852,LHX6,LHX6,Q9UPM6,LHX6,0.593,ENST00000394319,True,False,False
1287,ENSG00000162624,LHX8,LHX8,Q68G74,LHX8,0.519,ENST00000356261,True,False,False
1288,ENSG00000143355,LHX9,LHX9,Q9NQ69,LHX9,0.411,ENST00000367387,False,False,False
1289,ENSG00000162761,LMX1A,LMX1A,Q8TE12,LMX1A,0.476,ENST00000342310,True,True,False
1290,ENSG00000136944,LMX1B,LMX1B,O60663,LMX1B,0.409,ENST00000373474,True,False,True
1291,ENSG00000143995,MEIS1,MEIS1,O00470,MEIS1,0.228,ENST00000272369,True,True,False
1292,ENSG00000134138,MEIS2,MEIS2,O14770,MEIS2,0.255,ENST00000561208,True,True,True
1293,ENSG00000105419,MEIS3,MEIS3,Q99687,MEIS3,1.084,ENST00000558555,True,False,False
1294,ENSG00000005102,MEOX1,MEOX1,P50221,MEOX1,1.142,ENST00000318579,False,False,False
1295,ENSG00000106511,MEOX2,MEOX2,P50222,MEOX2,0.756,ENST00000262041,False,False,False
1296,ENSG00000185155,MIXL1,MIXL1,Q9H2W2,MIXL1,1.924,ENST00000366810,True,True,False
1297,ENSG00000150051,MKX,MKX,Q8IYA7,MKX,0.575,ENST00000419761,True,False,True
1298,ENSG00000130675,MNX1,MNX1,P50219,MNX1,0.634,ENST00000252971,True,False,False
1299,ENSG00000163132,MSX1,MSX1,P28360,MSX1,1.289,ENST00000382723,True,True,False
1300,ENSG00000120149,MSX2,MSX2,P35548,MSX2,1.013,ENST00000239243,True,True,True
1301,ENSG00000111704,NANOG,NANOG,Q9H9S0,NANOG,0.4,ENST00000229307,True,True,False
1302,ENSG00000205857,NANOGNB,NANOGNB,Q7Z5D8,NANOGNB,1.51,ENST00000382119,False,False,False
1303,ENSG00000255192,NANOGP8,NANOGP8,Q6NSW7,NANOGP8,,ENST00000528386,True,True,False
1304,ENSG00000235608,NKX1-1,NKX1-1,Q15270,NKX1-1,,,True,False,False
1305,ENSG00000229544,NKX1-2,NKX1-2,Q9UD57,NKX1-2,0.894,ENST00000451024,True,False,False
1306,ENSG00000136352,NKX2-1,NKX2-1,P43699,NKX2-1,0.522,ENST00000354822,True,True,False
1307,ENSG00000125820,NKX2-2,NKX2-2,O95096,NKX2-2,0.64,ENST00000377142,True,True,True
1308,ENSG00000119919,NKX2-3,NKX2-3,Q8TAU0,NKX2-3,0.561,ENST00000344586,True,False,False
1309,ENSG00000125816,NKX2-4,NKX2-4,Q9H2Z4,NKX2-4,1.968,ENST00000351817,True,False,False
1310,ENSG00000183072,NKX2-5,NKX2-5,P52952,NKX2-5,0.321,ENST00000329198,True,True,False
1311,ENSG00000180053,NKX2-6,NKX2-6,A6NCS4,NKX2-6,1.687,ENST00000325017,True,False,False
1312,ENSG00000136327,NKX2-8,NKX2-8,O15522,NKX2-8,1.932,ENST00000258829,True,False,False
1313,ENSG00000167034,NKX3-1,NKX3-1,Q99801,NKX3-1,1.179,ENST00000380871,True,False,False
1314,ENSG00000109705,NKX3-2,NKX3-2,P78367,NKX3-2,1.203,ENST00000382438,True,False,False
1315,ENSG00000163623,NKX6-1,NKX6-1,P78426,NKX6-1,1.021,ENST00000295886,True,True,False
1316,ENSG00000148826,NKX6-2,NKX6-2,Q9C056,NKX6-2,1.68,ENST00000368592,True,False,False
1317,ENSG00000165066,NKX6-3,NKX6-3,A6NJ46,NKX6-3,1.24,ENST00000518699,True,False,False
1318,ENSG00000106410,NOBOX,NOBOX,O60393,NOBOX,1.061,ENST00000467773,False,True,False
1319,ENSG00000214513,NOTO,NOTO,A8MTQ0,NOTO,1.597,ENST00000398468,True,False,False
1320,ENSG00000171540,OTP,OTP,Q5XKR4,OTP,0.726,ENST00000306422,True,True,False
1321,ENSG00000115507,OTX1,OTX1,P32242,OTX1,0.508,ENST00000282549,False,True,True
1322,ENSG00000165588,OTX2,OTX2,P32243,OTX2,0.324,ENST00000672264,True,True,False
1323,ENSG00000185630,PBX1,PBX1,P40424,PBX1,0.212,ENST00000420696,True,False,True
1324,ENSG00000204304,PBX2,PBX2,P40425,PBX2,0.399,ENST00000375050,False,False,False
1325,ENSG00000167081,PBX3,PBX3,P40426,PBX3,0.356,ENST00000373489,False,False,False
1326,ENSG00000105717,PBX4,PBX4,Q9BYU1,PBX4,1.079,ENST00000251203,True,False,False
1327,ENSG00000139515,PDX1,PDX1,O00330,PDHX,1.642,ENST00000381033,False,False,False
1328,ENSG00000139515,PDX1,PDX1,P52945,PDX1,1.642,ENST00000381033,True,True,False
1329,ENSG00000165462,PHOX2A,PHOX2A,O14813,PHOX2A,1.844,ENST00000298231,True,True,False
1330,ENSG00000109132,PHOX2B,PHOX2B,Q99453,PHOX2B,0.349,ENST00000226382,True,False,False
1331,ENSG00000069011,PITX1,PITX1,P78337,PITX1,0.575,ENST00000265340,True,True,True
1332,ENSG00000164093,PITX2,PITX2,Q99697,PITX2,0.41,ENST00000644743,True,True,False
1333,ENSG00000107859,PITX3,PITX3,O75364,PITX3,0.691,ENST00000370002,True,False,False
1334,ENSG00000160199,PKNOX1,PKNOX1,P55347,PKNOX1,0.595,ENST00000291547,True,False,False
1335,ENSG00000165495,PKNOX2,PKNOX2,Q96KN3,PKNOX2,0.391,ENST00000298282,True,False,False
1336,ENSG00000175325,PROP1,PROP1,O75360,PROP1,0.87,ENST00000308304,True,True,False
1337,ENSG00000116132,PRRX1,PRRX1,P54821,PRRX1,0.571,ENST00000239461,True,True,False
1338,ENSG00000167157,PRRX2,PRRX2,Q99811,PRRX2,1.164,ENST00000372469,True,True,False
1339,ENSG00000134438,RAX,RAX,O75569,PRKRA,1.197,ENST00000334889,False,False,False
1340,ENSG00000134438,RAX,RAX,Q9Y2V3,RAX,1.197,ENST00000334889,True,False,False
1341,ENSG00000173976,RAX2,RAX2,Q96IS3,RAX2,1.525,ENST00000555633,True,False,False
1342,ENSG00000101883,RHOXF1,RHOXF1,Q8NHV9,RHOXF1,,,False,False,True
1343,ENSG00000131721,RHOXF2,RHOXF2,Q9BQY4,RHOXF2,,,False,False,False
1344,ENSG00000203989,RHOXF2B,RHOXF2B,P0C7M4,RHOXF2B,,,False,False,False
1345,ENSG00000274529,SEBOX,SEBOX,Q9HB31,SEBOX,1.767,ENST00000536498,False,False,False
1346,ENSG00000185960,SHOX,SHOX,O15266,SHOX,,,True,False,True
1347,ENSG00000168779,SHOX2,SHOX2,O60902,SHOX2,0.769,ENST00000483851,True,False,False
1348,ENSG00000126778,SIX1,SIX1,Q15475,SIX1,0.692,ENST00000645694,True,False,False
1349,ENSG00000170577,SIX2,SIX2,Q9NPC8,SIX2,1.24,ENST00000303077,True,True,False
1350,ENSG00000138083,SIX3,SIX3,O95343,SIX3,0.387,ENST00000260653,True,False,False
1351,ENSG00000100625,SIX4,SIX4,Q9UIU6,SIX4,0.676,ENST00000216513,True,True,False
1352,ENSG00000177045,SIX5,SIX5,Q8N196,SIX5,1.08,ENST00000317578,True,False,False
1353,ENSG00000184302,SIX6,SIX6,O95475,SIX6,0.921,ENST00000327720,True,False,False
1354,ENSG00000177426,TGIF1,TGIF1,Q15583,TGIF1,0.477,ENST00000343820,True,False,False
1355,ENSG00000118707,TGIF2,TGIF2,Q9GZN2,TGIF2,0.667,ENST00000373872,False,False,False
1356,ENSG00000153779,TGIF2LX,TGIF2LX,Q8IUE1,TGIF2LX,,,True,False,False
1357,ENSG00000176679,TGIF2LY,TGIF2LY,Q8IUE0,TGIF2LY,,,False,False,False
1358,ENSG00000107807,TLX1,TLX1,P31314,TLX1,0.504,ENST00000370196,True,False,False
1359,ENSG00000115297,TLX2,TLX2,O43763,TLX2,1.278,ENST00000233638,True,False,False
1360,ENSG00000164438,TLX3,TLX3,O43711,TLX3,1.004,ENST00000296921,True,False,False
1361,ENSG00000178928,TPRX1,TPRX1,Q8N7U7,TPRX1,1.651,ENST00000535759,False,True,False
1362,ENSG00000164853,UNCX,UNCX,A6NJT0,UNCX,1.105,ENST00000316333,True,False,False
1363,ENSG00000148704,VAX1,VAX1,Q5SQQ9,VAX1,0.678,ENST00000369206,False,True,False
1364,ENSG00000116035,VAX2,VAX2,Q9UIW0,VAX2,1.508,ENST00000234392,True,True,False
1365,ENSG00000151650,VENTX,VENTX,O95231,VENTX,1.898,ENST00000325980,True,False,False
1366,ENSG00000100987,VSX1,VSX1,Q9NZR4,VSX1,1.686,ENST00000376709,True,False,False
1367,ENSG00000119614,VSX2,VSX2,P58304,VSX2,1.35,ENST00000261980,True,False,False
1368,ENSG00000136367,ZFHX2,ZFHX2,Q9C0A1,ZFHX2,0.604,ENST00000419474,True,False,False
1369,ENSG00000165156,ZHX1,ZHX1,Q9UKY1,ZHX1,0.447,ENST00000395571,True,False,False
1370,ENSG00000178764,ZHX2,ZHX2,Q9Y6X8,ZHX2,0.517,ENST00000314393,True,False,False
1371,ENSG00000174306,ZHX3,ZHX3,Q9H4I2,ZHX3,0.43,ENST00000683867,True,False,False
1372,ENSG00000075891,PAX2,PAX2,Q02962,PAX2,0.451,ENST00000355243,True,True,False
1373,ENSG00000135903,PAX3,PAX3,P23760,PAX3,0.409,ENST00000392070,True,True,False
1374,ENSG00000106331,PAX4,PAX4,O43316,PAX4,1.056,ENST00000639438,False,False,False
1375,ENSG00000007372,PAX6,PAX6,P26367,PAX6,0.226,ENST00000640368,False,True,True
1376,ENSG00000009709,PAX7,PAX7,P23759,PAX7,0.504,ENST00000420770,True,True,False
1377,ENSG00000064835,POU1F1,POU1F1,P28069,POU1F1,0.924,ENST00000350375,False,True,False
1378,ENSG00000143190,POU2F1,POU2F1,P14859,POU2F1,0.256,ENST00000367866,False,True,False
1379,ENSG00000028277,POU2F2,POU2F2,P09086,POU2F2,0.279,ENST00000692977,True,True,False
1380,ENSG00000137709,POU2F3,POU2F3,Q9UKI9,POU2F3,0.577,ENST00000543440,True,False,False
1381,ENSG00000185668,POU3F1,POU3F1,Q03052,POU3F1,1.015,ENST00000373012,True,True,False
1382,ENSG00000184486,POU3F2,POU3F2,P20265,POU3F2,0.822,ENST00000328345,False,False,False
1383,ENSG00000198914,POU3F3,POU3F3,P20264,POU3F3,0.482,ENST00000361360,False,False,True
1384,ENSG00000196767,POU3F4,POU3F4,P49335,POU3F4,,,False,False,False
1385,ENSG00000152192,POU4F1,POU4F1,Q01851,POU4F1,0.713,ENST00000377208,False,False,False
1386,ENSG00000151615,POU4F2,POU4F2,Q12837,POU4F2,0.888,ENST00000281321,False,True,False
1387,ENSG00000091010,POU4F3,POU4F3,Q15319,POU4F3,0.565,ENST00000646991,False,False,False
1388,ENSG00000204531,POU5F1,POU5F1,Q01860,POU5F1,0.319,ENST00000259915,True,True,False
1389,ENSG00000212993,POU5F1B,POU5F1B,Q06416,POU5F1B,1.293,ENST00000465342,True,True,False
1390,ENSG00000248483,POU5F2,POU5F2,Q8N7G0,POU5F2,1.891,ENST00000606183,False,False,False
1391,ENSG00000184271,POU6F1,POU6F1,Q14863,POU6F1,0.533,ENST00000333640,False,False,False
1392,ENSG00000106536,POU6F2,POU6F2,P78424,POU6F2,0.592,ENST00000518318,False,False,False
1393,ENSG00000185122,HSF1,HSF1,Q00613,HSF1,0.884,ENST00000528838,True,True,False
1394,ENSG00000025156,HSF2,HSF2,Q03933,HSF2,0.409,ENST00000368455,True,True,False
1395,ENSG00000102878,HSF4,HSF4,Q9ULV5,HSF4,1.111,ENST00000521374,True,False,False
1396,ENSG00000176160,HSF5,HSF5,Q4G112,HSF5,0.255,ENST00000323777,True,True,False
1397,ENSG00000171116,HSFX1,HSFX1,Q9UBD0,HSFX1; HSFX2,,,True,False,False
1398,ENSG00000268738,HSFX2,,,,,,False,True,False
1399,ENSG00000172468,HSFY1,HSFY1,Q96LI6,HSFY1; HSFY2,,,False,False,False
1400,ENSG00000169953,HSFY2,,,,,,False,True,False
1401,ENSG00000125347,IRF1,IRF1,P10914,IRF1,0.531,ENST00000245414,True,True,False
1402,ENSG00000168310,IRF2,IRF2,P14316,IRF2,0.483,ENST00000393593,True,True,False
1403,ENSG00000126456,IRF3,IRF3,Q14653,IRF3,0.949,ENST00000377139,True,True,False
1404,ENSG00000137265,IRF4,IRF4,Q15306,IRF4,0.383,ENST00000380956,True,False,False
1405,ENSG00000128604,IRF5,IRF5,Q13568,IRF5,0.536,ENST00000357234,True,True,False
1406,ENSG00000117595,IRF6,IRF6,O14896,IRF6,0.214,ENST00000367021,True,True,False
1407,ENSG00000185507,IRF7,IRF7,Q92985,IRF7,1.766,ENST00000525445,True,True,False
1408,ENSG00000140968,IRF8,IRF8,Q02556,IRF8,0.462,ENST00000268638,True,False,False
1409,ENSG00000213928,IRF9,IRF9,Q00978,IRF9,0.499,ENST00000396864,False,False,False
1410,ENSG00000188981,MSANTD1,MSANTD1,Q6ZTZ1,MSANTD1,0.733,ENST00000438480,False,False,False
1411,ENSG00000066697,MSANTD3,MSANTD3,Q96H12,MSANTD3,0.649,ENST00000395067,False,False,False
1412,ENSG00000171169,NAIF1,NAIF1,Q69YI7,NAIF1,1.119,ENST00000373078,False,False,False
1413,ENSG00000064489,BORCS8-MEF2B,,,,0.776,ENST00000514819,False,True,False
1414,ENSG00000068305,MEF2A,MEF2A,Q02078,MEF2A,0.762,ENST00000557942,True,True,False
1415,ENSG00000213999,MEF2B,MEF2B,Q02080,MEF2B,0.778,ENST00000424583,False,True,False
1416,ENSG00000081189,MEF2C,MEF2C,Q06413,MEF2C,0.212,ENST00000504921,True,True,True
1417,ENSG00000116604,MEF2D,MEF2D,Q14814,MEF2D,0.285,ENST00000348159,True,True,False
1418,ENSG00000112658,SRF,SRF,P11831,SRF,0.358,ENST00000265354,True,True,False
1419,ENSG00000123636,BAZ2B,BAZ2B,Q9UIF8,BAZ2B,0.386,ENST00000392783,True,False,True
1420,ENSG00000134046,MBD2,MBD2,Q9UBB5,MBD2,0.539,ENST00000256429,True,True,False
1421,ENSG00000071655,MBD3,MBD3,O95983,MBD3,0.681,ENST00000434436,True,False,True
1422,ENSG00000129071,MBD4,MBD4,O95243,MBD4,1.023,ENST00000429544,True,False,True
1423,ENSG00000166987,MBD6,MBD6,Q96DN6,MBD6,0.5,ENST00000355673,False,False,True
1424,ENSG00000127445,PIN1,PIN1,Q13526,PIN1,1.176,ENST00000247970,True,False,False
1425,ENSG00000143379,SETDB1,SETDB1,Q15047,SETDB1,0.29,ENST00000692827,True,False,True
1426,ENSG00000136169,SETDB2,SETDB2,Q96T68,SETDB2,0.858,ENST00000611815,True,False,True
1427,ENSG00000076108,BAZ2A,BAZ2A,Q9UIF9,BAZ2A,0.226,ENST00000549884,True,False,False
1428,ENSG00000169057,MECP2,MECP2,P51608,MECP2,,,True,False,True
1429,ENSG00000141644,MBD1,MBD1,Q9UIS9,MBD1,0.41,ENST00000269468,True,False,True
1430,ENSG00000127989,MTERF1,MTERF1,Q99551,MTERF1,1.205,ENST00000351870,False,False,False
1431,ENSG00000120832,MTERF2,MTERF2,Q49AM1,MTERF2,1.026,ENST00000240050,False,False,False
1432,ENSG00000156469,MTERF3,MTERF3,Q96E29,MTERF3,1.212,ENST00000287025,True,True,False
1433,ENSG00000122085,MTERF4,MTERF4,Q7Z6M4,MTERF4,1.037,ENST00000391980,False,False,False
1434,ENSG00000096401,CDC5L,CDC5L,Q99459,CDC5L,0.26,ENST00000371477,True,False,False
1435,ENSG00000135164,DMTF1,DMTF1,Q9Y222,DMTF1,0.539,ENST00000331242,False,True,False
1436,ENSG00000170903,MSANTD4,MSANTD4,Q8NCY6,MSANTD4,0.644,ENST00000301919,True,False,False
1437,ENSG00000118513,MYB,MYB,P10242,MYB,0.443,ENST00000341911,True,True,False
1438,ENSG00000185697,MYBL1,MYBL1,P10243,MYBL1,0.28,ENST00000522677,True,True,False
1439,ENSG00000101057,MYBL2,MYBL2,P10244,MYBL2,0.496,ENST00000217026,True,True,False
1440,ENSG00000176182,MYPOP,MYPOP,Q86VE0,MYPOP,1.724,ENST00000322217,True,False,False
1441,ENSG00000162601,MYSM1,MYSM1,Q5VVJ2,MYSM1,0.578,ENST00000472487,True,False,False
1442,ENSG00000165684,SNAPC4,SNAPC4,Q5SXM2,SNAPC4,0.995,ENST00000684778,True,False,False
1443,ENSG00000249961,TERB1,TERB1,Q8NA31,TERB1,1.075,ENST00000433154,True,False,False
1444,ENSG00000147601,TERF1,TERF1,P54274,TERF1,0.6,ENST00000276603,True,False,False
1445,ENSG00000132604,TERF2,TERF2,Q15554,TERF2,0.444,ENST00000254942,True,False,True
1446,ENSG00000125482,TTF1,TTF1,Q15361,TTF1,1.018,ENST00000334270,False,False,False
1447,ENSG00000036549,ZZZ3,ZZZ3,Q8IYH5,ZZZ3,0.289,ENST00000370801,False,False,False
1448,ENSG00000124920,MYRF,MYRF,Q9Y2G1,MYRF,0.215,ENST00000278836,True,True,False
1449,ENSG00000166268,MYRFL,MYRFL,Q96LU7,MYRFL,0.91,ENST00000552032,False,True,False
1450,ENSG00000086102,NFX1,NFX1,Q12986,NFX1,0.574,ENST00000379540,True,False,False
1451,ENSG00000170448,NFXL1,NFXL1,Q6ZNB6,NFXL1,0.91,ENST00000507489,True,False,False
1452,ENSG00000169083,AR,AR,P10275,AR,,,True,True,False
1453,ENSG00000091831,ESR1,ESR1,P03372,ESR1,0.456,ENST00000206249,False,True,False
1454,ENSG00000140009,ESR2,ESR2,Q92731,ESR2,1.002,ENST00000341099,True,True,True
1455,ENSG00000173153,ESRRA,ESRRA,P11474,ESRRA,0.458,ENST00000000442,True,True,False
1456,ENSG00000119715,ESRRB,ESRRB,O95718,ESRRB,0.56,ENST00000644823,False,True,True
1457,ENSG00000196482,ESRRG,ESRRG,P62508,ESRRG,0.464,ENST00000408911,True,True,False
1458,ENSG00000101076,HNF4A,HNF4A,P41235,HNF4A,0.439,ENST00000316099,True,True,False
1459,ENSG00000164749,HNF4G,HNF4G,Q14541,HNF4G,0.421,ENST00000396423,True,False,False
1460,ENSG00000169297,NR0B1,NR0B1,P51843,NR0B1,,,True,False,False
1461,ENSG00000126368,NR1D1,NR1D1,P20393,NR1D1,0.476,ENST00000246672,True,True,True
1462,ENSG00000174738,NR1D2,NR1D2,Q14995,NR1D2,0.702,ENST00000312521,True,False,False
1463,ENSG00000131408,NR1H2,NR1H2,P55055,NR1H2,0.901,ENST00000253727,True,True,False
1464,ENSG00000025434,NR1H3,NR1H3,Q13133,NR1H3,0.556,ENST00000441012,True,True,False
1465,ENSG00000012504,NR1H4,NR1H4,Q96RI1,NR1H4,0.577,ENST00000392986,False,True,False
1466,ENSG00000144852,NR1I2,NR1I2,O75469,NR1I2,1.177,ENST00000393716,True,True,False
1467,ENSG00000143257,NR1I3,NR1I3,Q14994,NR1I3,1.015,ENST00000367983,False,True,False
1468,ENSG00000120798,NR2C1,NR2C1,P13056,NR2C1,0.701,ENST00000333003,True,False,False
1469,ENSG00000177463,NR2C2,NR2C2,P49116,NR2C2,0.159,ENST00000425241,True,False,False
1470,ENSG00000112333,NR2E1,NR2E1,Q9Y466,NR2E1,0.268,ENST00000368986,True,False,False
1471,ENSG00000278570,NR2E3,NR2E3,Q9Y5X4,NR2E3,1.47,ENST00000617575,True,False,False
1472,ENSG00000175745,NR2F1,NR2F1,P10589,NR2F1,0.133,ENST00000327111,True,False,True
1473,ENSG00000185551,NR2F2,NR2F2,P24468,NR2F2,0.197,ENST00000394166,True,False,False
1474,ENSG00000160113,NR2F6,NR2F6,P10588,NR2F6,1.256,ENST00000291442,False,False,False
1475,ENSG00000113580,NR3C1,NR3C1,P04150,NR3C1,0.294,ENST00000394464,True,True,False
1476,ENSG00000151623,NR3C2,NR3C2,P08235,NR3C2,0.268,ENST00000358102,True,False,True
1477,ENSG00000123358,NR4A1,NR4A1,P22736,NR4A1,0.713,ENST00000394825,True,True,False
1478,ENSG00000153234,NR4A2,NR4A2,P43354,NR4A2,0.093,ENST00000339562,True,True,True
1479,ENSG00000119508,NR4A3,NR4A3,Q92570,NR4A3,0.437,ENST00000395097,True,True,False
1480,ENSG00000136931,NR5A1,NR5A1,Q13285,NR5A1,0.314,ENST00000373588,True,True,False
1481,ENSG00000116833,NR5A2,NR5A2,O00482,NR5A2,0.619,ENST00000367362,True,True,False
1482,ENSG00000148200,NR6A1,NR6A1,Q15406,NR6A1,0.193,ENST00000487099,True,True,False
1483,ENSG00000082175,PGR,PGR,P06401,PGR,0.554,ENST00000325455,True,True,False
1484,ENSG00000186951,PPARA,PPARA,Q07869,PPARA,0.711,ENST00000407236,True,True,False
1485,ENSG00000112033,PPARD,PPARD,Q03181,PPARD,0.311,ENST00000360694,False,True,False
1486,ENSG00000132170,PPARG,PPARG,P37231,PPARG,0.628,ENST00000651735,True,True,False
1487,ENSG00000131759,RARA,RARA,P10276,RARA,0.254,ENST00000254066,False,True,False
1488,ENSG00000077092,RARB,RARB,P10826,RARB,0.477,ENST00000330688,False,True,False
1489,ENSG00000172819,RARG,RARG,P13631,RARG,0.604,ENST00000425354,True,True,False
1490,ENSG00000069667,RORA,RORA,P35398,RORA,0.207,ENST00000335670,True,True,True
1491,ENSG00000198963,RORB,RORB,Q92753,RORB,0.257,ENST00000376896,True,False,True
1492,ENSG00000143365,RORC,RORC,P51449,RORC,0.351,ENST00000318247,True,True,False
1493,ENSG00000186350,RXRA,RXRA,P19793,RXRA,0.266,ENST00000481739,False,True,False
1494,ENSG00000204231,RXRB,RXRB,P28702,RXRB,0.513,ENST00000374680,True,True,False
1495,ENSG00000143171,RXRG,RXRG,P48443,RXRG,0.542,ENST00000359842,True,True,False
1496,ENSG00000126351,THRA,THRA,P10827,THRA,0.439,ENST00000450525,False,True,True
1497,ENSG00000151090,THRB,THRB,P10828,THRB,0.43,ENST00000646209,False,True,False
1498,ENSG00000111424,VDR,VDR,P11473,VDR,0.714,ENST00000549336,True,True,True
1499,ENSG00000106624,AEBP1,AEBP1,Q8IUX7,AEBP1,0.735,ENST00000223357,True,True,False
1500,ENSG00000160007,ARHGAP35,ARHGAP35,Q9NRY4,ARHGAP35,0.204,ENST00000672722,True,False,False
1501,ENSG00000171634,BPTF,BPTF,Q12830,BPTF,0.09,ENST00000306378,False,False,False
1502,ENSG00000104221,BRF2,BRF2,Q9HAW0,BRF2,0.827,ENST00000220659,False,False,False
1503,ENSG00000138380,CARF,CARF,Q8N187,CARF,0.782,ENST00000438828,False,False,False
1504,ENSG00000138380,CARF,CARF,Q9NXV6,CDKN2AIP,0.782,ENST00000438828,False,False,False
1505,ENSG00000132024,CC2D1A,CC2D1A,Q6P1N0,CC2D1A,0.649,ENST00000318003,True,True,True
1506,ENSG00000115816,CEBPZ,CEBPZ,Q03701,CEBPZ,0.923,ENST00000234170,True,False,False
1507,ENSG00000115163,CENPA,CENPA,P49450,CENPA,0.769,ENST00000335756,False,False,False
1508,ENSG00000175279,CENPS,CENPS,Q8N2Z9,CENPS,1.478,ENST00000309048,False,False,False
1509,ENSG00000102901,CENPT,CENPT,Q96BT3,CENPT,0.917,ENST00000562787,True,False,False
1510,ENSG00000169689,CENPX,CENPX,A8MT69,CENPX,1.663,ENST00000392359,False,False,False
1511,ENSG00000163320,CGGBP1,CGGBP1,Q9UFW8,CGGBP1,0.767,ENST00000482016,True,False,False
1512,ENSG00000106554,CHCHD3,CHCHD3,Q9NX63,CHCHD3,0.869,ENST00000262570,False,False,False
1513,ENSG00000214575,CPEB1,CPEB1,Q9BZB8,CPEB1,0.177,ENST00000684509,False,False,False
1514,ENSG00000144655,CSRNP1,CSRNP1,Q96S65,CSRNP1,0.614,ENST00000273153,False,True,False
1515,ENSG00000110925,CSRNP2,CSRNP2,Q9H175,CSRNP2,0.466,ENST00000228515,False,False,False
1516,ENSG00000178662,CSRNP3,CSRNP3,Q8WYN3,CSRNP3,0.387,ENST00000651982,True,False,False
1517,ENSG00000276644,DACH1,DACH1,Q9UI36,DACH1,0.371,ENST00000613252,True,False,False
1518,ENSG00000126733,DACH2,DACH2,Q96NX9,DACH2,,,True,False,False
1519,ENSG00000117505,DR1,DR1,Q01658,DR1,0.649,ENST00000370272,True,False,False
1520,ENSG00000175550,DRAP1,DRAP1,Q14919,DRAP1,0.738,ENST00000312515,False,False,False
1521,ENSG00000198715,GLMP,GLMP,Q8WWB7,GLMP,1.264,ENST00000362007,True,True,False
1522,ENSG00000062194,GPBP1,GPBP1,Q86WP2,GPBP1,0.275,ENST00000506184,True,False,False
1523,ENSG00000159592,GPBP1L1,GPBP1L1,Q9HC44,GPBP1L1,0.619,ENST00000355105,False,False,False
1524,ENSG00000137947,GTF2B,GTF2B,Q00403,GTF2B,0.875,ENST00000370500,False,False,False
1525,ENSG00000115041,KCNIP3,KCNIP3,Q9Y2W7,KCNIP3,1.249,ENST00000295225,True,False,False
1526,ENSG00000012223,LTF,LTF,P02788,LTF,1.294,ENST00000231751,True,False,False
1527,ENSG00000143033,MTF2,MTF2,Q9Y483,MTF2,0.289,ENST00000370298,True,False,False
1528,ENSG00000148411,NACC2,NACC2,Q96BF6,NACC2,0.57,ENST00000277554,True,False,False
1529,ENSG00000230257,NFE4,NFE4,Q86UQ8,NFE4,,,False,False,False
1530,ENSG00000120837,NFYB,NFYB,P25208,NFYB,0.877,ENST00000240055,True,False,False
1531,ENSG00000066136,NFYC,NFYC,Q13952,NFYC,0.74,ENST00000447388,False,True,False
1532,ENSG00000186416,NKRF,NKRF,O15226,NKRF,,,True,False,False
1533,ENSG00000243678,NME2,NME2,P22392,NME2,1.488,ENST00000512737,False,False,False
1534,ENSG00000106459,NRF1,NRF1,Q16656,NRF1,0.188,ENST00000393232,True,True,False
1535,ENSG00000170515,PA2G4,PA2G4,Q9UQ80,PA2G4,0.231,ENST00000303305,True,False,False
1536,ENSG00000277258,PCGF2,PCGF2,P35227,PCGF2,0.443,ENST00000620225,True,False,False
1537,ENSG00000156374,PCGF6,PCGF6,Q9BYE7,PCGF6,1.012,ENST00000369847,True,False,False
1538,ENSG00000112511,PHF1,PHF1,O43189,PHF1,0.338,ENST00000374516,True,True,False
1539,ENSG00000119403,PHF19 ,,,,0.473,ENST00000373896,False,True,False
1540,ENSG00000188313,PLSCR1,PLSCR1,O15162,PLSCR1,0.673,ENST00000342435,True,True,False
1541,ENSG00000110777,POU2AF1,POU2AF1,Q16633,POU2AF1,0.727,ENST00000393067,False,True,False
1542,ENSG00000138073,PREB,PREB,Q9HCU5,PREB,0.831,ENST00000260643,False,False,False
1543,ENSG00000185129,PURA,PURA,Q00577,PURA,0.138,ENST00000331327,False,False,False
1544,ENSG00000146676,PURB,PURB,Q96QR8,PURB,1.223,ENST00000395699,True,False,False
1545,ENSG00000172733,PURG,PURG,Q9UJV8,PURG,0.325,ENST00000523392,True,False,False
1546,ENSG00000166349,RAG1,RAG1,P15918,RAG1,0.703,ENST00000299440,True,False,False
1547,ENSG00000125826,RBCK1,RBCK1,Q9BYM8,RBCK1,0.89,ENST00000356286,True,False,False
1548,ENSG00000148300,REXO4,REXO4,Q9GZR2,REXO4,0.946,ENST00000371942,False,False,False
1549,ENSG00000160633,SAFB,SAFB,Q15424,SAFB,0.219,ENST00000588852,True,False,False
1550,ENSG00000130254,SAFB2,SAFB2,Q14151,SAFB2,0.487,ENST00000252542,True,False,False
1551,ENSG00000010803,SCMH1,SCMH1,Q96GD3,SCMH1,0.654,ENST00000337495,True,False,False
1552,ENSG00000157933,SKI,SKI,P12755,SKI,0.809,ENST00000378536,False,False,True
1553,ENSG00000136603,SKIL,SKIL,P12757,SKIL,0.525,ENST00000259119,True,False,False
1554,ENSG00000188779,SKOR1,SKOR1,P84550,SKOR1,0.805,ENST00000380035,True,False,False
1555,ENSG00000185420,SMYD3,SMYD3,Q9H7B4,SMYD3,0.898,ENST00000490107,True,False,False
1556,ENSG00000104976,SNAPC2,SNAPC2,Q13487,SNAPC2,1.774,ENST00000221573,True,False,False
1557,ENSG00000174446,SNAPC5,SNAPC5,O75971,SNAPC5,1.812,ENST00000316634,False,False,False
1558,ENSG00000159140,SON,SON,P18583,SON,0.051,ENST00000356577,True,False,True
1559,ENSG00000065526,SPEN,SPEN,Q96T58,SPEN,0.094,ENST00000375759,True,False,True
1560,ENSG00000164299,SPZ1,SPZ1,Q9BXG8,SPZ1,1.817,ENST00000296739,True,False,False
1561,ENSG00000100207,TCF20,TCF20,Q9UGU0,TCF20,0.05,ENST00000677622,True,True,True
1562,ENSG00000168769,TET2,TET2,Q6N021,TET2,1.997,ENST00000380013,True,True,True
1563,ENSG00000151500,THYN1,THYN1,Q9P016,THYN1,1.353,ENST00000341541,False,False,False
1564,ENSG00000144747,TMF1,TMF1,P82094,TMF1,0.62,ENST00000398559,True,False,False
1565,ENSG00000197579,TOPORS,TOPORS,Q9NS56,TOPORS,0.418,ENST00000360538,True,False,False
1566,ENSG00000102804,TSC22D1,TSC22D1,Q15714,TSC22D1,0.199,ENST00000458659,False,False,False
1567,ENSG00000136936,XPA,XPA,P23025,XPA,1.068,ENST00000375128,True,False,False
1568,ENSG00000141510,TP53,TP53,P04637,TP53,0.449,ENST00000269305,True,True,False
1569,ENSG00000073282,TP63,TP63,Q9H3D4,TP63,0.296,ENST00000264731,True,True,False
1570,ENSG00000078900,TP73,TP73,O15350,TP73,0.576,ENST00000378295,True,True,False
1571,ENSG00000125813,PAX1,PAX1,P15863,PAX1,0.86,ENST00000613128,False,False,False
1572,ENSG00000196092,PAX5,PAX5,Q02548,PAX5,0.361,ENST00000358127,True,True,True
1573,ENSG00000125618,PAX8,PAX8,Q06710,PAX8,0.415,ENST00000429538,True,True,False
1574,ENSG00000198807,PAX9,PAX9,P55771,PAX9,0.435,ENST00000361487,True,True,False
1575,ENSG00000196233,LCOR,LCOR,Q96JN0,LCOR,0.338,ENST00000421806,True,False,False
1576,ENSG00000178177,LCORL,LCORL,Q8N3X6,LCORL,0.341,ENST00000635767,False,False,False
1577,ENSG00000117707,PROX1,PROX1,Q92786,PROX1,0.222,ENST00000366958,True,False,False
1578,ENSG00000119608,PROX2,PROX2,Q3B8N5,PROX2,1.247,ENST00000556489,False,True,False
1579,ENSG00000102908,NFAT5,NFAT5,O94916,NFAT5,0.235,ENST00000349945,True,True,False
1580,ENSG00000131196,NFATC1,NFATC1,O95644,NFATC1,0.461,ENST00000427363,True,True,False
1581,ENSG00000101096,NFATC2,NFATC2,Q13469,NFATC2,0.365,ENST00000371564,True,True,False
1582,ENSG00000072736,NFATC3,NFATC3,Q12968,NFATC3,0.611,ENST00000346183,True,True,False
1583,ENSG00000100968,NFATC4,NFATC4,Q14934,NFATC4,0.5,ENST00000250373,True,True,False
1584,ENSG00000109320,NFKB1,NFKB1,P19838,NFKB1,0.178,ENST00000226574,True,True,False
1585,ENSG00000077150,NFKB2,NFKB2,Q00653,NFKB2,0.308,ENST00000661543,True,False,False
1586,ENSG00000162924,REL,REL,Q04864,REL,0.416,ENST00000394479,True,True,False
1587,ENSG00000173039,RELA,RELA,Q04206,RELA,0.4,ENST00000406246,False,True,False
1588,ENSG00000104856,RELB,RELB,Q01201,RELB,0.512,ENST00000221452,True,True,False
1589,ENSG00000132005,RFX1,RFX1,P22670,RFX1,0.587,ENST00000254325,True,True,False
1590,ENSG00000087903,RFX2,RFX2,P48378,RFX2,0.369,ENST00000303657,True,False,False
1591,ENSG00000080298,RFX3,RFX3,P48380,RFX3,0.212,ENST00000617270,False,False,True
1592,ENSG00000111783,RFX4,RFX4,Q33E94,RFX4,0.178,ENST00000392842,True,False,True
1593,ENSG00000143390,RFX5,RFX5,P48382,RFX5,0.884,ENST00000452671,True,False,False
1594,ENSG00000185002,RFX6,RFX6,Q8HWS3,RFX6,0.692,ENST00000332958,True,False,False
1595,ENSG00000181827,RFX7,RFX7,Q2KHR2,RFX7,0.3,ENST00000559447,False,False,True
1596,ENSG00000196460,RFX8,RFX8,Q6ZV50,RFX8,1.11,ENST00000428343,False,False,False
1597,ENSG00000159216,RUNX1,RUNX1,Q01196,RUNX1,0.633,ENST00000675419,True,True,False
1598,ENSG00000124813,RUNX2,RUNX2,Q13950,RUNX2,0.352,ENST00000647337,True,True,False
1599,ENSG00000020633,RUNX3,RUNX3,Q13761,RUNX3,0.698,ENST00000308873,True,True,False
1600,ENSG00000160224,AIRE,AIRE,O43918,AIRE,1.169,ENST00000291582,False,True,False
1601,ENSG00000177030,DEAF1,DEAF1,O75398,DEAF1,1.18,ENST00000382409,True,False,True
1602,ENSG00000162419,GMEB1,GMEB1,Q9Y692,GMEB1,0.151,ENST00000373816,True,True,False
1603,ENSG00000101216,GMEB2,GMEB2,Q9UKD1,GMEB2,0.368,ENST00000370077,True,True,False
1604,ENSG00000215474,SKOR2,SKOR2,Q2VWA4,SKOR2,1.23,ENST00000425639,True,False,False
1605,ENSG00000067066,SP100,SP100,P23497,SP100,0.813,ENST00000340126,True,True,False
1606,ENSG00000135899,SP110,SP110,Q9HB58,SP110,0.826,ENST00000258381,False,False,False
1607,ENSG00000079263,SP140,SP140,Q13342,SP140,0.745,ENST00000392045,True,False,False
1608,ENSG00000185404,SP140L,SP140L,Q9H930,SP140L,1.127,ENST00000415673,True,False,False
1609,ENSG00000162599,NFIA,NFIA,Q12857,NFIA,0.175,ENST00000403491,True,True,True
1610,ENSG00000147862,NFIB,NFIB,O00712,NFIB,0.3,ENST00000380953,False,False,True
1611,ENSG00000141905,NFIC,NFIC,P08651,NFIC,0.399,ENST00000443272,True,True,False
1612,ENSG00000008441,NFIX,NFIX,Q14938,NFIX,0.092,ENST00000592199,True,True,True
1613,ENSG00000170365,SMAD1,SMAD1,Q15797,SMAD1,0.281,ENST00000302085,True,True,False
1614,ENSG00000166949,SMAD3,SMAD3,P84022,SMAD3,0.373,ENST00000327367,False,True,False
1615,ENSG00000141646,SMAD4,SMAD4,Q13485,SMAD4,0.227,ENST00000342988,True,True,True
1616,ENSG00000113658,SMAD5,SMAD5,Q99717,SMAD5,0.174,ENST00000545279,False,True,False
1617,ENSG00000120693,SMAD9,SMAD9,O15198,SMAD9,1.018,ENST00000379826,False,False,False
1618,ENSG00000115415,STAT1,STAT1,P42224,STAT1,0.271,ENST00000361099,True,True,False
1619,ENSG00000170581,STAT2,STAT2,P52630,STAT2,0.497,ENST00000314128,True,True,False
1620,ENSG00000168610,STAT3,STAT3,P40763,STAT3,0.109,ENST00000264657,True,True,False
1621,ENSG00000138378,STAT4,STAT4,Q14765,STAT4,0.503,ENST00000392320,True,True,False
1622,ENSG00000126561,STAT5A,STAT5A,P42229,STAT5A,0.364,ENST00000590949,True,True,False
1623,ENSG00000173757,STAT5B,STAT5B,P51692,STAT5B,0.277,ENST00000293328,True,True,False
1624,ENSG00000166888,STAT6,STAT6,P42226,STAT6,0.515,ENST00000300134,False,True,False
1625,ENSG00000163508,EOMES,EOMES,O95936,EOMES,0.493,ENST00000449599,True,True,False
1626,ENSG00000174197,MGA,MGA,O43451,MGAM,0.197,ENST00000219905,False,False,False
1627,ENSG00000174197,MGA,MGA,Q8IWI9,MGA,0.197,ENST00000219905,True,True,False
1628,ENSG00000164458,T,T,O15178,TBXT,0.667,ENST00000366876,True,True,False
1629,ENSG00000136535,TBR1,TBR1,Q16650,TBR1,0.246,ENST00000389554,True,False,True
1630,ENSG00000184058,TBX1,TBX1,O43435,TBX1,0.703,ENST00000649276,False,True,True
1631,ENSG00000167800,TBX10,TBX10,O75333,TBX10,1.07,ENST00000335385,False,False,False
1632,ENSG00000092607,TBX15,TBX15,Q96SF7,TBX15,0.471,ENST00000369429,True,False,False
1633,ENSG00000112837,TBX18,TBX18,O95935,TBX18,0.56,ENST00000369663,True,False,False
1634,ENSG00000143178,TBX19,TBX19,O60806,TBX19,0.974,ENST00000367821,False,False,False
1635,ENSG00000121068,TBX2,TBX2,Q13207,TBX2,0.832,ENST00000240328,True,False,False
1636,ENSG00000164532,TBX20,TBX20,Q9UMR3,TBX20,0.378,ENST00000408931,True,True,False
1637,ENSG00000073861,TBX21,TBX21,Q9UL17,TBX21,0.381,ENST00000177694,False,True,False
1638,ENSG00000122145,TBX22,TBX22,Q9Y458,TBX22,,,True,True,True
1639,ENSG00000135111,TBX3,TBX3,O15119,TBX3,0.468,ENST00000349155,True,True,False
1640,ENSG00000121075,TBX4,TBX4,P57082,TBX4,0.379,ENST00000644296,True,True,False
1641,ENSG00000089225,TBX5,TBX5,Q99593,TBX5,0.267,ENST00000405440,True,True,False
1642,ENSG00000149922,TBX6,TBX6,O95947,TBX6,0.936,ENST00000395224,False,False,False
1643,ENSG00000112592,TBP,TBP,P20226,TBP,0.41,ENST00000392092,True,False,False
1644,ENSG00000028839,TBPL1,TBPL1,P62380,TBPL1,0.421,ENST00000237264,False,False,False
1645,ENSG00000182521,TBPL2,TBPL2,Q6SJ96,TBPL2,1.378,ENST00000247219,False,True,False
1646,ENSG00000189308,LIN54,LIN54,Q6MZP7,LIN54,0.204,ENST00000340417,False,False,False
1647,ENSG00000187079,TEAD1,TEAD1,P28347,TEAD1,0.276,ENST00000527636,True,True,False
1648,ENSG00000074219,TEAD2,TEAD2,Q15562,TEAD2,1.035,ENST00000593945,True,True,False
1649,ENSG00000007866,TEAD3,TEAD3,Q99594,TEAD3,0.435,ENST00000639578,True,True,False
1650,ENSG00000197905,TEAD4,TEAD4,Q15561,TEAD4,0.889,ENST00000359864,True,True,False
1651,ENSG00000131931,THAP1,THAP1,Q9NVV9,THAP1,0.571,ENST00000254250,False,False,False
1652,ENSG00000129028,THAP10,THAP10,Q9P2Z0,THAP10,1.007,ENST00000249861,False,False,False
1653,ENSG00000168286,THAP11,THAP11,Q96EK4,THAP11,0.681,ENST00000303596,True,False,False
1654,ENSG00000137492,THAP12,THAP12,O43422,THAP12,0.514,ENST00000260045,True,False,False
1655,ENSG00000173451,THAP2,THAP2,Q9H0W7,THAP2,1.137,ENST00000308086,True,False,False
1656,ENSG00000041988,THAP3,THAP3,Q8WTV1,THAP3,1.241,ENST00000054650,False,False,False
1657,ENSG00000176946,THAP4,THAP4,Q8WY91,THAP4,0.585,ENST00000407315,False,False,False
1658,ENSG00000177683,THAP5,THAP5,Q7Z6K1,THAP5,1.089,ENST00000415914,True,False,False
1659,ENSG00000174796,THAP6,THAP6,Q8TBB0,THAP6,1.028,ENST00000311638,True,False,False
1660,ENSG00000184436,THAP7,THAP7,Q9BT49,THAP7,1.147,ENST00000215742,True,False,False
1661,ENSG00000161277,THAP8,THAP8,Q8NA92,THAP8,1.615,ENST00000292894,True,False,False
1662,ENSG00000168152,THAP9,THAP9,Q9H5L6,THAP9,0.791,ENST00000302236,True,False,False
