,var,var_pred_paddle,wt_pred_paddle,var_pred_adhunter,wt_pred_adhunter,var_pos_adpred_activity,ref_pos_adpred_activity
0,SRCAP_Q6ZRS2_AD_198-1445|g.30710822A>T(p.Glu401Asp),0.14796782,0.1299181,24071.0390625,23811.2890625,,
1,SRCAP_Q6ZRS2_AD_198-1445|g.30721233C>T(p.Pro1100Ser),-0.18136454,-0.17550802,42768.37109375,43681.90625,,
2,SRCAP_Q6ZRS2_AD_198-1445|g.30721455G>A(p.Asp1174Asn),-0.17909718,-0.12553787,46607.94921875,48048.14453125,,
3,SRCAP_Q6ZRS2_AD_198-1445|g.30723605C>T(p.Pro1394Leu),-0.0342443,-0.022734165,29713.36328125,32487.1640625,,
4,SRCAP_Q6ZRS2_AD_198-1445|g.30720897C>A(p.Pro1058Thr),-0.13280296,-0.1368103,38172.60546875,38496.671875,,
5,SRCAP_Q6ZRS2_AD_198-1445|g.30720955C>T(p.Pro1077Leu),-0.13398671,-0.11586571,36476.51171875,34058.0546875,,
6,SRCAP_Q6ZRS2_AD_198-1445|g.30720178G>A(p.Arg945Gln),-0.017520666,-0.05804372,100119.78125,69114.6484375,,
7,SRCAP_Q6ZRS2_AD_198-1445|g.30723067C>A(p.Pro1333Thr),-0.20697427,-0.20892906,39541.4921875,38847.75390625,,
8,SRCAP_Q6ZRS2_AD_198-1445|g.30711735A>T(p.Ser495Cys),-0.18952632,-0.21223235,3429.180419921875,1594.426513671875,,
9,SRCAP_Q6ZRS2_AD_198-1445|g.30721189T>C(p.Val1085Ala),-0.21070528,-0.20312023,31708.1953125,31628.58984375,,
10,SRCAP_Q6ZRS2_AD_198-1445|g.30716471C>T(p.Pro937Ser),-0.011172056,0.0470376,139043.21875,143253.734375,,
11,SRCAP_Q6ZRS2_AD_198-1445|g.30713680A>G(p.Tyr821Cys),-0.014626503,-0.007943869,50274.26953125,56311.328125,,
12,SRCAP_Q6ZRS2_AD_198-1445|g.30721450C>T(p.Ser1172Phe),-0.092236996,-0.11084437,49534.484375,47876.7578125,,
13,SRCAP_Q6ZRS2_AD_198-1445|g.30723104G>A(p.Arg1345His),-0.10627127,-0.11702466,32408.703125,37119.4765625,,
14,SRCAP_Q6ZRS2_AD_198-1445|g.30709523T>A(p.Phe215Tyr),0.0695734,0.06627655,54053.6328125,54763.7890625,,
15,SRCAP_Q6ZRS2_AD_198-1445|g.30710096G>A(p.Gly368Ser),-0.07366967,-0.058353662,23759.46875,27506.0546875,,
16,SRCAP_Q6ZRS2_AD_198-1445|g.30713298C>T(p.Arg741Cys),-0.08054447,-0.08023214,53369.65234375,50553.40234375,,
17,SRCAP_Q6ZRS2_AD_198-1445|g.30716438G>T(p.Ala926Ser),0.41040492,0.26982927,50452.015625,47129.3515625,,
18,SRCAP_Q6ZRS2_AD_198-1445|g.30723222A>C(p.Glu1384Asp),-0.14336872,-0.1406548,40649.0703125,39421.609375,,
19,SRCAP_Q6ZRS2_AD_198-1445|g.30711667C>G(p.Ala472Gly),-0.13955069,-0.13970232,17477.3359375,18039.2109375,,
20,SRCAP_Q6ZRS2_AD_198-1445|g.30720750G>C(p.Val1009Leu),-0.20463014,-0.1915536,31580.6953125,31334.55859375,,
21,SRCAP_Q6ZRS2_AD_198-1445|g.30720825G>C(p.Ala1034Pro),-0.09223652,-0.07721901,66308.28125,65564.78125,,
22,SRCAP_Q6ZRS2_AD_198-1445|g.30716124A>G(p.Lys851Arg),-0.10315037,-0.110771656,57184.05859375,57642.91796875,,
23,SRCAP_Q6ZRS2_AD_198-1445|g.30713299G>A(p.Arg741His),-0.09209895,-0.08023214,52258.83203125,50553.40234375,,
24,SRCAP_Q6ZRS2_AD_198-1445|g.30712068A>C(p.Thr576Pro),-0.108922005,-0.102687836,30788.25,31211.9765625,,
25,SRCAP_Q6ZRS2_AD_198-1445|g.30713326A>T(p.Asn750Ile),-0.08534908,-0.11299515,39875.28125,36101.78125,,
26,SRCAP_Q6ZRS2_AD_198-1445|g.30722624T>G(p.His1256Gln),-0.17994428,-0.17305374,60922.12109375,60606.5390625,,
27,SRCAP_Q6ZRS2_AD_198-1445|g.30722623A>G(p.His1256Arg),-0.1817596,-0.17305374,57899.34375,60606.5390625,,
28,SRCAP_Q6ZRS2_AD_198-1445|g.30723221A>G(p.Glu1384Gly),-0.17067933,-0.1406548,39174.34765625,39421.609375,,
29,SRCAP_Q6ZRS2_AD_198-1445|g.30723130C>T(p.Pro1354Ser),-0.17575955,-0.16767001,45739.9921875,47076.80859375,,
30,SRCAP_Q6ZRS2_AD_198-1445|g.30723149C>G(p.Thr1360Ser),-0.20181847,-0.20091176,59323.2421875,59635.45703125,,
31,SRCAP_Q6ZRS2_AD_198-1445|g.30711864G>A(p.Glu508Lys),-0.22361183,-0.2166934,6094.6923828125,2459.934326171875,,
32,SRCAP_Q6ZRS2_AD_198-1445|g.30711888G>A(p.Glu516Lys),-0.25144076,-0.24664402,7103.5869140625,7624.1728515625,,
33,SRCAP_Q6ZRS2_AD_198-1445|g.30712427G>C(p.Ala661Pro),-0.09623742,-0.09742379,55649.0078125,55706.97265625,,
34,SRCAP_Q6ZRS2_AD_198-1445|g.30716144C>T(p.Arg858Cys),-0.019913435,-0.010386467,45737.60546875,47748.953125,,
35,SRCAP_Q6ZRS2_AD_198-1445|g.30720238C>A(p.Pro965His),-0.089870214,-0.08723521,37199.60546875,36317.94140625,,
36,SRCAP_Q6ZRS2_AD_198-1445|g.30720225G>A(p.Asp961Asn),-0.076239586,-0.019422531,73182.3984375,74368.890625,,
37,SRCAP_Q6ZRS2_AD_198-1445|g.30716313C>T(p.Thr884Ile),-0.12696075,-0.09832311,67780.140625,54414.93359375,,
38,SRCAP_Q6ZRS2_AD_198-1445|g.30710754A>G(p.Ile379Val),-0.03531933,0.0064222813,21155.21484375,20741.59765625,,
39,SRCAP_Q6ZRS2_AD_198-1445|g.30723040G>A(p.Val1324Ile),-0.15338612,-0.16014671,28215.671875,28947.62109375,,
40,SRCAP_Q6ZRS2_AD_198-1445|g.30723037C>T(p.Pro1323Ser),-0.1633308,-0.15914917,30129.39453125,30759.984375,,
41,SRCAP_Q6ZRS2_AD_198-1445|g.30709552C>A(p.Arg225Ser),0.14093924,0.090722084,41235.0625,43581.890625,,
42,SRCAP_Q6ZRS2_AD_198-1445|g.30711740G>T(p.Gln496His),-0.20231056,-0.20394754,1580.020263671875,2612.375732421875,,
43,SRCAP_Q6ZRS2_AD_198-1445|g.30709854G>A(p.Gly287Glu),-0.045726776,-0.037572145,8193.5126953125,6729.4892578125,,
44,SRCAP_Q6ZRS2_AD_198-1445|g.30722250C>T(p.Arg1224Cys),-0.13547611,-0.15933013,43776.34765625,40264.0390625,,
45,SRCAP_Q6ZRS2_AD_198-1445|g.30720792C>G(p.Pro1023Ala),-0.10248232,-0.10559225,27207.78125,28053.91796875,,
46,SRCAP_Q6ZRS2_AD_198-1445|g.30723004G>T(p.Val1312Leu),-0.12139654,-0.09967089,30227.25,28730.78515625,,
47,SRCAP_Q6ZRS2_AD_198-1445|g.30712019A>T(p.Glu559Asp),0.47624612,0.46026683,23590.1328125,23456.3828125,,
48,SRCAP_Q6ZRS2_AD_198-1445|g.30716415C>G(p.Thr918Ser),0.03152609,0.0564034,54917.41796875,51797.15625,,
49,SRCAP_Q6ZRS2_AD_198-1445|g.30710843G>C(p.Glu408Asp),0.256279,0.21170712,19654.5234375,19305.6015625,,
50,SRCAP_Q6ZRS2_AD_198-1445|g.30716141A>T(p.Ile857Phe),-0.025496006,-0.030352116,50692.8125,49167.73046875,,
51,SRCAP_Q6ZRS2_AD_198-1445|g.30720957A>G(p.Asn1078Asp),-0.10314369,-0.18236327,32821.3828125,32152.4296875,,
52,SRCAP_Q6ZRS2_AD_198-1445|g.30711669A>G(p.Asn473Asp),-0.18282604,-0.17981601,17628.19140625,17508.45703125,,
53,SRCAP_Q6ZRS2_AD_198-1445|g.30720886C>T(p.Ser1054Leu),-0.16106033,-0.1532917,38138.18359375,37102.4453125,,
54,SRCAP_Q6ZRS2_AD_198-1445|g.30710051A>G(p.Thr353Ala),0.058536053,0.06286049,15238.1962890625,14762.4892578125,,
55,SRCAP_Q6ZRS2_AD_198-1445|g.30711931A>G(p.Glu530Gly),0.6552584,0.57205653,10887.4501953125,9751.1494140625,,
56,SRCAP_Q6ZRS2_AD_198-1445|g.30721228G>C(p.Arg1098Pro),-0.07025385,-0.10625005,39151.953125,39115.5703125,,
57,SRCAP_Q6ZRS2_AD_198-1445|g.30716119G>A(p.Met849Ile),-0.11851883,-0.11680603,62645.875,62733.62890625,,
58,SRCAP_Q6ZRS2_AD_198-1445|g.30723014A>G(p.Gln1315Arg),-0.13598442,-0.1498096,27176.52734375,24736.046875,,
59,SRCAP_Q6ZRS2_AD_198-1445|g.30723628C>T(p.His1402Tyr),0.10326815,-0.0024428368,31268.35546875,30000.046875,,
60,SRCAP_Q6ZRS2_AD_198-1445|g.30712431G>C(p.Cys662Ser),-0.1106019,-0.1113565,57831.48046875,56336.140625,,
61,SRCAP_Q6ZRS2_AD_198-1445|g.30722281T>C(p.Leu1234Pro),-0.10734153,-0.11256862,29282.58984375,30888.78515625,,
62,SRCAP_Q6ZRS2_AD_198-1445|g.30722605T>G(p.Leu1250Arg),-0.18006039,-0.18175745,30739.97265625,33069.87890625,,
63,SRCAP_Q6ZRS2_AD_198-1445|g.30710097G>A(p.Gly368Asp),-0.07121682,-0.058353662,22334.359375,27506.0546875,,
64,SRCAP_Q6ZRS2_AD_198-1445|g.30712385C>G(p.Leu647Val),-0.108976364,-0.10980344,35135.9921875,37195.40234375,,
65,SRCAP_Q6ZRS2_AD_198-1445|g.30723100C>T(p.Pro1344Ser),-0.13161254,-0.12797451,45782.9609375,46304.9375,,
66,SRCAP_Q6ZRS2_AD_198-1445|g.30713560G>A(p.Ser781Asn),-0.103114605,-0.10625315,75268.15625,71367.1328125,,
67,SRCAP_Q6ZRS2_AD_198-1445|g.30722976G>C(p.Met1302Ile),-0.13691616,-0.13363695,30473.703125,28804.0,,
68,SRCAP_Q6ZRS2_AD_198-1445|g.30720958A>G(p.Asn1078Ser),-0.18411899,-0.18236327,30967.5,32152.4296875,,
69,SRCAP_Q6ZRS2_AD_198-1445|g.30716339A>G(p.Ile893Val),-0.073530674,-0.095630884,34005.078125,33910.3125,,
70,SRCAP_Q6ZRS2_AD_198-1445|g.30722746A>C(p.Gln1297Pro),-0.083325386,-0.09375954,41006.796875,40853.0078125,,
71,SRCAP_Q6ZRS2_AD_198-1445|g.30720907T>C(p.Ile1061Thr),-0.1220901,-0.115976095,27554.2578125,32213.97265625,,
72,SRCAP_Q6ZRS2_AD_198-1445|g.30709727A>T(p.Asp283Val),0.07845712,0.020557165,8046.3955078125,5821.0947265625,,
73,SRCAP_Q6ZRS2_AD_198-1445|g.30720246C>T(p.Arg968Cys),-0.055233,-0.06885648,33082.51171875,31517.75390625,,
74,SRCAP_Q6ZRS2_AD_198-1445|g.30720846G>A(p.Val1041Ile),-0.033884764,-0.044130325,26255.71875,23877.7890625,,
75,SRCAP_Q6ZRS2_AD_198-1445|g.30723613A>G(p.Ile1397Val),-0.057644844,-0.036244392,26105.1953125,27149.453125,,
76,SRCAP_Q6ZRS2_AD_198-1445|g.30709734A>C(p.Glu285Asp),-0.013074875,2.3126602e-05,8946.2509765625,8660.8486328125,,
77,SRCAP_Q6ZRS2_AD_198-1445|g.30711853G>A(p.Ser504Asn),-0.2287345,-0.23094559,4258.5400390625,2551.989013671875,,
78,SRCAP_Q6ZRS2_AD_198-1445|g.30723185G>C(p.Arg1372Thr),-0.09838176,-0.111773014,35025.44921875,31942.67578125,,
79,SRCAP_Q6ZRS2_AD_198-1445|g.30721213T>G(p.Leu1093Arg),-0.19663715,-0.18030262,37089.015625,41649.171875,,
80,SRCAP_Q6ZRS2_AD_198-1445|g.30722703A>T(p.Thr1283Ser),-0.07066798,-0.06886673,26882.73046875,27474.72265625,,
81,SRCAP_Q6ZRS2_AD_198-1445|g.30723668T>C(p.Met1415Thr),-0.12051678,-0.100631,45958.8125,46986.69140625,,
82,SRCAP_Q6ZRS2_AD_198-1445|g.30711705G>A(p.Ala485Thr),-0.20542955,-0.20038605,9575.7001953125,11796.8017578125,,
83,SRCAP_Q6ZRS2_AD_198-1445|g.30709702C>T(p.Pro275Ser),-0.02861929,-0.014368534,15681.7978515625,16607.76171875,,
84,SRCAP_Q6ZRS2_AD_198-1445|g.30723662C>T(p.Ser1413Phe),0.02302742,-0.023068428,54199.30078125,45506.53515625,,
85,SRCAP_Q6ZRS2_AD_198-1445|g.30720897C>T(p.Pro1058Ser),-0.13303661,-0.1368103,38152.953125,38496.671875,,
86,SRCAP_Q6ZRS2_AD_198-1445|g.30710758A>C(p.Lys380Thr),0.15140343,0.019416094,20618.65625,20870.546875,,
87,SRCAP_Q6ZRS2_AD_198-1445|g.30721198C>A(p.Ser1088Tyr),-0.14793658,-0.17494297,41057.234375,41432.5625,,
88,SRCAP_Q6ZRS2_AD_198-1445|g.30713620G>A(p.Arg801His),0.11518884,0.021559477,108864.859375,105731.6171875,,
89,SRCAP_Q6ZRS2_AD_198-1445|g.30723172C>T(p.Pro1368Ser),-0.15018559,-0.14622664,39017.8203125,40201.4140625,,
90,SRCAP_Q6ZRS2_AD_198-1445|g.30722181G>A(p.Ala1201Thr),-0.11310959,-0.122784376,32186.31640625,31394.33203125,,
91,SRCAP_Q6ZRS2_AD_198-1445|g.30709908T>C(p.Val305Ala),0.32906508,0.37088537,28968.97265625,28850.15625,,
92,SRCAP_Q6ZRS2_AD_198-1445|g.30722278C>T(p.Pro1233Leu),-0.1266613,-0.11149359,39186.10546875,38312.3671875,,
93,SRCAP_Q6ZRS2_AD_198-1445|g.30722707C>G(p.Pro1284Arg),-0.081365585,-0.06819296,38993.1640625,37214.39453125,,
94,SRCAP_Q6ZRS2_AD_198-1445|g.30711625G>T(p.Gly458Val),0.56672406,0.5139215,45399.984375,42941.91796875,,
95,SRCAP_Q6ZRS2_AD_198-1445|g.30722160G>A(p.Ala1194Thr),-0.11695933,-0.115967035,44906.71484375,46719.40234375,,
96,SRCAP_Q6ZRS2_AD_198-1445|g.30716162C>T(p.Arg864Cys),-0.030474901,-0.0412426,48237.55859375,50314.74609375,,
97,SRCAP_Q6ZRS2_AD_198-1445|g.30711083G>A(p.Arg438Gln),4.8634176,3.6284544,84693.8671875,79801.7109375,,
98,SRCAP_Q6ZRS2_AD_198-1445|g.30722139A>G(p.Ile1187Val),-0.1434536,-0.13980532,27755.99609375,28595.48046875,,
99,SRCAP_Q6ZRS2_AD_198-1445|g.30716199C>G(p.Thr876Ser),-0.071222305,-0.07197666,53524.80078125,58636.671875,,
100,SRCAP_Q6ZRS2_AD_198-1445|g.30721420C>T(p.Pro1162Leu),-0.05847907,-0.073835135,39301.12109375,38145.7890625,,
101,SRCAP_Q6ZRS2_AD_198-1445|g.30712341T>C(p.Met632Thr),-0.09235573,-0.09076786,48049.16015625,50067.26171875,,
102,SRCAP_Q6ZRS2_AD_198-1445|g.30723165G>T(p.Met1365Ile),-0.16617656,-0.16574502,31650.21484375,32182.75390625,,
103,SRCAP_Q6ZRS2_AD_198-1445|g.30723125G>A(p.Arg1352Gln),-0.14425564,-0.15952444,61989.5,60633.4609375,,
104,SRCAP_Q6ZRS2_AD_198-1445|g.30711978G>T(p.Asp546Tyr),1.1536877,0.49923718,18407.28515625,16333.6494140625,,
105,SRCAP_Q6ZRS2_AD_198-1445|g.30709721G>A(p.Arg281His),0.05269599,-0.0007982254,6886.9814453125,5908.3720703125,,
106,SRCAP_Q6ZRS2_AD_198-1445|g.30711062T>C(p.Met431Thr),2.8978047,3.8275216,38077.42578125,43191.875,,
107,SRCAP_Q6ZRS2_AD_198-1445|g.30716152G>C(p.Arg860Ser),0.0133161545,-0.020022154,45149.28515625,47975.828125,,
108,SRCAP_Q6ZRS2_AD_198-1445|g.30723221A>C(p.Glu1384Ala),-0.17120028,-0.1406548,40387.421875,39421.609375,,
109,SRCAP_Q6ZRS2_AD_198-1445|g.30723593C>T(p.Pro1390Leu),-0.08251643,-0.10781169,34577.015625,32299.05078125,,
110,SRCAP_Q6ZRS2_AD_198-1445|g.30713337T>G(p.Phe754Val),-0.12282157,-0.10968995,43772.54296875,46331.75,,
111,SRCAP_Q6ZRS2_AD_198-1445|g.30709598C>G(p.Thr240Ser),0.027860641,-0.0013391972,45204.62890625,56286.6953125,,
112,SRCAP_Q6ZRS2_AD_198-1445|g.30720237C>T(p.Pro965Ser),-0.09714365,-0.08723521,36309.52734375,36317.94140625,,
113,SRCAP_Q6ZRS2_AD_198-1445|g.30709711C>A(p.Pro278Thr),-0.05612588,-0.05066037,14946.4580078125,14421.7314453125,,
114,SRCAP_Q6ZRS2_AD_198-1445|g.30720975C>G(p.Gln1084Glu),-0.15265512,-0.19914436,28822.015625,27981.5234375,,
115,SRCAP_Q6ZRS2_AD_198-1445|g.30711711G>C(p.Glu487Gln),-0.19834042,-0.20421553,10149.9306640625,10499.0634765625,,
116,SRCAP_Q6ZRS2_AD_198-1445|g.30720805C>T(p.Pro1027Leu),-0.10260224,-0.11874175,33764.01953125,30404.8203125,,
117,SRCAP_Q6ZRS2_AD_198-1445|g.30723634C>T(p.Pro1404Ser),-0.03328991,-0.026153564,25047.09375,25137.16796875,,
118,SRCAP_Q6ZRS2_AD_198-1445|g.30723016G>C(p.Ala1316Pro),-0.18581057,-0.18510056,28271.09375,24747.65234375,,
119,SRCAP_Q6ZRS2_AD_198-1445|g.30709945G>C(p.Gln317His),0.68750024,0.68489826,21981.87890625,24094.44921875,,
120,SRCAP_Q6ZRS2_AD_198-1445|g.30721237C>A(p.Thr1101Lys),-0.122932196,-0.11526704,34880.09765625,34118.9375,,
121,SRCAP_Q6ZRS2_AD_198-1445|g.30709712C>G(p.Pro278Arg),-0.08280349,-0.05066037,15935.3916015625,14421.7314453125,,
122,SRCAP_Q6ZRS2_AD_198-1445|g.30722251G>A(p.Arg1224His),-0.14756036,-0.15933013,45075.4453125,40264.0390625,,
123,SRCAP_Q6ZRS2_AD_198-1445|g.30709946A>G(p.Arg318Gly),0.92690504,0.6482638,32048.2109375,30832.453125,,
124,SRCAP_Q6ZRS2_AD_198-1445|g.30722577C>A(p.Leu1241Ile),-0.14887524,-0.1651082,51154.6328125,52643.93359375,,
125,SRCAP_Q6ZRS2_AD_198-1445|g.30720919G>A(p.Arg1065Gln),-0.07485485,-0.11729336,29775.41015625,28652.74609375,,
126,SRCAP_Q6ZRS2_AD_198-1445|g.30721237C>T(p.Thr1101Met),-0.11347461,-0.11526704,35452.8125,34118.9375,,
127,SRCAP_Q6ZRS2_AD_198-1445|g.30711697C>G(p.Pro482Arg),-0.20473671,-0.19658017,13274.5322265625,12387.3994140625,,
128,SRCAP_Q6ZRS2_AD_198-1445|g.30711873C>T(p.His511Tyr),-0.20570278,-0.2250669,1739.746826171875,1921.625732421875,,
129,SRCAP_Q6ZRS2_AD_198-1445|g.30713361C>T(p.Leu762Phe),-0.082424164,-0.08529663,44824.3125,40728.31640625,,
130,SRCAP_Q6ZRS2_AD_198-1445|g.30722664A>G(p.Thr1270Ala),-0.1509223,-0.16493773,27457.7421875,26472.70703125,,
131,SRCAP_Q6ZRS2_AD_198-1445|g.30711688C>T(p.Pro479Leu),-0.15101147,-0.20689368,8927.2587890625,8428.2041015625,,
132,SRCAP_Q6ZRS2_AD_198-1445|g.30722577C>T(p.Leu1241Phe),-0.13110209,-0.1651082,52413.53515625,52643.93359375,,
133,SRCAP_Q6ZRS2_AD_198-1445|g.30723671C>G(p.Pro1416Arg),-0.12864518,-0.100631,34897.02734375,39452.4609375,,
134,SRCAP_Q6ZRS2_AD_198-1445|g.30723755C>T(p.Pro1444Leu),-0.04104328,-0.100631,66999.234375,54478.546875,,
135,SRCAP_Q6ZRS2_AD_198-1445|g.30711703A>T(p.Glu484Val),-0.18729424,-0.21223044,14652.6728515625,12310.1650390625,,
136,SRCAP_Q6ZRS2_AD_198-1445|g.30709955A>G(p.Ile321Val),0.58126724,0.67210793,34402.65234375,32914.78515625,,
137,SRCAP_Q6ZRS2_AD_198-1445|g.30712103T>G(p.Ile587Met),-0.10844588,-0.10592532,39367.671875,39464.12890625,,
138,SRCAP_Q6ZRS2_AD_198-1445|g.30711730G>A(p.Ser493Asn),-0.19962645,-0.20393729,2222.727294921875,2404.551513671875,,
139,SRCAP_Q6ZRS2_AD_198-1445|g.30716202C>T(p.Thr877Ile),-0.05146575,-0.057358503,59633.73828125,57989.9609375,,
140,SRCAP_Q6ZRS2_AD_198-1445|g.30712056A>G(p.Thr572Ala),0.041786432,0.028888702,45060.67578125,45387.59765625,,
141,SRCAP_Q6ZRS2_AD_198-1445|g.30722631C>T(p.Leu1259Phe),-0.08492875,-0.14222527,46722.21875,45136.81640625,,
142,SRCAP_Q6ZRS2_AD_198-1445|g.30716384G>A(p.Asp908Asn),-0.10733652,-0.10406566,61374.6953125,66080.0625,,
143,SRCAP_Q6ZRS2_AD_198-1445|g.30721459T>C(p.Met1175Thr),-0.16392231,-0.139709,49808.23828125,53027.26171875,,
144,SRCAP_Q6ZRS2_AD_198-1445|g.30711849C>T(p.Arg503Trp),-0.13533401,-0.23502064,7525.0126953125,3335.836669921875,,
145,SRCAP_Q6ZRS2_AD_198-1445|g.30711850G>A(p.Arg503Gln),-0.2246728,-0.23502064,6831.1298828125,3335.836669921875,,
146,SRCAP_Q6ZRS2_AD_198-1445|g.30716310C>G(p.Ala883Gly),-0.096052885,-0.111126184,55857.93359375,51891.1484375,,
147,SRCAP_Q6ZRS2_AD_198-1445|g.30720241G>A(p.Arg966Gln),-0.08265948,-0.09731126,34917.953125,34836.5859375,,
148,SRCAP_Q6ZRS2_AD_198-1445|g.30712057C>G(p.Thr572Ser),0.041193485,0.028888702,45237.7265625,45387.59765625,,
149,SRCAP_Q6ZRS2_AD_198-1445|g.30710781C>G(p.Gln388Glu),0.08346629,0.080225945,27866.83203125,30211.1640625,,
150,SRCAP_Q6ZRS2_AD_198-1445|g.30723139A>T(p.Thr1357Ser),-0.17963219,-0.17379785,46171.67578125,46553.55859375,,
151,SRCAP_Q6ZRS2_AD_198-1445|g.30720256G>A(p.Arg971His),-0.12425351,-0.12673283,29168.93359375,28371.109375,,
152,SRCAP_Q6ZRS2_AD_198-1445|g.30712141C>T(p.Thr600Met),-0.012568474,-0.009916782,32038.69140625,29372.0625,,
153,SRCAP_Q6ZRS2_AD_198-1445|g.30721279G>T(p.Arg1115Leu),-0.11785984,-0.14304423,45556.83984375,44435.23046875,,
154,SRCAP_Q6ZRS2_AD_198-1445|g.30712301C>T(p.Arg619Trp),-0.049143076,-0.030002594,52886.95703125,49820.2421875,,
155,SRCAP_Q6ZRS2_AD_198-1445|g.30712274A>G(p.Ile610Val),-0.00012660027,-0.030734062,47848.17578125,51380.515625,,
156,SRCAP_Q6ZRS2_AD_198-1445|g.30711606G>T(p.Ala452Ser),1.1941178,1.0997398,30465.01171875,31749.26953125,,
157,SRCAP_Q6ZRS2_AD_198-1445|g.30711915G>A(p.Glu525Lys),0.404109,0.46024632,6953.1337890625,8403.1025390625,,
158,SRCAP_Q6ZRS2_AD_198-1445|g.30712269C>T(p.Thr608Met),-0.0327847,-0.0112781525,27731.26953125,25144.5859375,,
159,SRCAP_Q6ZRS2_AD_198-1445|g.30722662C>A(p.Pro1269His),-0.16464782,-0.16618586,29382.6015625,27444.4609375,,
160,SRCAP_Q6ZRS2_AD_198-1445|g.30723158C>G(p.Ala1363Gly),-0.17700577,-0.17928338,37037.078125,37080.67578125,,
161,SRCAP_Q6ZRS2_AD_198-1445|g.30716192G>T(p.Ala874Ser),-0.0832963,-0.08023381,70983.1796875,70898.3203125,,
162,SRCAP_Q6ZRS2_AD_198-1445|g.30709971G>T(p.Arg326Leu),1.8390464,0.47322702,54195.71875,47713.12109375,,
163,SRCAP_Q6ZRS2_AD_198-1445|g.30711923G>T(p.Glu527Asp),0.13047576,0.124812126,6831.0869140625,6859.4892578125,,
164,SRCAP_Q6ZRS2_AD_198-1445|g.30723667A>G(p.Met1415Val),-0.11152363,-0.100631,47332.50390625,46986.69140625,,
165,SRCAP_Q6ZRS2_AD_198-1445|g.30716323C>A(p.Phe887Leu),-0.06838608,-0.06791878,70083.75,79802.2578125,,
166,SRCAP_Q6ZRS2_AD_198-1445|g.30723667A>C(p.Met1415Leu),-0.112467766,-0.100631,48247.47265625,46986.69140625,,
167,SRCAP_Q6ZRS2_AD_198-1445|g.30711726G>A(p.Asp492Asn),-0.20306659,-0.200557,1167.164794921875,1450.824951171875,,
168,SRCAP_Q6ZRS2_AD_198-1445|g.30723680A>G(p.Asn1419Ser),-0.11266661,-0.100631,32927.80859375,32532.3515625,,
169,SRCAP_Q6ZRS2_AD_198-1445|g.30720228A>G(p.Thr962Ala),-0.05709195,-0.04885912,57840.640625,57329.109375,,
170,SRCAP_Q6ZRS2_AD_198-1445|g.30716327A>G(p.Ser889Gly),-0.005969286,-0.042139053,60168.203125,61041.47265625,,
171,SRCAP_Q6ZRS2_AD_198-1445|g.30712421C>T(p.His659Tyr),-0.11184907,-0.118216276,70471.5859375,65100.41796875,,
172,SRCAP_Q6ZRS2_AD_198-1445|g.30711924T>G(p.Ser528Ala),0.5876174,0.5872605,8593.2509765625,6659.3447265625,,
173,SRCAP_Q6ZRS2_AD_198-1445|g.30720829A>C(p.Gln1035Pro),-0.100157976,-0.085796356,52071.3828125,53879.33984375,,
174,SRCAP_Q6ZRS2_AD_198-1445|g.30723635C>A(p.Pro1404Gln),-0.040613174,-0.026153564,25159.88671875,25137.16796875,,
175,SRCAP_Q6ZRS2_AD_198-1445|g.30716193C>T(p.Ala874Val),-0.079558134,-0.08023381,65281.3671875,70898.3203125,,
176,SRCAP_Q6ZRS2_AD_198-1445|g.30707687G>A(p.Arg203Lys),0.0919199,0.06627655,54718.63671875,54763.7890625,,
177,SRCAP_Q6ZRS2_AD_198-1445|g.30711655A>G(p.Asp468Gly),-0.014357567,-0.013434172,18617.01171875,19128.3671875,,
178,SRCAP_Q6ZRS2_AD_198-1445|g.30710115C>T(p.Pro374Leu),0.24241638,0.06426525,21433.6796875,20245.01953125,,
179,SRCAP_Q6ZRS2_AD_198-1445|g.30712679G>A(p.Gly665Asp),-0.09353614,-0.08959079,47870.54296875,48117.49609375,,
180,SRCAP_Q6ZRS2_AD_198-1445|g.30710824A>G(p.Glu402Gly),0.034428596,0.036144257,18617.5390625,18739.35546875,,
181,SRCAP_Q6ZRS2_AD_198-1445|g.30723071C>T(p.Pro1334Leu),-0.21791339,-0.2157898,38645.1953125,38280.6171875,,
182,SRCAP_Q6ZRS2_AD_198-1445|g.30709730A>G(p.Asp284Gly),0.07387209,0.046409607,6294.0478515625,5633.6923828125,,
183,SRCAP_Q6ZRS2_AD_198-1445|g.30722130G>A(p.Val1184Met),-0.077385426,-0.09347463,36308.6796875,35235.25390625,,
184,SRCAP_Q6ZRS2_AD_198-1445|g.30723218C>A(p.Pro1383His),-0.14273095,-0.12729812,31932.64453125,31785.30078125,,
185,SRCAP_Q6ZRS2_AD_198-1445|g.30711063G>A(p.Met431Ile),3.9451115,3.8275216,42220.82421875,43191.875,,
186,SRCAP_Q6ZRS2_AD_198-1445|g.30721353C>T(p.Pro1140Ser),-0.077409744,-0.06759906,53586.23828125,51804.46484375,,
187,SRCAP_Q6ZRS2_AD_198-1445|g.30711728T>A(p.Asp492Glu),-0.20399976,-0.200557,1344.883544921875,1450.824951171875,,
188,SRCAP_Q6ZRS2_AD_198-1445|g.30711728T>G(p.Asp492Glu),-0.20399976,-0.200557,1344.883544921875,1450.824951171875,,
189,SRCAP_Q6ZRS2_AD_198-1445|g.30720715T>C(p.Met997Thr),-0.17043066,-0.16933846,26601.8046875,29378.10546875,,
190,SRCAP_Q6ZRS2_AD_198-1445|g.30716375A>G(p.Asn905Asp),-0.10153389,-0.10710478,59926.54296875,55257.16015625,,
191,SRCAP_Q6ZRS2_AD_198-1445|g.30723098A>C(p.Asn1343Thr),-0.1817131,-0.17159438,46890.5234375,46759.63671875,,
192,SRCAP_Q6ZRS2_AD_198-1445|g.30723692T>G(p.Leu1423Arg),-0.12760091,-0.100631,34241.9375,38359.0390625,,
193,SRCAP_Q6ZRS2_AD_198-1445|g.30723629A>C(p.His1402Pro),-0.004590988,-0.0024428368,28757.65234375,30000.046875,,
194,SRCAP_Q6ZRS2_AD_198-1445|g.30721344T>C(p.Tyr1137His),-0.17455673,-0.14016604,37102.22265625,38100.49609375,,
195,SRCAP_Q6ZRS2_AD_198-1445|g.30722220A>T(p.Asn1214Tyr),-0.13420987,-0.12026596,32325.484375,25895.16796875,,
196,SRCAP_Q6ZRS2_AD_198-1445|g.30711071G>A(p.Ser434Asn),4.876232,4.46939,71863.9921875,70713.609375,,
197,SRCAP_Q6ZRS2_AD_198-1445|g.30720854A>C(p.Gln1043His),-0.058446646,-0.062747955,29215.26171875,25900.37890625,,
198,SRCAP_Q6ZRS2_AD_198-1445|g.30723223G>C(p.Val1385Leu),-0.08240175,-0.12981105,36406.0859375,35951.6171875,,
199,SRCAP_Q6ZRS2_AD_198-1445|g.30711602G>C(p.Gln450His),1.6013821,1.7889863,31078.0234375,29664.1171875,,
200,SRCAP_Q6ZRS2_AD_198-1445|g.30723680A>C(p.Asn1419Thr),-0.10814071,-0.100631,34036.98046875,32532.3515625,,
201,SRCAP_Q6ZRS2_AD_198-1445|g.30722611G>A(p.Ser1252Asn),-0.17732501,-0.18504238,34264.0234375,33951.66796875,,
202,SRCAP_Q6ZRS2_AD_198-1445|g.30720238C>T(p.Pro965Leu),-0.111453295,-0.08723521,37856.72265625,36317.94140625,,
203,SRCAP_Q6ZRS2_AD_198-1445|g.30711879G>C(p.Glu513Gln),-0.2309525,-0.23496914,4068.156982421875,4870.5400390625,,
204,SRCAP_Q6ZRS2_AD_198-1445|g.30709588G>C(p.Val237Leu),0.06967449,0.02392745,58192.4921875,61085.75390625,,
205,SRCAP_Q6ZRS2_AD_198-1445|g.30709970C>T(p.Arg326Cys),1.141101,0.47322702,56154.51953125,47713.12109375,,
206,SRCAP_Q6ZRS2_AD_198-1445|g.30711601A>G(p.Gln450Arg),0.9606154,1.7889863,27008.21484375,29664.1171875,,
207,SRCAP_Q6ZRS2_AD_198-1445|g.30720258C>T(p.Arg972Trp),-0.11821365,-0.13625884,36972.34765625,31556.76171875,,
208,SRCAP_Q6ZRS2_AD_198-1445|g.30712361G>A(p.Gly639Ser),-0.10307598,-0.094600916,78123.9296875,79740.25,,
209,SRCAP_Q6ZRS2_AD_198-1445|g.30711621C>T(p.Pro457Ser),0.8942758,0.7958486,40858.83984375,40483.59375,,
210,SRCAP_Q6ZRS2_AD_198-1445|g.30709679G>T(p.Gly267Val),-0.08012509,-0.08012724,10913.8408203125,11081.4580078125,,
211,SRCAP_Q6ZRS2_AD_198-1445|g.30723074G>A(p.Ser1335Asn),-0.19315243,-0.19786572,38585.0859375,38560.73046875,,
212,SRCAP_Q6ZRS2_AD_198-1445|g.30713682A>G(p.Asn822Asp),-0.0006775856,-0.022107601,66639.296875,63487.44921875,,
213,SRCAP_Q6ZRS2_AD_198-1445|g.30721209G>T(p.Val1092Phe),-0.12919807,-0.17320752,29266.609375,25549.23046875,,
214,SRCAP_Q6ZRS2_AD_198-1445|g.30720247G>A(p.Arg968His),-0.050934076,-0.06885648,32433.05859375,31517.75390625,,
215,SRCAP_Q6ZRS2_AD_198-1445|g.30710836A>G(p.Asn406Ser),0.69945407,0.744378,16550.83203125,16797.75,,
216,SRCAP_Q6ZRS2_AD_198-1445|g.30722256C>G(p.Leu1226Val),-0.14883041,-0.17444968,39090.98828125,35853.375,,
217,SRCAP_Q6ZRS2_AD_198-1445|g.30723101C>A(p.Pro1344Gln),-0.13327551,-0.12797451,46220.578125,46304.9375,,
218,SRCAP_Q6ZRS2_AD_198-1445|g.30711916A>G(p.Glu525Gly),0.49087024,0.46024632,7348.6728515625,8403.1025390625,,
219,SRCAP_Q6ZRS2_AD_198-1445|g.30709889G>A(p.Asp299Asn),-0.036625385,-0.044251442,8409.7861328125,7980.4814453125,,
220,SRCAP_Q6ZRS2_AD_198-1445|g.30710110G>T(p.Glu372Asp),-0.109519005,-0.11629987,16399.0625,15980.9306640625,,
221,SRCAP_Q6ZRS2_AD_198-1445|g.30723205C>T(p.His1379Tyr),-0.1468811,-0.15810013,42047.59765625,40758.234375,,
222,SRCAP_Q6ZRS2_AD_198-1445|g.30723673A>C(p.Ile1417Leu),-0.11458278,-0.100631,40958.48046875,39164.02734375,,
223,SRCAP_Q6ZRS2_AD_198-1445|g.30711625G>A(p.Gly458Asp),0.44208717,0.5139215,41980.59375,42941.91796875,,
224,SRCAP_Q6ZRS2_AD_198-1445|g.30710100C>T(p.Ala369Val),-0.010659695,-0.0295043,23823.72265625,23256.67578125,,
225,SRCAP_Q6ZRS2_AD_198-1445|g.30723068C>T(p.Pro1333Leu),-0.21214414,-0.20892906,39788.9609375,38847.75390625,,
226,SRCAP_Q6ZRS2_AD_198-1445|g.30722689C>T(p.Ser1278Leu),-0.12831926,-0.13680172,38706.37890625,36508.3046875,,
227,SRCAP_Q6ZRS2_AD_198-1445|g.30709947G>A(p.Arg318Lys),0.56898296,0.6482638,31063.23046875,30832.453125,,
228,SRCAP_Q6ZRS2_AD_198-1445|g.30709970C>G(p.Arg326Gly),1.1727436,0.47322702,45403.4453125,47713.12109375,,
229,SRCAP_Q6ZRS2_AD_198-1445|g.30712156A>T(p.Gln605Leu),-0.027046442,0.11490512,28656.30078125,27710.63671875,,
230,SRCAP_Q6ZRS2_AD_198-1445|g.30710770C>T(p.Ser384Phe),0.19880867,0.087809086,23447.26171875,21551.390625,,
231,SRCAP_Q6ZRS2_AD_198-1445|g.30711901G>A(p.Ser520Asn),-0.17286491,-0.17655897,10151.8564453125,9943.4189453125,,
232,SRCAP_Q6ZRS2_AD_198-1445|g.30720205G>A(p.Arg954His),0.13014793,0.0022633076,78344.5,68136.359375,,
233,SRCAP_Q6ZRS2_AD_198-1445|g.30711696C>A(p.Pro482Thr),-0.20169544,-0.19658017,12996.5986328125,12387.3994140625,,
234,SRCAP_Q6ZRS2_AD_198-1445|g.30720237C>A(p.Pro965Thr),-0.09594464,-0.08723521,36781.8515625,36317.94140625,,
235,SRCAP_Q6ZRS2_AD_198-1445|g.30720901C>T(p.Pro1059Leu),-0.14749956,-0.14889336,39565.9140625,37821.65625,,
236,SRCAP_Q6ZRS2_AD_198-1445|g.30720259G>C(p.Arg972Pro),-0.1310904,-0.13625884,31984.0390625,31556.76171875,,
237,SRCAP_Q6ZRS2_AD_198-1445|g.30716439C>G(p.Ala926Gly),0.53960466,0.26982927,45349.21484375,47129.3515625,,
238,SRCAP_Q6ZRS2_AD_198-1445|g.30711666G>A(p.Ala472Thr),-0.14539886,-0.13970232,15345.0439453125,18039.2109375,,
239,SRCAP_Q6ZRS2_AD_198-1445|g.30723086C>G(p.Pro1339Arg),-0.1880076,-0.17332363,42677.68359375,42162.17578125,,
240,SRCAP_Q6ZRS2_AD_198-1445|g.30723664C>G(p.Pro1414Ala),-0.09311557,-0.085020065,59076.4375,62498.0390625,,
241,SRCAP_Q6ZRS2_AD_198-1445|g.30721423C>T(p.Thr1163Ile),-0.036845446,-0.04292488,33641.50390625,32329.9921875,,
242,SRCAP_Q6ZRS2_AD_198-1445|g.30716423A>G(p.Ile921Val),0.14356756,0.053364277,43480.4375,43667.7890625,,
243,SRCAP_Q6ZRS2_AD_198-1445|g.30721425C>T(p.Pro1164Ser),-0.049153328,-0.05525279,28338.96484375,29091.74609375,,
244,SRCAP_Q6ZRS2_AD_198-1445|g.30720969C>G(p.Leu1082Val),-0.18717647,-0.1870811,28683.421875,28676.38671875,,
245,SRCAP_Q6ZRS2_AD_198-1445|g.30710003C>T(p.Arg337Cys),1.2116181,0.3917544,42405.50390625,29406.78125,,
246,SRCAP_Q6ZRS2_AD_198-1445|g.30723059C>T(p.Ala1330Val),-0.20403314,-0.21040606,50731.60546875,50267.94921875,,
247,SRCAP_Q6ZRS2_AD_198-1445|g.30723715G>A(p.Val1431Ile),-0.08818436,-0.100631,51426.2265625,54478.546875,,
248,SRCAP_Q6ZRS2_AD_198-1445|g.30710058C>T(p.Ser355Leu),0.20655131,0.10931134,16833.28125,15456.1689453125,,
249,SRCAP_Q6ZRS2_AD_198-1445|g.30723152C>T(p.Ala1361Val),-0.2064097,-0.20337772,41474.5625,42101.859375,,
250,SRCAP_Q6ZRS2_AD_198-1445|g.30710064A>C(p.His357Pro),-0.05866027,-0.043232918,19342.0,18319.78125,,
251,SRCAP_Q6ZRS2_AD_198-1445|g.30716379T>G(p.Leu906Arg),-0.10649037,-0.103940964,48625.05859375,55067.70703125,,
252,SRCAP_Q6ZRS2_AD_198-1445|g.30722992G>A(p.Val1308Met),-0.087678194,-0.105555296,25996.8203125,25639.7109375,,
253,SRCAP_Q6ZRS2_AD_198-1445|g.30723065G>A(p.Arg1332Gln),-0.2001996,-0.2140274,37768.73046875,36054.35546875,,
254,SRCAP_Q6ZRS2_AD_198-1445|g.30716318C>A(p.His886Asn),-0.027528763,-0.060400963,53817.02734375,53382.3828125,,
255,SRCAP_Q6ZRS2_AD_198-1445|g.30722255G>C(p.Gln1225His),-0.15413094,-0.15768147,40195.16796875,41639.33984375,,
256,SRCAP_Q6ZRS2_AD_198-1445|g.30722665C>T(p.Thr1270Ile),-0.13267088,-0.16493773,26888.34375,26472.70703125,,
257,SRCAP_Q6ZRS2_AD_198-1445|g.30716304C>T(p.Thr881Ile),-0.11613655,-0.105859995,52309.96875,52665.8515625,,
258,SRCAP_Q6ZRS2_AD_198-1445|g.30723623C>G(p.Pro1400Arg),-0.0866282,0.0023121834,30476.2109375,28971.57421875,,
259,SRCAP_Q6ZRS2_AD_198-1445|g.30713328A>G(p.Ile751Val),-0.12423611,-0.120274305,36086.23046875,35807.18359375,,
260,SRCAP_Q6ZRS2_AD_198-1445|g.30712780T>C(p.Tyr699His),-0.070265055,-0.0524168,63825.68359375,60768.92578125,,
261,SRCAP_Q6ZRS2_AD_198-1445|g.30709880G>A(p.Glu296Lys),-0.050263405,-0.012093544,13933.7314453125,6403.1533203125,,
262,SRCAP_Q6ZRS2_AD_198-1445|g.30716169G>A(p.Arg866His),-0.030323982,-0.040777206,35659.9375,39321.18359375,,
263,SRCAP_Q6ZRS2_AD_198-1445|g.30709708C>T(p.Pro277Ser),-0.046746492,-0.05252552,15318.2548828125,16045.6455078125,,
264,SRCAP_Q6ZRS2_AD_198-1445|g.30721300C>T(p.Pro1122Leu),-0.134305,-0.1421442,42832.16015625,40779.53515625,,
265,SRCAP_Q6ZRS2_AD_198-1445|g.30711618G>T(p.Ala456Ser),0.7769873,0.70429444,35054.015625,38720.25,,
266,SRCAP_Q6ZRS2_AD_198-1445|g.30720972C>T(p.Pro1083Ser),-0.16998601,-0.17860866,26629.51171875,25494.00390625,,
267,SRCAP_Q6ZRS2_AD_198-1445|g.30722571G>T(p.Val1239Leu),-0.18556428,-0.17280555,56913.23828125,57021.1328125,,
268,SRCAP_Q6ZRS2_AD_198-1445|g.30722976G>A(p.Met1302Ile),-0.13691616,-0.13363695,30473.703125,28804.0,,
269,SRCAP_Q6ZRS2_AD_198-1445|g.30709649C>T(p.Ser257Phe),0.030517578,-0.043825865,33688.1796875,32654.37890625,,
270,SRCAP_Q6ZRS2_AD_198-1445|g.30723652C>T(p.Pro1410Ser),-0.024019957,-0.023202896,42653.19140625,42786.66015625,,
271,SRCAP_Q6ZRS2_AD_198-1445|g.30720906A>T(p.Ile1061Phe),-0.07523489,-0.115976095,37320.828125,32213.97265625,,
272,SRCAP_Q6ZRS2_AD_198-1445|g.30720772G>A(p.Arg1016Gln),-0.08840442,-0.11117983,43167.1015625,42755.56640625,,
273,SRCAP_Q6ZRS2_AD_198-1445|g.30712011A>G(p.Arg557Gly),0.75850666,0.6038985,24626.92578125,21105.5234375,,
274,SRCAP_Q6ZRS2_AD_198-1445|g.30710782A>T(p.Gln388Leu),0.062047005,0.080225945,29322.7890625,30211.1640625,,
275,SRCAP_Q6ZRS2_AD_198-1445|g.30710049A>G(p.Gln352Arg),0.02702856,0.05793476,16640.52734375,16429.9140625,,
276,SRCAP_Q6ZRS2_AD_198-1445|g.30711576C>T(p.Leu442Phe),3.351004,2.5048788,75623.53125,63676.63671875,,
277,SRCAP_Q6ZRS2_AD_198-1445|g.30723062C>G(p.Pro1331Arg),-0.1996305,-0.20123959,41377.671875,41065.78125,,
278,SRCAP_Q6ZRS2_AD_198-1445|g.30716405C>T(p.Pro915Ser),-0.09084892,-0.08902931,44429.74609375,43487.31640625,,
279,SRCAP_Q6ZRS2_AD_198-1445|g.30711977A>T(p.Glu545Asp),0.54569805,0.51504207,19949.7890625,18552.6796875,,
280,SRCAP_Q6ZRS2_AD_198-1445|g.30709625A>G(p.Gln249Arg),0.05397439,0.23709345,96526.6953125,102100.234375,,
281,SRCAP_Q6ZRS2_AD_198-1445|g.30721330C>T(p.Thr1132Ile),-0.16198945,-0.16384244,42604.8984375,34199.68359375,,
282,SRCAP_Q6ZRS2_AD_198-1445|g.30720240C>T(p.Arg966Trp),-0.10787177,-0.09731126,40667.53515625,34836.5859375,,
283,SRCAP_Q6ZRS2_AD_198-1445|g.30711973A>C(p.Glu544Ala),0.57960486,0.48617053,19467.40625,17684.90234375,,
284,SRCAP_Q6ZRS2_AD_198-1445|g.30720744C>T(p.Arg1007Trp),-0.1571641,-0.20786023,43825.71875,41780.42578125,,
285,SRCAP_Q6ZRS2_AD_198-1445|g.30711673G>T(p.Ser474Ile),-0.17504525,-0.19643521,16262.1533203125,16385.8828125,,
286,SRCAP_Q6ZRS2_AD_198-1445|g.30720849C>T(p.Pro1042Ser),-0.033092737,-0.042832375,26728.703125,27786.17578125,,
287,SRCAP_Q6ZRS2_AD_198-1445|g.30710784C>T(p.Arg389Cys),0.11553478,0.040605545,29676.0,27787.93359375,,
288,SRCAP_Q6ZRS2_AD_198-1445|g.30720894G>A(p.Gly1057Arg),-0.11952114,-0.100862265,41919.33203125,42285.3203125,,
289,SRCAP_Q6ZRS2_AD_198-1445|g.30710073A>G(p.Asp360Gly),0.061108828,0.058089733,17348.03125,17447.0625,,
290,SRCAP_Q6ZRS2_AD_198-1445|g.30722259G>A(p.Ala1227Thr),-0.16357803,-0.15893126,28624.09375,29131.8125,,
291,SRCAP_Q6ZRS2_AD_198-1445|g.30710112C>T(p.Pro373Leu),0.123016834,0.0075953007,16714.80078125,15972.5751953125,,
292,SRCAP_Q6ZRS2_AD_198-1445|g.30720936C>T(p.Leu1071Phe),-0.10109568,-0.1578176,35832.37109375,30625.8984375,,
293,SRCAP_Q6ZRS2_AD_198-1445|g.30711616A>G(p.Tyr455Cys),0.60649765,0.80424225,38280.74609375,39690.6953125,,
294,SRCAP_Q6ZRS2_AD_198-1445|g.30711933T>G(p.Ser531Ala),0.6003139,0.5621574,8794.2900390625,9526.3916015625,,
295,SRCAP_Q6ZRS2_AD_198-1445|g.30709634A>T(p.Asn252Ile),0.15508413,0.24879432,74425.84375,61668.45703125,,
296,SRCAP_Q6ZRS2_AD_198-1445|g.30723677C>G(p.Pro1418Arg),-0.14596725,-0.100631,37397.48828125,40371.515625,,
297,SRCAP_Q6ZRS2_AD_198-1445|g.30709862C>G(p.Gln290Glu),-0.10986614,-0.09708953,7645.8330078125,6369.3447265625,,
298,SRCAP_Q6ZRS2_AD_198-1445|g.30712385C>T(p.Leu647Phe),-0.11226392,-0.10980344,39983.85546875,37195.40234375,,
299,SRCAP_Q6ZRS2_AD_198-1445|g.30720309C>G(p.Pro989Ala),-0.1403706,-0.14535713,28932.0078125,28794.51171875,,
300,SRCAP_Q6ZRS2_AD_198-1445|g.30723739C>A(p.Leu1439Ile),-0.08375263,-0.100631,57729.328125,54478.546875,,
301,SRCAP_Q6ZRS2_AD_198-1445|g.30710830C>T(p.Thr404Ile),0.29405499,0.17915249,20948.1328125,18691.75,,
302,SRCAP_Q6ZRS2_AD_198-1445|g.30709853G>C(p.Gly287Arg),-0.08710027,-0.037572145,10542.5166015625,6729.4892578125,,
303,SRCAP_Q6ZRS2_AD_198-1445|g.30722179A>G(p.Asn1200Ser),-0.13340735,-0.13136005,39093.19921875,39093.71484375,,
304,SRCAP_Q6ZRS2_AD_198-1445|g.30709940G>A(p.Ala316Thr),0.46147823,0.47653723,17859.69140625,19523.1953125,,
305,SRCAP_Q6ZRS2_AD_198-1445|g.30712080C>T(p.Pro580Ser),-0.13544273,-0.12310743,25548.703125,24251.92578125,,
306,SRCAP_Q6ZRS2_AD_198-1445|g.30716145G>A(p.Arg858His),-0.0077831745,-0.010386467,44599.671875,47748.953125,,
307,SRCAP_Q6ZRS2_AD_198-1445|g.30711835A>T(p.Asp498Val),-0.19527483,-0.20942903,4249.5751953125,3654.430419921875,,
308,SRCAP_Q6ZRS2_AD_198-1445|g.30716436C>T(p.Thr925Ile),-0.021760225,0.29057336,54454.81640625,59037.6796875,,
309,SRCAP_Q6ZRS2_AD_198-1445|g.30711582A>G(p.Met444Val),1.7029321,2.2634454,48487.234375,51544.64453125,,
310,SRCAP_Q6ZRS2_AD_198-1445|g.30709711C>G(p.Pro278Ala),-0.05489111,-0.05066037,14994.6220703125,14421.7314453125,,
311,SRCAP_Q6ZRS2_AD_198-1445|g.30712039C>G(p.Ala566Gly),1.8530592,1.707922,19498.34765625,20415.6171875,,
312,SRCAP_Q6ZRS2_AD_198-1445|g.30716099G>A(p.Val843Met),-0.10817647,-0.10747671,48079.9453125,47983.61328125,,
313,SRCAP_Q6ZRS2_AD_198-1445|g.30711706C>T(p.Ala485Val),-0.1901257,-0.20038605,10552.8642578125,11796.8017578125,,
314,SRCAP_Q6ZRS2_AD_198-1445|g.30723149C>T(p.Thr1360Ile),-0.19948506,-0.20091176,60510.49609375,59635.45703125,,
315,SRCAP_Q6ZRS2_AD_198-1445|g.30711917A>C(p.Glu525Asp),0.47619772,0.46024632,7768.0673828125,8403.1025390625,,
316,SRCAP_Q6ZRS2_AD_198-1445|g.30721227C>T(p.Arg1098Trp),-0.033941984,-0.10625005,40607.7890625,39115.5703125,,
317,SRCAP_Q6ZRS2_AD_198-1445|g.30711699G>A(p.Val483Met),-0.1996026,-0.20861053,11772.2275390625,12060.7392578125,,
318,SRCAP_Q6ZRS2_AD_198-1445|g.30720165A>G(p.Ile941Val),-0.03015232,-0.04511404,58319.3203125,77479.0390625,,
319,SRCAP_Q6ZRS2_AD_198-1445|g.30721456A>G(p.Asp1174Gly),-0.19368887,-0.12553787,46447.6484375,48048.14453125,,
320,SRCAP_Q6ZRS2_AD_198-1445|g.30711972G>A(p.Glu544Lys),0.23804188,0.48617053,17313.890625,17684.90234375,,
321,SRCAP_Q6ZRS2_AD_198-1445|g.30709941C>T(p.Ala316Val),0.47651672,0.47653723,19720.60546875,19523.1953125,,
322,SRCAP_Q6ZRS2_AD_198-1445|g.30712439G>C(p.Gly665Arg),-0.08519411,-0.08959079,47130.34375,48117.49609375,,
323,SRCAP_Q6ZRS2_AD_198-1445|g.30722968C>G(p.Pro1300Ala),-0.10939503,-0.10421109,27998.9375,27930.71875,,
324,SRCAP_Q6ZRS2_AD_198-1445|g.30710037C>T(p.Ser348Phe),1.4879023,0.9543898,34605.8125,31897.30078125,,
325,SRCAP_Q6ZRS2_AD_198-1445|g.30711043G>A(p.Gly425Arg),2.8407443,3.3635814,32586.421875,33707.6484375,,
326,SRCAP_Q6ZRS2_AD_198-1445|g.30720775C>T(p.Ala1017Val),-0.08958197,-0.09154296,30749.51171875,29043.2578125,,
327,SRCAP_Q6ZRS2_AD_198-1445|g.30721408C>T(p.Ala1158Val),-0.054728508,-0.06552911,45028.62109375,46868.29296875,,
328,SRCAP_Q6ZRS2_AD_198-1445|g.30710120G>A(p.Val376Met),0.054512978,0.014281273,26150.59765625,25522.98828125,,
329,SRCAP_Q6ZRS2_AD_198-1445|g.30709675C>T(p.Leu266Phe),0.04240489,-0.062293768,13863.4619140625,13720.0751953125,,
330,SRCAP_Q6ZRS2_AD_198-1445|g.30710036T>A(p.Ser348Thr),0.91418684,0.9543898,31846.31640625,31897.30078125,,
331,SRCAP_Q6ZRS2_AD_198-1445|g.30721222C>A(p.Thr1096Asn),-0.1650629,-0.17683482,36542.078125,36676.203125,,
332,SRCAP_Q6ZRS2_AD_198-1445|g.30722972C>T(p.Thr1301Ile),-0.10765576,-0.121659756,30797.90625,26338.5,,
333,SRCAP_Q6ZRS2_AD_198-1445|g.30710052C>T(p.Thr353Ile),0.09436011,0.06286049,15385.8916015625,14762.4892578125,,
334,SRCAP_Q6ZRS2_AD_198-1445|g.30721323C>T(p.Pro1130Ser),-0.19870663,-0.1782844,39484.5234375,40612.359375,,
335,SRCAP_Q6ZRS2_AD_198-1445|g.30722713C>G(p.Pro1286Arg),-0.08011484,-0.0668571,44558.125,45942.015625,,
336,SRCAP_Q6ZRS2_AD_198-1445|g.30709944A>G(p.Gln317Arg),0.49733615,0.68489826,24718.0234375,24094.44921875,,
337,SRCAP_Q6ZRS2_AD_198-1445|g.30712436A>C(p.Lys664Gln),-0.115906715,-0.115489006,46903.60546875,45338.8828125,,
338,SRCAP_Q6ZRS2_AD_198-1445|g.30722206T>G(p.Phe1209Cys),-0.17091274,-0.16754818,46645.74609375,47640.4765625,,
339,SRCAP_Q6ZRS2_AD_198-1445|g.30710033C>T(p.Pro347Ser),0.6456326,0.82171774,32460.01953125,33003.08984375,,
340,SRCAP_Q6ZRS2_AD_198-1445|g.30720163G>A(p.Arg940Gln),0.056775093,-0.027556658,85670.34375,78042.5859375,,
341,SRCAP_Q6ZRS2_AD_198-1445|g.30723118C>G(p.Pro1350Ala),-0.15042353,-0.15184045,32224.62890625,34270.03125,,
342,SRCAP_Q6ZRS2_AD_198-1445|g.30716363T>A(p.Cys901Ser),-0.10733223,-0.09509206,43513.99609375,47579.05859375,,
343,SRCAP_Q6ZRS2_AD_198-1445|g.30710028A>G(p.Glu345Gly),0.07939243,0.21759939,38100.4765625,35756.30859375,,
344,SRCAP_Q6ZRS2_AD_198-1445|g.30710048C>A(p.Gln352Lys),-0.014133215,0.05793476,16762.83203125,16429.9140625,,
345,SRCAP_Q6ZRS2_AD_198-1445|g.30721458A>G(p.Met1175Val),-0.16416979,-0.139709,50889.26953125,53027.26171875,,
346,SRCAP_Q6ZRS2_AD_198-1445|g.30723631G>A(p.Val1403Met),0.03139305,-0.009144783,25368.91796875,23499.10546875,,
347,SRCAP_Q6ZRS2_AD_198-1445|g.30711975G>A(p.Glu545Lys),0.19500494,0.51504207,20727.4921875,18552.6796875,,
348,SRCAP_Q6ZRS2_AD_198-1445|g.30709950G>T(p.Arg319Leu),1.3813314,0.8827888,31701.0546875,30846.7734375,,
349,SRCAP_Q6ZRS2_AD_198-1445|g.30711953G>C(p.Gln537His),0.5340146,0.52281237,30000.84375,28860.375,,
350,SRCAP_Q6ZRS2_AD_198-1445|g.30723175A>G(p.Thr1369Ala),-0.14601779,-0.15896297,38947.921875,35768.33203125,,
351,SRCAP_Q6ZRS2_AD_198-1445|g.30711983T>G(p.Asp547Glu),0.65878344,0.6175784,15734.8876953125,15267.4658203125,,
352,SRCAP_Q6ZRS2_AD_198-1445|g.30712153C>A(p.Thr604Asn),0.1333561,0.089479685,31012.34765625,27158.91796875,,
353,SRCAP_Q6ZRS2_AD_198-1445|g.30720822T>C(p.Ser1033Pro),-0.060800076,-0.05219841,48207.56640625,47282.84765625,,
354,SRCAP_Q6ZRS2_AD_198-1445|g.30722724A>G(p.Ser1290Gly),-0.114668846,-0.12059212,47439.6484375,46107.8359375,,
355,SRCAP_Q6ZRS2_AD_198-1445|g.30722234G>T(p.Leu1218Phe),-0.14014506,-0.16032743,33935.796875,26592.94140625,,
356,SRCAP_Q6ZRS2_AD_198-1445|g.30720948C>G(p.Leu1075Val),-0.112125635,-0.12673688,51564.8125,50110.14453125,,
357,SRCAP_Q6ZRS2_AD_198-1445|g.30711606G>A(p.Ala452Thr),1.2019365,1.0997398,29173.47265625,31749.26953125,,
358,SRCAP_Q6ZRS2_AD_198-1445|g.30720328A>G(p.Asn995Ser),-0.1646347,-0.16241026,38755.1796875,39363.51171875,,
359,SRCAP_Q6ZRS2_AD_198-1445|g.30721416G>A(p.Ala1161Thr),-0.050919294,-0.03942108,33292.24609375,36785.14453125,,
360,SRCAP_Q6ZRS2_AD_198-1445|g.30723073A>G(p.Ser1335Gly),-0.19593,-0.19786572,38109.05859375,38560.73046875,,
361,SRCAP_Q6ZRS2_AD_198-1445|g.30710785G>A(p.Arg389His),0.09193826,0.040605545,26417.76953125,27787.93359375,,
362,SRCAP_Q6ZRS2_AD_198-1445|g.30723190C>T(p.Leu1374Phe),-0.105921745,-0.12249541,43029.75390625,34596.0390625,,
363,SRCAP_Q6ZRS2_AD_198-1445|g.30721399C>T(p.Thr1155Ile),-0.06137824,-0.063583374,33476.2265625,33295.44140625,,
364,SRCAP_Q6ZRS2_AD_198-1445|g.30720930C>A(p.Pro1069Thr),-0.15503407,-0.15176272,43117.28125,45467.796875,,
365,SRCAP_Q6ZRS2_AD_198-1445|g.30721201C>T(p.Pro1089Leu),-0.1894784,-0.16385031,27452.3828125,30856.2109375,,
366,SRCAP_Q6ZRS2_AD_198-1445|g.30720830G>C(p.Gln1035His),-0.07815504,-0.085796356,57125.015625,53879.33984375,,
367,SRCAP_Q6ZRS2_AD_198-1445|g.30723022C>T(p.Arg1318Trp),-0.06453776,-0.15155983,29218.51171875,20896.83984375,,
368,SRCAP_Q6ZRS2_AD_198-1445|g.30721474C>T(p.Pro1180Leu),-0.07188225,-0.06487894,50747.20703125,50129.5078125,,
369,SRCAP_Q6ZRS2_AD_198-1445|g.30721467C>T(p.Arg1178Cys),-0.030516624,-0.118187666,35038.625,31415.6953125,,
370,SRCAP_Q6ZRS2_AD_198-1445|g.30722650C>T(p.Pro1265Leu),-0.13065076,-0.100404024,31218.41015625,24737.68359375,,
371,SRCAP_Q6ZRS2_AD_198-1445|g.30716132G>C(p.Glu854Gln),-0.079150915,-0.079841375,53968.640625,54023.4375,,
372,SRCAP_Q6ZRS2_AD_198-1445|g.30711729A>G(p.Ser493Gly),-0.19716811,-0.20393729,2699.137451171875,2404.551513671875,,
373,SRCAP_Q6ZRS2_AD_198-1445|g.30711961C>T(p.Ala540Val),0.62244976,0.43479347,23589.1953125,23358.1953125,,
374,SRCAP_Q6ZRS2_AD_198-1445|g.30722275G>A(p.Arg1232His),-0.09235287,-0.10145426,27183.21875,27590.05859375,,
375,SRCAP_Q6ZRS2_AD_198-1445|g.30722730C>G(p.Pro1292Ala),-0.14827442,-0.12038255,39421.08203125,40950.609375,,
376,SRCAP_Q6ZRS2_AD_198-1445|g.30722566A>G(p.Asn1237Ser),-0.16669369,-0.16434145,48395.4140625,48564.359375,,
377,SRCAP_Q6ZRS2_AD_198-1445|g.30723165G>A(p.Met1365Ile),-0.16617656,-0.16574502,31650.21484375,32182.75390625,,
378,SRCAP_Q6ZRS2_AD_198-1445|g.30723133A>G(p.Thr1355Ala),-0.16477752,-0.1645956,48636.66796875,48088.109375,,
379,SRCAP_Q6ZRS2_AD_198-1445|g.30711978G>A(p.Asp546Asn),0.5596267,0.49923718,15033.1064453125,16333.6494140625,,
380,SRCAP_Q6ZRS2_AD_198-1445|g.30720937T>C(p.Leu1071Pro),-0.15342855,-0.1578176,29411.68359375,30625.8984375,,
381,SRCAP_Q6ZRS2_AD_198-1445|g.30720178G>C(p.Arg945Pro),-0.021615028,-0.05804372,93329.7109375,69114.6484375,,
382,SRCAP_Q6ZRS2_AD_198-1445|g.30720745G>A(p.Arg1007Gln),-0.20348811,-0.20786023,40476.3359375,41780.42578125,,
383,SRCAP_Q6ZRS2_AD_198-1445|g.30723064C>T(p.Arg1332Trp),-0.16105771,-0.2140274,37196.21484375,36054.35546875,,
384,SRCAP_Q6ZRS2_AD_198-1445|g.30711035A>G(p.Gln422Arg),1.7264699,2.1184378,21490.21875,20372.0,,
385,SRCAP_Q6ZRS2_AD_198-1445|g.30721278C>G(p.Arg1115Gly),-0.11922979,-0.14304423,45419.19140625,44435.23046875,,
386,SRCAP_Q6ZRS2_AD_198-1445|g.30720799G>A(p.Arg1025Gln),-0.11392784,-0.14776158,35385.17578125,31930.7890625,,
387,SRCAP_Q6ZRS2_AD_198-1445|g.30720255C>T(p.Arg971Cys),-0.1272242,-0.12673283,30008.94921875,28371.109375,,
388,SRCAP_Q6ZRS2_AD_198-1445|g.30722676G>C(p.Val1274Leu),-0.12742162,-0.10757613,28950.28125,26446.31640625,,
389,SRCAP_Q6ZRS2_AD_198-1445|g.30710067A>G(p.Asp358Gly),-0.012498379,-0.0068120956,19380.52734375,18082.359375,,
390,SRCAP_Q6ZRS2_AD_198-1445|g.30723110C>T(p.Thr1347Met),-0.11996198,-0.12153244,34398.28515625,33662.53515625,,
391,SRCAP_Q6ZRS2_AD_198-1445|g.30709872A>G(p.Glu293Gly),-0.025814056,-0.028038979,12543.1767578125,7314.2626953125,,
392,SRCAP_Q6ZRS2_AD_198-1445|g.30709971G>A(p.Arg326His),1.0241687,0.47322702,52369.86328125,47713.12109375,,
393,SRCAP_Q6ZRS2_AD_198-1445|g.30722142G>A(p.Gly1188Arg),-0.11559725,-0.081691265,32243.140625,31293.62109375,,
394,SRCAP_Q6ZRS2_AD_198-1445|g.30721419C>T(p.Pro1162Ser),-0.07096219,-0.073835135,37795.4453125,38145.7890625,,
395,SRCAP_Q6ZRS2_AD_198-1445|g.30723646C>G(p.Pro1408Ala),-0.09196377,-0.07627773,29062.20703125,27992.41796875,,
396,SRCAP_Q6ZRS2_AD_198-1445|g.30709519C>A(p.Gln214Lys),0.008935928,0.06627655,50501.65625,54763.7890625,,
397,SRCAP_Q6ZRS2_AD_198-1445|g.30721296C>T(p.Pro1121Ser),-0.13592768,-0.14839911,43264.9921875,43139.4609375,,
398,SRCAP_Q6ZRS2_AD_198-1445|g.30720900C>T(p.Pro1059Ser),-0.14811397,-0.14889336,35623.359375,37821.65625,,
399,SRCAP_Q6ZRS2_AD_198-1445|g.30723659C>T(p.Ser1412Phe),0.06349611,-0.024041891,45067.21484375,41062.3515625,,
400,SRCAP_Q6ZRS2_AD_198-1445|g.30722968C>T(p.Pro1300Ser),-0.11312032,-0.10421109,27726.1875,27930.71875,,
401,SRCAP_Q6ZRS2_AD_198-1445|g.30713335A>G(p.Asn753Ser),-0.081843376,-0.08801246,38468.4921875,39891.4609375,,
402,SRCAP_Q6ZRS2_AD_198-1445|g.30722167G>A(p.Arg1196His),-0.09403801,-0.12695312,35349.40234375,35721.23828125,,
403,SRCAP_Q6ZRS2_AD_198-1445|g.30721348C>T(p.Thr1138Ile),-0.09494138,-0.13368464,42165.33203125,41178.62890625,,
404,SRCAP_Q6ZRS2_AD_198-1445|g.30712071A>G(p.Thr577Ala),-0.15304327,-0.16217327,27380.5625,27716.7421875,,
405,SRCAP_Q6ZRS2_AD_198-1445|g.30712433G>C(p.Glu663Gln),-0.115495205,-0.113310814,60516.1953125,60083.046875,,
406,SRCAP_Q6ZRS2_AD_198-1445|g.30723146G>T(p.Gly1359Val),-0.19182229,-0.19474006,56437.4453125,57068.140625,,
407,SRCAP_Q6ZRS2_AD_198-1445|g.30711922A>G(p.Glu527Gly),0.1413722,0.124812126,6594.6689453125,6859.4892578125,,
408,TFE3_P19532_AD_1-127|g.49043126G>A(p.Ser34Leu),2.8594959,3.4257846,48660.9140625,45865.51953125,0.0312730856,0.0113183158
409,TFE3_P19532_AD_1-127|g.49039345C>T(p.Gly99Glu),-0.17203593,-0.17439437,24053.859375,24581.75,9.59065947e-05,7.2154362e-05
410,TFE3_P19532_AD_1-127|g.49043143C>G(p.Glu28Asp),1.9141994,1.4817823,31898.32421875,30031.77734375,0.00875755772,0.00716108037
411,TFE3_P19532_AD_1-127|g.49039390G>C(p.Ala84Gly),-0.15388012,-0.15335345,22507.8671875,28410.71875,0.00142931251,0.00141057884
412,TFE3_P19532_AD_1-127|g.49039301C>T(p.Val114Ile),-0.18278122,-0.17439437,33688.6171875,33232.16015625,6.96214847e-05,5.17108092e-05
413,TFE3_P19532_AD_1-127|g.49043176C>A(p.Glu17Asp),0.38499546,0.31821442,41057.4140625,39113.10546875,0.001035986,0.000969134504
414,TFE3_P19532_AD_1-127|g.49043201C>G(p.Arg9Pro),0.37588048,0.31821442,40276.55078125,39113.10546875,0.00106902141,0.000599422434
415,TFE3_P19532_AD_1-127|g.49040513C>T(p.Val58Ile),2.0897336,1.7340761,83292.1796875,72698.7734375,0.92344451,0.823824525
416,TFE3_P19532_AD_1-127|g.49040510G>A(p.Leu59Phe),1.9461262,1.419687,95353.1796875,73594.734375,0.915478766,0.747663498
417,TFE3_P19532_AD_1-127|g.49040468G>A(p.Pro73Ser),0.38367105,0.34729266,74984.7578125,74097.7109375,0.0369299091,0.0352108702
418,TFE3_P19532_AD_1-127|g.49039301C>A(p.Val114Phe),-0.14788389,-0.17439437,34016.01953125,33232.16015625,0.000173827342,5.17108092e-05
419,TFE3_P19532_AD_1-127|g.49039291C>T(p.Arg117Gln),-0.19292569,-0.17439437,31817.375,33232.16015625,0.000182524396,5.99052364e-05
420,TFE3_P19532_AD_1-127|g.49043201C>T(p.Arg9Gln),0.36309934,0.31821442,40334.5234375,39113.10546875,0.00094658311,0.000599422434
421,TFE3_P19532_AD_1-127|g.49040462G>A(p.Arg75Cys),0.6625955,0.28675127,79983.53125,64633.109375,0.155768752,0.0331127532
422,TFE3_P19532_AD_1-127|g.49043166C>T(p.Ala21Thr),0.34740925,0.31821442,36771.0,39113.10546875,0.0017338763,0.00174213096
423,TFE3_P19532_AD_1-127|g.49043142G>A(p.Arg29Cys),3.2789454,2.4573376,31461.5390625,28442.6015625,0.0351752751,0.0099097155
424,TFE3_P19532_AD_1-127|g.49043157C>G(p.Val24Leu),0.2946849,0.3541932,39636.01171875,35988.046875,0.00729947072,0.00340234558
425,TFE3_P19532_AD_1-127|g.49039408A>G(p.Leu78Pro),0.17113137,0.026798487,34562.05859375,38203.046875,0.00426269136,0.00822463538
426,TFE3_P19532_AD_1-127|g.49043169G>C(p.Arg20Gly),0.55283976,0.31821442,54008.0234375,39113.10546875,0.00382070127,0.00158624304
427,TFE3_P19532_AD_1-127|g.49040560G>T(p.Ser42Tyr),1.4394469,1.8918054,47980.01953125,44210.69140625,0.313516229,0.099451974
428,TFE3_P19532_AD_1-127|g.49043216G>A(p.Ala4Val),0.3317814,0.31821442,38454.88671875,39113.10546875,0.000328971364,0.000234821055
429,TFE3_P19532_AD_1-127|g.49043121G>T(p.Gln36Lys),3.7131293,4.7785892,33978.87109375,38928.62890625,0.0113514569,0.0274998005
430,TFE3_P19532_AD_1-127|g.49043174C>T(p.Gly18Asp),0.53392804,0.31821442,47763.13671875,39113.10546875,0.00182760542,0.00106038118
431,TFE3_P19532_AD_1-127|g.49043181C>T(p.Ala16Thr),0.34745836,0.31821442,45833.77734375,39113.10546875,0.00198047352,0.0020735038
432,TFE3_P19532_AD_1-127|g.49043148C>T(p.Glu27Lys),0.45114946,1.1580381,32417.9765625,33835.30859375,0.00193193357,0.00783162005
433,TFE3_P19532_AD_1-127|g.49039369G>A(p.Thr91Ile),-0.153265,-0.15171456,32276.07421875,24584.671875,0.00102665939,0.000515489432
434,TFE3_P19532_AD_1-127|g.49040459A>G(p.Ser76Pro),0.21220112,0.18112707,53469.57421875,53691.69921875,0.0145941628,0.0153941084
435,ERG_P11308_AD_118-261|g.38423455G>A(p.Pro122Ser),0.19124722,0.28779888,72213.2734375,53445.16796875,0.000154385896,0.00469382992
436,ERG_P11308_AD_118-261|g.38403659C>A(p.Val154Leu),0.7522565,0.31686306,97604.4140625,93022.1484375,0.972258449,0.631420732
437,ERG_P11308_AD_118-261|g.38403635C>T(p.Val162Ile),0.13461542,0.2095325,74383.984375,100111.6796875,0.846179426,0.528220057
438,ERG_P11308_AD_118-261|g.38402573C>T(p.Met226Ile),0.17965817,0.09806037,46498.65625,52092.1875,0.00658934703,0.00366229378
439,ERG_P11308_AD_118-261|g.38403547T>C(p.Asn191Ser),0.5602845,0.37652206,49297.03515625,26903.171875,0.129032493,0.0933414325
440,ERG_P11308_AD_118-261|g.38403617G>C(p.Gln168Glu),0.31161737,0.33218956,103597.8671875,55984.37109375,0.158086613,0.0881088227
441,ERG_P11308_AD_118-261|g.38400580T>C(p.Arg254Gly),0.3218484,0.030359268,34998.1640625,49202.11328125,0.00278234039,0.000558323227
442,ERG_P11308_AD_118-261|g.38400591C>T(p.Arg250Lys),0.10800576,0.030359268,33912.6328125,49202.11328125,0.00594483828,0.00112113962
443,ERG_P11308_AD_118-261|g.38403691G>A(p.Thr143Ile),0.5452564,0.12771821,52250.40625,59051.73046875,0.835371971,0.960591018
444,ERG_P11308_AD_118-261|g.38400585G>T(p.Thr252Lys),0.09011221,0.030359268,32241.5546875,49202.11328125,0.00109618006,0.00095659052
445,ERG_P11308_AD_118-261|g.38423449T>C(p.Asn124Asp),0.25925064,0.28779888,73627.8203125,53445.16796875,0.000271901226,0.0103563573
446,ERG_P11308_AD_118-261|g.38403566T>C(p.Arg185Gly),0.46887493,0.5913415,61515.15625,53639.04296875,0.692150414,0.136052474
447,ERG_P11308_AD_118-261|g.38403606A>C(p.Asp171Glu),0.12111807,0.3582325,65917.3046875,77628.453125,0.176054999,0.0423980504
448,ERG_P11308_AD_118-261|g.38403643A>G(p.Leu159Pro),0.9313258,0.43656325,97282.984375,76086.59375,0.549730957,0.521760821
449,ERG_P11308_AD_118-261|g.38403661G>A(p.Ala153Val),0.39120936,0.3427353,87644.59375,100960.7109375,0.943531752,0.274516612
450,ERG_P11308_AD_118-261|g.38400625G>T(p.Pro239Thr),0.08956456,0.030359268,36733.94140625,33088.86328125,0.00248917448,0.0110392319
451,ERG_P11308_AD_118-261|g.38403662C>T(p.Ala153Thr),0.64132774,0.3427353,100788.0625,100960.7109375,0.979483008,0.274516612
452,ERG_P11308_AD_118-261|g.38402625T>C(p.His209Arg),0.1875391,0.14321065,38356.53515625,40308.41796875,0.00419953698,0.0023105687
453,ERG_P11308_AD_118-261|g.38403556G>C(p.Pro188Arg),0.33540964,0.4209373,38200.12109375,36071.7890625,0.223301962,0.207184911
454,ERG_P11308_AD_118-261|g.38403687G>C(p.Asp144Glu),1.018267,0.2560711,34803.15234375,80702.8125,0.446061671,0.977652788
455,ERG_P11308_AD_118-261|g.38403509C>G(p.Glu204Gln),0.06540656,0.20543551,31216.80859375,31124.03515625,0.0490536913,0.00409211172
456,ERG_P11308_AD_118-261|g.38403650A>G(p.Tyr157His),0.5915034,0.8066398,74673.5703125,88922.3828125,0.837992668,0.906166196
457,ERG_P11308_AD_118-261|g.38403703G>A(p.Thr139Met),0.15470362,0.28779888,82926.21875,65231.8203125,0.81228447,0.400618106
458,ERG_P11308_AD_118-261|g.38423444C>T(p.Met125Ile),0.1740117,0.28779888,67418.9375,53445.16796875,0.000170726868,0.0122761028
459,ERG_P11308_AD_118-261|g.38400639G>A(p.Ala234Val),0.15801382,0.030359268,50464.5234375,35486.26953125,0.00451535964,0.00172941934
460,ERG_P11308_AD_118-261|g.38403694C>T(p.Ser142Asn),1.2899623,0.13277674,47042.2578125,66232.1796875,0.702762067,0.896067083
461,ERG_P11308_AD_118-261|g.38402580C>T(p.Arg224Gln),0.19513988,0.15273714,40833.66015625,30100.31640625,0.0122734429,0.00298159686
462,ERG_P11308_AD_118-261|g.38403584T>A(p.Thr179Ser),0.23486519,0.24067116,63599.82421875,53911.23828125,0.0254580323,0.2230075
463,ERG_P11308_AD_118-261|g.38402574A>G(p.Met226Thr),0.17017484,0.09806037,43132.79296875,52092.1875,0.00305286539,0.00366229378
464,ERG_P11308_AD_118-261|g.38403608C>T(p.Asp171Asn),0.039655924,0.3582325,64343.6640625,77628.453125,0.114209719,0.0423980504
465,ERG_P11308_AD_118-261|g.38423419C>T(p.Val134Met),0.19918776,0.28779888,76778.6484375,53445.16796875,0.00580200134,0.596594393
466,ERG_P11308_AD_118-261|g.38423430C>T(p.Arg130His),0.23093915,0.28779888,84086.2109375,53445.16796875,0.00883665215,0.133706301
467,ERG_P11308_AD_118-261|g.38400597G>A(p.Thr248Met),0.21540165,0.030359268,34628.33203125,49202.11328125,0.0124665368,0.00148777233
468,ERG_P11308_AD_118-261|g.38403607T>C(p.Asp171Gly),0.06196952,0.3582325,63191.57421875,77628.453125,0.115216419,0.0423980504
469,ERG_P11308_AD_118-261|g.38423451G>C(p.Pro123Arg),0.12933278,0.28779888,66407.953125,53445.16796875,7.79122565e-05,0.00872922037
470,ERG_P11308_AD_118-261|g.38403679C>T(p.Arg147Gln),0.7450839,0.82348657,98003.8046875,90256.0078125,0.964718759,0.963085234
471,ERG_P11308_AD_118-261|g.38403659C>T(p.Val154Met),0.83118224,0.31686306,107732.15625,93022.1484375,0.975519001,0.631420732
472,ARX_Q96QS3_AD_472-562|g.25004813C>A(p.Ala516Ser),-0.15151739,-0.15804148,62625.7890625,63989.74609375,0.000185712066,0.000204427968
473,ARX_Q96QS3_AD_472-562|g.25004864C>G(p.Ala499Pro),-0.12354565,-0.13036776,48929.15234375,49129.3125,0.00188696221,0.00191132538
474,ARX_Q96QS3_AD_472-562|g.25004794G>C(p.Thr522Arg),-0.103971004,-0.102911234,29260.5390625,29172.49609375,0.000208469821,0.000496394001
475,ARX_Q96QS3_AD_472-562|g.25004813C>G(p.Ala516Pro),-0.14528966,-0.15804148,63163.31640625,63989.74609375,0.000178702394,0.000204427968
476,ARX_Q96QS3_AD_472-562|g.25004785G>A(p.Ala525Val),-0.120407104,-0.120038986,36003.25,35110.6484375,0.000321030151,0.000282836234
477,ARX_Q96QS3_AD_472-562|g.25004818G>A(p.Ser514Leu),-0.13521576,-0.1462338,51538.23046875,50289.609375,0.000343285588,0.000195878529
478,ARX_Q96QS3_AD_472-562|g.25004798C>T(p.Ala521Thr),-0.13736725,-0.13251615,42634.6953125,43189.98046875,0.00101856154,0.00121829601
479,ARX_Q96QS3_AD_472-562|g.25004840C>G(p.Ala507Pro),-0.06347036,-0.06952953,36965.99609375,43688.75,0.000868004165,0.00112020224
480,ARX_Q96QS3_AD_472-562|g.25004786C>A(p.Ala525Ser),-0.13663626,-0.120038986,34498.3515625,35110.6484375,0.000250461948,0.000282836234
481,ARX_Q96QS3_AD_472-562|g.25004810G>C(p.Leu517Val),-0.16085553,-0.15902925,42149.0390625,43087.6484375,0.000142190445,0.000204725802
482,ARX_Q96QS3_AD_472-562|g.25004863G>A(p.Ala499Val),-0.13322449,-0.13036776,48966.37890625,49129.3125,0.0022465589,0.00191132538
483,ARX_Q96QS3_AD_472-562|g.25004873T>C(p.Thr496Ala),-0.14442015,-0.14628339,45997.04296875,44995.8515625,0.00412760861,0.00406407285
484,ARX_Q96QS3_AD_472-562|g.25004864C>T(p.Ala499Thr),-0.12683392,-0.13036776,49026.70703125,49129.3125,0.00186650676,0.00191132538
485,ARX_Q96QS3_AD_472-562|g.25004897T>C(p.Met488Val),-0.13588834,-0.13415241,44812.3359375,46668.8984375,0.0202359594,0.0279379487
486,ARX_Q96QS3_AD_472-562|g.25004774C>T(p.Ala529Thr),-0.15686321,-0.14906263,29455.69921875,30965.56640625,6.38225029e-05,6.79878722e-05
487,ARX_Q96QS3_AD_472-562|g.25004801G>A(p.Pro520Ser),-0.1662035,-0.15926361,41765.86328125,42409.53515625,0.000549481018,0.000571621291
488,ARX_Q96QS3_AD_472-562|g.25004741T>C(p.Lys540Glu),-0.0972538,-0.119341135,22147.8125,23249.1484375,0.00251683,0.000440775562
489,ARX_Q96QS3_AD_472-562|g.25004888G>T(p.Leu491Met),-0.128376,-0.13415241,46823.80078125,46668.8984375,0.00886575971,0.0117181307
490,ARX_Q96QS3_AD_472-562|g.25004733G>C(p.His542Gln),-0.10836506,-0.119341135,22302.90234375,22914.1015625,0.000166727797,0.000140078162
491,ARX_Q96QS3_AD_472-562|g.25004884G>C(p.Thr492Ser),-0.124368906,-0.13415241,46634.65234375,46668.8984375,0.00319070672,0.00402365904
492,SRCAP_Q6ZRS2_AD_2575-3230|g.30738810G>A(p.Val2924Ile),0.02526474,0.041630507,36473.875,35418.48046875,0.000310661737,0.000251254329
493,SRCAP_Q6ZRS2_AD_2575-3230|g.30738090A>C(p.Thr2684Pro),0.037822723,0.030427217,29242.0234375,29524.93359375,0.000435637194,0.00048697993
494,SRCAP_Q6ZRS2_AD_2575-3230|g.30739666G>A(p.Arg3209His),-0.19664788,-0.2101295,43180.07421875,42093.2265625,0.000324420078,0.000194318738
495,SRCAP_Q6ZRS2_AD_2575-3230|g.30738099C>G(p.Pro2687Ala),-0.1329441,-0.13764858,16156.0517578125,16964.92578125,0.000472899497,0.000451978151
496,SRCAP_Q6ZRS2_AD_2575-3230|g.30739251C>T(p.Leu3071Phe),-0.020611286,-0.032966137,55801.62109375,55011.921875,0.000213550506,0.000125617138
497,SRCAP_Q6ZRS2_AD_2575-3230|g.30739698G>A(p.Ala3220Thr),-0.21331954,-0.2101295,35906.8828125,35864.4140625,1.25754023e-05,1.83455686e-05
498,SRCAP_Q6ZRS2_AD_2575-3230|g.30738724T>G(p.Val2895Gly),0.16882849,0.18129873,39862.2109375,40572.2890625,0.0017619828,0.00261679245
499,SRCAP_Q6ZRS2_AD_2575-3230|g.30739524C>A(p.Pro3162Thr),-0.1922605,-0.18110895,15223.8525390625,15045.4033203125,0.000291262026,0.00036805225
500,SRCAP_Q6ZRS2_AD_2575-3230|g.30738105A>G(p.Lys2689Glu),-0.12400222,-0.17995167,17663.3515625,19095.90625,0.00274309982,0.000712665962
501,SRCAP_Q6ZRS2_AD_2575-3230|g.30739500C>T(p.Arg3154Trp),-0.14384604,-0.18282986,18011.88671875,15572.2783203125,0.00030533204,4.88920414e-05
502,SRCAP_Q6ZRS2_AD_2575-3230|g.30738588G>A(p.Ala2850Thr),-0.080646515,-0.07213998,34222.65234375,35708.8828125,0.000131671331,0.000132168323
503,SRCAP_Q6ZRS2_AD_2575-3230|g.30739242C>T(p.Arg3068Cys),0.09184003,0.06628227,43353.109375,43157.6875,0.000777919195,0.000143915415
504,SRCAP_Q6ZRS2_AD_2575-3230|g.30738591A>G(p.Ile2851Val),-0.050341606,-0.049716473,32381.53515625,33117.5,5.02487019e-05,6.44851752e-05
505,SRCAP_Q6ZRS2_AD_2575-3230|g.30739392C>T(p.Arg3118Cys),-0.06773996,-0.13050365,27990.7265625,25941.73828125,0.00252436404,0.000696915085
506,SRCAP_Q6ZRS2_AD_2575-3230|g.30738244C>G(p.Thr2735Ser),-0.18993855,-0.19340634,30287.71875,30994.265625,2.15053442e-05,2.12994637e-05
507,SRCAP_Q6ZRS2_AD_2575-3230|g.30739681C>A(p.Pro3214His),-0.19683266,-0.2101295,36860.5078125,35864.4140625,4.47561288e-05,5.95141173e-05
508,SRCAP_Q6ZRS2_AD_2575-3230|g.30738543G>A(p.Val2835Met),-0.023741722,-0.04693818,38887.34375,36761.125,0.00322854612,0.00281674834
509,SRCAP_Q6ZRS2_AD_2575-3230|g.30739603G>A(p.Arg3188His),-0.1601963,-0.1510005,9248.1103515625,8243.7353515625,6.27276604e-05,4.60878655e-05
510,SRCAP_Q6ZRS2_AD_2575-3230|g.30738061C>T(p.Ser2674Leu),0.34743428,0.050048828,17339.86328125,13325.2744140625,0.00483477581,0.00193098863
511,SRCAP_Q6ZRS2_AD_2575-3230|g.30738679C>G(p.Ala2880Gly),-0.1379056,-0.13056946,15036.7392578125,15321.7236328125,4.42696255e-05,4.54552683e-05
512,SRCAP_Q6ZRS2_AD_2575-3230|g.30739597C>T(p.Thr3186Ile),-0.11828327,-0.13259125,9528.3173828125,9651.7548828125,0.000235722371,0.000117775133
513,SRCAP_Q6ZRS2_AD_2575-3230|g.30737916G>C(p.Asp2626His),2.4469264,2.307184,26323.171875,32858.28125,0.00245455117,0.00435190042
514,SRCAP_Q6ZRS2_AD_2575-3230|g.30738595C>T(p.Thr2852Ile),-0.016573906,-0.0030510426,40896.53515625,42177.8671875,4.37659546e-05,2.78298594e-05
515,SRCAP_Q6ZRS2_AD_2575-3230|g.30738666G>A(p.Gly2876Ser),-0.2191937,-0.21662188,14962.5087890625,17454.5234375,1.84124892e-05,1.84860673e-05
516,SRCAP_Q6ZRS2_AD_2575-3230|g.30739642A>C(p.Asn3201Thr),-0.2118218,-0.2101295,24882.9296875,25146.25390625,2.86328286e-05,2.8870083e-05
517,SRCAP_Q6ZRS2_AD_2575-3230|g.30738403C>T(p.Pro2788Leu),-0.09268379,-0.12082577,21117.1171875,19992.22265625,0.000655979442,0.000320306222
518,SRCAP_Q6ZRS2_AD_2575-3230|g.30739190T>A(p.Ser3050Arg),-0.13606048,-0.12023306,26168.10546875,28573.1171875,3.43524807e-05,5.80188571e-05
519,SRCAP_Q6ZRS2_AD_2575-3230|g.30739525C>T(p.Pro3162Leu),-0.17650032,-0.18110895,17832.23046875,15045.4033203125,0.000682422891,0.00036805225
520,SRCAP_Q6ZRS2_AD_2575-3230|g.30738858G>A(p.Gly2940Arg),-0.15195489,-0.19159842,37149.80078125,33820.23828125,1.62925389e-05,3.64327861e-05
521,SRCAP_Q6ZRS2_AD_2575-3230|g.30739431C>G(p.Leu3131Val),-0.21965957,-0.2166071,22918.48046875,19214.734375,5.31176593e-05,9.2651353e-05
522,SRCAP_Q6ZRS2_AD_2575-3230|g.30738352G>A(p.Arg2771Gln),-0.16673422,-0.15568924,23348.85546875,26271.8046875,4.8069167e-05,3.03677589e-05
523,SRCAP_Q6ZRS2_AD_2575-3230|g.30739632G>A(p.Gly3198Arg),-0.16884899,-0.17221355,39054.91796875,39651.37109375,1.43062807e-05,3.15537145e-05
524,SRCAP_Q6ZRS2_AD_2575-3230|g.30739381C>G(p.Thr3114Ser),0.06261659,0.062307596,30342.33203125,30124.37109375,0.00107352354,0.00102979073
525,SRCAP_Q6ZRS2_AD_2575-3230|g.30738575C>G(p.Asp2845Glu),-0.16904211,-0.15693474,39853.27734375,39458.046875,0.00152075686,0.00176093727
526,SRCAP_Q6ZRS2_AD_2575-3230|g.30738801C>T(p.Pro2921Ser),0.11845493,0.10864639,35256.61328125,39699.8125,0.00219465676,0.0020912576
527,SRCAP_Q6ZRS2_AD_2575-3230|g.30739266A>G(p.Met3076Val),0.4066553,0.3805666,42946.71484375,43326.4921875,7.4843374e-05,7.84580116e-05
528,SRCAP_Q6ZRS2_AD_2575-3230|g.30739695C>T(p.Pro3219Ser),-0.20865536,-0.2101295,35771.96875,35864.4140625,2.63435431e-05,2.64655173e-05
529,SRCAP_Q6ZRS2_AD_2575-3230|g.30738418T>C(p.Val2793Ala),-0.08326864,-0.08634758,29338.00390625,31289.53125,0.000250038662,0.000351442286
530,SRCAP_Q6ZRS2_AD_2575-3230|g.30738891C>G(p.Pro2951Ala),-0.1467762,-0.14688301,21394.8984375,20308.9140625,6.13999e-05,6.05409186e-05
531,SRCAP_Q6ZRS2_AD_2575-3230|g.30738136C>T(p.Ala2699Val),-0.13516045,-0.15171051,20865.79296875,19848.12109375,0.00043347443,0.000322112348
532,SRCAP_Q6ZRS2_AD_2575-3230|g.30739507G>A(p.Arg3156His),-0.1893537,-0.2013731,17786.55078125,15919.0556640625,0.000170290165,0.000118758871
533,SRCAP_Q6ZRS2_AD_2575-3230|g.30738966A>G(p.Thr2976Ala),-0.12465978,-0.13350964,48631.0859375,47643.84375,0.00418210309,0.00411444623
534,SRCAP_Q6ZRS2_AD_2575-3230|g.30739590G>T(p.Asp3184Tyr),-0.115823746,-0.16215038,21560.390625,17388.42578125,0.00027506164,0.000179521798
535,SRCAP_Q6ZRS2_AD_2575-3230|g.30737767C>T(p.Ser2576Leu),0.067887306,0.07891941,48500.53515625,46654.68359375,0.0107377255,0.00528705353
536,SRCAP_Q6ZRS2_AD_2575-3230|g.30738522C>A(p.Arg2828Ser),0.07915115,-0.017626762,20564.94921875,20175.078125,0.0021191875,0.00100498879
537,SRCAP_Q6ZRS2_AD_2575-3230|g.30738222G>A(p.Val2728Met),-0.17361903,-0.17523646,29160.7421875,28811.171875,1.85205481e-05,1.61871958e-05
538,SRCAP_Q6ZRS2_AD_2575-3230|g.30738565A>C(p.Glu2842Ala),-0.13205242,-0.10692692,35979.53515625,33277.59765625,0.00325935753,0.00425452041
539,SRCAP_Q6ZRS2_AD_2575-3230|g.30738501C>G(p.Pro2821Ala),0.24432397,0.21697545,27765.1640625,26856.73828125,0.00261696172,0.00252631586
540,SRCAP_Q6ZRS2_AD_2575-3230|g.30738454T>C(p.Ile2805Thr),-0.0010430813,0.027330875,19210.23828125,20543.03515625,0.000402074889,0.000834441162
541,SRCAP_Q6ZRS2_AD_2575-3230|g.30738208G>C(p.Arg2723Pro),-0.1920774,-0.18407512,20991.1328125,23909.3515625,3.44492619e-05,2.04377175e-05
542,SRCAP_Q6ZRS2_AD_2575-3230|g.30739521A>G(p.Ser3161Gly),-0.20114875,-0.19794393,14600.7236328125,15457.1455078125,0.000209426114,0.000302254164
543,SRCAP_Q6ZRS2_AD_2575-3230|g.30738616G>A(p.Arg2859Gln),-0.14416218,-0.12285137,25299.52734375,25148.5703125,8.90605861e-06,5.01985005e-06
544,SRCAP_Q6ZRS2_AD_2575-3230|g.30738895G>C(p.Gly2952Ala),-0.118611336,-0.11129713,23094.46875,23272.73046875,5.5388693e-05,5.66824965e-05
545,SRCAP_Q6ZRS2_AD_2575-3230|g.30738694T>C(p.Leu2885Ser),0.06685281,0.11864233,46599.13671875,47264.01953125,4.24494974e-05,7.67474558e-05
546,SRCAP_Q6ZRS2_AD_2575-3230|g.30738426A>G(p.Met2796Val),0.008253574,0.0052034855,24736.84375,25701.828125,0.000434551388,0.00043691232
547,SRCAP_Q6ZRS2_AD_2575-3230|g.30738691C>T(p.Thr2884Ile),0.07961631,0.03464675,40484.42578125,38799.5234375,0.000158776194,7.91401544e-05
548,SRCAP_Q6ZRS2_AD_2575-3230|g.30739429C>T(p.Pro3130Leu),-0.2240448,-0.21447396,18661.12109375,19848.6875,0.000113613583,6.56852571e-05
549,SRCAP_Q6ZRS2_AD_2575-3230|g.30739338G>T(p.Gly3100Trp),0.89555,0.1939826,65036.6015625,46423.359375,0.514852703,0.0625350848
550,SRCAP_Q6ZRS2_AD_2575-3230|g.30737808G>T(p.Val2590Leu),0.08413625,0.07891941,44448.32421875,46654.68359375,0.0500501506,0.0253321305
551,SRCAP_Q6ZRS2_AD_2575-3230|g.30737805G>A(p.Ala2589Thr),0.10397482,0.07891941,42129.45703125,46654.68359375,0.0295007322,0.0267233681
552,SRCAP_Q6ZRS2_AD_2575-3230|g.30738058C>T(p.Thr2673Ile),0.13128686,0.00496006,14266.8173828125,12356.5439453125,0.00249991729,0.00111470837
553,SRCAP_Q6ZRS2_AD_2575-3230|g.30737890C>T(p.Pro2617Leu),0.97808576,0.89760804,35953.51953125,34024.7109375,0.00189767499,0.000867768482
554,SRCAP_Q6ZRS2_AD_2575-3230|g.30738193G>A(p.Arg2718Gln),-0.15039515,-0.14132547,19847.24609375,23081.828125,3.44064792e-05,2.21265345e-05
555,SRCAP_Q6ZRS2_AD_2575-3230|g.30737838C>A(p.Leu2600Ile),0.04172802,0.03599286,38143.13671875,38319.8125,0.00762037048,0.00781938061
556,SRCAP_Q6ZRS2_AD_2575-3230|g.30739083C>T(p.Pro3015Ser),-0.16309953,-0.16801977,23420.1953125,24492.74609375,6.9031239e-06,6.38974552e-06
557,SRCAP_Q6ZRS2_AD_2575-3230|g.30739285G>A(p.Gly3082Glu),0.05759883,0.026809692,43610.12109375,44725.7265625,0.0024229195,0.00166868127
558,SRCAP_Q6ZRS2_AD_2575-3230|g.30738927G>A(p.Glu2963Lys),-0.10829306,-0.09630704,29418.61328125,31089.3046875,7.72690619e-05,0.000211177437
559,SRCAP_Q6ZRS2_AD_2575-3230|g.30737850C>T(p.Pro2604Ser),0.025892735,0.02234292,23956.96875,23955.5546875,0.00515227579,0.004882087
560,SRCAP_Q6ZRS2_AD_2575-3230|g.30738526G>A(p.Arg2829His),0.010208845,-0.044867754,25942.578125,24274.58203125,0.00130222621,0.000758316601
561,SRCAP_Q6ZRS2_AD_2575-3230|g.30739221C>T(p.Arg3061Cys),-0.092684984,-0.107117176,23445.35546875,20946.2890625,0.00222326838,0.000539671222
562,SRCAP_Q6ZRS2_AD_2575-3230|g.30739426C>A(p.Pro3129His),-0.20689249,-0.20484447,20242.0078125,21659.21875,4.71216263e-05,6.0936407e-05
563,SRCAP_Q6ZRS2_AD_2575-3230|g.30738099C>T(p.Pro2687Ser),-0.14811969,-0.13764858,17028.87890625,16964.92578125,0.000484141114,0.000451978151
564,SRCAP_Q6ZRS2_AD_2575-3230|g.30738157C>T(p.Ser2706Leu),-0.12689877,-0.14390683,30354.3671875,30102.546875,0.000262209564,0.000161164862
565,SRCAP_Q6ZRS2_AD_2575-3230|g.30739233C>T(p.Arg3065Cys),-0.020480394,-0.046675444,21559.796875,18329.22265625,0.00095165486,0.000202314928
566,SRCAP_Q6ZRS2_AD_2575-3230|g.30738243A>G(p.Thr2735Ala),-0.18621063,-0.19340634,30783.26171875,30994.265625,2.39609781e-05,2.12994637e-05
567,SRCAP_Q6ZRS2_AD_2575-3230|g.30738316A>G(p.Glu2759Gly),-0.15734076,-0.14060116,41834.125,39490.73828125,1.38186135e-06,2.37606878e-06
568,SRCAP_Q6ZRS2_AD_2575-3230|g.30738741C>G(p.Leu2901Val),0.1722281,0.18933105,27121.3203125,29019.3359375,0.00798131712,0.0129483305
569,SRCAP_Q6ZRS2_AD_2575-3230|g.30738933C>T(p.Arg2965Trp),0.031847477,-0.10318613,53729.39453125,43262.23046875,0.00221530069,0.000253094593
570,SRCAP_Q6ZRS2_AD_2575-3230|g.30738540G>A(p.Gly2834Arg),-0.0847857,-0.03317976,36225.87109375,37798.5390625,0.000495345856,0.001041068
571,SRCAP_Q6ZRS2_AD_2575-3230|g.30739429C>A(p.Pro3130Gln),-0.22026372,-0.21447396,18174.55859375,19848.6875,4.47892635e-05,6.56852571e-05
572,SRCAP_Q6ZRS2_AD_2575-3230|g.30739704A>G(p.Ser3222Gly),-0.2142663,-0.2101295,37745.25390625,35864.4140625,1.62102751e-05,1.60047002e-05
573,SRCAP_Q6ZRS2_AD_2575-3230|g.30738795C>T(p.Leu2919Phe),0.1982522,0.12636232,39584.20703125,40199.078125,0.00320677878,0.00199037744
574,SRCAP_Q6ZRS2_AD_2575-3230|g.30738901T>C(p.Ile2954Thr),-0.09572244,-0.09282327,19859.0859375,20263.15234375,5.35506369e-05,0.000104235194
575,SRCAP_Q6ZRS2_AD_2575-3230|g.30738346A>G(p.Gln2769Arg),-0.12385011,-0.16273737,24566.1875,22621.4140625,1.12480911e-05,2.75029925e-05
576,SRCAP_Q6ZRS2_AD_2575-3230|g.30738772A>T(p.Gln2911Leu),0.29677725,0.20620179,41404.74609375,29911.36328125,0.0440788753,0.014455663
577,SRCAP_Q6ZRS2_AD_2575-3230|g.30739140G>A(p.Glu3034Lys),-0.13803124,-0.09343362,18808.19140625,19908.34765625,0.000180445611,0.000724682119
578,SRCAP_Q6ZRS2_AD_2575-3230|g.30739506C>T(p.Arg3156Cys),-0.17985153,-0.2013731,16155.3134765625,15919.0556640625,0.000335937628,0.000118758871
579,SRCAP_Q6ZRS2_AD_2575-3230|g.30739396C>T(p.Ser3119Leu),-0.15974188,-0.15051126,25712.02734375,22848.62890625,0.00097144657,0.000708056497
580,SRCAP_Q6ZRS2_AD_2575-3230|g.30738669G>A(p.Val2877Met),-0.2146151,-0.21505165,16611.46875,17326.43359375,2.10223134e-05,1.98880662e-05
581,SRCAP_Q6ZRS2_AD_2575-3230|g.30737808G>A(p.Val2590Met),0.13884354,0.07891941,49336.55078125,46654.68359375,0.0373992883,0.0253321305
582,SRCAP_Q6ZRS2_AD_2575-3230|g.30739638A>G(p.Thr3200Ala),-0.20838547,-0.2101295,26023.47265625,26565.859375,2.39523415e-05,2.50325793e-05
583,SRCAP_Q6ZRS2_AD_2575-3230|g.30738420C>T(p.Arg2794Cys),-0.002289772,-0.08536792,28416.28515625,22853.8203125,0.000904851418,0.000286288792
584,SRCAP_Q6ZRS2_AD_2575-3230|g.30739657G>A(p.Arg3206His),-0.20226479,-0.2101295,25283.9609375,26119.21484375,0.000255913212,0.000150622262
585,SRCAP_Q6ZRS2_AD_2575-3230|g.30739515C>T(p.Pro3159Ser),-0.2069416,-0.20863342,18975.26953125,18797.15234375,0.000181844822,0.000191640967
586,SRCAP_Q6ZRS2_AD_2575-3230|g.30738226A>G(p.Glu2729Gly),-0.1957922,-0.1915884,30930.48046875,28841.42578125,1.49735533e-05,2.08694055e-05
587,SRCAP_Q6ZRS2_AD_2575-3230|g.30738978C>T(p.Pro2980Ser),-0.17137289,-0.16303062,56632.04296875,57181.33203125,0.00421766425,0.00429575797
588,SRCAP_Q6ZRS2_AD_2575-3230|g.30738495A>G(p.Thr2819Ala),0.1576786,0.1510117,41626.76171875,39577.33203125,0.00185114658,0.00176038081
589,SRCAP_Q6ZRS2_AD_2575-3230|g.30739386A>G(p.Lys3116Glu),0.05692339,-0.048451424,23600.03125,20916.42578125,0.00299259415,0.000683130522
590,SRCAP_Q6ZRS2_AD_2575-3230|g.30739249G>T(p.Arg3070Leu),-0.069592,-0.027207851,62703.9140625,62688.67578125,0.000718204246,0.000102946804
591,SRCAP_Q6ZRS2_AD_2575-3230|g.30737937C>G(p.Leu2633Val),1.2494419,1.9449583,22447.0078125,23768.390625,0.0187574197,0.0281321164
592,SRCAP_Q6ZRS2_AD_2575-3230|g.30738234G>A(p.Gly2732Ser),-0.19812131,-0.19658852,28168.1015625,34604.0703125,1.31767893e-05,1.30580729e-05
593,SRCAP_Q6ZRS2_AD_2575-3230|g.30738030C>T(p.Leu2664Phe),0.31261635,0.113500595,19772.92578125,17278.8125,0.0192289744,0.0125731518
594,SRCAP_Q6ZRS2_AD_2575-3230|g.30738793C>G(p.Pro2918Arg),0.051058054,0.13770366,39886.484375,40449.23046875,0.00142700179,0.0028409462
595,SRCAP_Q6ZRS2_AD_2575-3230|g.30739540G>C(p.Gly3167Ala),-0.13177037,-0.1300087,10973.3291015625,11408.9072265625,0.000473257533,0.00051399396
596,SRCAP_Q6ZRS2_AD_2575-3230|g.30738576G>A(p.Gly2846Arg),-0.15443015,-0.13700676,38738.99609375,34866.1328125,0.000497046451,0.000871310825
597,SRCAP_Q6ZRS2_AD_2575-3230|g.30737886A>G(p.Ile2616Val),0.83202064,0.85881186,25936.80859375,26751.69921875,0.000788218982,0.00106247899
598,SRCAP_Q6ZRS2_AD_2575-3230|g.30739656C>T(p.Arg3206Cys),-0.18326283,-0.2101295,30649.83203125,26119.21484375,0.000520503614,0.000150622262
599,SRCAP_Q6ZRS2_AD_2575-3230|g.30739372T>G(p.Val3111Gly),0.17394829,0.15121627,40865.69921875,35812.05859375,0.000480777526,0.000618684804
600,SRCAP_Q6ZRS2_AD_2575-3230|g.30738070T>G(p.Leu2677Arg),-0.07292414,-0.005164385,41771.58984375,43845.5703125,8.57130362e-05,0.000413755857
601,SRCAP_Q6ZRS2_AD_2575-3230|g.30738996A>C(p.Thr2986Pro),-0.13378811,-0.1564064,33334.921875,35081.24609375,0.0136578046,0.0138073722
602,SRCAP_Q6ZRS2_AD_2575-3230|g.30737872T>G(p.Leu2611Trp),0.6243355,0.1890254,21097.80078125,17943.40625,0.00531011401,0.00219367957
603,SRCAP_Q6ZRS2_AD_2575-3230|g.30737838C>G(p.Leu2600Val),0.01600933,0.03599286,37507.1171875,38319.8125,0.00569231855,0.00781938061
604,SRCAP_Q6ZRS2_AD_2575-3230|g.30738075G>A(p.Glu2679Lys),-0.1183095,-0.084024906,36250.07421875,37574.46484375,0.000143969504,0.00050158269
605,SRCAP_Q6ZRS2_AD_2575-3230|g.30739519C>T(p.Pro3160Leu),-0.20114279,-0.20432425,19295.91796875,18298.921875,0.000422915851,0.000236613385
606,SRCAP_Q6ZRS2_AD_2575-3230|g.30738558A>T(p.Ser2840Cys),-0.097010374,-0.11600757,36825.0390625,36576.4921875,0.00967244525,0.00612098258
607,SRCAP_Q6ZRS2_AD_2575-3230|g.30739650G>A(p.Asp3204Asn),-0.21731186,-0.2101295,51571.67578125,49380.65625,5.36682674e-05,0.000102588529
608,SRCAP_Q6ZRS2_AD_2575-3230|g.30739087C>T(p.Ser3016Leu),-0.15138054,-0.15161705,20906.95703125,20212.421875,1.48237859e-05,8.45206523e-06
609,SRCAP_Q6ZRS2_AD_2575-3230|g.30738723G>T(p.Val2895Phe),0.41038775,0.18129873,49106.4296875,40572.2890625,0.00679897098,0.00261679245
610,SRCAP_Q6ZRS2_AD_2575-3230|g.30738085C>A(p.Thr2682Asn),-0.044299126,-0.05287242,45378.6640625,44977.93359375,0.000224122356,0.000245273113
611,SRCAP_Q6ZRS2_AD_2575-3230|g.30738682C>T(p.Pro2881Leu),-0.07810664,-0.10110092,15481.9658203125,15523.8798828125,0.000215621665,7.37764203e-05
612,SRCAP_Q6ZRS2_AD_2575-3230|g.30738172C>T(p.Pro2711Leu),-0.11779237,-0.14765859,31517.6875,29064.9921875,3.34229808e-05,1.59347201e-05
613,SRCAP_Q6ZRS2_AD_2575-3230|g.30739164C>T(p.Arg3042Trp),-0.023074389,-0.08735657,16778.51171875,14960.1962890625,0.000898931932,0.000168182232
614,SRCAP_Q6ZRS2_AD_2575-3230|g.30739524C>T(p.Pro3162Ser),-0.18835902,-0.18110895,16240.4267578125,15045.4033203125,0.000303841778,0.00036805225
615,SRCAP_Q6ZRS2_AD_2575-3230|g.30738237C>G(p.Gln2733Glu),-0.17344546,-0.17728424,30968.4375,32505.9921875,5.09595666e-05,3.15662364e-05
616,SRCAP_Q6ZRS2_AD_2575-3230|g.30737773C>G(p.Ser2578Cys),0.09106159,0.07891941,51834.19921875,46654.68359375,0.0116037475,0.00666609826
617,SRCAP_Q6ZRS2_AD_2575-3230|g.30739002A>G(p.Thr2988Ala),-0.15811992,-0.16119576,40904.625,35772.35546875,0.00865013804,0.00829389226
618,SRCAP_Q6ZRS2_AD_2575-3230|g.30738046A>C(p.Glu2669Ala),0.08999848,0.14038754,15180.7158203125,12558.7041015625,0.00122896861,0.00169188518
619,SRCAP_Q6ZRS2_AD_2575-3230|g.30739642A>G(p.Asn3201Ser),-0.21098614,-0.2101295,25280.93359375,25146.25390625,2.8999606e-05,2.8870083e-05
620,SRCAP_Q6ZRS2_AD_2575-3230|g.30738427T>C(p.Met2796Thr),-0.023481607,0.0052034855,24069.15234375,25701.828125,0.000291734759,0.00043691232
621,SRCAP_Q6ZRS2_AD_2575-3230|g.30739296G>A(p.Val3086Met),0.047794342,0.043947935,39762.89453125,45642.16015625,0.00958056003,0.00665549422
622,SRCAP_Q6ZRS2_AD_2575-3230|g.30739609G>A(p.Arg3190His),-0.164361,-0.16551876,14423.1455078125,12330.1181640625,6.08375776e-05,4.10268003e-05
623,SRCAP_Q6ZRS2_AD_2575-3230|g.30738695G>T(p.Leu2885Phe),0.170856,0.11864233,51589.94921875,47264.01953125,0.000126162369,7.67474558e-05
624,SRCAP_Q6ZRS2_AD_2575-3230|g.30738571G>C(p.Gly2844Ala),-0.13246489,-0.14034367,36599.0,36807.44140625,0.00207724562,0.00205365173
625,SRCAP_Q6ZRS2_AD_2575-3230|g.30738658C>A(p.Ala2873Asp),-0.15721822,-0.1548996,28565.375,22666.69140625,1.37262987e-05,1.03361699e-05
626,SRCAP_Q6ZRS2_AD_2575-3230|g.30738373T>G(p.Val2778Gly),-0.09644866,-0.10231447,28318.8125,28342.19921875,1.36889112e-05,1.6879043e-05
627,SRCAP_Q6ZRS2_AD_2575-3230|g.30738838C>T(p.Pro2933Leu),-0.15811229,-0.121732235,43362.21875,44683.45703125,1.89429702e-05,9.38415997e-06
628,SRCAP_Q6ZRS2_AD_2575-3230|g.30738972C>G(p.Leu2978Val),-0.17489147,-0.17338276,42046.7890625,43432.66015625,0.00199642591,0.00355496071
629,SRCAP_Q6ZRS2_AD_2575-3230|g.30738090A>G(p.Thr2684Ala),0.039711952,0.030427217,29852.98046875,29524.93359375,0.000520722475,0.00048697993
630,SRCAP_Q6ZRS2_AD_2575-3230|g.30738506G>C(p.Gln2822His),0.19979477,0.19852829,26532.78515625,26608.3125,0.00152181147,0.00163436064
631,SRCAP_Q6ZRS2_AD_2575-3230|g.30738669G>T(p.Val2877Leu),-0.21065283,-0.21505165,14332.6767578125,17326.43359375,2.67395826e-05,1.98880662e-05
632,SRCAP_Q6ZRS2_AD_2575-3230|g.30739270G>A(p.Arg3077Gln),0.4934318,0.35617232,44277.07421875,46518.17578125,0.000141009834,7.63907665e-05
633,SRCAP_Q6ZRS2_AD_2575-3230|g.30738709A>G(p.Asn2890Ser),0.15197039,0.1686461,37709.76953125,37440.34375,0.00062339782,0.000544453505
634,SRCAP_Q6ZRS2_AD_2575-3230|g.30738954C>T(p.Pro2972Ser),-0.058811188,-0.07820606,50726.078125,50853.9453125,0.00345960073,0.00326200621
635,SRCAP_Q6ZRS2_AD_2575-3230|g.30739218A>G(p.Ser3060Gly),-0.109080315,-0.10978794,21694.27734375,21959.20703125,0.00101191865,0.00098005496
636,SRCAP_Q6ZRS2_AD_2575-3230|g.30739627T>C(p.Leu3196Pro),-0.16838813,-0.18022346,29267.6953125,29617.2421875,1.80953939e-05,3.19979481e-05
637,SRCAP_Q6ZRS2_AD_2575-3230|g.30739023A>G(p.Thr2995Ala),-0.123319864,-0.13459182,41079.890625,34125.5859375,5.62954483e-05,5.44167706e-05
638,SRCAP_Q6ZRS2_AD_2575-3230|g.30738681C>G(p.Pro2881Ala),-0.09355044,-0.10110092,16613.84765625,15523.8798828125,7.81070121e-05,7.37764203e-05
639,SRCAP_Q6ZRS2_AD_2575-3230|g.30739524C>G(p.Pro3162Ala),-0.1887722,-0.18110895,16007.1220703125,15045.4033203125,0.000308314833,0.00036805225
640,SRCAP_Q6ZRS2_AD_2575-3230|g.30739375C>T(p.Ser3112Leu),0.06876469,0.08139801,38547.75390625,37550.12890625,0.000937058765,0.000538085878
641,SRCAP_Q6ZRS2_AD_2575-3230|g.30739162G>A(p.Arg3041Gln),-0.057965755,-0.05515194,13161.4775390625,13865.1298828125,0.000183048294,0.00011776053
642,SRCAP_Q6ZRS2_AD_2575-3230|g.30738517T>C(p.Ile2826Thr),0.12520885,0.08908534,23674.52734375,24524.06640625,0.000577660452,0.0010462791
643,SRCAP_Q6ZRS2_AD_2575-3230|g.30738098C>A(p.Ser2686Arg),-0.14840364,-0.12786913,19430.30078125,17347.9296875,0.000258502318,0.00048977026
644,SRCAP_Q6ZRS2_AD_2575-3230|g.30738428G>A(p.Met2796Ile),-0.004235983,0.0052034855,24201.609375,25701.828125,0.000551067351,0.00043691232
645,SRCAP_Q6ZRS2_AD_2575-3230|g.30739717G>T(p.Arg3226Leu),-0.19335604,-0.2101295,37081.8359375,35864.4140625,3.80859965e-05,1.29507607e-05
646,SRCAP_Q6ZRS2_AD_2575-3230|g.30738406G>A(p.Gly2789Glu),-0.13369656,-0.14403582,19799.35546875,21166.76953125,0.000356817851,0.000265254057
647,SRCAP_Q6ZRS2_AD_2575-3230|g.30739504G>C(p.Gly3155Ala),-0.1749146,-0.19103026,17406.19140625,17565.24609375,6.58115314e-05,8.0894788e-05
648,SRCAP_Q6ZRS2_AD_2575-3230|g.30738499C>T(p.Pro2820Leu),0.20041847,0.1479454,35260.80859375,29953.36328125,0.00449964637,0.00202012691
649,SRCAP_Q6ZRS2_AD_2575-3230|g.30739647G>A(p.Gly3203Arg),-0.20832491,-0.2101295,43487.19921875,40995.06640625,2.57349802e-05,6.09604067e-05
650,SRCAP_Q6ZRS2_AD_2575-3230|g.30738667G>A(p.Gly2876Asp),-0.22076106,-0.21662188,15264.9736328125,17454.5234375,2.47133103e-05,1.84860673e-05
651,SRCAP_Q6ZRS2_AD_2575-3230|g.30739474T>C(p.Val3145Ala),-0.19268322,-0.18263197,35255.3359375,36662.375,2.46443087e-05,3.88206317e-05
652,SRCAP_Q6ZRS2_AD_2575-3230|g.30737995T>G(p.Leu2652Arg),1.4213917,2.4597816,25573.50390625,26314.54296875,0.00756987277,0.0340681337
653,SRCAP_Q6ZRS2_AD_2575-3230|g.30739630T>G(p.Val3197Gly),-0.18763351,-0.186831,30854.50390625,30983.9609375,2.11156839e-05,2.84626512e-05
654,SRCAP_Q6ZRS2_AD_2575-3230|g.30738550G>T(p.Gly2837Val),-0.088988304,-0.09207535,54749.2109375,54660.6171875,0.00854829047,0.00622960273
655,SRCAP_Q6ZRS2_AD_2575-3230|g.30738853G>A(p.Arg2938Lys),-0.19039536,-0.17259288,74521.7109375,76079.453125,1.32311106e-05,1.44816822e-05
656,SRCAP_Q6ZRS2_AD_2575-3230|g.30738303G>T(p.Val2755Leu),-0.14757442,-0.14328957,52773.1796875,51287.5234375,1.16850106e-05,8.46299372e-06
657,SRCAP_Q6ZRS2_AD_2575-3230|g.30738198C>T(p.Pro2720Ser),-0.119852066,-0.11556196,24438.07421875,23975.734375,2.50716184e-05,2.2734599e-05
658,SRCAP_Q6ZRS2_AD_2575-3230|g.30739448G>C(p.Leu3136Phe),-0.18655157,-0.20517588,21586.1015625,20620.00390625,0.000122858139,7.53064305e-05
659,SRCAP_Q6ZRS2_AD_2575-3230|g.30738496C>T(p.Thr2819Ile),0.18294168,0.1510117,43307.47265625,39577.33203125,0.00343301985,0.00176038081
660,SRCAP_Q6ZRS2_AD_2575-3230|g.30738337G>T(p.Arg2766Leu),-0.16313624,-0.1442461,25821.67578125,24372.6484375,4.14512542e-05,1.47222236e-05
661,SRCAP_Q6ZRS2_AD_2575-3230|g.30738564G>A(p.Glu2842Lys),-0.16100502,-0.10692692,34304.53515625,33277.59765625,0.00138704828,0.00425452041
662,SRCAP_Q6ZRS2_AD_2575-3230|g.30739503G>A(p.Gly3155Ser),-0.1869533,-0.19103026,17317.87890625,17565.24609375,6.41893348e-05,8.0894788e-05
663,SRCAP_Q6ZRS2_AD_2575-3230|g.30738555G>A(p.Gly2839Ser),-0.13182282,-0.12283301,39317.9296875,39315.390625,0.00638100971,0.00644096732
664,SRCAP_Q6ZRS2_AD_2575-3230|g.30739334T>G(p.Asp3098Glu),0.16258264,0.13800049,44404.1640625,44829.83203125,0.060855709,0.0480853766
665,SRCAP_Q6ZRS2_AD_2575-3230|g.30738588G>T(p.Ala2850Ser),-0.07373285,-0.07213998,34622.19140625,35708.8828125,0.000135198236,0.000132168323
666,SRCAP_Q6ZRS2_AD_2575-3230|g.30738156T>G(p.Ser2706Ala),-0.13340735,-0.14390683,30084.1015625,30102.546875,0.00016948524,0.000161164862
667,SRCAP_Q6ZRS2_AD_2575-3230|g.30739249G>A(p.Arg3070Gln),0.04740143,-0.027207851,62614.046875,62688.67578125,0.000233515602,0.000102946804
668,SRCAP_Q6ZRS2_AD_2575-3230|g.30739717G>A(p.Arg3226His),-0.20628834,-0.2101295,31300.14453125,35864.4140625,1.98017879e-05,1.29507607e-05
669,SRCAP_Q6ZRS2_AD_2575-3230|g.30738249C>G(p.Arg2737Gly),-0.2059083,-0.20847464,53706.46875,53912.73046875,7.30276006e-05,3.74525953e-05
670,SRCAP_Q6ZRS2_AD_2575-3230|g.30739407C>T(p.Arg3123Cys),-0.16929221,-0.18026829,24527.44140625,21966.484375,0.00116849912,0.00030521999
671,SRCAP_Q6ZRS2_AD_2575-3230|g.30738738A>G(p.Thr2900Ala),0.20319247,0.22548866,31313.96484375,30046.57421875,0.0127741396,0.0126907518
672,SRCAP_Q6ZRS2_AD_2575-3230|g.30739081C>T(p.Pro3014Leu),-0.16589475,-0.16728282,36355.5546875,34410.125,1.12029784e-05,6.00148496e-06
673,SRCAP_Q6ZRS2_AD_2575-3230|g.30738786C>T(p.Pro2916Ser),0.20921993,0.18507385,37239.7421875,38845.5078125,0.00281443773,0.00270571839
674,SRCAP_Q6ZRS2_AD_2575-3230|g.30737866T>C(p.Leu2609Pro),0.2604313,0.31817627,18236.72265625,18309.859375,0.000845864182,0.00190129643
675,SRCAP_Q6ZRS2_AD_2575-3230|g.30739414G>T(p.Gly3125Val),-0.2071743,-0.21631098,25566.8984375,28078.1015625,5.84641202e-05,4.96809844e-05
676,SRCAP_Q6ZRS2_AD_2575-3230|g.30738021G>A(p.Asp2661Asn),0.9183425,1.0679252,21883.734375,22206.2109375,0.00287012663,0.00493559381
677,SRCAP_Q6ZRS2_AD_2575-3230|g.30738525C>T(p.Arg2829Cys),0.018898487,-0.044867754,26091.30859375,24274.58203125,0.0024912497,0.000758316601
678,SRCAP_Q6ZRS2_AD_2575-3230|g.30739051A>C(p.Lys3004Thr),-0.14946938,-0.14027882,21496.3125,22160.4375,2.77095637e-06,1.25101792e-06
679,SRCAP_Q6ZRS2_AD_2575-3230|g.30739689G>T(p.Ala3217Ser),-0.21073246,-0.2101295,36003.80078125,35864.4140625,2.99528438e-05,3.87113541e-05
680,SRCAP_Q6ZRS2_AD_2575-3230|g.30739276G>A(p.Arg3079Gln),0.36015868,0.21497726,41233.4453125,45853.4140625,0.000169456631,8.12589351e-05
681,SRCAP_Q6ZRS2_AD_2575-3230|g.30739222G>A(p.Arg3061His),-0.10794997,-0.107117176,23035.3203125,20946.2890625,0.000956619217,0.000539671222
682,SRCAP_Q6ZRS2_AD_2575-3230|g.30739494G>A(p.Ala3152Thr),-0.18454552,-0.17747164,19594.7109375,19459.28125,3.9458726e-05,4.24589743e-05
683,SRCAP_Q6ZRS2_AD_2575-3230|g.30738823A>G(p.Asn2928Ser),-0.11597204,-0.11515188,32870.44921875,32985.71875,4.20552751e-05,4.00780991e-05
684,SRCAP_Q6ZRS2_AD_2575-3230|g.30738204C>T(p.Arg2722Cys),-0.1866827,-0.18529987,19136.9296875,18257.43359375,6.72302631e-05,2.30641963e-05
685,SRCAP_Q6ZRS2_AD_2575-3230|g.30739546T>C(p.Val3169Ala),-0.16169667,-0.16294909,8569.1923828125,11852.8955078125,0.000576177146,0.000836620282
686,SRCAP_Q6ZRS2_AD_2575-3230|g.30739699C>T(p.Ala3220Val),-0.20500565,-0.2101295,35866.2578125,35864.4140625,1.69816321e-05,1.83455686e-05
687,SRCAP_Q6ZRS2_AD_2575-3230|g.30739591A>G(p.Asp3184Gly),-0.1520729,-0.16215038,19392.64453125,17388.42578125,0.000120096047,0.000179521798
688,SRCAP_Q6ZRS2_AD_2575-3230|g.30738447C>G(p.Pro2803Ala),-0.006905079,0.0048806667,23210.69140625,22912.19140625,0.000878609368,0.000821082271
689,SRCAP_Q6ZRS2_AD_2575-3230|g.30739093G>A(p.Arg3018Gln),-0.12047768,-0.1374054,25204.265625,25769.1015625,2.86907489e-05,1.67024264e-05
690,SRCAP_Q6ZRS2_AD_2575-3230|g.30739123A>G(p.Asp3028Gly),-0.19278741,-0.16600966,26166.5546875,26022.54296875,0.000631031697,0.0010007713
691,SRCAP_Q6ZRS2_AD_2575-3230|g.30738522C>T(p.Arg2828Cys),0.053379774,-0.017626762,21848.078125,20175.078125,0.00326047,0.00100498879
692,SRCAP_Q6ZRS2_AD_2575-3230|g.30738114G>C(p.Glu2692Gln),-0.19005942,-0.18034887,15894.1298828125,16738.51171875,0.000117725402,0.000290945347
693,SRCAP_Q6ZRS2_AD_2575-3230|g.30739054G>A(p.Arg3005Gln),-0.18379211,-0.17053223,26743.5625,26125.3203125,1.54580266e-06,9.20366631e-07
694,SRCAP_Q6ZRS2_AD_2575-3230|g.30738037A>G(p.Glu2666Gly),0.16855145,0.15157986,19410.9140625,18353.04296875,0.00434625754,0.00646680687
695,SRCAP_Q6ZRS2_AD_2575-3230|g.30739380A>G(p.Thr3114Ala),0.050996542,0.062307596,30531.8828125,30124.37109375,0.00106816122,0.00102979073
696,SRCAP_Q6ZRS2_AD_2575-3230|g.30739034T>G(p.Ile2998Met),-0.14563942,-0.14161015,26792.07421875,25495.625,8.96874644e-06,1.02798822e-05
697,SRCAP_Q6ZRS2_AD_2575-3230|g.30738561C>T(p.Pro2841Ser),-0.11546826,-0.11127305,34924.3984375,35162.9140625,0.00296982797,0.00283824862
698,SRCAP_Q6ZRS2_AD_2575-3230|g.30739402G>A(p.Arg3121Gln),-0.14991379,-0.16137981,20548.0234375,19697.8046875,0.000406456471,0.000213965875
699,SRCAP_Q6ZRS2_AD_2575-3230|g.30738361C>T(p.Ala2774Val),-0.17455125,-0.17833996,27878.81640625,28568.69921875,9.47522058e-05,7.87020035e-05
700,SRCAP_Q6ZRS2_AD_2575-3230|g.30738915G>A(p.Asp2959Asn),-0.1590271,-0.14341068,23377.21484375,24688.734375,8.05848904e-05,0.000122728641
701,SRCAP_Q6ZRS2_AD_2575-3230|g.30738127C>T(p.Ala2696Val),-0.1373465,-0.13453269,17491.0390625,16841.8828125,0.000373899151,0.000331148214
702,SRCAP_Q6ZRS2_AD_2575-3230|g.30739726A>G(p.Lys3229Arg),-0.18856072,-0.2101295,33132.1640625,35864.4140625,1.9172805e-05,1.65756883e-05
703,SRCAP_Q6ZRS2_AD_2575-3230|g.30739635A>G(p.Thr3199Ala),-0.186697,-0.18632746,35732.1953125,34506.0546875,2.7993372e-05,2.68314652e-05
704,SRCAP_Q6ZRS2_AD_2575-3230|g.30739003C>T(p.Thr2988Ile),-0.15997052,-0.16119576,35543.23828125,35772.35546875,0.0130100707,0.00829389226
705,SRCAP_Q6ZRS2_AD_2575-3230|g.30738088C>T(p.Pro2683Leu),0.08945799,0.03398919,36177.90625,34749.35546875,0.000799695263,0.000368383102
706,SRCAP_Q6ZRS2_AD_2575-3230|g.30739324A>G(p.Asp3095Gly),0.14743662,0.23580313,54828.2421875,56863.6015625,0.0163604207,0.0349407792
707,SRCAP_Q6ZRS2_AD_2575-3230|g.30739401C>T(p.Arg3121Trp),-0.13188481,-0.16137981,25130.73828125,19697.8046875,0.00145417161,0.000213965875
708,SRCAP_Q6ZRS2_AD_2575-3230|g.30738952A>C(p.His2971Pro),-0.08944559,-0.057353497,52435.703125,52914.359375,0.0024864669,0.00200785347
709,SRCAP_Q6ZRS2_AD_2575-3230|g.30738372G>C(p.Val2778Leu),-0.07454443,-0.10231447,27313.10546875,28342.19921875,2.43018403e-05,1.6879043e-05
710,SRCAP_Q6ZRS2_AD_2575-3230|g.30737893A>G(p.Asn2618Ser),1.2586993,1.3020818,27151.3203125,27727.7578125,0.000959496887,0.000860950211
711,SRCAP_Q6ZRS2_AD_2575-3230|g.30738780C>T(p.Pro2914Ser),0.15967989,0.15607786,44474.2890625,45843.51953125,0.00412185397,0.00394580048
712,SRCAP_Q6ZRS2_AD_2575-3230|g.30739696C>T(p.Pro3219Leu),-0.19594073,-0.2101295,35288.4296875,35864.4140625,3.60842787e-05,2.64655173e-05
713,SRCAP_Q6ZRS2_AD_2575-3230|g.30739383C>T(p.Pro3115Ser),0.021130562,0.037647963,23369.3984375,22950.171875,0.000647587411,0.000602677988
714,SRCAP_Q6ZRS2_AD_2575-3230|g.30739204C>A(p.Ser3055Tyr),-0.08909321,-0.13941717,45970.0625,42007.65625,0.000462559226,0.000190059072
715,SRCAP_Q6ZRS2_AD_2575-3230|g.30739275C>T(p.Arg3079Trp),0.3631835,0.21497726,42446.44140625,45853.4140625,0.000508639903,8.12589351e-05
716,SRCAP_Q6ZRS2_AD_2575-3230|g.30738766A>C(p.Glu2909Ala),-0.024589062,0.077864885,34711.234375,29556.2421875,0.00797466002,0.0125398301
717,SRCAP_Q6ZRS2_AD_2575-3230|g.30739125A>G(p.Ser3029Gly),-0.13390541,-0.1446755,26988.6328125,26571.89453125,0.000874418474,0.000885072572
718,SRCAP_Q6ZRS2_AD_2575-3230|g.30738181C>A(p.Pro2714His),-0.091995,-0.0885036,24383.18359375,24281.1171875,1.76495741e-05,2.07337962e-05
719,SRCAP_Q6ZRS2_AD_2575-3230|g.30738934G>A(p.Arg2965Gln),-0.062687874,-0.10318613,41297.1875,43262.23046875,0.000387346139,0.000253094593
720,SRCAP_Q6ZRS2_AD_2575-3230|g.30738160C>T(p.Ala2707Val),-0.1477797,-0.15133286,49535.46875,48887.375,0.000191221334,0.000133654437
721,SRCAP_Q6ZRS2_AD_2575-3230|g.30738566G>C(p.Glu2842Asp),-0.10543585,-0.10692692,32870.84375,33277.59765625,0.00462295953,0.00425452041
722,SRCAP_Q6ZRS2_AD_2575-3230|g.30739623C>T(p.Arg3195Trp),-0.13444233,-0.18328595,26591.52734375,24719.8125,0.00026615872,3.26436566e-05
723,SRCAP_Q6ZRS2_AD_2575-3230|g.30737903G>C(p.Glu2621Asp),1.3587844,1.4558358,19780.0546875,19650.93359375,0.00259240181,0.00240113121
724,SRCAP_Q6ZRS2_AD_2575-3230|g.30739693G>C(p.Gly3218Ala),-0.20518732,-0.2101295,35823.5,35864.4140625,4.61822347e-05,4.54390138e-05
725,SRCAP_Q6ZRS2_AD_2575-3230|g.30739268G>T(p.Met3076Ile),0.3390925,0.3805666,43222.36328125,43326.4921875,9.19751183e-05,7.84580116e-05
726,SRCAP_Q6ZRS2_AD_2575-3230|g.30739701G>A(p.Val3221Ile),-0.21791077,-0.2101295,36078.01953125,35864.4140625,1.51426875e-05,1.40569518e-05
727,SRCAP_Q6ZRS2_AD_2575-3230|g.30739236C>A(p.Leu3066Met),0.20828247,0.09342146,19798.26953125,19737.5703125,0.000103836588,0.000124813101
728,SRCAP_Q6ZRS2_AD_2575-3230|g.30739624G>A(p.Arg3195Gln),-0.18558812,-0.18328595,24545.515625,24719.8125,5.38172062e-05,3.26436566e-05
729,SRCAP_Q6ZRS2_AD_2575-3230|g.30739621G>A(p.Arg3194His),-0.16417408,-0.16729164,26278.21484375,26198.09375,9.7470278e-05,5.2943491e-05
730,SRCAP_Q6ZRS2_AD_2575-3230|g.30738169C>T(p.Ser2710Leu),-0.10734463,-0.12742805,23994.921875,24345.54296875,3.38963109e-05,1.67990383e-05
731,SRCAP_Q6ZRS2_AD_2575-3230|g.30738553G>T(p.Gly2838Val),-0.113838196,-0.11308956,48830.98828125,48626.921875,0.00927624386,0.00670379633
732,SRCAP_Q6ZRS2_AD_2575-3230|g.30739606G>A(p.Arg3189Gln),-0.18320179,-0.16466832,19265.17578125,19955.79296875,4.37390008e-05,2.83489298e-05
733,SRCAP_Q6ZRS2_AD_2575-3230|g.30738795C>G(p.Leu2919Val),0.11163163,0.12636232,38628.49609375,40199.078125,0.00150868716,0.00199037744
734,SRCAP_Q6ZRS2_AD_2575-3230|g.30739716C>T(p.Arg3226Cys),-0.19797921,-0.2101295,37142.1171875,35864.4140625,3.75342606e-05,1.29507607e-05
735,SRCAP_Q6ZRS2_AD_2575-3230|g.30739729C>T(p.Thr3230Met),-0.18801689,-0.2101295,36312.1484375,35864.4140625,1.98031266e-05,1.37993529e-05
736,SRCAP_Q6ZRS2_AD_2575-3230|g.30738513T>C(p.Phe2825Leu),0.01353097,0.08195305,23047.94140625,26029.75390625,0.000785943761,0.00129297818
737,SRCAP_Q6ZRS2_AD_2575-3230|g.30738250G>A(p.Arg2737Gln),-0.21051693,-0.20847464,53413.74609375,53912.73046875,5.54460821e-05,3.74525953e-05
738,SRCAP_Q6ZRS2_AD_2575-3230|g.30738390A>C(p.Thr2784Pro),-0.18857288,-0.1904242,20934.23828125,21662.125,0.000424856029,0.00044299438
739,SRCAP_Q6ZRS2_AD_2575-3230|g.30738822A>G(p.Asn2928Asp),-0.046203136,-0.11515188,33685.68359375,32985.71875,8.189246e-05,4.00780991e-05
740,SRCAP_Q6ZRS2_AD_2575-3230|g.30738523G>A(p.Arg2828His),0.0586195,-0.017626762,20950.6796875,20175.078125,0.00168255891,0.00100498879
741,SRCAP_Q6ZRS2_AD_2575-3230|g.30739111T>C(p.Val3024Ala),-0.18234777,-0.17578411,21387.80859375,21583.86328125,0.000871024851,0.00124889018
742,SRCAP_Q6ZRS2_AD_2575-3230|g.30737875A>C(p.Glu2612Ala),0.351305,0.62347114,17712.77734375,17525.42578125,0.00276869885,0.00399201456
743,SRCAP_Q6ZRS2_AD_2575-3230|g.30738412C>T(p.Pro2791Leu),-0.08690643,-0.093961954,23144.34375,21215.76953125,0.000688012107,0.000353708398
744,SRCAP_Q6ZRS2_AD_2575-3230|g.30739408G>A(p.Arg3123His),-0.17283487,-0.18026829,25873.828125,21966.484375,0.000565240625,0.00030521999
745,SRCAP_Q6ZRS2_AD_2575-3230|g.30738184C>T(p.Ser2715Leu),-0.117967606,-0.12950516,25025.57421875,22135.36328125,4.18328782e-05,2.08975252e-05
746,SRCAP_Q6ZRS2_AD_2575-3230|g.30738097G>T(p.Ser2686Ile),-0.10602474,-0.12786913,19314.10546875,17347.9296875,0.000931628863,0.00048977026
747,SRCAP_Q6ZRS2_AD_2575-3230|g.30739347G>C(p.Gly3103Arg),0.24135017,0.45202446,33542.640625,37170.484375,0.038102366,0.0581636615
748,SRCAP_Q6ZRS2_AD_2575-3230|g.30738303G>A(p.Val2755Ile),-0.14137053,-0.14328957,55633.94140625,51287.5234375,9.07700269e-06,8.46299372e-06
749,SRCAP_Q6ZRS2_AD_2575-3230|g.30739527C>G(p.Leu3163Val),-0.18167853,-0.17498755,7116.3017578125,7147.7861328125,0.000149098283,0.000252629048
750,SRCAP_Q6ZRS2_AD_2575-3230|g.30738067A>T(p.Glu2676Val),0.032657385,-0.011852026,44136.30078125,39709.41015625,0.000618486141,0.000746698643
751,SRCAP_Q6ZRS2_AD_2575-3230|g.30738874C>T(p.Ala2945Val),-0.13062096,-0.13991928,23417.2109375,22297.07421875,0.00010580261,7.72032945e-05
752,SRCAP_Q6ZRS2_AD_2575-3230|g.30738649C>T(p.Pro2870Leu),-0.2040081,-0.19746494,24675.078125,23677.8125,5.63518779e-06,3.12234897e-06
753,SRCAP_Q6ZRS2_AD_2575-3230|g.30738655A>G(p.Asp2872Gly),-0.17187595,-0.17082167,21138.05859375,20046.234375,4.73608543e-06,6.58239287e-06
754,SRCAP_Q6ZRS2_AD_2575-3230|g.30738824T>G(p.Asn2928Lys),-0.1416645,-0.11515188,33248.390625,32985.71875,1.52778775e-05,4.00780991e-05
755,SRCAP_Q6ZRS2_AD_2575-3230|g.30738493C>T(p.Pro2818Leu),0.23343182,0.1048758,55486.8359375,54049.86328125,0.00274589797,0.001230138
756,SRCAP_Q6ZRS2_AD_2575-3230|g.30739683T>C(p.Ser3215Pro),-0.20501542,-0.2101295,35096.9375,35864.4140625,3.79822268e-05,4.7432939e-05
757,SRCAP_Q6ZRS2_AD_2575-3230|g.30739254G>C(p.Glu3072Gln),-0.071510315,-0.03357601,54028.55859375,53607.7265625,5.47129493e-05,0.000137116993
758,SRCAP_Q6ZRS2_AD_2575-3230|g.30738453A>C(p.Ile2805Leu),0.09210849,0.027330875,20819.88671875,20543.03515625,0.000884544745,0.000834441162
759,SRCAP_Q6ZRS2_AD_2575-3230|g.30739360C>A(p.Thr3107Lys),0.07953668,0.19089007,34666.09375,39983.546875,0.0051389141,0.0131173013
760,SRCAP_Q6ZRS2_AD_2575-3230|g.30739723C>T(p.Ala3228Val),-0.21037483,-0.2101295,44425.04296875,35864.4140625,2.17928937e-05,1.60127765e-05
761,SRCAP_Q6ZRS2_AD_2575-3230|g.30739602C>T(p.Arg3188Cys),-0.13406372,-0.1510005,10306.3486328125,8243.7353515625,0.000139951066,4.60878655e-05
762,SRCAP_Q6ZRS2_AD_2575-3230|g.30739446T>G(p.Leu3136Val),-0.19224286,-0.20517588,20760.328125,20620.00390625,5.43626229e-05,7.53064305e-05
763,SRCAP_Q6ZRS2_AD_2575-3230|g.30739600C>T(p.Pro3187Leu),-0.11209321,-0.12593126,10774.8212890625,8916.5205078125,0.000148289255,7.58785609e-05
764,SRCAP_Q6ZRS2_AD_2575-3230|g.30738249C>T(p.Arg2737Trp),-0.19691539,-0.20847464,54816.69921875,53912.73046875,0.000253048027,3.74525953e-05
765,SRCAP_Q6ZRS2_AD_2575-3230|g.30739608C>T(p.Arg3190Cys),-0.14745903,-0.16551876,12560.2587890625,12330.1181640625,0.00010399265,4.10268003e-05
766,SRCAP_Q6ZRS2_AD_2575-3230|g.30739240C>T(p.Ala3067Val),0.03340435,0.08016586,26264.01171875,26820.39453125,0.000103734543,9.12839678e-05
767,SRCAP_Q6ZRS2_AD_2575-3230|g.30738361C>G(p.Ala2774Gly),-0.18470883,-0.17833996,24723.69140625,28568.69921875,7.26924336e-05,7.87020035e-05
768,SRCAP_Q6ZRS2_AD_2575-3230|g.30738732C>G(p.Pro2898Ala),0.21527767,0.22061539,25451.45703125,24366.984375,0.0054488536,0.00539930491
769,SRCAP_Q6ZRS2_AD_2575-3230|g.30738421G>A(p.Arg2794His),-0.018956661,-0.08536792,27010.80859375,22853.8203125,0.000443612371,0.000286288792
770,SRCAP_Q6ZRS2_AD_2575-3230|g.30738720C>T(p.Pro2894Ser),0.12017393,0.16317558,37190.7421875,37679.53515625,0.0030514712,0.00295011932
771,SRCAP_Q6ZRS2_AD_2575-3230|g.30737837C>A(p.Asn2599Lys),-0.09930229,0.034801483,50760.9140625,55128.546875,0.00896720588,0.0203214157
772,SRCAP_Q6ZRS2_AD_2575-3230|g.30739591A>T(p.Asp3184Val),-0.15137434,-0.16215038,20332.90234375,17388.42578125,0.000185167286,0.000179521798
773,SRCAP_Q6ZRS2_AD_2575-3230|g.30739495C>G(p.Ala3152Gly),-0.17914867,-0.17747164,19115.37890625,19459.28125,3.98715565e-05,4.24589743e-05
774,SRCAP_Q6ZRS2_AD_2575-3230|g.30738643G>A(p.Arg2868Lys),-0.21645641,-0.21430779,19153.86328125,21677.06640625,2.08368533e-06,2.4231681e-06
775,SRCAP_Q6ZRS2_AD_2575-3230|g.30739448G>T(p.Leu3136Phe),-0.18655157,-0.20517588,21586.1015625,20620.00390625,0.000122858139,7.53064305e-05
776,SRCAP_Q6ZRS2_AD_2575-3230|g.30739337C>A(p.Ser3099Arg),0.057094097,0.12834907,43682.71875,45296.75,0.0294768512,0.0629856214
777,SRCAP_Q6ZRS2_AD_2575-3230|g.30739338G>A(p.Gly3100Arg),0.053804398,0.1939826,41912.40625,46423.359375,0.0287454259,0.0625350848
778,SRCAP_Q6ZRS2_AD_2575-3230|g.30739039C>T(p.Thr3000Met),-0.16343427,-0.16571021,31658.8671875,29492.9375,6.80350058e-06,4.90578304e-06
779,SRCAP_Q6ZRS2_AD_2575-3230|g.30739665C>T(p.Arg3209Cys),-0.17470074,-0.2101295,45267.30078125,42093.2265625,0.000728075393,0.000194318738
780,SRCAP_Q6ZRS2_AD_2575-3230|g.30738466G>A(p.Cys2809Tyr),0.045308113,0.00447917,35644.59765625,35041.34375,0.000770627637,0.000575179933
781,SRCAP_Q6ZRS2_AD_2575-3230|g.30739245C>T(p.Leu3069Phe),0.03901124,0.0020787716,58920.6796875,58258.015625,0.000194999913,0.000107701453
782,SRCAP_Q6ZRS2_AD_2575-3230|g.30738575C>A(p.Asp2845Glu),-0.16904211,-0.15693474,39853.27734375,39458.046875,0.00152075686,0.00176093727
783,SRCAP_Q6ZRS2_AD_2575-3230|g.30738877G>A(p.Arg2946Gln),-0.14949465,-0.1597662,23125.921875,24053.58984375,0.000109505039,6.39416612e-05
784,SRCAP_Q6ZRS2_AD_2575-3230|g.30737874G>C(p.Glu2612Gln),0.3600912,0.62347114,17794.4140625,17525.42578125,0.00220731529,0.00399201456
785,SRCAP_Q6ZRS2_AD_2575-3230|g.30739177G>A(p.Gly3046Asp),-0.023694038,-0.02503562,16305.1376953125,18469.1015625,0.000223443843,0.000164374214
786,SRCAP_Q6ZRS2_AD_2575-3230|g.30738951C>T(p.His2971Tyr),-0.022467613,-0.057353497,55552.50390625,52914.359375,0.00660450896,0.00200785347
787,SRCAP_Q6ZRS2_AD_2575-3230|g.30737865C>G(p.Leu2609Val),0.2716267,0.31817627,18397.01953125,18309.859375,0.00125217868,0.00190129643
788,SRCAP_Q6ZRS2_AD_2575-3230|g.30738072A>G(p.Thr2678Ala),-0.03789115,-0.034314156,28662.11328125,26789.27734375,0.000357317243,0.000334262964
789,SRCAP_Q6ZRS2_AD_2575-3230|g.30739347G>A(p.Gly3103Arg),0.24135017,0.45202446,33542.640625,37170.484375,0.038102366,0.0581636615
790,SRCAP_Q6ZRS2_AD_2575-3230|g.30737941C>G(p.Thr2634Arg),1.2617486,1.9133857,20923.5390625,20745.53515625,0.0126125142,0.0272508562
791,SRCAP_Q6ZRS2_AD_2575-3230|g.30738253C>G(p.Pro2738Arg),-0.20098329,-0.2067039,57863.7421875,57546.109375,3.06564652e-05,5.5058179e-05
792,SRCAP_Q6ZRS2_AD_2575-3230|g.30738303G>C(p.Val2755Leu),-0.14757442,-0.14328957,52773.1796875,51287.5234375,1.16850106e-05,8.46299372e-06
793,SRCAP_Q6ZRS2_AD_2575-3230|g.30739132C>A(p.Ser3031Tyr),-0.054481506,-0.13213444,22740.75390625,20879.5,0.00239675143,0.000990753295
794,SRCAP_Q6ZRS2_AD_2575-3230|g.30738312G>A(p.Val2758Ile),-0.15286088,-0.14302039,42432.671875,45719.20703125,3.42578642e-06,3.06952688e-06
795,SRCAP_Q6ZRS2_AD_2575-3230|g.30739645A>G(p.Gln3202Arg),-0.21317983,-0.2101295,36560.9296875,36359.14453125,3.96265314e-05,7.34934365e-05
796,SRCAP_Q6ZRS2_AD_2575-3230|g.30738120G>A(p.Val2694Ile),-0.1772089,-0.18270159,17645.0234375,18574.828125,0.000441224925,0.000319165847
797,SRCAP_Q6ZRS2_AD_2575-3230|g.30739293A>G(p.Met3085Val),0.009729385,0.02779913,39790.73046875,45685.84765625,0.00457649399,0.00579136889
798,SRCAP_Q6ZRS2_AD_2575-3230|g.30738825C>A(p.Pro2929Thr),-0.12855864,-0.12268877,34190.6796875,35011.9921875,3.98599623e-05,4.083764e-05
799,SRCAP_Q6ZRS2_AD_2575-3230|g.30738612C>T(p.Arg2858Cys),-0.08648968,-0.095942974,33242.6484375,31096.91796875,1.88850336e-05,5.87888826e-06
800,SRCAP_Q6ZRS2_AD_2575-3230|g.30739159G>A(p.Arg3040Lys),-0.06969333,-0.054548025,15054.5947265625,15095.5869140625,0.000141419441,0.000161286618
801,SRCAP_Q6ZRS2_AD_2575-3230|g.30739462C>T(p.Ala3141Val),-0.18487334,-0.18533897,34527.37890625,33412.15234375,5.27610391e-05,4.36617374e-05
802,SRCAP_Q6ZRS2_AD_2575-3230|g.30737950C>G(p.Pro2637Arg),1.2030814,2.2002258,19488.34375,20370.546875,0.0157565549,0.031442225
803,SRCAP_Q6ZRS2_AD_2575-3230|g.30739110G>A(p.Val3024Ile),-0.18273973,-0.17578411,22839.17578125,21583.86328125,0.00181866239,0.00124889018
804,SRCAP_Q6ZRS2_AD_2575-3230|g.30738456G>A(p.Gly2806Ser),0.011766911,0.029368877,24096.85546875,25150.47265625,0.000833838712,0.000841272005
805,SRCAP_Q6ZRS2_AD_2575-3230|g.30739537A>T(p.Glu3166Val),-0.11824536,-0.118251085,9263.5283203125,9268.2197265625,0.00033313263,0.000358999532
806,SRCAP_Q6ZRS2_AD_2575-3230|g.30737966G>T(p.Leu2642Phe),3.3845866,2.750837,26672.0390625,24350.26953125,0.143211186,0.0802655667
807,SRCAP_Q6ZRS2_AD_2575-3230|g.30738337G>A(p.Arg2766Gln),-0.18093276,-0.1442461,24947.37890625,24372.6484375,2.60253692e-05,1.47222236e-05
808,SRCAP_Q6ZRS2_AD_2575-3230|g.30738360G>T(p.Ala2774Ser),-0.17638183,-0.17833996,25032.96484375,28568.69921875,7.30885658e-05,7.87020035e-05
809,SRCAP_Q6ZRS2_AD_2575-3230|g.30739092C>T(p.Arg3018Trp),-0.051390648,-0.1374054,29795.26171875,25769.1015625,0.000191060957,1.67024264e-05
810,SRCAP_Q6ZRS2_AD_2575-3230|g.30739119C>T(p.Arg3027Cys),-0.06763768,-0.17496824,33029.12109375,32164.7109375,0.00411283644,0.00104797946
811,SRCAP_Q6ZRS2_AD_2575-3230|g.30738428G>T(p.Met2796Ile),-0.004235983,0.0052034855,24201.609375,25701.828125,0.000551067351,0.00043691232
812,SRCAP_Q6ZRS2_AD_2575-3230|g.30737971T>G(p.Leu2644Arg),1.2037027,2.599378,17751.96875,19957.9765625,0.0149866072,0.072450906
813,SRCAP_Q6ZRS2_AD_2575-3230|g.30738967C>A(p.Thr2976Asn),-0.101875305,-0.13350964,47465.40234375,47643.84375,0.00409555295,0.00411444623
814,SRCAP_Q6ZRS2_AD_2575-3230|g.30739299G>A(p.Val3087Met),0.057507277,0.056785345,46965.3828125,47219.93359375,0.00770690711,0.00429736357
815,SRCAP_Q6ZRS2_AD_2575-3230|g.30738741C>A(p.Leu2901Ile),0.19483757,0.18933105,27556.86328125,29019.3359375,0.0111329844,0.0129483305
816,SRCAP_Q6ZRS2_AD_2575-3230|g.30738445C>T(p.Ser2802Phe),0.07538271,-0.052563667,25718.84375,21464.05078125,0.00194093073,0.000522104092
817,SRCAP_Q6ZRS2_AD_2575-3230|g.30737910G>A(p.Ala2624Thr),1.8501148,1.9381917,22058.36328125,19871.53515625,0.00533736916,0.0054959557
818,SRCAP_Q6ZRS2_AD_2575-3230|g.30738450C>T(p.Pro2804Ser),-0.0033323765,0.004957199,20782.53515625,21245.62890625,0.000820557354,0.000792083098
819,SRCAP_Q6ZRS2_AD_2575-3230|g.30738340G>A(p.Arg2767Gln),-0.18714285,-0.15215707,27346.3203125,27078.08203125,2.77668714e-05,1.55067482e-05
820,SRCAP_Q6ZRS2_AD_2575-3230|g.30739684C>A(p.Ser3215Tyr),-0.18100071,-0.2101295,37610.62890625,35864.4140625,0.00010817255,4.7432939e-05
821,SRCAP_Q6ZRS2_AD_2575-3230|g.30739620C>T(p.Arg3194Cys),-0.15358639,-0.16729164,25956.33203125,26198.09375,0.000194922206,5.2943491e-05
822,SRCAP_Q6ZRS2_AD_2575-3230|g.30739680C>T(p.Pro3214Ser),-0.20516324,-0.2101295,35943.86328125,35864.4140625,5.86308925e-05,5.95141173e-05
823,SRCAP_Q6ZRS2_AD_2575-3230|g.30739386A>C(p.Lys3116Gln),-0.015668869,-0.048451424,23016.23046875,20916.42578125,0.00144119537,0.000683130522
824,SRCAP_Q6ZRS2_AD_2575-3230|g.30739600C>A(p.Pro3187Gln),-0.12316036,-0.12593126,9842.5869140625,8916.5205078125,6.84191473e-05,7.58785609e-05
825,SRCAP_Q6ZRS2_AD_2575-3230|g.30737790G>C(p.Asp2584His),-0.07075691,0.07891941,42203.0234375,46654.68359375,0.0042492412,0.0150722247
826,SRCAP_Q6ZRS2_AD_2575-3230|g.30739169A>T(p.Gln3043His),-0.06791592,-0.0743165,15018.9111328125,15551.1728515625,0.000249448378,0.000258367771
827,SRCAP_Q6ZRS2_AD_2575-3230|g.30739264G>A(p.Gly3075Glu),0.16384315,0.15412378,48649.984375,49980.796875,0.000139063515,7.48031962e-05
828,NR4A2_P43354_AD_1-91|g.156330138G>C(p.Pro17Ala),4.7560787,4.724737,107039.265625,105978.4609375,0.0011225465,0.00100150867
829,NR4A2_P43354_AD_1-91|g.156329999A>C(p.Phe63Cys),0.8351369,1.060298,73864.6953125,93588.0,0.0446244925,0.133067623
830,NR4A2_P43354_AD_1-91|g.156329971G>T(p.Asp72Glu),0.9304068,1.060298,64883.78125,65651.296875,0.382941812,0.433458596
831,NR4A2_P43354_AD_1-91|g.156330024T>C(p.Thr55Ala),3.0599127,2.96226,92285.6328125,91965.421875,0.45301944,0.445149928
832,NR4A2_P43354_AD_1-91|g.156330170G>T(p.Ala6Glu),5.0143237,4.724737,105884.71875,105978.4609375,0.000450179941,0.000339610677
833,NR4A2_P43354_AD_1-91|g.156329942G>C(p.Pro82Arg),0.6252631,1.060298,47808.27734375,65651.296875,0.00232319138,0.00577994203
834,NR4A2_P43354_AD_1-91|g.156329979C>T(p.Gly70Ser),1.0228994,1.060298,80598.3515625,80567.5390625,0.596555829,0.600163639
835,NR4A2_P43354_AD_1-91|g.156329997T>C(p.Met64Val),1.0289292,1.060298,81953.046875,88939.9140625,0.194505528,0.294212848
836,NR4A2_P43354_AD_1-91|g.156330117A>T(p.Tyr24Asn),4.698264,4.8164134,54780.2578125,86672.03125,0.00801393017,0.0198356714
837,NR4A2_P43354_AD_1-91|g.156330164T>C(p.Tyr8Cys),4.689568,4.724737,104542.890625,105978.4609375,0.000316355785,0.000411224697
838,NR4A2_P43354_AD_1-91|g.156330158G>C(p.Ser10Cys),4.714143,4.724737,110064.703125,105978.4609375,0.00115186465,0.000716111215
839,NR4A2_P43354_AD_1-91|g.156329930T>C(p.Gln86Arg),0.7491183,1.060298,59174.0625,65651.296875,0.000588492956,0.00101285719
840,NR4A2_P43354_AD_1-91|g.156330090C>T(p.Asp33Asn),3.3851109,5.0109787,52101.40625,60004.45703125,0.831177413,0.950223267
841,EBF3_Q9H4W6_AD_281-360|g.129867230G>A(p.Pro317Leu),-0.107972145,-0.0867672,39329.58203125,40047.04296875,0.00424898276,0.00334568811
842,EBF3_Q9H4W6_AD_281-360|g.129867266A>T(p.Leu305Gln),0.17642236,-0.014178276,81007.9296875,82965.484375,0.00781933591,0.0197581872
843,EBF3_Q9H4W6_AD_281-360|g.129848478G>A(p.Leu348Phe),0.043092728,0.044838667,38127.33984375,30033.1875,0.0465255566,0.0275443494
844,EBF3_Q9H4W6_AD_281-360|g.129867156G>A(p.Arg342Cys),0.06778002,0.044838667,34090.875,30033.1875,0.0150937447,0.00341707421
845,EBF3_Q9H4W6_AD_281-360|g.129867262T>C(p.Ile306Met),0.018103361,-0.0006611347,98712.1875,98677.90625,0.0124894287,0.0124914767
846,EBF3_Q9H4W6_AD_281-360|g.129867838C>T(p.Asp286Asn),-0.12889099,-0.12567472,70626.921875,82248.0625,0.408370018,0.828644514
847,EBF3_Q9H4W6_AD_281-360|g.129867799T>A(p.Met299Leu),-0.1361053,-0.12567472,74620.1171875,82248.0625,0.354032815,0.412891775
848,EBF3_Q9H4W6_AD_281-360|g.129867823C>T(p.Gly291Arg),-0.13503361,-0.12567472,60750.7265625,82248.0625,0.266819954,0.576896489
849,EBF3_Q9H4W6_AD_281-360|g.129867213C>T(p.Val323Ile),-0.012944698,0.01470089,31483.64453125,31203.60546875,0.000264860602,0.00020222101
850,EBF3_Q9H4W6_AD_281-360|g.129867227C>G(p.Arg318Thr),-0.078475,-0.08282137,45821.8046875,40377.66015625,0.00127642287,0.000577096711
851,EBF3_Q9H4W6_AD_281-360|g.129867810A>C(p.Val295Gly),-0.030420065,-0.12567472,109127.28125,82248.0625,0.364501625,0.254153073
852,EBF3_Q9H4W6_AD_281-360|g.129867231G>T(p.Pro317Thr),-0.09260774,-0.0867672,40165.99609375,40047.04296875,0.00322269578,0.00334568811
853,EBF3_Q9H4W6_AD_281-360|g.129867853C>T(p.Val281Ile),-0.12305784,-0.12567472,81580.1640625,82248.0625,0.133114636,0.0970752463
854,EBF3_Q9H4W6_AD_281-360|g.129848463T>C(p.Ile353Val),0.046392202,0.044838667,29584.33203125,30033.1875,0.00601312472,0.00937884208
855,EBF3_Q9H4W6_AD_281-360|g.129867141C>T(p.Ala347Thr),0.059999466,0.044838667,30271.0546875,30033.1875,0.0225447677,0.021601608
856,EBF3_Q9H4W6_AD_281-360|g.129848444C>G(p.Arg359Thr),0.15427756,0.044838667,35439.95703125,30033.1875,0.0140990699,0.00504217157
857,EBF3_Q9H4W6_AD_281-360|g.129867233G>A(p.Pro316Leu),-0.12038517,-0.096642494,50247.796875,50821.37890625,0.00757244509,0.00594852213
858,NCOA1_Q15788_AD_1-93|g.24658744C>A(p.Pro23Thr),0.24209356,0.2796359,30185.98828125,29914.37109375,1.90290102e-05,1.83995344e-05
859,NCOA1_Q15788_AD_1-93|g.24665817A>G(p.Asn53Ser),0.13048315,0.16412234,33020.51171875,33208.6171875,0.689770937,0.678520203
860,NCOA1_Q15788_AD_1-93|g.24658708C>T(p.Pro11Ser),0.2676406,0.2796359,21248.97265625,21515.88671875,0.00010470031,0.000102715676
861,NCOA1_Q15788_AD_1-93|g.24658753A>G(p.Thr26Ala),0.46868467,0.46346283,19312.171875,17835.66015625,1.61666921e-05,1.60447253e-05
862,NCOA1_Q15788_AD_1-93|g.24665836C>A(p.Ser59Arg),0.84459996,1.4139513,37930.21484375,39258.9921875,0.0110238651,0.025579704
863,NCOA1_Q15788_AD_1-93|g.24665882G>A(p.Asp75Asn),0.06777048,0.1433959,17869.2734375,17598.453125,9.15428518e-06,2.66872321e-05
864,NCOA1_Q15788_AD_1-93|g.24658728T>G(p.His17Gln),0.27589107,0.2796359,20867.5078125,21515.88671875,0.000133081398,0.000129248452
865,NCOA1_Q15788_AD_1-93|g.24665751C>T(p.Thr31Met),2.669361,2.6497915,39302.23828125,36808.02734375,0.000113384885,6.12162039e-05
866,NCOA1_Q15788_AD_1-93|g.24658750G>A(p.Asp25Asn),0.23224592,0.26458073,20760.61328125,22090.609375,1.47323917e-05,2.74302001e-05
867,NCOA1_Q15788_AD_1-93|g.24658756C>A(p.Leu27Met),0.6137214,0.56408894,18772.23046875,18733.36328125,4.38239567e-06,6.33525178e-06
868,NCOA1_Q15788_AD_1-93|g.24658714A>G(p.Asn13Asp),0.27555823,0.2796359,20961.51953125,21515.88671875,0.000229792015,0.000137923329
869,NCOA1_Q15788_AD_1-93|g.24665823G>C(p.Ser55Thr),0.17299938,0.17945552,44889.32421875,45050.74609375,0.199093252,0.255804718
870,NCOA1_Q15788_AD_1-93|g.24658705G>A(p.Asp10Asn),0.29745746,0.2796359,21095.97265625,21515.88671875,7.75485314e-05,0.000129153836
871,NCOA1_Q15788_AD_1-93|g.24658759G>C(p.Ala28Pro),0.88559866,0.79673874,32742.59375,33294.4765625,8.26723408e-06,9.74869636e-06
872,NCOA1_Q15788_AD_1-93|g.24665763G>T(p.Arg35Leu),0.91138387,0.79808056,35101.078125,37542.30078125,0.00420474261,0.00120733981
873,NCOA1_Q15788_AD_1-93|g.24658753A>C(p.Thr26Pro),0.51255846,0.46346283,17226.96484375,17835.66015625,1.48609697e-05,1.60447253e-05
874,NCOA1_Q15788_AD_1-93|g.24665762C>T(p.Arg35Cys),1.081598,0.79808056,34684.40234375,37542.30078125,0.00381883071,0.00120733981
875,NCOA1_Q15788_AD_1-93|g.24658690G>A(p.Gly5Arg),0.25441957,0.2796359,20624.87890625,21515.88671875,6.60537189e-05,0.00013107479
876,NCOA1_Q15788_AD_1-93|g.24658747T>C(p.Cys24Arg),0.23434591,0.26839662,31372.53515625,33283.30078125,4.70193663e-06,1.54990321e-05
877,TCF4_P15884_AD_1-100|g.55461078C>A(p.Ser82Ile),0.60962176,0.50042415,43793.16796875,43207.68359375,0.0255172737,0.0125475433
878,TCF4_P15884_AD_1-100|g.55461111T>C(p.Tyr71Cys),0.47938848,0.50042415,29360.578125,28542.5234375,0.00109822978,0.00149317062
879,TCF4_P15884_AD_1-100|g.55461100T>C(p.Thr75Ala),0.51597035,0.50042415,27705.27734375,26919.55078125,0.000788197212,0.000781790237
880,TCF4_P15884_AD_1-100|g.55461083C>T(p.Met80Ile),0.45264435,0.50042415,44912.1640625,45334.47265625,0.00194294658,0.0015533854
881,TCF4_P15884_AD_1-100|g.55461088G>C(p.His79Asp),0.5868728,0.50042415,41241.28125,41605.328125,0.00355351344,0.00167718821
882,TCF4_P15884_AD_1-100|g.55461093T>C(p.Tyr77Cys),0.42580295,0.50042415,41132.33984375,43958.6328125,0.00072391663,0.00107073784
883,TCF4_P15884_AD_1-100|g.55464119C>T(p.Ser55Asn),0.21636581,0.2604692,23371.56640625,22952.43359375,0.000438582269,0.000477621419
884,TCF4_P15884_AD_1-100|g.55587112T>A(p.His2Leu),3.5972414,4.050956,62743.4375,53383.11328125,0.000299263775,0.000129576089
885,TCF4_P15884_AD_1-100|g.55461090T>C(p.Asp78Gly),0.38154674,0.50042415,42850.2265625,41478.02734375,0.000909564609,0.00145794929
886,TCF4_P15884_AD_1-100|g.55461054T>C(p.Asn90Ser),0.4001031,0.50042415,42151.22265625,43207.68359375,0.00998082291,0.00932071917
887,TCF4_P15884_AD_1-100|g.55461064A>G(p.Ser87Pro),0.48527122,0.50042415,42979.01953125,43207.68359375,0.00907303393,0.00949844532
888,TCF4_P15884_AD_1-100|g.55464090G>A(p.Pro65Ser),1.1913959,1.2398903,25330.75390625,25946.1484375,0.000635234523,0.000587440794
889,TCF4_P15884_AD_1-100|g.55464101T>C(p.Asn61Ser),0.53996575,0.5277412,27088.09765625,26566.671875,0.00047079366,0.000436238945
890,TCF4_P15884_AD_1-100|g.55464116G>A(p.Ser56Leu),0.5559032,0.28020716,23142.7734375,21608.9765625,0.00117111555,0.000533082755
891,TCF4_P15884_AD_1-100|g.55461114T>C(p.Asn70Ser),0.5329969,0.50042415,27112.87890625,27051.15625,0.00099871878,0.000898008235
892,TCF4_P15884_AD_1-100|g.55461086G>C(p.His79Gln),0.56270456,0.50042415,41077.78515625,41605.328125,0.00170993607,0.00167718821
893,CASZ1_Q86V15_AD_31-185|g.10665221T>C(p.Met123Val),0.015847206,0.054396868,16994.13671875,16020.8916015625,0.00409211917,0.00523413951
894,CASZ1_Q86V15_AD_31-185|g.10665109C>A(p.Ser160Ile),-0.08974457,-0.1101284,22360.93359375,20170.66796875,0.000307162118,0.000145332509
895,CASZ1_Q86V15_AD_31-185|g.10665257G>A(p.Arg111Cys),0.92722416,0.5952966,46692.859375,43370.6796875,0.0530458577,0.0179603975
896,CASZ1_Q86V15_AD_31-185|g.10665358G>A(p.Pro77Leu),-0.031291246,-0.028660536,27316.74609375,26431.55859375,0.000131438122,7.29559106e-05
897,CASZ1_Q86V15_AD_31-185|g.10665421C>T(p.Gly56Asp),-0.22903895,-0.22649407,23439.41015625,24877.84765625,1.94470722e-05,1.4076858e-05
898,CASZ1_Q86V15_AD_31-185|g.10665395C>T(p.Glu65Lys),-0.17258358,-0.16666818,8897.5634765625,8404.1689453125,6.74410785e-06,1.86922571e-05
899,CASZ1_Q86V15_AD_31-185|g.10665359G>C(p.Pro77Ala),-0.026751518,-0.028660536,27905.65625,26431.55859375,7.31548789e-05,7.29559106e-05
900,CASZ1_Q86V15_AD_31-185|g.10665125C>T(p.Ala155Thr),-0.114887714,-0.1101284,17362.55859375,18582.0,9.28510635e-05,9.80364639e-05
901,CASZ1_Q86V15_AD_31-185|g.10665364C>T(p.Arg75Gln),-0.05265808,-0.06829238,43054.15234375,42872.1875,3.81075042e-05,2.57051051e-05
902,CASZ1_Q86V15_AD_31-185|g.10665448C>T(p.Arg47Gln),-0.20908332,-0.21596909,14263.1689453125,16019.1884765625,6.02750115e-05,3.756355e-05
903,CASZ1_Q86V15_AD_31-185|g.10665118T>C(p.Lys157Arg),-0.09982324,-0.1101284,13615.6142578125,14839.9150390625,0.000171687585,0.000140848832
904,CASZ1_Q86V15_AD_31-185|g.10665473T>G(p.Ser39Arg),-0.21220279,-0.21596909,15723.4541015625,16019.1884765625,4.73971741e-05,0.00011745785
905,CASZ1_Q86V15_AD_31-185|g.10665441G>T(p.Asp49Glu),-0.2115581,-0.21596909,15618.6142578125,16019.1884765625,2.61110872e-05,2.4431969e-05
906,CASZ1_Q86V15_AD_31-185|g.10665491C>T(p.Ala33Thr),-0.22535586,-0.21596909,16098.0439453125,16019.1884765625,0.000261660141,0.000256664091
907,CASZ1_Q86V15_AD_31-185|g.10665199C>T(p.Ser130Asn),-0.010764122,-0.015428066,19721.26171875,19638.15625,0.0017433496,0.00193696923
908,CASZ1_Q86V15_AD_31-185|g.10665107C>T(p.Gly161Ser),-0.11174488,-0.1101284,20851.76171875,22641.8984375,8.86670168e-05,9.02811589e-05
909,CASZ1_Q86V15_AD_31-185|g.10665331G>A(p.Ala86Val),0.10404682,0.07349968,22399.640625,22209.80859375,0.000467471051,0.000381486607
910,CASZ1_Q86V15_AD_31-185|g.10665155C>T(p.Ala145Thr),-0.21646619,-0.2174282,10242.5361328125,9874.4892578125,0.000358115591,0.000368171546
911,CASZ1_Q86V15_AD_31-185|g.10665161C>T(p.Gly143Ser),-0.22749782,-0.22025609,10083.8720703125,10412.4892578125,0.000291508157,0.000286890194
912,CASZ1_Q86V15_AD_31-185|g.10665265C>T(p.Arg108Gln),0.9538158,0.4218595,40034.75,39029.74609375,0.0127805099,0.00785258971
913,CASZ1_Q86V15_AD_31-185|g.10665470G>A(p.Arg40Cys),-0.19128823,-0.21596909,19422.84765625,16019.1884765625,0.000314032921,8.1708371e-05
914,CASZ1_Q86V15_AD_31-185|g.10665178T>C(p.Glu137Gly),-0.016315222,-0.010174036,16591.625,16180.1259765625,0.000563339388,0.000845319533
915,CASZ1_Q86V15_AD_31-185|g.10665182C>G(p.Ala136Pro),0.091712,0.074566364,20396.171875,19936.96484375,0.000574297446,0.000684165512
916,CASZ1_Q86V15_AD_31-185|g.10660487G>T(p.Phe185Leu),-0.13717914,-0.1101284,24772.90625,29805.48046875,0.00187718507,0.00285768602
917,CASZ1_Q86V15_AD_31-185|g.10665181G>A(p.Ala136Val),0.11046648,0.074566364,20490.3359375,19936.96484375,0.0008707784,0.000684165512
918,CASZ1_Q86V15_AD_31-185|g.10660513A>G(p.Tyr177His),-0.17350388,-0.1101284,25653.65234375,29805.48046875,0.000933950243,0.00354668894
919,CASZ1_Q86V15_AD_31-185|g.10665440C>T(p.Ala50Thr),-0.22180438,-0.21596909,16278.0595703125,16019.1884765625,1.36420358e-05,1.44404476e-05
920,CASZ1_Q86V15_AD_31-185|g.10660490C>G(p.Glu184Asp),-0.11849046,-0.1101284,30308.12890625,29805.48046875,0.00551763037,0.00460303482
921,CASZ1_Q86V15_AD_31-185|g.10665441G>C(p.Asp49Glu),-0.2115581,-0.21596909,15618.6142578125,16019.1884765625,2.61110872e-05,2.4431969e-05
922,CASZ1_Q86V15_AD_31-185|g.10665149C>T(p.Glu147Lys),-0.18172526,-0.17174625,10027.9150390625,10534.4853515625,9.90533154e-05,0.000297325634
923,CASZ1_Q86V15_AD_31-185|g.10665482C>T(p.Ala36Thr),-0.21577668,-0.21596909,17033.0078125,16019.1884765625,0.000218197529,0.000222260322
924,CASZ1_Q86V15_AD_31-185|g.10665131C>T(p.Gly153Arg),-0.17645574,-0.17250991,12991.4228515625,16605.85546875,3.75061354e-05,6.971111e-05
925,CASZ1_Q86V15_AD_31-185|g.10665425C>T(p.Glu55Lys),-0.23144698,-0.22466111,23556.78125,22644.390625,3.69500503e-06,1.0243145e-05
926,CASZ1_Q86V15_AD_31-185|g.10665308C>T(p.Gly94Arg),0.14137673,0.21155357,27419.2109375,32865.30859375,0.000776355155,0.00170558365
927,CASZ1_Q86V15_AD_31-185|g.10665391C>T(p.Arg66His),-0.042330742,-0.06899834,13185.7392578125,12572.1337890625,4.00491008e-05,2.45804404e-05
928,CASZ1_Q86V15_AD_31-185|g.10665422C>T(p.Gly56Ser),-0.2271955,-0.22649407,23704.83984375,24877.84765625,1.39716558e-05,1.4076858e-05
929,CASZ1_Q86V15_AD_31-185|g.10665427G>A(p.Thr54Met),-0.22019315,-0.23018932,15551.7626953125,15014.6611328125,1.62609358e-05,1.03328193e-05
930,CASZ1_Q86V15_AD_31-185|g.10665419T>C(p.Ser57Gly),-0.21908855,-0.22211003,33860.30859375,32097.39453125,1.35101445e-05,1.32355526e-05
931,CASZ1_Q86V15_AD_31-185|g.10665182C>T(p.Ala136Thr),0.07062888,0.074566364,20110.09375,19936.96484375,0.00058347173,0.000684165512
932,CASZ1_Q86V15_AD_31-185|g.10665370G>A(p.Ala73Val),-0.10116482,-0.10355663,41539.2734375,39203.9765625,1.05445451e-05,7.53128552e-06
933,CASZ1_Q86V15_AD_31-185|g.10665136G>A(p.Ser151Leu),-0.17716813,-0.19863391,13768.2900390625,12641.6689453125,0.000177773953,7.42003904e-05
934,CASZ1_Q86V15_AD_31-185|g.10665254C>T(p.Glu112Lys),0.16462994,0.4558096,30725.65625,32236.82421875,0.00266493857,0.00972453039
935,CASZ1_Q86V15_AD_31-185|g.10660518C>T(p.Arg175Gln),-0.053815365,-0.1101284,30769.3671875,29805.48046875,0.00558732264,0.00252885488
936,CASZ1_Q86V15_AD_31-185|g.10665449G>C(p.Arg47Gly),-0.20998168,-0.21596909,15183.7861328125,16019.1884765625,7.90252234e-05,3.756355e-05
937,CASZ1_Q86V15_AD_31-185|g.10665115T>C(p.Glu158Gly),-0.100580215,-0.1101284,19272.0859375,18607.0,8.11728169e-05,0.000104459577
938,CASZ1_Q86V15_AD_31-185|g.10665356G>A(p.Arg78Cys),-0.015291691,-0.05058098,27022.171875,25289.2734375,0.000437329814,0.000142984325
939,CASZ1_Q86V15_AD_31-185|g.10665355C>T(p.Arg78His),-0.031490564,-0.05058098,24279.15625,25289.2734375,0.000222193587,0.000142984325
940,CASZ1_Q86V15_AD_31-185|g.10665289G>A(p.Pro100Leu),0.23054504,0.17215872,32509.421875,30479.9765625,0.010608959,0.0046869223
941,CASZ1_Q86V15_AD_31-185|g.10665377A>G(p.Ser71Pro),-0.08287072,-0.08722615,19830.44140625,18473.91796875,4.77217009e-06,5.00316992e-06
942,CASZ1_Q86V15_AD_31-185|g.10665265C>A(p.Arg108Leu),0.60083365,0.4218595,42375.4765625,39029.74609375,0.0289424844,0.00785258971
943,CASZ1_Q86V15_AD_31-185|g.10665379T>G(p.Glu70Ala),-0.020293951,-0.026924372,22403.4765625,20121.04296875,8.12911912e-06,1.01285123e-05
944,CASZ1_Q86V15_AD_31-185|g.10665183G>C(p.His135Gln),0.034079313,0.027399302,16157.9541015625,16923.95703125,0.000762217271,0.00066944008
945,CASZ1_Q86V15_AD_31-185|g.10665334C>T(p.Arg85Gln),0.017294884,0.0012521744,23043.4296875,21686.234375,0.000917098019,0.000527849828
946,CASZ1_Q86V15_AD_31-185|g.10665361G>T(p.Ala76Asp),-0.03308916,-0.035640955,32117.33984375,30992.18359375,2.08776873e-05,1.57158011e-05
947,CASZ1_Q86V15_AD_31-185|g.10665197C>T(p.Asp131Asn),0.077655315,0.08241725,18904.88671875,18888.10546875,0.000934419746,0.0015656749
948,CASZ1_Q86V15_AD_31-185|g.10665356G>T(p.Arg78Ser),-0.0406847,-0.05058098,23925.1953125,25289.2734375,0.000274801336,0.000142984325
949,CASZ1_Q86V15_AD_31-185|g.10665314C>G(p.Val92Leu),0.19744635,0.13666749,29663.3359375,30737.6640625,0.00467774225,0.00237247068
950,CASZ1_Q86V15_AD_31-185|g.10665427G>T(p.Thr54Lys),-0.2343185,-0.23018932,15650.4228515625,15014.6611328125,4.97913243e-06,1.03328193e-05
951,CASZ1_Q86V15_AD_31-185|g.10665107C>A(p.Gly161Cys),-0.08396149,-0.1101284,25050.05078125,22641.8984375,0.000148549661,9.02811589e-05
952,CASZ1_Q86V15_AD_31-185|g.10665457A>G(p.Val44Ala),-0.21986842,-0.21596909,15913.0205078125,16019.1884765625,7.1345974e-05,8.19532361e-05
953,CASZ1_Q86V15_AD_31-185|g.10665133T>A(p.Asp152Val),-0.15489578,-0.17306185,14817.6220703125,14273.5205078125,0.000104983141,0.000103489328
954,CASZ1_Q86V15_AD_31-185|g.10660524G>A(p.Ser173Leu),-0.060389996,-0.1101284,32031.66796875,29805.48046875,0.0106417714,0.00395768275
955,CASZ1_Q86V15_AD_31-185|g.10665158C>T(p.Gly144Ser),-0.2045896,-0.20038533,11389.1298828125,10862.8212890625,0.000355498429,0.000355022581
956,CASZ1_Q86V15_AD_31-185|g.10665404G>A(p.Arg62Trp),-0.08737564,-0.17934322,15290.8876953125,13566.2431640625,0.000280513021,1.98161997e-05
957,CASZ1_Q86V15_AD_31-185|g.10665251C>T(p.Gly113Ser),0.7932961,0.7882035,27534.21484375,27700.87109375,0.0146671692,0.0142590553
958,CASZ1_Q86V15_AD_31-185|g.10665298C>T(p.Ser97Asn),0.20020175,0.17626762,43119.375,42929.30078125,0.00301518734,0.00326653617
959,CASZ1_Q86V15_AD_31-185|g.10665188C>T(p.Asp134Asn),0.16894674,0.17182946,14945.7666015625,14942.0673828125,0.00145515928,0.00244525285
960,CASZ1_Q86V15_AD_31-185|g.10665296C>T(p.Glu98Lys),0.081297636,0.23264194,36106.640625,36223.3203125,0.000479965645,0.00194884476
961,CASZ1_Q86V15_AD_31-185|g.10665350C>T(p.Glu80Lys),-0.014870405,-0.009310722,23150.16796875,20692.0234375,4.1276664e-05,0.000132998932
962,CASZ1_Q86V15_AD_31-185|g.10665113C>A(p.Asp159Tyr),-0.059024572,-0.1101284,20055.05078125,17458.8046875,0.000112431415,7.04488266e-05
963,CASZ1_Q86V15_AD_31-185|g.10665128C>T(p.Ala154Thr),-0.18443465,-0.18462586,14190.3173828125,16617.84375,6.96907009e-05,7.35931608e-05
964,CASZ1_Q86V15_AD_31-185|g.10665132G>T(p.Asp152Glu),-0.17341948,-0.17306185,13561.1884765625,14273.5205078125,9.85070801e-05,0.000103489328
965,CASZ1_Q86V15_AD_31-185|g.10660510C>T(p.Ala178Thr),-0.14440632,-0.1101284,30129.390625,29805.48046875,0.00386978826,0.00386037352
966,CASZ1_Q86V15_AD_31-185|g.10665256C>T(p.Arg111His),1.0507247,0.5952966,43828.55859375,43370.6796875,0.0296049323,0.0179603975
967,CASZ1_Q86V15_AD_31-185|g.10665365G>A(p.Arg75Trp),0.007987738,-0.06829238,48828.140625,42872.1875,0.000166359372,2.57051051e-05
968,CASZ1_Q86V15_AD_31-185|g.10665424T>A(p.Glu55Val),-0.22788739,-0.22466111,23761.32421875,22644.390625,1.1328334e-05,1.0243145e-05
969,CASZ1_Q86V15_AD_31-185|g.10665297G>C(p.Ser97Arg),0.106753826,0.17626762,43086.765625,42929.30078125,0.00163127389,0.00326653617
970,CASZ1_Q86V15_AD_31-185|g.10665469C>T(p.Arg40His),-0.20740008,-0.21596909,16486.8515625,16019.1884765625,0.000152680528,8.1708371e-05
971,CASZ1_Q86V15_AD_31-185|g.10660512T>C(p.Tyr177Cys),-0.15555358,-0.1101284,30164.1875,29805.48046875,0.00235780911,0.00354668894
972,CASZ1_Q86V15_AD_31-185|g.10665364C>G(p.Arg75Pro),-0.04854393,-0.06829238,44329.5390625,42872.1875,4.2515614e-05,2.57051051e-05
973,CASZ1_Q86V15_AD_31-185|g.10665437C>T(p.Gly51Ser),-0.2228651,-0.21596909,16391.703125,16019.1884765625,1.68754377e-05,1.83349366e-05
974,CASZ1_Q86V15_AD_31-185|g.10665128C>A(p.Ala154Ser),-0.18778515,-0.18462586,12826.3408203125,16617.84375,6.61329468e-05,7.35931608e-05
975,CASZ1_Q86V15_AD_31-185|g.10660509G>A(p.Ala178Val),-0.111763,-0.1101284,30730.67578125,29805.48046875,0.00588473305,0.00386037352
976,CASZ1_Q86V15_AD_31-185|g.10660531C>T(p.Ala171Thr),-0.10256839,-0.1101284,28196.734375,29805.48046875,0.00258196495,0.00272001768
977,CASZ1_Q86V15_AD_31-185|g.10665412G>A(p.Ser59Leu),-0.21344161,-0.21999645,17334.6875,14455.2470703125,5.11770122e-05,2.48876659e-05
978,CASZ1_Q86V15_AD_31-185|g.10665403C>T(p.Arg62Gln),-0.17157316,-0.17934322,13302.5361328125,13566.2431640625,3.38731734e-05,1.98161997e-05
979,CASZ1_Q86V15_AD_31-185|g.10665125C>G(p.Ala155Pro),-0.11220479,-0.1101284,19124.6484375,18582.0,8.77061684e-05,9.80364639e-05
980,OTX1_P32242_AD_172-354|g.63056258A>C(p.Asn336Thr),2.3813822,2.7517822,64121.546875,66091.7421875,0.0324503481,0.0319602601
981,OTX1_P32242_AD_172-354|g.63055922C>G(p.Ser224Cys),0.89358914,0.9773915,51157.86328125,45625.4296875,0.00172188575,0.0010143593
982,OTX1_P32242_AD_172-354|g.63055790C>T(p.Ala180Val),0.114733696,0.101869345,52952.8125,50855.3515625,0.00340285641,0.00239726459
983,OTX1_P32242_AD_172-354|g.63056146C>A(p.His299Asn),0.841483,0.95946455,26452.75390625,27589.5390625,0.000285853515,0.000250791956
984,OTX1_P32242_AD_172-354|g.63056291C>T(p.Ala347Val),2.5216208,2.7517822,67777.1171875,66091.7421875,0.0617294237,0.0482744798
985,OTX1_P32242_AD_172-354|g.63055832C>G(p.Pro194Arg),0.06456518,0.101869345,41730.546875,42128.66796875,0.000420079334,0.000754200097
986,OTX1_P32242_AD_172-354|g.63056239G>T(p.Ala330Ser),2.9865606,2.7517822,99718.46875,83370.796875,0.071960777,0.0648633987
987,OTX1_P32242_AD_172-354|g.63056255T>A(p.Phe335Tyr),2.5618532,2.7517822,59044.921875,66091.7421875,0.0216895547,0.0466880389
988,OTX1_P32242_AD_172-354|g.63055840T>A(p.Leu197Met),0.3046229,0.2616508,48815.984375,48883.31640625,0.000791134138,0.00102275261
989,OTX1_P32242_AD_172-354|g.63055817C>G(p.Ala189Gly),0.09188056,0.101869345,56170.02734375,50855.3515625,0.00301755359,0.00307831401
990,OTX1_P32242_AD_172-354|g.63055828G>A(p.Val193Met),0.14580584,0.101869345,55296.6953125,55224.73046875,0.00170168129,0.00164383894
991,OTX1_P32242_AD_172-354|g.63055960A>G(p.Thr237Ala),0.80347514,0.7804911,78645.734375,78195.640625,0.0217355285,0.0209969394
992,OTX1_P32242_AD_172-354|g.63055804G>C(p.Gly185Arg),0.03339863,0.101869345,44603.16796875,50855.3515625,0.00236220122,0.00482952921
993,OTX1_P32242_AD_172-354|g.63055982G>C(p.Gly244Ala),1.039473,1.1121949,39129.484375,44601.765625,0.039870698,0.0401827991
994,OTX1_P32242_AD_172-354|g.63056105C>T(p.Pro285Leu),0.8311002,0.8833661,34157.453125,29078.80078125,3.1350628e-05,1.59169977e-05
995,OTX1_P32242_AD_172-354|g.63055831C>T(p.Pro194Ser),0.11821151,0.101869345,40773.9296875,42128.66796875,0.000751650135,0.000754200097
996,OTX1_P32242_AD_172-354|g.63055874G>A(p.Arg208His),0.40333414,0.26252556,45489.88671875,40439.55078125,0.000935317599,0.000516535889
997,OTX1_P32242_AD_172-354|g.63055853G>T(p.Ser201Ile),0.19043064,0.19241238,48264.51953125,48146.51171875,0.00180679711,0.000916226476
998,OTX1_P32242_AD_172-354|g.63056071G>A(p.Gly274Ser),0.33326626,0.34830952,23835.62890625,23672.0625,0.000128047992,0.000132217741
999,OTX1_P32242_AD_172-354|g.63055906G>A(p.Ala219Thr),1.2140038,1.2287745,37739.7890625,38839.73828125,0.000640667335,0.000665482192
1000,OTX1_P32242_AD_172-354|g.63056270G>C(p.Cys340Ser),2.7783086,2.7517822,58211.51953125,66091.7421875,0.129389077,0.28715995
1001,OTX1_P32242_AD_172-354|g.63055792T>C(p.Ser181Pro),0.12685418,0.101869345,50671.125,50855.3515625,0.0029796767,0.00302094221
1002,OTX1_P32242_AD_172-354|g.63056179G>A(p.Ala310Thr),3.161243,3.1531801,52791.7578125,50933.62109375,0.00854999572,0.00937873591
1003,OTX1_P32242_AD_172-354|g.63056189C>G(p.Ser313Cys),2.9589777,3.206817,56590.33203125,48670.07421875,0.0248125624,0.0154984528
1004,OTX1_P32242_AD_172-354|g.63055801C>G(p.Pro184Ala),0.0735302,0.101869345,52057.33984375,50855.3515625,0.00557903107,0.00512360735
1005,OTX1_P32242_AD_172-354|g.63056290G>T(p.Ala347Ser),3.0325263,2.7517822,63288.83203125,66091.7421875,0.0390642099,0.0482744798
1006,OTX1_P32242_AD_172-354|g.63055828G>C(p.Val193Leu),0.13878345,0.101869345,54614.44921875,55224.73046875,0.00244857813,0.00164383894
1007,OTX1_P32242_AD_172-354|g.63056052G>A(p.Met267Ile),0.65773666,0.65302455,35515.48046875,36157.91796875,9.33648698e-05,7.75658409e-05
1008,OTX1_P32242_AD_172-354|g.63056264C>A(p.Pro338His),1.8581164,2.7517822,66832.4609375,66091.7421875,0.0416027084,0.0741900653
1009,OTX1_P32242_AD_172-354|g.63056283G>T(p.Lys344Asn),3.783939,2.7517822,80976.28125,66091.7421875,0.73196131,0.265763879
1010,OTX1_P32242_AD_172-354|g.63055874G>C(p.Arg208Pro),0.37675476,0.26252556,44337.36328125,40439.55078125,0.00107572007,0.000516535889
1011,OTX1_P32242_AD_172-354|g.63056224G>T(p.Ala325Ser),2.8638074,2.7517822,45900.00390625,51455.109375,0.0602680109,0.0626560971
1012,OTX1_P32242_AD_172-354|g.63055808C>T(p.Ser186Leu),0.11380005,0.101869345,54500.81640625,50855.3515625,0.00776783563,0.00404567504
1013,OTX1_P32242_AD_172-354|g.63055918A>T(p.Met223Leu),1.2959697,1.303405,39027.35546875,39556.9921875,0.00166500895,0.00126377179
1014,OTX1_P32242_AD_172-354|g.63055822G>A(p.Val191Met),0.10982776,0.101869345,52244.109375,50855.3515625,0.00379074458,0.00352681382
1015,OTX1_P32242_AD_172-354|g.63056018A>G(p.His256Arg),0.61194503,0.87598467,44354.83203125,46733.92578125,0.00432127481,0.00728152553
1016,OTX1_P32242_AD_172-354|g.63056203G>A(p.Asp318Asn),2.1666014,2.885281,47482.1171875,56561.0,0.0153927207,0.0285904743
1017,OTX1_P32242_AD_172-354|g.63055990G>C(p.Asp247His),0.5343468,1.1553217,39807.9609375,40407.51953125,0.00504550291,0.0113230068
1018,OTX1_P32242_AD_172-354|g.63056171C>T(p.Ser307Phe),1.8828051,1.6277436,75386.84375,68679.671875,0.0195339043,0.00498346565
1019,OTX1_P32242_AD_172-354|g.63055801C>T(p.Pro184Ser),0.09282589,0.101869345,50053.71875,50855.3515625,0.00542363944,0.00512360735
1020,OTX1_P32242_AD_172-354|g.63055847C>T(p.Ala199Val),0.23035502,0.25337863,65124.29296875,65234.328125,0.0013313042,0.000940951926
1021,OTX1_P32242_AD_172-354|g.63056048C>A(p.Pro266His),0.5097693,0.5010059,42716.26171875,40294.35546875,0.000124436396,0.000155212925
1022,OTX1_P32242_AD_172-354|g.63056170T>A(p.Ser307Thr),1.709954,1.6277436,67918.828125,68679.671875,0.00476988405,0.00498346565
1023,OTX1_P32242_AD_172-354|g.63055811C>T(p.Ala187Val),0.104192734,0.101869345,50936.796875,50855.3515625,0.00409818115,0.00299465773
1024,OTX1_P32242_AD_172-354|g.63055867A>T(p.Met206Leu),0.20427871,0.28155327,50926.90234375,53195.9921875,0.00041585436,0.000342639367
1025,OTX1_P32242_AD_172-354|g.63055927G>A(p.Gly226Ser),0.8838475,0.86318374,38890.3671875,38795.69140625,0.00110338186,0.00112855888
1026,OTX1_P32242_AD_172-354|g.63055988T>C(p.Val246Ala),1.2132107,1.2543402,48040.9921875,47363.83984375,0.0151573336,0.0219423473
1027,OTX1_P32242_AD_172-354|g.63056072G>T(p.Gly274Val),0.32666826,0.34830952,23959.453125,23672.0625,0.000183281794,0.000132217741
1028,OTX1_P32242_AD_172-354|g.63056077C>A(p.His276Asn),0.41557693,0.45684028,23004.0,23740.484375,8.78597712e-05,7.6557546e-05
1029,OTX1_P32242_AD_172-354|g.63056105C>A(p.Pro285Gln),0.8542949,0.8833661,29480.24609375,29078.80078125,1.39868944e-05,1.59169977e-05
1030,OTX1_P32242_AD_172-354|g.63056194G>A(p.Asp315Asn),3.0575848,3.7609086,49970.55078125,55512.578125,0.00675586937,0.0189259332
1031,OTX1_P32242_AD_172-354|g.63055894G>C(p.Ala215Pro),0.84365153,0.67914844,30937.76171875,39196.70703125,0.00142676057,0.00126910571
1032,OTX1_P32242_AD_172-354|g.63055952G>A(p.Gly234Asp),0.7348201,0.5312278,76112.2421875,76230.6171875,0.0476738438,0.0287974346
1033,OTX1_P32242_AD_172-354|g.63056196C>A(p.Asp315Glu),3.5827956,3.7609086,53731.12109375,55512.578125,0.0130384695,0.0189259332
1034,OTX1_P32242_AD_172-354|g.63056246A>G(p.Lys332Arg),2.3289807,2.7517822,96769.5390625,79767.453125,0.0284103286,0.0325222611
1035,OTX1_P32242_AD_172-354|g.63055876T>G(p.Ser209Ala),0.22919035,0.30301094,44885.078125,38048.6015625,0.00104329956,0.00102618278
1036,OTX1_P32242_AD_172-354|g.63055891G>T(p.Ala214Ser),0.90796196,0.7560693,34252.31640625,38781.4140625,0.00118340889,0.00111217122
1037,OTX1_P32242_AD_172-354|g.63055927G>T(p.Gly226Cys),0.84316075,0.86318374,43494.52734375,38795.69140625,0.00199645432,0.00112855888
1038,OTX1_P32242_AD_172-354|g.63056057C>A(p.Pro269His),0.6223372,0.6417823,41866.3359375,39086.640625,5.81373824e-05,7.06797655e-05
1039,OTX1_P32242_AD_172-354|g.63056016G>C(p.Met255Ile),1.0457048,1.1197113,51578.625,53488.19921875,0.0108844228,0.00908474065
1040,OTX1_P32242_AD_172-354|g.63056074C>A(p.His275Asn),0.32998133,0.3830037,22615.37890625,22892.29296875,9.43465784e-05,8.17849141e-05
1041,OTX1_P32242_AD_172-354|g.63055891G>A(p.Ala214Thr),0.9430196,0.7560693,41800.45703125,38781.4140625,0.00110886374,0.00111217122
1042,OTX1_P32242_AD_172-354|g.63056074C>T(p.His275Tyr),0.39945698,0.3830037,23520.140625,22892.29296875,0.000215308988,8.17849141e-05
1043,OTX1_P32242_AD_172-354|g.63055915C>T(p.Pro222Ser),2.0247955,2.203639,37822.23828125,37608.1953125,0.00154981297,0.00146852527
1044,OTX1_P32242_AD_172-354|g.63055837C>A(p.Pro196Thr),0.28097844,0.30427313,51461.41015625,52042.203125,0.000800670881,0.000803122588
1045,OTX1_P32242_AD_172-354|g.63055787C>T(p.Pro179Leu),0.027915955,0.101869345,54954.55859375,50855.3515625,0.00684856903,0.00286827679
1046,OTX1_P32242_AD_172-354|g.63055858A>G(p.Thr203Ala),0.34178352,0.3390534,48431.86328125,48188.328125,0.000599357882,0.000578514242
1047,TBX22_Q9Y458_AD_402-481|g.80030818G>A(p.Gly424Ser),0.99035406,1.0412576,27172.98046875,27941.92578125,0.00409846148,0.00407857215
1048,TBX22_Q9Y458_AD_402-481|g.80030837G>A(p.Ser430Asn),0.56986094,0.54936075,31963.75,30607.73046875,0.00217662472,0.00233287644
1049,TBX22_Q9Y458_AD_402-481|g.80030772G>A(p.Met408Ile),0.7653705,1.0412576,32039.37890625,31897.97265625,0.0125718601,0.0119317733
1050,TBX22_Q9Y458_AD_402-481|g.80030774A>G(p.Glu409Gly),0.6210437,1.0412576,34957.09765625,31897.97265625,0.00702804886,0.0127702439
1051,TBX22_Q9Y458_AD_402-481|g.80030955T>A(p.His469Gln),1.4276373,0.9807781,111286.546875,106939.1640625,0.914135695,0.899135232
1052,TBX22_Q9Y458_AD_402-481|g.80030863T>C(p.Ser439Pro),1.2070515,1.284402,48372.44140625,41853.00390625,0.0106958514,0.0157655273
1053,TBX22_Q9Y458_AD_402-481|g.80030935G>A(p.Ala463Thr),0.9471133,0.9807781,117877.765625,106939.1640625,0.797656417,0.791630685
1054,TBX22_Q9Y458_AD_402-481|g.80030870A>G(p.Asn441Ser),1.3892142,1.47378,50062.34375,50803.78515625,0.138378859,0.148525864
1055,TBX22_Q9Y458_AD_402-481|g.80030985C>A(p.Phe479Leu),0.8156966,0.9807781,96742.5546875,106939.1640625,0.0379749015,0.0633884519
1056,TBX22_Q9Y458_AD_402-481|g.80030891A>T(p.Gln448Leu),1.8621743,2.3419762,59185.203125,59360.47265625,0.256258249,0.0836026147
1057,TBX22_Q9Y458_AD_402-481|g.80030771T>C(p.Met408Thr),1.0353901,1.0412576,30714.7890625,31897.97265625,0.00669662096,0.0119317733
1058,TBX22_Q9Y458_AD_402-481|g.80030881T>C(p.Tyr445His),2.887139,3.2389548,43700.6875,46962.03125,0.0565800816,0.225361407
1059,TBX22_Q9Y458_AD_402-481|g.80030942G>A(p.Ser465Asn),1.151284,0.9807781,116850.5703125,106939.1640625,0.970460713,0.965636313
1060,TBX22_Q9Y458_AD_402-481|g.80030917A>G(p.Asn457Asp),1.4077685,0.9807781,97794.875,86999.4296875,0.34678486,0.145782202
1061,TBX22_Q9Y458_AD_402-481|g.80030798G>T(p.Gly417Val),0.7424737,1.0412576,31826.26953125,31897.97265625,0.00772247,0.00594265806
1062,TBX22_Q9Y458_AD_402-481|g.80030846A>C(p.Tyr433Ser),0.602929,0.93953335,21476.53125,27287.02734375,0.00415679067,0.00918845739
1063,TBX22_Q9Y458_AD_402-481|g.80030758G>A(p.Ala404Thr),1.2916464,1.0412576,31819.375,31897.97265625,0.0324740633,0.0323113352
1064,TBX22_Q9Y458_AD_402-481|g.80030873A>G(p.Gln442Arg),1.1430005,1.8527029,44886.87890625,46395.34375,0.0547558069,0.123779118
1065,TBX22_Q9Y458_AD_402-481|g.80030972A>T(p.Tyr475Phe),0.8862984,0.9807781,117156.3671875,106939.1640625,0.281602204,0.156752303
1066,TFE3_P19532_AD_212-333|g.49034145C>A(p.Arg331Leu),0.2651496,0.18370223,44173.41015625,28036.484375,0.00169187319,0.000460926298
1067,TFE3_P19532_AD_212-333|g.49038097A>C(p.Asp266Glu),3.7925742,3.292593,57994.7421875,72601.15625,0.957944632,0.977110624
1068,TFE3_P19532_AD_212-333|g.49038271T>C(p.Thr236Ala),0.12945008,0.13531017,47290.90625,46872.06640625,0.000294546859,0.000311415526
1069,TFE3_P19532_AD_212-333|g.49038042C>T(p.Gly285Arg),3.9313269,5.2178016,64396.97265625,83597.046875,0.0950317085,0.245809808
1070,TFE3_P19532_AD_212-333|g.49038099C>T(p.Asp266Asn),3.9826674,3.292593,53615.2890625,72601.15625,0.921714962,0.977110624
1071,TFE3_P19532_AD_212-333|g.49038050T>C(p.Tyr282Cys),4.4460497,5.0587444,63722.328125,76343.2421875,0.732119501,0.876397729
1072,TFE3_P19532_AD_212-333|g.49038113A>G(p.Ile261Thr),5.118306,5.739977,27786.7734375,29750.390625,0.570735276,0.906925738
1073,TFE3_P19532_AD_212-333|g.49034214C>T(p.Ser308Asn),0.1765163,0.18370223,38835.01953125,38067.43359375,0.027375035,0.0319551453
1074,TFE3_P19532_AD_212-333|g.49038292G>A(p.Pro229Ser),0.0947144,0.08925629,42204.35546875,39453.78125,0.000127875464,0.000122757789
1075,TFE3_P19532_AD_212-333|g.49038114T>C(p.Ile261Val),5.5498095,5.739977,29684.6640625,29750.390625,0.766630709,0.906925738
1076,TFE3_P19532_AD_212-333|g.49038304C>T(p.Ala225Thr),0.098418,0.08925629,38820.3125,39453.78125,0.000173913548,0.000184614095
1077,TFE3_P19532_AD_212-333|g.49034217C>T(p.Ser307Asn),0.22635412,0.18370223,45470.23046875,45641.4921875,0.0202317983,0.0229733884
1078,TFE3_P19532_AD_212-333|g.49034225A>T(p.Asp304Glu),0.06768036,0.18370223,43537.7421875,48000.3359375,0.0277276747,0.0388355106
1079,TFE3_P19532_AD_212-333|g.49038321G>A(p.Pro219Leu),0.15153956,0.08925629,42257.08203125,39453.78125,0.000440830598,0.000201558811
1080,TFE3_P19532_AD_212-333|g.49038105C>G(p.Val264Leu),6.0432243,4.90302,89100.859375,76113.5234375,0.951033711,0.772770047
1081,TFE3_P19532_AD_212-333|g.49038094C>G(p.Glu267Asp),2.9787583,3.17732,88017.421875,69832.96875,0.964721441,0.933344662
1082,TFE3_P19532_AD_212-333|g.49038285G>A(p.Pro231Leu),0.10023093,0.08925629,38554.609375,39453.78125,0.000301102264,0.000137306051
1083,TFE3_P19532_AD_212-333|g.49038015T>A(p.Ser294Cys),1.5714025,1.9828955,78041.15625,84311.234375,0.11159081,0.0729681551
1084,TFE3_P19532_AD_212-333|g.49038033T>C(p.Thr288Ala),3.9084268,4.0754194,99140.2265625,98842.2734375,0.152103916,0.163699389
1085,TFE3_P19532_AD_212-333|g.49038327G>A(p.Thr217Ile),0.08262825,0.08925629,43671.28515625,39453.78125,0.000299202453,0.000152830558
1086,TFE3_P19532_AD_212-333|g.49038318G>A(p.Pro220Leu),0.12821293,0.08925629,42142.93359375,39453.78125,0.000579616404,0.000264500733
1087,TFE3_P19532_AD_212-333|g.49038310C>T(p.Ala223Thr),0.09258294,0.08925629,39470.1171875,39453.78125,0.000146688428,0.000155898189
1088,TFE3_P19532_AD_212-333|g.49038313G>C(p.Pro222Ala),0.11256695,0.08925629,42955.48828125,39453.78125,0.000210295737,0.000187921003
1089,NR1D1_P20393_AD_8-285|g.40095919G>A(p.Pro258Leu),0.036365747,0.04091835,40715.18359375,34215.23046875,0.00679898355,0.00318696746
1090,NR1D1_P20393_AD_8-285|g.40095934G>A(p.Ser253Leu),0.13113713,0.08385754,31927.23046875,28247.12109375,0.00239261752,0.00112180517
1091,NR1D1_P20393_AD_8-285|g.40097203C>T(p.Asp78Asn),0.39530754,0.3920443,26497.85546875,27061.84765625,0.00102315703,0.00173737586
1092,NR1D1_P20393_AD_8-285|g.40097085T>C(p.Lys117Arg),0.034236193,0.019460917,28163.171875,31519.07421875,0.00242587412,0.00209055911
1093,NR1D1_P20393_AD_8-285|g.40097298T>G(p.Gln46Pro),0.7357265,0.5378387,44514.48046875,42738.49609375,0.0319325551,0.026758967
1094,NR1D1_P20393_AD_8-285|g.40097235G>C(p.Ser67Cys),0.61248577,0.49043155,28508.09375,26202.33984375,0.00666076783,0.00414723577
1095,NR1D1_P20393_AD_8-285|g.40095950C>G(p.Gly248Arg),-0.0035543442,0.05431056,31762.125,37037.61328125,8.78268474e-05,0.000182494972
1096,NR1D1_P20393_AD_8-285|g.40097127A>G(p.Leu103Pro),-0.0041737556,0.0064964294,22095.16015625,23447.3828125,0.000816245622,0.00169798569
1097,NR1D1_P20393_AD_8-285|g.40095971G>A(p.Pro241Ser),0.25770235,0.2560773,21134.0390625,21417.90625,0.000488544465,0.000468935381
1098,NR1D1_P20393_AD_8-285|g.40097199C>G(p.Gly79Ala),0.43937254,0.49164557,26046.21875,26296.03515625,0.00103397656,0.00100966007
1099,NR1D1_P20393_AD_8-285|g.40097269G>A(p.Pro56Ser),0.5717231,0.6407355,31789.54296875,34591.84375,0.00663465168,0.00640351512
1100,NR1D1_P20393_AD_8-285|g.40097175G>A(p.Ser87Leu),0.2524438,0.0967741,64149.55859375,60896.30078125,0.00439597014,0.00218894822
1101,NR1D1_P20393_AD_8-285|g.40095910G>A(p.Ser261Leu),0.01911974,0.04091835,35897.88671875,35075.2734375,0.0098448908,0.00482892431
1102,NR1D1_P20393_AD_8-285|g.40097100C>T(p.Arg112Gln),0.12081313,0.05121422,51055.9765625,50669.0390625,0.000433426321,0.000276379695
1103,NR1D1_P20393_AD_8-285|g.40096515C>T(p.Val178Ile),-0.08680391,-0.08253837,36094.9765625,35992.125,5.43470705e-05,4.26927581e-05
1104,NR1D1_P20393_AD_8-285|g.40097163G>A(p.Ser91Phe),0.5491202,0.03526759,35917.90234375,28485.78125,0.00914307777,0.00223094737
1105,NR1D1_P20393_AD_8-285|g.40097160G>A(p.Ser92Phe),0.5751685,0.07650018,26199.984375,22497.07421875,0.0105361724,0.00249932637
1106,NR1D1_P20393_AD_8-285|g.40097292C>T(p.Cys48Tyr),1.4644859,1.1989208,38864.33984375,38142.3515625,0.026808355,0.0181079563
1107,NR1D1_P20393_AD_8-285|g.40096578G>C(p.Arg157Gly),0.0360651,-0.017471313,40747.83203125,36138.44140625,0.00561481062,0.00186946196
1108,NR1D1_P20393_AD_8-285|g.40095956T>G(p.Thr246Pro),0.1164701,0.10368943,31225.1953125,31925.3359375,0.00015820947,0.000165571299
1109,NR1D1_P20393_AD_8-285|g.40095926G>C(p.Pro256Ala),0.07697773,0.04091835,38408.79296875,35312.5703125,0.00302946474,0.00275118859
1110,NR1D1_P20393_AD_8-285|g.40096040C>G(p.Ala218Pro),-0.052349567,-0.07394338,28775.21484375,29896.94140625,0.000331883988,0.000298489293
1111,NR1D1_P20393_AD_8-285|g.40097148T>C(p.Asn96Ser),-0.0528028,-0.03533435,28902.53515625,28694.02734375,0.0050082854,0.00477517257
1112,NR1D1_P20393_AD_8-285|g.40095944T>G(p.Met250Leu),0.03866291,0.055404425,45167.140625,45100.7109375,0.000553933962,0.000431765046
1113,NR1D1_P20393_AD_8-285|g.40097259G>A(p.Ser59Phe),0.63366497,0.3091123,40072.73828125,31556.55078125,0.0159494877,0.00446270732
1114,NR1D1_P20393_AD_8-285|g.40095935A>C(p.Ser253Ala),0.08787155,0.08385754,30290.39453125,28247.12109375,0.001172474,0.00112180517
1115,NR1D1_P20393_AD_8-285|g.40095911A>T(p.Ser261Thr),0.06287336,0.04091835,35417.51953125,35075.2734375,0.00450565014,0.00482892431
1116,NR1D1_P20393_AD_8-285|g.40095916A>G(p.Val259Ala),0.0426569,0.04091835,29857.671875,29014.46484375,0.00299652619,0.00423276518
1117,NR1D1_P20393_AD_8-285|g.40096503G>A(p.Arg182Cys),-0.10219288,-0.11273527,25208.92578125,25255.37890625,0.000510949758,0.000169334526
1118,NR1D1_P20393_AD_8-285|g.40096717C>T(p.Gly145Ser),-0.12559175,-0.12114978,47940.5234375,48739.79296875,0.00915366318,0.0091963131
1119,NR1D1_P20393_AD_8-285|g.40096779T>C(p.Lys124Arg),0.06028676,0.065469265,22760.4375,24758.0546875,0.00286092586,0.00261903973
1120,NR1D1_P20393_AD_8-285|g.40096021A>G(p.Met224Thr),-0.09934163,-0.0688405,26938.875,27004.515625,0.000797111948,0.00160568603
1121,NR1D1_P20393_AD_8-285|g.40097131T>A(p.Ser102Cys),0.036379814,0.03405857,23906.07421875,21575.80078125,0.00582053326,0.00352532254
1122,NR1D1_P20393_AD_8-285|g.40095970G>C(p.Pro241Arg),0.1803999,0.2560773,21074.75,21417.90625,0.00025250527,0.000468935381
1123,NR1D1_P20393_AD_8-285|g.40097217G>A(p.Pro73Leu),0.52380645,0.40321064,22922.08984375,21479.2421875,0.00410418538,0.00164179772
1124,NR1D1_P20393_AD_8-285|g.40097202T>C(p.Asp78Gly),0.4579029,0.3920443,27487.15234375,27061.84765625,0.00113700051,0.00173737586
1125,NR1D1_P20393_AD_8-285|g.40097094G>A(p.Ser114Phe),0.11170602,0.06356645,30310.49609375,28517.22265625,0.00139823672,0.000470375584
1126,NR1D1_P20393_AD_8-285|g.40097205T>C(p.Asp77Gly),0.28823256,0.3138399,29187.19140625,29256.73046875,0.000851948629,0.00133383612
1127,NR1D1_P20393_AD_8-285|g.40095974A>G(p.Ser240Pro),0.2471199,0.21567035,25361.3359375,24551.5078125,0.000348471338,0.000360380596
1128,NR1D1_P20393_AD_8-285|g.40096060C>T(p.Arg211Gln),-0.09963298,-0.10107899,35231.53515625,31776.9296875,0.00014114489,7.4197771e-05
1129,NR1D1_P20393_AD_8-285|g.40097124T>G(p.Gln104Pro),0.0055828094,-0.02115798,27918.375,27375.82421875,0.00306637143,0.00259387936
1130,NR1D1_P20393_AD_8-285|g.40095875G>C(p.Leu273Val),0.01674056,0.04091835,31555.1953125,32969.51171875,0.0008329993,0.00108627498
1131,NR1D1_P20393_AD_8-285|g.40095917C>T(p.Val259Ile),0.07255864,0.04091835,30945.40234375,29014.46484375,0.00592686469,0.00423276518
1132,NR1D1_P20393_AD_8-285|g.40097073T>C(p.Asn121Ser),0.014458656,0.0409348,37808.046875,38151.3984375,0.00243149791,0.00233853655
1133,NR1D1_P20393_AD_8-285|g.40097307G>A(p.Ser43Phe),0.86900413,0.57343936,54289.265625,43029.3125,0.23894386,0.0521476865
1134,NR1D1_P20393_AD_8-285|g.40095935A>G(p.Ser253Pro),0.06318092,0.08385754,33578.875,28247.12109375,0.00106605585,0.00112180517
1135,NR1D1_P20393_AD_8-285|g.40096767A>G(p.Met128Thr),-0.03956914,-0.07777357,24913.44140625,26498.578125,0.00488638878,0.00768673839
1136,NR1D1_P20393_AD_8-285|g.40095944T>A(p.Met250Leu),0.03866291,0.055404425,45167.140625,45100.7109375,0.000553933962,0.000431765046
1137,NR1D1_P20393_AD_8-285|g.40095946G>T(p.Pro249His),0.044043303,0.03797531,29109.23046875,28246.078125,0.000375485834,0.000450510095
1138,NR1D1_P20393_AD_8-285|g.40097087G>T(p.Ser116Arg),0.035464287,0.056937933,29343.23046875,31430.09375,0.000513847044,0.000986444182
1139,NR1D1_P20393_AD_8-285|g.40095997C>T(p.Ser232Asn),-0.059580803,-0.061908245,29024.78515625,28570.32421875,0.00160421606,0.00163035712
1140,NR1D1_P20393_AD_8-285|g.40097116T>A(p.Met107Leu),0.01792407,0.011514425,30043.890625,29967.33203125,0.0013392237,0.00104114634
1141,NR1D1_P20393_AD_8-285|g.40097355G>A(p.Thr27Ile),0.4025383,0.37308264,26553.3125,26735.48828125,0.00439715805,0.00211715559
1142,NR1D1_P20393_AD_8-285|g.40097122C>T(p.Val105Met),-0.024901152,-0.0313344,26671.5546875,24249.6875,0.00163638557,0.00140496809
1143,NR1D1_P20393_AD_8-285|g.40097142C>T(p.Ser98Asn),-0.0584352,-0.04521084,20892.43359375,20865.9375,0.00261279289,0.00279502361
1144,NR1D1_P20393_AD_8-285|g.40096469C>G(p.Cys193Ser),-0.13283086,-0.09971428,28405.3828125,28264.14453125,5.67672068e-05,8.72180899e-05
1145,NR1D1_P20393_AD_8-285|g.40096463G>A(p.Ser195Phe),-0.11412525,-0.10885143,24458.984375,22104.77734375,0.00088801136,0.000276005507
1146,NR1D1_P20393_AD_8-285|g.40096758A>G(p.Leu131Pro),-0.031231642,-0.095272064,41685.046875,38833.45703125,0.00819623936,0.0138343237
1147,NR1D1_P20393_AD_8-285|g.40097391G>A(p.Thr15Ile),0.36226416,0.37308264,29850.3359375,26735.48828125,0.000409626431,0.000339051825
1148,NR1D1_P20393_AD_8-285|g.40096770C>A(p.Gly127Val),-0.09632778,-0.03884244,25176.109375,25204.41015625,0.00149688567,0.00151459163
1149,NR1D1_P20393_AD_8-285|g.40097166G>A(p.Ser90Phe),0.8503368,0.13996601,39685.89453125,34835.8203125,0.00905094389,0.00229060766
1150,NR1D1_P20393_AD_8-285|g.40097223A>G(p.Ile71Thr),0.25731087,0.42811394,20503.10546875,22141.95703125,0.000954940915,0.00196690485
1151,NR1D1_P20393_AD_8-285|g.40095908G>A(p.Pro262Ser),0.043222427,0.04091835,28339.14453125,28284.984375,0.00350214518,0.00347325089
1152,NR1D1_P20393_AD_8-285|g.40097398C>T(p.Val13Ile),0.37536955,0.37308264,27179.04296875,26735.48828125,0.000517972803,0.000365654152
1153,NR1D1_P20393_AD_8-285|g.40097129A>C(p.Ser102Arg),-0.020431757,0.03405857,22016.58984375,21575.80078125,0.00164986157,0.00352532254
1154,NR1D1_P20393_AD_8-285|g.40096511C>T(p.Arg179His),-0.088084936,-0.08549881,44948.83984375,43256.95703125,0.000117276875,7.23468693e-05
1155,NR1D1_P20393_AD_8-285|g.40095862C>G(p.Arg277Thr),0.07059312,0.04091835,32242.23828125,32969.51171875,0.00160789222,0.000805840245
1156,NR1D1_P20393_AD_8-285|g.40095943A>T(p.Met250Lys),-0.053749323,0.055404425,39767.484375,45100.7109375,0.000119741911,0.000431765046
1157,NR1D1_P20393_AD_8-285|g.40097103C>T(p.Ser111Asn),0.0127568245,0.022022724,54330.8359375,53461.9921875,0.000296907267,0.000323128275
1158,NR1D1_P20393_AD_8-285|g.40095928G>A(p.Pro255Leu),0.079482555,0.04091835,48787.4296875,46452.27734375,0.006350243,0.00290808268
1159,NR1D1_P20393_AD_8-285|g.40096544C>T(p.Arg168Lys),-0.088261366,-0.08576679,43966.93359375,36885.16796875,0.000144684993,0.000182197487
1160,NR1D1_P20393_AD_8-285|g.40095943A>C(p.Met250Arg),-0.03575802,0.055404425,39077.453125,45100.7109375,0.000142749064,0.000431765046
1161,NR1D1_P20393_AD_8-285|g.40096738C>T(p.Val138Ile),-0.11354065,-0.10098696,39789.94140625,38366.6328125,0.031867601,0.0240190383
1162,NR1D1_P20393_AD_8-285|g.40097200C>T(p.Gly79Ser),0.39202213,0.49164557,25081.2421875,26296.03515625,0.000992787653,0.00100966007
1163,NR1D1_P20393_AD_8-285|g.40097173A>G(p.Ser88Pro),0.16448426,0.1606636,50011.75390625,50178.72265625,0.00207521045,0.00221341266
1164,NR1D1_P20393_AD_8-285|g.40096073G>A(p.Arg207Cys),-0.0876081,-0.08782768,47153.265625,46448.734375,0.000516259228,0.000138797637
1165,NR1D1_P20393_AD_8-285|g.40097328T>C(p.Asn36Ser),0.27418756,0.35425353,30408.41015625,31815.9765625,0.00432826206,0.00410185521
1166,NR1D1_P20393_AD_8-285|g.40097116T>G(p.Met107Leu),0.01792407,0.011514425,30043.890625,29967.33203125,0.0013392237,0.00104114634
1167,NR1D1_P20393_AD_8-285|g.40097385A>G(p.Ile17Thr),0.33456206,0.37308264,23514.98828125,26735.48828125,0.000220912611,0.000359158352
1168,NR1D1_P20393_AD_8-285|g.40095986G>T(p.Pro236Thr),0.12698555,0.16128206,21913.6484375,22984.6953125,0.00139804033,0.00134054956
1169,NR1D1_P20393_AD_8-285|g.40096708C>T(p.Ala148Thr),-0.092473745,-0.109336615,50328.15234375,49873.38671875,0.0138955824,0.0107477028
1170,NR1D1_P20393_AD_8-285|g.40096082G>A(p.Arg204Cys),-0.12156391,-0.1321752,50641.16015625,50051.0546875,0.000128506188,2.57828833e-05
1171,NR1D1_P20393_AD_8-285|g.40095942C>A(p.Met250Ile),0.055894375,0.055404425,45570.74609375,45100.7109375,0.000539107714,0.000431765046
1172,NR1D1_P20393_AD_8-285|g.40097131T>C(p.Ser102Gly),0.03551817,0.03405857,22680.91015625,21575.80078125,0.00350281596,0.00352532254
1173,NR1D1_P20393_AD_8-285|g.40097137G>C(p.Pro100Ala),0.00942111,0.019685507,30891.84765625,29912.41015625,0.0027388141,0.0025616358
1174,NR1D1_P20393_AD_8-285|g.40095914G>A(p.Pro260Ser),0.06485367,0.04091835,29761.0625,29718.109375,0.00730656413,0.00702434266
1175,NR1D1_P20393_AD_8-285|g.40095929G>A(p.Pro255Ser),0.07247043,0.04091835,45493.109375,46452.27734375,0.00305155059,0.00290808268
1176,NR1D1_P20393_AD_8-285|g.40096506T>G(p.Asn181His),-0.099123955,-0.09895158,27162.3671875,27033.98828125,0.000214023603,0.0002908358
1177,NR1D1_P20393_AD_8-285|g.40095935A>T(p.Ser253Thr),0.08993912,0.08385754,32064.76953125,28247.12109375,0.0011071692,0.00112180517
1178,ARNT2_Q9HBZ2_AD_524-717|g.80576940T>C(p.Ser530Pro),0.12867594,0.15228868,26343.8203125,26194.71484375,0.000721047574,0.000745732919
1179,ARNT2_Q9HBZ2_AD_524-717|g.80591684G>A(p.Gly679Ser),5.713419,5.791318,24145.71875,24408.2890625,0.00729475589,0.00709796743
1180,ARNT2_Q9HBZ2_AD_524-717|g.80581390G>A(p.Arg635Lys),0.53699315,0.57827294,28862.3828125,30760.67578125,0.000785860291,0.000916225545
1181,ARNT2_Q9HBZ2_AD_524-717|g.80581359A>G(p.Ser625Gly),0.30344558,0.27612114,26569.4296875,25208.69140625,0.00152307842,0.00150288001
1182,ARNT2_Q9HBZ2_AD_524-717|g.80581245C>A(p.Pro587Thr),0.3036325,0.34865952,30460.125,30747.96875,0.000590496522,0.00056909665
1183,ARNT2_Q9HBZ2_AD_524-717|g.80576952G>A(p.Gly534Arg),0.0534904,0.15228868,25808.6796875,26194.71484375,0.000608822273,0.0012335272
1184,ARNT2_Q9HBZ2_AD_524-717|g.80581354C>T(p.Ser623Leu),0.27723002,0.22219467,28711.48046875,27765.83984375,0.00187160587,0.000930070528
1185,ARNT2_Q9HBZ2_AD_524-717|g.80580542C>T(p.Pro582Leu),0.063180685,0.03610587,32297.73046875,30048.00390625,0.000583046116,0.000280879147
1186,ARNT2_Q9HBZ2_AD_524-717|g.80581404G>A(p.Ala640Thr),0.92493165,0.88391614,41929.62890625,44166.6796875,0.000700664357,0.000713465153
1187,ARNT2_Q9HBZ2_AD_524-717|g.80580504G>T(p.Gln569His),0.014260292,0.032402754,28432.7890625,28732.90234375,0.000769907143,0.000801773742
1188,ARNT2_Q9HBZ2_AD_524-717|g.80580530G>A(p.Arg578His),0.07929659,0.034875154,28067.97265625,23965.16796875,0.000617717975,0.000325233297
1189,ARNT2_Q9HBZ2_AD_524-717|g.80581291C>T(p.Thr602Met),0.42433643,0.39061737,29989.21875,28506.65234375,0.00395201985,0.00248549622
1190,ARNT2_Q9HBZ2_AD_524-717|g.80591588G>A(p.Gly647Arg),0.6048449,0.8064822,33453.828125,37312.44921875,0.00271065487,0.00568310963
1191,ARNT2_Q9HBZ2_AD_524-717|g.80591630C>A(p.Gln661Lys),1.4559543,1.8533379,23024.77734375,25566.24609375,0.000292813405,0.000610539108
1192,ARNT2_Q9HBZ2_AD_524-717|g.80591664A>C(p.Gln672Pro),3.3678896,3.4095666,35023.71484375,32298.484375,0.000966489548,0.000868153409
1193,ARNT2_Q9HBZ2_AD_524-717|g.80580512T>C(p.Val572Ala),0.053406715,0.09033775,29530.9375,28393.05859375,0.000510861399,0.000685647188
1194,ARNT2_Q9HBZ2_AD_524-717|g.80580457T>C(p.Ser554Pro),0.1665771,0.14870477,45631.48828125,45718.2890625,0.000675845426,0.000720861717
1195,ARNT2_Q9HBZ2_AD_524-717|g.80581361T>A(p.Ser625Arg),0.17725801,0.27612114,29208.42578125,25208.69140625,0.000783213763,0.00150288001
1196,ARNT2_Q9HBZ2_AD_524-717|g.80581384C>G(p.Ala633Gly),0.73044825,0.68416286,26240.71875,25080.54296875,0.000566588598,0.000567693263
1197,ARNT2_Q9HBZ2_AD_524-717|g.80580506G>A(p.Ser570Asn),0.12827206,0.09981203,28727.67578125,28802.1171875,0.000572931138,0.000605055247
1198,ARNT2_Q9HBZ2_AD_524-717|g.80581306C>T(p.Pro607Leu),0.1941061,0.1214695,24144.6875,23759.08984375,0.0060619479,0.00275399256
1199,ARNT2_Q9HBZ2_AD_524-717|g.80576941C>A(p.Ser530Tyr),0.24094105,0.15228868,27691.79296875,26194.71484375,0.00178412988,0.000745732919
1200,ARNT2_Q9HBZ2_AD_524-717|g.80581330C>A(p.Pro615His),0.63733935,0.7144624,34660.85546875,33933.97265625,0.00112814084,0.00138199306
1201,ARNT2_Q9HBZ2_AD_524-717|g.80581389A>G(p.Arg635Gly),0.8947127,0.57827294,30910.73828125,30760.67578125,0.00198002881,0.000916225545
1202,ARNT2_Q9HBZ2_AD_524-717|g.80581276C>T(p.Pro597Leu),0.3410566,0.22859335,38138.9921875,31952.1484375,0.00142593123,0.000659051875
1203,ARNT2_Q9HBZ2_AD_524-717|g.80591604G>A(p.Arg652Gln),0.9663327,0.6618283,27053.85546875,30126.171875,0.00733100856,0.00431713462
1204,ARNT2_Q9HBZ2_AD_524-717|g.80580436G>C(p.Val547Leu),0.23582554,0.16129184,21720.7109375,21778.48828125,0.00218518125,0.00148540048
1205,ARNT2_Q9HBZ2_AD_524-717|g.80580491G>A(p.Arg565Gln),0.050186634,-0.063097,23386.14453125,28370.828125,0.000486183126,0.000261615496
1206,ARNT2_Q9HBZ2_AD_524-717|g.80591651C>G(p.Gln668Glu),2.474913,2.2334013,22787.89453125,28392.9765625,0.000485572178,0.000314239296
1207,ARNT2_Q9HBZ2_AD_524-717|g.80580545G>C(p.Gly583Ala),0.17031956,0.14282441,35479.5078125,34877.46484375,0.000179250186,0.000180290139
1208,ARNT2_Q9HBZ2_AD_524-717|g.80593627A>G(p.Thr695Ala),9.53141,9.494211,146348.828125,147358.171875,0.628834605,0.605875492
1209,ARNT2_Q9HBZ2_AD_524-717|g.80580521C>G(p.Thr575Arg),-0.069833755,-0.012379646,22489.1171875,22637.1640625,0.000239783782,0.000543075323
1210,ARNT2_Q9HBZ2_AD_524-717|g.80593619G>A(p.Gly692Glu),9.741753,9.494211,91473.8046875,103284.03125,0.365299106,0.261474013
1211,ARNT2_Q9HBZ2_AD_524-717|g.80580542C>G(p.Pro582Arg),-0.015622377,0.03610587,30460.0,30048.00390625,0.000133976486,0.000280879147
1212,ARNT2_Q9HBZ2_AD_524-717|g.80581395C>T(p.Pro637Ser),0.6383102,0.73720443,23037.9765625,23612.921875,0.00118573615,0.00111593027
1213,ARNT2_Q9HBZ2_AD_524-717|g.80576924A>C(p.Gln524His),0.14811993,0.15228868,26825.765625,26194.71484375,0.000289859192,0.00029253494
1214,ARNT2_Q9HBZ2_AD_524-717|g.80580539T>G(p.Phe581Cys),0.037706375,0.059400797,29845.828125,31630.265625,0.000127133681,0.000234074658
1215,ARNT2_Q9HBZ2_AD_524-717|g.80591687C>G(p.Gln680Glu),6.513993,5.8569984,26814.66796875,26069.046875,0.00925699528,0.0054601524
1216,ARNT2_Q9HBZ2_AD_524-717|g.80581313C>G(p.Asp609Glu),0.2432909,0.29768133,24112.5703125,24276.70703125,0.00381654012,0.00427846238
1217,ARNT2_Q9HBZ2_AD_524-717|g.80576938C>G(p.Pro529Arg),0.0629015,0.15228868,26678.73046875,26194.71484375,0.000290091411,0.000553035294
1218,ARNT2_Q9HBZ2_AD_524-717|g.80580547C>A(p.Gln584Lys),0.032963753,0.11500192,29375.46875,29080.15234375,0.000270703866,0.000536969688
1219,ARNT2_Q9HBZ2_AD_524-717|g.80581313C>A(p.Asp609Glu),0.2432909,0.29768133,24112.5703125,24276.70703125,0.00381654012,0.00427846238
1220,ARNT2_Q9HBZ2_AD_524-717|g.80581361T>G(p.Ser625Arg),0.17725801,0.27612114,29208.42578125,25208.69140625,0.000783213763,0.00150288001
1221,ARNT2_Q9HBZ2_AD_524-717|g.80591657G>A(p.Gly670Ser),2.6012745,2.671241,33016.7109375,30278.96875,0.00149757718,0.00152061065
1222,ARNT2_Q9HBZ2_AD_524-717|g.80580433G>A(p.Gly546Arg),0.074697495,0.15228868,26939.2734375,26611.43359375,0.000604977715,0.00117209204
1223,ARNT2_Q9HBZ2_AD_524-717|g.80581357C>T(p.Pro624Leu),0.45077324,0.29265904,27414.109375,25733.74609375,0.0025171896,0.00120649778
1224,ARNT2_Q9HBZ2_AD_524-717|g.80580464C>T(p.Thr556Met),0.20936489,0.16203594,48170.79296875,46866.8125,0.000504844356,0.000291050208
1225,ARNT2_Q9HBZ2_AD_524-717|g.80580528T>A(p.Ser577Arg),-0.018665314,0.026971579,25713.4921875,25473.38671875,0.000176346512,0.00042568348
1226,ARNT2_Q9HBZ2_AD_524-717|g.80593657G>T(p.Asp705Tyr),8.947573,9.494211,149917.625,176323.984375,0.96081996,0.859324157
1227,PAX6_P26367_AD_271-422|g.31790746T>G(p.Ser383Arg),0.055358887,0.1426909,44230.57421875,43651.71875,0.00111051823,0.0022565017
1228,PAX6_P26367_AD_271-422|g.31793675G>T(p.Pro298Gln),0.3577261,0.37137723,39804.359375,40615.44140625,0.007592557,0.00886871852
1229,PAX6_P26367_AD_271-422|g.31790854C>T(p.Val347Ile),0.28591466,0.23650408,46655.671875,42004.17578125,0.0151226008,0.0115105305
1230,PAX6_P26367_AD_271-422|g.31790769G>T(p.Pro375Gln),0.18876696,0.17171907,30840.86328125,32005.5703125,0.000359111815,0.000422168901
1231,PAX6_P26367_AD_271-422|g.31789938T>C(p.Gln422Arg),0.26282,0.39795542,54408.1953125,67522.0625,0.000932681316,0.00170008047
1232,PAX6_P26367_AD_271-422|g.31790736A>G(p.Met386Thr),0.05064583,0.12287402,41019.32421875,43849.8125,0.000531394442,0.00088458613
1233,PAX6_P26367_AD_271-422|g.31793488C>T(p.Ala328Thr),0.3179314,0.29259443,40986.0234375,43583.16796875,0.0148330713,0.0149868615
1234,PAX6_P26367_AD_271-422|g.31793509C>T(p.Ala321Thr),0.286242,0.31102777,45808.43359375,51560.953125,0.0186256282,0.0190498028
1235,PAX6_P26367_AD_271-422|g.31790857G>C(p.Pro346Ala),0.18768549,0.23291683,63932.6328125,59655.2421875,0.0199200828,0.018431602
1236,PAX6_P26367_AD_271-422|g.31793508G>C(p.Ala321Gly),0.34375262,0.31102777,56439.5234375,51560.953125,0.0191869158,0.0190498028
1237,PAX6_P26367_AD_271-422|g.31789963T>C(p.Met414Val),0.40187073,0.39795542,65913.4375,67522.0625,0.00335341995,0.00430572685
1238,PAX6_P26367_AD_271-422|g.31793491T>C(p.Ser327Gly),0.49719322,0.5144372,47675.8203125,40303.3828125,0.0130604981,0.0132393511
1239,PAX6_P26367_AD_271-422|g.31790781G>A(p.Thr371Ile),0.30991387,0.23016596,41737.22265625,37451.61328125,0.00128121709,0.000612323463
1240,PAX6_P26367_AD_271-422|g.31793496G>T(p.Thr325Asn),0.6279366,0.4974904,40744.765625,42368.6796875,0.013046301,0.013372614
1241,PAX6_P26367_AD_271-422|g.31789944C>G(p.Arg420Thr),0.55719924,0.39795542,63327.484375,67522.0625,0.00516317086,0.00196470437
1242,PAX6_P26367_AD_271-422|g.31789938T>G(p.Gln422Pro),0.4192083,0.39795542,59925.71484375,67522.0625,0.00195595366,0.00170008047
1243,PAX6_P26367_AD_271-422|g.31789961C>A(p.Met414Ile),0.46251082,0.39795542,63440.0078125,67522.0625,0.00511702755,0.00430572685
1244,PAX6_P26367_AD_271-422|g.31790836A>C(p.Ser353Ala),0.3494091,0.3626995,52191.65625,47542.3125,0.00227032602,0.00238213851
1245,PAX6_P26367_AD_271-422|g.31790812T>C(p.Ser361Gly),0.28275704,0.2564559,41348.5546875,39248.69921875,0.00358902267,0.00349755189
1246,PAX6_P26367_AD_271-422|g.31793513G>C(p.Asp319Glu),0.21828747,0.3037324,54679.2890625,60659.390625,0.0100504188,0.0110666631
1247,PAX6_P26367_AD_271-422|g.31789937C>G(p.Gln422His),0.40753555,0.39795542,51196.875,67522.0625,0.00161572429,0.00170008047
1248,PAX6_P26367_AD_271-422|g.31793508G>T(p.Ala321Asp),0.45332813,0.31102777,63457.88671875,51560.953125,0.0337478667,0.0190498028
1249,PAX6_P26367_AD_271-422|g.31790776T>C(p.Thr373Ala),0.27788377,0.28464508,36191.6171875,36314.79296875,0.000785768905,0.000768166676
1250,PAX6_P26367_AD_271-422|g.31793654G>A(p.Pro305Leu),0.664685,0.85044205,50550.4609375,50083.66796875,0.015514832,0.00797631592
1251,PAX6_P26367_AD_271-422|g.31789957G>T(p.Gln416Lys),0.2363658,0.39795542,55747.66015625,67522.0625,0.00113247463,0.00259067002
1252,PAX6_P26367_AD_271-422|g.31790793C>T(p.Arg367Gln),0.39250994,0.25479698,39595.34765625,35333.35546875,0.00765351159,0.00465549901
1253,PAX6_P26367_AD_271-422|g.31789944C>A(p.Arg420Ile),0.6699954,0.39795542,74647.640625,67522.0625,0.0111115081,0.00196470437
1254,PAX6_P26367_AD_271-422|g.31793446G>A(p.Pro342Ser),0.28313756,0.30245423,46891.89453125,48561.27734375,0.00418188237,0.00412457949
1255,PAX6_P26367_AD_271-422|g.31793524C>T(p.Gly316Ser),0.25963354,0.27741718,49501.22265625,54912.82421875,0.00599117903,0.00612497842
1256,PAX6_P26367_AD_271-422|g.31793709T>C(p.Ile287Val),0.06558275,0.07409406,49020.3515625,48853.67578125,0.00138819346,0.00188979134
1257,PAX6_P26367_AD_271-422|g.31790814G>A(p.Thr360Ile),0.28897285,0.30212307,51733.3671875,44570.83984375,0.0076220436,0.00387525838
1258,PAX6_P26367_AD_271-422|g.31790794G>A(p.Arg367Trp),0.88196707,0.25479698,54755.8515625,35333.35546875,0.0519350693,0.00465549901
1259,PAX6_P26367_AD_271-422|g.31793472G>T(p.Pro333His),0.15153456,0.24027991,46003.296875,43699.109375,0.0129278889,0.0170420185
1260,PAX6_P26367_AD_271-422|g.31789943T>A(p.Arg420Ser),0.6796349,0.39795542,53310.97265625,67522.0625,0.0051925201,0.00196470437
1261,PAX6_P26367_AD_271-422|g.31790733C>T(p.Gly387Asp),0.5819552,0.4311719,46476.859375,47309.2265625,0.00225060806,0.00140811584
1262,PAX6_P26367_AD_271-422|g.31789939G>T(p.Gln422Lys),0.2927761,0.39795542,55685.69921875,67522.0625,0.000832688529,0.00170008047
1263,PAX6_P26367_AD_271-422|g.31789966C>G(p.Asp413His),0.256876,0.39795542,65003.08984375,67522.0625,0.00216908474,0.00603759848
1264,PAX6_P26367_AD_271-422|g.31790778T>C(p.Tyr372Cys),0.23690343,0.27504015,35061.703125,36822.0625,0.000574344245,0.00081284903
1265,PAX6_P26367_AD_271-422|g.31789937C>A(p.Gln422His),0.40753555,0.39795542,51196.875,67522.0625,0.00161572429,0.00170008047
1266,PAX6_P26367_AD_271-422|g.31790841G>T(p.Thr351Asn),0.2511537,0.24029994,33068.4453125,30765.6796875,0.00383887673,0.00405027764
1267,PAX6_P26367_AD_271-422|g.31790727G>A(p.Ser389Leu),1.4855102,1.2473155,49524.07421875,47926.26953125,0.00209909375,0.00101838063
1268,PAX6_P26367_AD_271-422|g.31790746T>C(p.Ser383Gly),0.11630559,0.1426909,45141.2734375,43651.71875,0.00231062365,0.0022565017
1269,NFE2L3-NF2L3_Q9Y4A8_AD_252-451|g.26183770G>C(p.Glu274Gln),6.4036765,7.115692,109815.0,117697.8203125,0.982306063,0.992044926
1270,NFE2L3-NF2L3_Q9Y4A8_AD_252-451|g.26184933T>C(p.Phe412Ser),2.7182627,4.887362,18471.9296875,22678.71484375,0.163012907,0.705387533
1271,NFE2L3-NF2L3_Q9Y4A8_AD_252-451|g.26184736T>A(p.Asn346Lys),0.31972218,0.56329274,32361.2109375,37115.94921875,0.000772081199,0.00184829766
1272,NFE2L3-NF2L3_Q9Y4A8_AD_252-451|g.26184924C>A(p.Ser409Tyr),7.6747637,6.2356014,115779.65625,65923.578125,0.986839354,0.857535243
1273,NFE2L3-NF2L3_Q9Y4A8_AD_252-451|g.26184791C>A(p.Leu365Ile),6.929183,6.8511987,87449.59375,91096.4453125,0.00708241481,0.00846519228
1274,NFE2L3-NF2L3_Q9Y4A8_AD_252-451|g.26184876A>G(p.Asn393Ser),8.283233,8.635265,211851.984375,211020.828125,0.998012781,0.99810034
1275,NFE2L3-NF2L3_Q9Y4A8_AD_252-451|g.26184819A>G(p.Asn374Ser),9.538134,9.589134,195758.46875,199672.578125,0.950927973,0.925644517
1276,NFE2L3-NF2L3_Q9Y4A8_AD_252-451|g.26184695G>T(p.Ala333Ser),0.30716777,0.34011626,30971.82421875,32432.3125,0.00361877866,0.00375999766
1277,NFE2L3-NF2L3_Q9Y4A8_AD_252-451|g.26184698A>G(p.Arg334Gly),0.8171048,0.5002246,34680.34765625,34695.14453125,0.00614183,0.00285422732
1278,NFE2L3-NF2L3_Q9Y4A8_AD_252-451|g.26184871G>C(p.Glu391Asp),9.561988,9.460381,201645.84375,191132.625,0.997778356,0.997577369
1279,NFE2L3-NF2L3_Q9Y4A8_AD_252-451|g.26184761A>G(p.Thr355Ala),3.757523,3.8303463,58807.36328125,57152.01171875,0.16485165,0.154900581
1280,NFE2L3-NF2L3_Q9Y4A8_AD_252-451|g.26184786G>C(p.Gly363Ala),7.611506,7.6987157,68420.46875,86556.859375,0.0107108727,0.00816048123
1281,NFE2L3-NF2L3_Q9Y4A8_AD_252-451|g.26184833G>T(p.Asp379Tyr),7.4289594,9.662448,206587.1875,234947.015625,0.994288146,0.995835066
1282,NFE2L3-NF2L3_Q9Y4A8_AD_252-451|g.26183719G>C(p.Asp257His),4.978483,7.115692,122929.453125,125187.0625,0.653024495,0.902828634
1283,NFE2L3-NF2L3_Q9Y4A8_AD_252-451|g.26184917G>C(p.Asp407His),6.9393525,6.870556,88370.640625,78730.953125,0.723226368,0.908431113
1284,NFE2L3-NF2L3_Q9Y4A8_AD_252-451|g.26184718A>T(p.Glu340Asp),0.6186732,0.532611,28386.9609375,27961.1328125,0.00174109,0.00137618184
1285,NFE2L3-NF2L3_Q9Y4A8_AD_252-451|g.26184956G>C(p.Gly420Arg),2.458545,2.8207037,23155.6796875,23375.796875,0.0221038517,0.0499247126
1286,NFE2L3-NF2L3_Q9Y4A8_AD_252-451|g.26184791C>G(p.Leu365Val),6.6979885,6.8511987,85023.7421875,91096.4453125,0.00494063599,0.00846519228
1287,NFE2L3-NF2L3_Q9Y4A8_AD_252-451|g.26184567G>C(p.Ser290Thr),1.7004287,1.588675,60708.64453125,54491.86328125,0.0557164848,0.0572362766
1288,NFE2L3-NF2L3_Q9Y4A8_AD_252-451|g.26185041G>T(p.Gly448Val),2.3381608,2.6448896,38496.2421875,39323.58203125,0.00266483,0.00198774878
1289,NFE2L3-NF2L3_Q9Y4A8_AD_252-451|g.26184819A>C(p.Asn374Thr),9.482635,9.589134,201970.6875,199672.578125,0.945376158,0.925644517
1290,NFE2L3-NF2L3_Q9Y4A8_AD_252-451|g.26183704C>T(p.His252Tyr),7.0166907,7.115692,143407.6875,125187.0625,0.256283402,0.0917278305
1291,NFE2L3-NF2L3_Q9Y4A8_AD_252-451|g.26184824A>G(p.Thr376Ala),9.741684,9.732241,242015.09375,237235.640625,0.991747022,0.990094841
1292,NFE2L3-NF2L3_Q9Y4A8_AD_252-451|g.26184590T>C(p.Ser298Pro),1.0992986,1.095077,59409.42578125,52417.80078125,0.0165658649,0.0174052101
1293,NFE2L3-NF2L3_Q9Y4A8_AD_252-451|g.26184880A>T(p.Leu394Phe),9.08527,8.880791,232723.015625,214990.859375,0.998417974,0.998218834
1294,NFE2L3-NF2L3_Q9Y4A8_AD_252-451|g.26184801T>C(p.Val368Ala),6.739081,6.68307,107146.6484375,108128.125,0.0504010245,0.0664959997
1295,NFE2L3-NF2L3_Q9Y4A8_AD_252-451|g.26184665C>T(p.Pro323Ser),0.20158887,0.3393774,31912.2734375,28592.37109375,0.00483620306,0.00491436105
1296,NFE2L3-NF2L3_Q9Y4A8_AD_252-451|g.26185020T>A(p.Val441Glu),2.5307117,2.6448896,30232.88671875,39323.58203125,0.00334781012,0.00363654806
1297,NFE2L3-NF2L3_Q9Y4A8_AD_252-451|g.26184779T>A(p.Leu361Met),7.808534,7.840676,53010.625,58470.51171875,0.00478215236,0.00648135412
1298,NFE2L3-NF2L3_Q9Y4A8_AD_252-451|g.26184875A>T(p.Asn393Tyr),7.80088,8.635265,214720.578125,211020.828125,0.998244286,0.99810034
1299,NFE2L3-NF2L3_Q9Y4A8_AD_252-451|g.26184768C>T(p.Pro357Leu),5.063612,4.731209,68635.1484375,70419.6875,0.05612549,0.0243103094
1300,NFE2L3-NF2L3_Q9Y4A8_AD_252-451|g.26184630A>G(p.Gln311Arg),0.43418074,0.8719542,48537.12890625,71580.9375,0.06267307,0.110027172
1301,NFE2L3-NF2L3_Q9Y4A8_AD_252-451|g.26184840T>G(p.Leu381Arg),9.13619,9.512579,171977.515625,210565.609375,0.945662081,0.996691346
1302,NFE2L3-NF2L3_Q9Y4A8_AD_252-451|g.26184542T>A(p.Leu282Met),4.9373255,5.1612616,79628.1484375,80636.875,0.0647455975,0.0876876041
1303,NFE2L3-NF2L3_Q9Y4A8_AD_252-451|g.26184998A>G(p.Lys434Glu),3.3520021,2.6448896,40302.359375,39323.58203125,0.00606787251,0.00201232242
1304,NFE2L3-NF2L3_Q9Y4A8_AD_252-451|g.26184875A>C(p.Asn393His),7.855614,8.635265,216935.015625,211020.828125,0.997826636,0.99810034
1305,NFE2L3-NF2L3_Q9Y4A8_AD_252-451|g.26184597A>C(p.His300Pro),1.4628366,1.3920871,60145.51953125,62951.0390625,0.0119802449,0.0101272129
1306,NFE2L3-NF2L3_Q9Y4A8_AD_252-451|g.26184583G>T(p.Met295Ile),3.004958,2.9033082,53996.22265625,54852.73046875,0.0478436947,0.0383554548
1307,NFE2L3-NF2L3_Q9Y4A8_AD_252-451|g.26184938G>A(p.Glu414Lys),2.5330327,3.12379,27412.1328125,33322.81640625,0.153833643,0.540495038
1308,NFE2L3-NF2L3_Q9Y4A8_AD_252-451|g.26183777C>T(p.Ser276Leu),7.9485373,7.4635453,145684.25,124619.578125,0.9897176,0.964595199
1309,NFE2L3-NF2L3_Q9Y4A8_AD_252-451|g.26185017C>G(p.Ser440Cys),2.7133553,2.6448896,50944.75390625,39323.58203125,0.00484411092,0.00301803555
1310,NFE2L3-NF2L3_Q9Y4A8_AD_252-451|g.26184897A>T(p.Glu400Val),9.4279995,9.330353,188898.46875,178974.46875,0.99731344,0.997568667
1311,NFE2L3-NF2L3_Q9Y4A8_AD_252-451|g.26184945A>T(p.Asp416Val),4.392394,3.0236883,28496.46875,24229.1953125,0.38603276,0.410826713
1312,NFE2L3-NF2L3_Q9Y4A8_AD_252-451|g.26184786G>T(p.Gly363Val),7.0587792,7.6987157,70732.890625,86556.859375,0.0116065918,0.00816048123
1313,NFE2L3-NF2L3_Q9Y4A8_AD_252-451|g.26184707C>G(p.Gln337Glu),0.43943405,0.36331964,32117.44921875,31551.69140625,0.00300022,0.00189859106
1314,NFE2L3-NF2L3_Q9Y4A8_AD_252-451|g.26184771G>T(p.Gly358Val),5.3843637,5.506551,57539.89453125,61820.6796875,0.0130957142,0.00919513591
1315,NFE2L3-NF2L3_Q9Y4A8_AD_252-451|g.26184690C>T(p.Pro331Leu),0.52692866,0.54079175,38911.80859375,34884.0546875,0.02469307,0.0161170159
1316,NFE2L3-NF2L3_Q9Y4A8_AD_252-451|g.26184744C>T(p.Thr349Ile),0.99247134,0.79204285,45833.05078125,45672.4296875,0.00635054,0.00291290949
1317,NFE2L3-NF2L3_Q9Y4A8_AD_252-451|g.26185029A>T(p.Glu444Val),2.4704177,2.6448896,44031.84765625,39323.58203125,0.00306671,0.00305299298
1318,NFE2L3-NF2L3_Q9Y4A8_AD_252-451|g.26184858A>G(p.Asn387Ser),10.063421,9.858175,187405.0625,186200.453125,0.99714965,0.997159004
1319,NFE2L3-NF2L3_Q9Y4A8_AD_252-451|g.26185037A>G(p.Ile447Val),2.402498,2.6448896,36738.44140625,39323.58203125,0.00133130804,0.00187432545
1320,NFE2L3-NF2L3_Q9Y4A8_AD_252-451|g.26183705A>G(p.His252Arg),6.6392484,7.115692,119511.265625,125187.0625,0.0587923601,0.0917278305
1321,NFE2L3-NF2L3_Q9Y4A8_AD_252-451|g.26184776A>T(p.Asn360Tyr),7.3065763,7.36517,57217.64453125,53032.96484375,0.0129992198,0.00444640359
1322,NFE2L3-NF2L3_Q9Y4A8_AD_252-451|g.26185031G>A(p.Gly445Ser),2.5797138,2.6448896,37240.01171875,39323.58203125,0.00269970833,0.00265315548
1323,NFE2L3-NF2L3_Q9Y4A8_AD_252-451|g.26183765A>T(p.Gln272Leu),7.439211,7.115692,154769.3125,125187.0625,0.996384501,0.993433833
1324,NFE2L3-NF2L3_Q9Y4A8_AD_252-451|g.26184594C>G(p.Ala299Gly),0.99504125,1.0146773,51066.40625,54571.46484375,0.0158574414,0.0157483406
1325,NFE2L3-NF2L3_Q9Y4A8_AD_252-451|g.26184861T>A(p.Ile388Lys),9.041144,9.67791,137600.09375,195207.875,0.990090132,0.9971596
1326,NFE2L3-NF2L3_Q9Y4A8_AD_252-451|g.26184684G>A(p.Arg329Lys),0.38995838,0.47222996,34795.48828125,35738.40234375,0.00517377025,0.00669728406
1327,NFE2L3-NF2L3_Q9Y4A8_AD_252-451|g.26184966T>C(p.Leu423Ser),1.8389907,2.6448896,33371.390625,41586.1953125,0.00622135121,0.0151675018
1328,NFE2L3-NF2L3_Q9Y4A8_AD_252-451|g.26184997C>G(p.Ile433Met),2.81779,2.6448896,40013.5078125,39323.58203125,0.00250839768,0.00316734146
1329,NFE2L3-NF2L3_Q9Y4A8_AD_252-451|g.26184911C>G(p.Pro405Ala),8.3497715,8.368513,127169.2578125,116229.3828125,0.986127138,0.986898541
1330,NFE2L3-NF2L3_Q9Y4A8_AD_252-451|g.26183773A>C(p.Asn275His),7.1074114,7.516635,121078.046875,111240.484375,0.99190408,0.993271649
1331,NFE2L3-NF2L3_Q9Y4A8_AD_252-451|g.26184736T>G(p.Asn346Lys),0.31972218,0.56329274,32361.2109375,37115.94921875,0.000772081199,0.00184829766
1332,NFE2L3-NF2L3_Q9Y4A8_AD_252-451|g.26184940A>C(p.Glu414Asp),3.0315619,3.12379,38016.48828125,33322.81640625,0.637116075,0.540495038
1333,NFE2L3-NF2L3_Q9Y4A8_AD_252-451|g.26184675C>T(p.Thr326Ile),0.38754344,0.42995167,44280.921875,41788.0625,0.0058899,0.00279694493
1334,NFE2L3-NF2L3_Q9Y4A8_AD_252-451|g.26185047G>A(p.Cys450Tyr),3.3800483,2.6448896,37975.96484375,39323.58203125,0.00288154534,0.002139905
1335,NFE2L3-NF2L3_Q9Y4A8_AD_252-451|g.26184852A>G(p.Asp385Gly),8.596632,10.234923,156415.6875,201526.796875,0.9958753,0.997275174
1336,NFE2L3-NF2L3_Q9Y4A8_AD_252-451|g.26184785G>C(p.Gly363Arg),6.642361,7.6987157,64651.921875,86556.859375,0.00316223,0.00816048123
1337,NFE2L3-NF2L3_Q9Y4A8_AD_252-451|g.26184860A>T(p.Ile388Leu),9.899038,9.67791,202865.046875,195207.875,0.997440219,0.9971596
1338,NFE2L3-NF2L3_Q9Y4A8_AD_252-451|g.26184968G>C(p.Asp424His),2.5403361,2.6448896,31866.64453125,26915.69921875,0.00609393977,0.0128188366
1339,NFE2L3-NF2L3_Q9Y4A8_AD_252-451|g.26184599T>C(p.Tyr301His),1.1958162,1.3481381,62300.578125,75074.6328125,0.00438435329,0.0124525968
1340,NFE2L3-NF2L3_Q9Y4A8_AD_252-451|g.26184842T>C(p.Tyr382His),10.320106,10.204519,188884.4375,197495.875,0.99307996,0.997003496
1341,NFE2L3-NF2L3_Q9Y4A8_AD_252-451|g.26184786G>A(p.Gly363Glu),8.036989,7.6987157,80723.03125,86556.859375,0.01343415,0.00816048123
1342,NFE2L3-NF2L3_Q9Y4A8_AD_252-451|g.26184702C>T(p.Thr335Ile),0.31337404,0.27979255,31468.33203125,30800.7578125,0.00329403,0.00174356613
1343,NFE2L3-NF2L3_Q9Y4A8_AD_252-451|g.26184846A>G(p.Asp383Gly),9.122774,10.430785,169514.265625,191610.109375,0.996169388,0.997700155
1344,NFE2L3-NF2L3_Q9Y4A8_AD_252-451|g.26184986A>G(p.Thr430Ala),2.679261,2.6448896,33164.66015625,32416.1015625,0.00253738,0.0024084684
1345,NFE2L3-NF2L3_Q9Y4A8_AD_252-451|g.26184641C>A(p.Leu315Ile),0.6826011,0.6951792,53630.91015625,60071.66796875,0.05515598,0.0692753121
1346,NFE2L3-NF2L3_Q9Y4A8_AD_252-451|g.26185031G>T(p.Gly445Cys),2.4513185,2.6448896,43881.921875,39323.58203125,0.00457999948,0.00265315548
1347,NFE2L3-NF2L3_Q9Y4A8_AD_252-451|g.26185039A>G(p.Ile447Met),2.596924,2.6448896,33175.92578125,39323.58203125,0.00159071933,0.00187432545
1348,NFE2L3-NF2L3_Q9Y4A8_AD_252-451|g.26185020T>C(p.Val441Ala),2.5039914,2.6448896,32584.51171875,39323.58203125,0.00252861576,0.00363654806
1349,NFE2L3-NF2L3_Q9Y4A8_AD_252-451|g.26183761T>C(p.Ser271Pro),7.3526125,7.115692,123372.21875,125187.0625,0.992865205,0.993572712
1350,NFE2L3-NF2L3_Q9Y4A8_AD_252-451|g.26184914A>G(p.Ile406Val),7.0038238,7.3423243,85516.1796875,88783.6796875,0.677287102,0.861136794
1351,NFE2L3-NF2L3_Q9Y4A8_AD_252-451|g.26185038T>C(p.Ile447Thr),2.2361603,2.6448896,28021.7265625,39323.58203125,0.000922842941,0.00187432545
1352,NFE2L3-NF2L3_Q9Y4A8_AD_252-451|g.26185049A>G(p.Thr451Ala),2.6772377,2.6448896,41588.11328125,39323.58203125,0.00291751116,0.00285264011
1353,NFE2L3-NF2L3_Q9Y4A8_AD_252-451|g.26183704C>G(p.His252Asp),7.5703096,7.115692,132659.6875,125187.0625,0.16221851,0.0917278305
1354,NFE2L3-NF2L3_Q9Y4A8_AD_252-451|g.26184939A>T(p.Glu414Val),3.7244232,3.12379,39257.56640625,33322.81640625,0.596275806,0.540495038
1355,NFE2L3-NF2L3_Q9Y4A8_AD_252-451|g.26184945A>G(p.Asp416Gly),3.542588,3.0236883,25371.44140625,24229.1953125,0.253198326,0.410826713
1356,NFE2L3-NF2L3_Q9Y4A8_AD_252-451|g.26184911C>A(p.Pro405Thr),8.384762,8.368513,120196.8828125,116229.3828125,0.986697614,0.986898541
1357,NFE2L3-NF2L3_Q9Y4A8_AD_252-451|g.26185040G>A(p.Gly448Ser),2.6641002,2.6448896,40919.5859375,39323.58203125,0.00198531826,0.00198774878
1358,NFE2L3-NF2L3_Q9Y4A8_AD_252-451|g.26183767C>T(p.Pro273Ser),7.2324095,7.115692,121983.2109375,131845.1875,0.993924081,0.993558228
1359,NFE2L3-NF2L3_Q9Y4A8_AD_252-451|g.26184818A>G(p.Asn374Asp),10.158653,9.589134,223304.46875,199672.578125,0.984130561,0.925644517
1360,NFE2L3-NF2L3_Q9Y4A8_AD_252-451|g.26184767C>T(p.Pro357Ser),4.921938,4.731209,72510.7265625,70419.6875,0.02470276,0.0243103094
1361,NFE2L3-NF2L3_Q9Y4A8_AD_252-451|g.26184830C>G(p.Gln378Glu),10.483288,10.017639,248039.765625,239983.265625,0.99716872,0.994776726
1362,NFE2L3-NF2L3_Q9Y4A8_AD_252-451|g.26184552T>C(p.Ile285Thr),4.567153,5.3648534,54909.07421875,62053.09375,0.01194375,0.0257577188
1363,NFE2L3-NF2L3_Q9Y4A8_AD_252-451|g.26184686G>T(p.Asp330Tyr),0.27610588,0.35696888,35690.2421875,33636.66796875,0.00706027,0.00578788016
1364,NFE2L3-NF2L3_Q9Y4A8_AD_252-451|g.26184861T>C(p.Ile388Thr),9.738701,9.67791,185654.125,195207.875,0.996115446,0.9971596
1365,NFE2L3-NF2L3_Q9Y4A8_AD_252-451|g.26183779C>G(p.Leu277Val),6.964764,7.468649,118820.1328125,132207.375,0.928306043,0.973034382
1366,NFE2L3-NF2L3_Q9Y4A8_AD_252-451|g.26184797C>T(p.Pro367Ser),5.839985,6.0753207,115870.6875,119382.8359375,0.0336941518,0.0325975679
1367,DLX3_O60479_AD_2-91|g.49994814G>A(p.Pro62Leu),1.4534057,1.7583147,50478.3046875,82309.2734375,0.08978838,0.04585014
1368,DLX3_O60479_AD_2-91|g.49994917C>A(p.Asp28Tyr),0.8991885,0.9318156,42566.5546875,35412.90625,0.0111326,0.0075279
1369,DLX3_O60479_AD_2-91|g.49994938T>A(p.Ser21Cys),1.1735,1.033251,31934.59765625,30155.359375,0.00482771,0.00282418
1370,DLX3_O60479_AD_2-91|g.49994731C>A(p.Ala90Ser),1.8927219,1.7583147,46289.33203125,51420.54296875,0.00050439,0.00052115
1371,DLX3_O60479_AD_2-91|g.49994772C>A(p.Gly76Val),1.1301343,1.7583147,51047.7109375,51420.54296875,0.02033122,0.01509447
1372,DLX3_O60479_AD_2-91|g.49994896A>T(p.Ser35Thr),1.888343,1.9549718,34673.91796875,32466.6640625,0.00596847,0.00612417
1373,DLX3_O60479_AD_2-91|g.49994832T>C(p.Tyr56Cys),2.391235,2.6316774,62474.5234375,67892.671875,0.01332146,0.01840573
1374,DLX3_O60479_AD_2-91|g.49994908T>C(p.Thr31Ala),1.3255875,1.3044186,36599.41796875,34994.5546875,0.01066226,0.01035609
1375,DLX3_O60479_AD_2-91|g.49994994C>G(p.Ser2Thr),1.007574,1.033251,30138.03515625,30155.359375,0.00268371,0.00271574
1376,DLX3_O60479_AD_2-91|g.49994949G>C(p.Ser17Cys),1.0146954,1.033251,33858.57421875,30155.359375,0.00619904,0.00352544
1377,DLX3_O60479_AD_2-91|g.49994980G>C(p.Arg7Gly),1.6429862,1.033251,28542.5703125,30155.359375,0.011038,0.00504761
1378,DLX3_O60479_AD_2-91|g.49994736T>C(p.Tyr88Cys),1.6064255,1.7583147,50280.58203125,51420.54296875,0.00048167,0.00065161
1379,DLX3_O60479_AD_2-91|g.49994878C>A(p.Gly41Cys),0.74306476,0.7901139,53392.9296875,61323.890625,0.03320282,0.01822722
1380,DLX3_O60479_AD_2-91|g.49994844G>A(p.Ser52Leu),2.6505914,2.5966485,111702.4921875,88253.390625,0.07219937,0.02977094
1381,DLX3_O60479_AD_2-91|g.49994902G>T(p.Pro33Thr),1.4925342,1.4296309,38879.31640625,45210.44921875,0.00895953,0.00879153
1382,DLX3_O60479_AD_2-91|g.49994854C>G(p.Asp49His),0.90735257,1.5303495,49854.39453125,55637.484375,0.01228905,0.02491713
1383,DLX3_O60479_AD_2-91|g.49994853T>C(p.Asp49Gly),1.0545863,1.5303495,51645.203125,55637.484375,0.01524705,0.02491713
1384,DLX3_O60479_AD_2-91|g.49994943G>T(p.Ser19Tyr),1.0689662,1.033251,36003.16796875,30155.359375,0.02059589,0.00671641
1385,DLX3_O60479_AD_2-91|g.49994979C>A(p.Arg7Leu),1.8646872,1.033251,30326.4921875,30155.359375,0.02628972,0.00504761
1386,DLX3_O60479_AD_2-91|g.49994944A>T(p.Ser19Thr),0.9189782,1.033251,32344.3046875,30155.359375,0.00655375,0.00671641
1387,DLX3_O60479_AD_2-91|g.49994739G>T(p.Thr87Asn),1.8984668,1.7583147,52628.06640625,51420.54296875,0.00075425,0.00080777
1388,DLX3_O60479_AD_2-91|g.49994805T>C(p.Tyr65Cys),1.550635,1.7583147,36255.203125,39777.76953125,0.01176127,0.01703598
1389,DLX3_O60479_AD_2-91|g.49994859T>C(p.Gln47Arg),0.86285996,1.2344358,56518.73046875,64605.14453125,0.01809227,0.0317132
1390,DLX3_O60479_AD_2-91|g.49994775G>C(p.Ala75Gly),2.0133824,1.7583147,50023.19140625,51420.54296875,0.0138186,0.01375144
1391,DLX3_O60479_AD_2-91|g.49994928G>T(p.Ala24Glu),1.1536496,1.033251,38995.9140625,44503.98828125,0.00418324,0.00317256
1392,DLX3_O60479_AD_2-91|g.49994772C>T(p.Gly76Asp),2.1570039,1.7583147,52280.3125,51420.54296875,0.02397246,0.01509447
1393,DLX3_O60479_AD_2-91|g.49994785T>G(p.Asn72His),1.5537156,1.7583147,54353.26171875,51420.54296875,0.00369643,0.00473526
1394,DLX3_O60479_AD_2-91|g.49994767C>T(p.Gly78Ser),1.6867405,1.7583147,47352.84375,51420.54296875,0.01404447,0.01436148
1395,DLX3_O60479_AD_2-91|g.49994791T>A(p.Asn70Tyr),1.4756873,1.7583147,77932.7734375,65280.04296875,0.01472003,0.00571343
1396,DLX3_O60479_AD_2-91|g.49994893A>G(p.Ser36Pro),1.6364468,1.6093042,31135.4765625,31126.3203125,0.0079152,0.00802096
1397,DLX3_O60479_AD_2-91|g.49994901G>A(p.Pro33Leu),1.9812285,1.4296309,43062.47265625,45210.44921875,0.02206327,0.00879153
1398,KLF7_O75840_AD_2-101|g.207124211A>G(p.Leu99Pro),3.0402484,1.801929,56741.1171875,60061.0546875,0.000835737388,0.00212441734
1399,KLF7_O75840_AD_2-101|g.207124382T>C(p.Tyr42Cys),4.76554,5.315049,79178.65625,88412.4140625,0.15414324,0.244758666
1400,KLF7_O75840_AD_2-101|g.207124358A>T(p.Ile50Asn),3.5715866,3.5397685,90137.4140625,99231.4765625,0.414167732,0.744353473
1401,KLF7_O75840_AD_2-101|g.207124308G>C(p.Pro67Ala),1.4799316,1.9121763,131516.359375,140295.953125,0.96306908,0.971810043
1402,KLF7_O75840_AD_2-101|g.207124218T>A(p.Ile97Phe),1.667157,1.801929,76232.2109375,60061.0546875,0.00539312,0.00297788251
1403,KLF7_O75840_AD_2-101|g.207124374T>A(p.Thr45Ser),5.6150713,5.747096,70073.6015625,70553.5234375,0.18914485,0.185285643
1404,KLF7_O75840_AD_2-101|g.207124231G>C(p.Ser92Arg),1.2594507,1.801929,56553.28125,60061.0546875,0.0540241264,0.100176886
1405,KLF7_O75840_AD_2-101|g.207124205C>T(p.Arg101Gln),2.5063794,1.801929,60990.2578125,60061.0546875,0.00241614,0.000982943922
1406,KLF7_O75840_AD_2-101|g.207124214A>C(p.Leu98Trp),2.528306,1.801929,81453.6875,60061.0546875,0.00724477,0.00272337999
1407,KLF7_O75840_AD_2-101|g.207124248C>T(p.Ala87Thr),2.3871846,1.801929,53564.01953125,60061.0546875,0.17762277,0.214976668
1408,KLF7_O75840_AD_2-101|g.207124257C>T(p.Val84Met),2.1506205,1.801929,69958.25,60061.0546875,0.58498663,0.288238943
1409,KLF7_O75840_AD_2-101|g.207124283C>T(p.Arg75His),2.2671537,1.801929,110791.3828125,104182.390625,0.52631748,0.346240491
1410,KLF7_O75840_AD_2-101|g.207124313G>A(p.Ser65Phe),2.1021044,1.6406599,138960.921875,117145.84375,0.98340154,0.819894254
1411,KLF7_O75840_AD_2-101|g.207124292T>G(p.Glu72Ala),1.2605726,1.801929,122182.421875,115789.0625,0.93512779,0.977247894
1412,KLF7_O75840_AD_2-101|g.207124241C>T(p.Cys89Tyr),1.7218648,1.801929,60384.32421875,60061.0546875,0.11021592,0.0838636905
1413,KLF7_O75840_AD_2-101|g.207124284G>A(p.Arg75Cys),2.2287254,1.801929,129682.6953125,104182.390625,0.85009599,0.346240491
1414,KLF7_O75840_AD_2-101|g.207124298A>G(p.Ile70Thr),1.4880584,1.5161293,123579.25,125244.2578125,0.95953721,0.98007834
1415,KLF7_O75840_AD_2-101|g.207124206G>C(p.Arg101Gly),2.9666648,1.801929,87695.3359375,60061.0546875,0.00187852,0.000982943922
1416,KLF7_O75840_AD_2-101|g.207124281G>A(p.Arg76Cys),1.8698595,1.801929,129106.4609375,103760.890625,0.89244801,0.327914745
1417,KLF7_O75840_AD_2-101|g.207124250G>A(p.Ala86Val),1.0837867,1.801929,56885.765625,60061.0546875,0.58255547,0.472373664
1418,KLF7_O75840_AD_2-101|g.207124319T>C(p.His63Arg),1.6466645,2.110003,74629.7265625,110700.109375,0.19517949,0.433623582
1419,KLF7_O75840_AD_2-101|g.207165478T>A(p.Thr31Ser),6.5150633,6.357782,68851.3046875,82401.8984375,0.98387581,0.981210589
1420,KLF7_O75840_AD_2-101|g.207124229G>A(p.Ser93Leu),0.6792178,1.801929,64022.953125,60061.0546875,0.08297174,0.0342291556
1421,KLF7_O75840_AD_2-101|g.207124364C>T(p.Arg48Gln),4.921253,3.969898,93231.2578125,80219.7890625,0.896428168,0.756671309
1422,KLF7_O75840_AD_2-101|g.207165502A>C(p.Ser23Ala),2.3602583,2.5186248,106952.875,103012.46875,0.985274434,0.986967146
1423,KLF7_O75840_AD_2-101|g.207124241C>G(p.Cys89Ser),2.6869178,1.801929,57537.23046875,60061.0546875,0.0541798286,0.0838636905
1424,KLF7_O75840_AD_2-101|g.207124269G>C(p.Leu80Val),2.099371,1.801929,86569.0078125,97606.3515625,0.03940147,0.0749322176
1425,NCOA1_Q15788_AD_840-1011|g.24728333G>A(p.Glu915Lys),1.1279907,2.5225182,26983.85546875,30449.37890625,0.00389526295,0.0243137144
1426,NCOA1_Q15788_AD_840-1011|g.24729645A>G(p.Met1011Val),0.7740632,0.92229223,51728.625,48065.73046875,0.000769803766,0.000831109879
1427,NCOA1_Q15788_AD_840-1011|g.24728334A>T(p.Glu915Val),1.819628,2.5225182,28229.8984375,30449.37890625,0.0203879252,0.0243137144
1428,NCOA1_Q15788_AD_840-1011|g.24726698A>C(p.Lys903Asn),1.9037584,1.019767,45186.07421875,55236.1953125,0.0686880276,0.0323966891
1429,NCOA1_Q15788_AD_840-1011|g.24729622A>G(p.Asn1003Ser),0.89527714,0.92229223,53463.3984375,48065.73046875,0.00419150665,0.00389170321
1430,NCOA1_Q15788_AD_840-1011|g.24729564A>G(p.Met984Val),0.69006073,0.92229223,39575.6171875,41479.3828125,0.00384005322,0.00465262309
1431,NCOA1_Q15788_AD_840-1011|g.24729556C>T(p.Pro981Leu),0.7425469,0.92229223,35027.3515625,34610.2890625,0.0352512151,0.0165385827
1432,NCOA1_Q15788_AD_840-1011|g.24728310A>C(p.Gln907Pro),1.4950655,1.4783884,50650.171875,49831.09765625,0.036227446,0.0296583679
1433,NCOA1_Q15788_AD_840-1011|g.24726648G>T(p.Asp887Tyr),4.1933293,4.724922,35312.62109375,32850.44140625,0.0348952971,0.0271740407
1434,NCOA1_Q15788_AD_840-1011|g.24729565T>C(p.Met984Thr),0.73960865,0.92229223,33438.1640625,41479.3828125,0.0027830652,0.00465262309
1435,NCOA1_Q15788_AD_840-1011|g.24711081G>A(p.Ala857Thr),0.9424145,0.91194737,30480.7578125,31504.9921875,0.000413984671,0.000442026067
1436,NCOA1_Q15788_AD_840-1011|g.24728432C>G(p.Leu948Val),1.7093084,2.0836256,37332.27734375,42523.35546875,0.225217894,0.477870375
1437,NCOA1_Q15788_AD_840-1011|g.24728441C>A(p.Leu951Ile),1.3107984,1.4984502,38090.98828125,45434.0,0.0766914487,0.0957205147
1438,NCOA1_Q15788_AD_840-1011|g.24729515T>G(p.Asp967Glu),2.1297417,2.3485034,49095.3515625,49470.828125,0.00343598216,0.00414561387
1439,NCOA1_Q15788_AD_840-1011|g.24729505G>T(p.Gly964Val),1.026167,1.1687688,59951.40625,58880.86328125,0.021436017,0.0168997589
1440,NCOA1_Q15788_AD_840-1011|g.24726696A>G(p.Lys903Glu),1.9650216,1.019767,41556.1796875,55236.1953125,0.102659814,0.0323966891
1441,NCOA1_Q15788_AD_840-1011|g.24726652A>G(p.Gln888Arg),3.5891347,4.6334076,25929.19921875,26523.85546875,0.0095137516,0.0179742798
1442,NCOA1_Q15788_AD_840-1011|g.24729647G>T(p.Met1011Ile),0.8638183,0.92229223,50944.8671875,48065.73046875,0.00103277795,0.000831109879
1443,NCOA1_Q15788_AD_840-1011|g.24728465A>C(p.Lys959Gln),3.073128,1.796719,72007.1953125,66431.8125,0.672828913,0.319264054
1444,NCOA1_Q15788_AD_840-1011|g.24728363G>A(p.Gly925Arg),2.0392594,2.8667965,48160.84375,62762.75390625,0.157964751,0.295338422
1445,NCOA1_Q15788_AD_840-1011|g.24729549A>G(p.Thr979Ala),1.261523,1.3099837,41054.390625,37865.734375,0.0157158524,0.0151139814
1446,NCOA1_Q15788_AD_840-1011|g.24729544A>G(p.Gln977Arg),0.42439055,0.7486701,47987.3671875,49126.18359375,0.00713186152,0.0120482212
1447,NCOA1_Q15788_AD_840-1011|g.24729541A>G(p.Gln976Arg),0.25302577,0.4882573,41967.5,50568.47265625,0.00271409727,0.00454347767
1448,NCOA1_Q15788_AD_840-1011|g.24726648G>A(p.Asp887Asn),4.139061,4.724922,31798.0390625,32850.44140625,0.0145935044,0.0271740407
1449,NCOA1_Q15788_AD_840-1011|g.24711069T>A(p.Ser853Thr),0.8977077,0.91194737,34143.25390625,31504.9921875,0.00039056869,0.000405289757
1450,NCOA1_Q15788_AD_840-1011|g.24729508G>A(p.Gly965Glu),1.712549,1.3380709,66513.5703125,64472.765625,0.0285271779,0.0185434017
1451,NCOA1_Q15788_AD_840-1011|g.24729627C>T(p.Pro1005Ser),1.0048894,0.92229223,44816.125,48065.73046875,0.00240953197,0.00239059911
1452,NCOA1_Q15788_AD_840-1011|g.24726649A>T(p.Asp887Val),3.5272238,4.724922,34762.72265625,32850.44140625,0.0197930429,0.0271740407
1453,NCOA1_Q15788_AD_840-1011|g.24726618G>T(p.Asp877Tyr),1.646265,1.4311168,45690.57421875,43023.26953125,0.0773305297,0.0534034409
1454,NCOA1_Q15788_AD_840-1011|g.24726630G>A(p.Gly881Arg),0.43471694,0.80661225,43537.23828125,49567.2734375,0.0295169614,0.0613378622
1455,NCOA1_Q15788_AD_840-1011|g.24729565T>G(p.Met984Arg),0.44398236,0.92229223,34483.95703125,41479.3828125,0.00136255566,0.00465262309
1456,NCOA1_Q15788_AD_840-1011|g.24728343G>A(p.Cys918Tyr),3.5966222,2.9681582,58287.265625,53401.015625,0.030498039,0.0207842905
1457,NCOA1_Q15788_AD_840-1011|g.24729502G>A(p.Gly963Glu),1.4426782,1.0027504,43278.46875,46766.8828125,0.0274578705,0.0182511024
1458,NCOA1_Q15788_AD_840-1011|g.24728319G>T(p.Ser910Ile),3.1697946,2.34367,31856.1328125,28821.140625,0.0560314134,0.0273162611
1459,NCOA1_Q15788_AD_840-1011|g.24729563C>G(p.Ile983Met),1.0997853,0.92229223,49223.7109375,42218.19140625,0.00363672967,0.00415209727
1460,NCOA1_Q15788_AD_840-1011|g.24729501G>T(p.Gly963Trp),1.9140962,1.0027504,47984.4921875,46766.8828125,0.100794904,0.0182511024
1461,NCOA1_Q15788_AD_840-1011|g.24726628T>C(p.Phe880Ser),0.2906747,1.00085,50959.44921875,59047.60546875,0.0279324912,0.0794273317
1462,NCOA1_Q15788_AD_840-1011|g.24726616T>C(p.Ile876Thr),0.76350546,1.361116,30908.66015625,35062.26171875,0.00508298259,0.011240718
1463,NCOA1_Q15788_AD_840-1011|g.24729586A>C(p.Tyr991Ser),0.6389725,0.92229223,34911.7734375,45358.65625,0.000989592983,0.0023882133
1464,NCOA1_Q15788_AD_840-1011|g.24726651C>G(p.Gln888Glu),5.2118607,4.6334076,27168.203125,26523.85546875,0.0346847065,0.0179742798
1465,NCOA1_Q15788_AD_840-1011|g.24728351A>G(p.Thr921Ala),3.5754876,3.951542,78939.6484375,78975.109375,0.0541079938,0.0525255427
1466,NCOA1_Q15788_AD_840-1011|g.24729588T>G(p.Ser992Ala),0.9206772,0.92229223,52394.70703125,48065.73046875,0.00364166265,0.00364766899
1467,NCOA1_Q15788_AD_840-1011|g.24726693A>G(p.Ser902Gly),1.4712671,1.4453585,53558.453125,52989.08984375,0.0191456508,0.01652872
1468,NCOA1_Q15788_AD_840-1011|g.24726649A>G(p.Asp887Gly),4.1036005,4.724922,32577.66796875,32850.44140625,0.0152335772,0.0271740407
1469,NCOA1_Q15788_AD_840-1011|g.24728466A>G(p.Lys959Arg),1.8927898,1.796719,68853.78125,66431.8125,0.376724869,0.319264054
1470,NCOA1_Q15788_AD_840-1011|g.24726637C>G(p.Pro883Arg),0.8185983,1.1813859,51631.640625,44808.1015625,0.0552215576,0.0978209972
1471,NCOA1_Q15788_AD_840-1011|g.24729630A>G(p.Ser1006Gly),0.896703,0.92229223,43848.94921875,48065.73046875,0.00228822255,0.00231485069
1472,CAMTA2_O94983_AD_472-581|g.4979895A>C(p.Leu476Trp),6.1358905,5.8999968,184873.265625,176237.859375,0.00255611283,0.00114063465
1473,CAMTA2_O94983_AD_472-581|g.4978540G>C(p.Leu577Val),1.161064,1.1440539,51904.47265625,50444.9609375,0.00660013361,0.00886132382
1474,CAMTA2_O94983_AD_472-581|g.4979845C>A(p.Val493Phe),6.7739983,5.8999968,179553.046875,158230.5625,0.29917115,0.121695288
1475,CAMTA2_O94983_AD_472-581|g.4979871C>A(p.Arg484Ile),6.432496,5.8999968,192334.109375,176237.859375,0.0112902084,0.00292286184
1476,CAMTA2_O94983_AD_472-581|g.4979874C>T(p.Gly483Glu),6.2242365,5.8999968,174864.203125,176237.859375,0.0026979656,0.00181630091
1477,CAMTA2_O94983_AD_472-581|g.4978594C>T(p.Glu559Lys),0.5445783,1.1440539,73823.984375,78959.15625,0.0335992351,0.140123397
1478,CAMTA2_O94983_AD_472-581|g.4979896A>T(p.Leu476Met),5.8696856,5.8999968,182297.265625,176237.859375,0.000884914829,0.00114063465
1479,CAMTA2_O94983_AD_472-581|g.4979844A>G(p.Val493Ala),5.7110405,5.8999968,162844.578125,158230.5625,0.084078975,0.121695288
1480,CAMTA2_O94983_AD_472-581|g.4979698A>C(p.Trp542Gly),0.95591474,1.3398612,46223.4453125,58830.40234375,0.0179987978,0.137000188
1481,CAMTA2_O94983_AD_472-581|g.4979833C>T(p.Glu497Lys),2.930397,5.6454153,135587.140625,193487.125,0.474734873,0.936987996
1482,CAMTA2_O94983_AD_472-581|g.4979758G>A(p.Pro522Ser),5.286264,5.18705,74648.78125,71312.6953125,0.0379679464,0.0351306424
1483,CAMTA2_O94983_AD_472-581|g.4979908A>C(p.Ser472Ala),5.783057,5.8999968,175870.4375,176237.859375,0.000170643048,0.000166009981
1484,CAMTA2_O94983_AD_472-581|g.4979830G>C(p.Leu498Val),5.0462446,5.4086533,158512.359375,172471.40625,0.757857621,0.843206108
1485,CAMTA2_O94983_AD_472-581|g.4978588C>T(p.Ala561Thr),1.4330894,1.1440539,58443.640625,59328.48046875,0.04880042,0.0485104583
1486,CAMTA2_O94983_AD_472-581|g.4979892T>C(p.Glu477Gly),5.438299,5.8999968,186302.1875,176237.859375,0.000807744509,0.00115065672
1487,CAMTA2_O94983_AD_472-581|g.4978581T>C(p.His563Arg),0.7931657,1.1440539,46749.9765625,50444.9609375,0.0232547279,0.0456991568
1488,CAMTA2_O94983_AD_472-581|g.4978555C>T(p.Ala572Thr),1.2931596,1.1440539,52220.70703125,50444.9609375,0.0259554032,0.0231237356
1489,CAMTA2_O94983_AD_472-581|g.4979899G>C(p.Pro475Ala),5.896838,5.8999968,183832.15625,176237.859375,0.00111873599,0.00107188092
1490,CAMTA2_O94983_AD_472-581|g.4979773C>T(p.Glu517Lys),6.3598843,7.447937,139770.21875,150685.34375,0.0307525657,0.0900226161
1491,CAMTA2_O94983_AD_472-581|g.4979777A>T(p.Ser515Arg),6.971913,7.452739,108795.6484375,117155.9375,0.351112902,0.564531922
1492,CAMTA2_O94983_AD_472-581|g.4978558T>G(p.Ile571Leu),0.9773457,1.1440539,63208.6328125,50444.9609375,0.0407858565,0.0303713791
1493,CAMTA2_O94983_AD_472-581|g.4979884T>C(p.Ser480Gly),5.971425,5.8999968,178854.390625,176237.859375,0.00186943531,0.0017989144
1494,CAMTA2_O94983_AD_472-581|g.4979908A>T(p.Ser472Thr),5.860426,5.8999968,177991.046875,176237.859375,0.000161594784,0.000166009981
1495,CAMTA2_O94983_AD_472-581|g.4979757G>A(p.Pro522Leu),5.738576,5.18705,94400.1171875,71312.6953125,0.0935151428,0.0351306424
1496,CAMTA2_O94983_AD_472-581|g.4979832T>C(p.Glu497Gly),4.6367264,5.6454153,178949.125,193487.125,0.853910804,0.936987996
1497,CAMTA2_O94983_AD_472-581|g.4979722T>A(p.Thr534Ser),2.7063951,2.4592266,63177.6953125,60000.7421875,0.107865602,0.100470498
1498,CAMTA2_O94983_AD_472-581|g.4978585C>T(p.Glu562Lys),0.58270407,1.1440539,46695.48046875,50444.9609375,0.00499924505,0.0227347072
1499,CAMTA2_O94983_AD_472-581|g.4978558T>C(p.Ile571Val),1.2475476,1.1440539,48609.95703125,50444.9609375,0.0218149945,0.0303713791
1500,CAMTA2_O94983_AD_472-581|g.4979724C>G(p.Ser533Thr),2.3483179,2.3513703,56196.23046875,59664.4765625,0.0813860744,0.0898572505
1501,CAMTA2_O94983_AD_472-581|g.4979845C>T(p.Val493Ile),6.19646,5.8999968,171507.625,158230.5625,0.14773044,0.121695288
1502,CAMTA2_O94983_AD_472-581|g.4978600A>G(p.Trp557Arg),1.0842627,1.1440539,81697.015625,93886.0234375,0.0355660878,0.318929195
1503,CAMTA2_O94983_AD_472-581|g.4979800C>T(p.Asp508Asn),5.0004683,6.664496,122542.984375,149269.796875,0.778605223,0.948956251
1504,CAMTA2_O94983_AD_472-581|g.4979896A>C(p.Leu476Val),5.7757697,5.8999968,177919.78125,176237.859375,0.0008196829,0.00114063465
1505,CAMTA2_O94983_AD_472-581|g.4979751G>A(p.Pro524Leu),3.4005494,3.030486,92464.4296875,87055.6796875,0.148245245,0.06876304
1506,CAMTA2_O94983_AD_472-581|g.4979728G>A(p.Leu532Phe),2.476563,2.0295873,83491.6015625,53716.16796875,0.213942707,0.111968458
1507,CAMTA2_O94983_AD_472-581|g.4978573A>T(p.Cys566Ser),1.544981,1.1440539,48935.86328125,50444.9609375,0.0282829124,0.0416951105
1508,CAMTA2_O94983_AD_472-581|g.4978536A>T(p.Val578Asp),1.9077071,1.1440539,47130.0625,50444.9609375,0.00651062327,0.00467485934
1509,CAMTA2_O94983_AD_472-581|g.4979746G>A(p.Pro526Ser),3.857881,3.7431414,62293.91796875,68192.015625,0.0328392498,0.0275389515
1510,CAMTA2_O94983_AD_472-581|g.4979904G>A(p.Pro473Leu),5.9029326,5.8999968,191755.59375,176237.859375,0.000436051807,0.0002071036
1511,CAMTA2_O94983_AD_472-581|g.4978537C>T(p.Val578Ile),1.164418,1.1440539,52561.26953125,50444.9609375,0.00606190227,0.00467485934
1512,CAMTA2_O94983_AD_472-581|g.4979908A>G(p.Ser472Pro),5.9044642,5.8999968,175720.28125,176237.859375,0.000156863549,0.000166009981
1513,MEF2C_Q06413_AD_87-473|g.88731758G>A(p.Pro261Ser),0.2633028,0.3437159,37026.94140625,38061.98828125,0.000619481376,0.000612998498
1514,MEF2C_Q06413_AD_87-473|g.88728575T>C(p.Ser340Gly),1.0295813,0.95983565,70398.203125,79647.921875,0.0334452428,0.0336673334
1515,MEF2C_Q06413_AD_87-473|g.88731893A>C(p.Tyr216Asp),-0.07024455,-0.038290977,27240.421875,28987.4765625,0.00109727506,0.00173126836
1516,MEF2C_Q06413_AD_87-473|g.88751994C>G(p.Ser151Thr),0.027668238,0.02623415,69463.9921875,66374.375,0.0239633564,0.0250872243
1517,MEF2C_Q06413_AD_87-473|g.88722689G>T(p.Pro446His),0.048818827,0.040976763,20303.14453125,19287.859375,0.000501703122,0.000616359466
1518,MEF2C_Q06413_AD_87-473|g.88731764T>C(p.Ile259Val),0.26796603,0.27842236,34142.48046875,34108.5390625,0.000492246181,0.000632309821
1519,MEF2C_Q06413_AD_87-473|g.88731890C>A(p.Gly217Cys),-0.0038597584,-0.04867053,34939.20703125,34271.046875,0.00188009441,0.00119772332
1520,MEF2C_Q06413_AD_87-473|g.88749098G>T(p.Asp203Glu),0.0371778,0.03444338,21695.2265625,22527.3203125,0.00119254703,0.0013783559
1521,MEF2C_Q06413_AD_87-473|g.88731884G>T(p.Pro219Thr),-0.07760978,-0.06011367,35063.015625,36403.8203125,0.00103539252,0.000970418332
1522,MEF2C_Q06413_AD_87-473|g.88752033G>T(p.Pro138His),0.19781756,0.3018341,81546.7109375,83830.578125,0.0358794518,0.0474895574
1523,MEF2C_Q06413_AD_87-473|g.88731781G>T(p.Pro253Gln),0.18477964,0.22541738,27821.375,28276.86328125,0.00017723201,0.000203181582
1524,MEF2C_Q06413_AD_87-473|g.88722728C>T(p.Gly433Glu),0.008164883,0.034695864,22814.25,23396.48046875,0.00527607836,0.00388020021
1525,MEF2C_Q06413_AD_87-473|g.88728613C>G(p.Ser327Thr),1.6492907,1.6694696,59703.84765625,56732.6875,0.0624272116,0.0627811998
1526,MEF2C_Q06413_AD_87-473|g.88728572C>T(p.Ala341Thr),1.6285409,1.3692191,80908.3671875,84190.9609375,0.0442035533,0.0426640734
1527,MEF2C_Q06413_AD_87-473|g.88731790T>A(p.Asn250Ile),0.21429324,0.24437094,33557.37890625,34723.2578125,0.00047498761,0.000246357085
1528,MEF2C_Q06413_AD_87-473|g.88749088C>T(p.Gly207Ser),-0.08418536,-0.07094765,25497.63671875,26962.78515625,0.000723704172,0.000740405405
1529,MEF2C_Q06413_AD_87-473|g.88751929C>T(p.Ala173Thr),-0.030783415,-0.026652575,39034.86328125,39332.91796875,0.00256329589,0.0025847517
1530,MEF2C_Q06413_AD_87-473|g.88761286G>C(p.Pro101Ala),0.10328388,0.10283971,19170.33203125,18571.06640625,0.000898400671,0.000914323551
1531,MEF2C_Q06413_AD_87-473|g.88722912T>C(p.Thr372Ala),-0.1140995,-0.12082291,27526.63671875,26796.44921875,0.00292816269,0.00270627043
1532,MEF2C_Q06413_AD_87-473|g.88729299C>T(p.Val295Met),0.8382255,0.6858405,29898.484375,31964.91796875,0.00119616592,0.000950398971
1533,MEF2C_Q06413_AD_87-473|g.88722791G>A(p.Thr412Met),-0.02576065,-0.043181658,33121.796875,31772.92578125,7.58205497e-05,5.17413428e-05
1534,MEF2C_Q06413_AD_87-473|g.88749073C>T(p.Ala212Thr),-0.021066427,-0.010640621,26806.83203125,29220.44921875,0.00123838149,0.00130627141
1535,MEF2C_Q06413_AD_87-473|g.88729226T>C(p.Tyr319Cys),2.06004,2.2596388,37270.59765625,39386.8203125,0.0255927518,0.0350284129
1536,MEF2C_Q06413_AD_87-473|g.88731863G>T(p.Leu226Met),-0.12389684,-0.14666843,26037.73046875,25561.953125,0.000196507841,0.000256728468
1537,MEF2C_Q06413_AD_87-473|g.88751923G>T(p.Pro175Thr),-0.05370021,-0.018654108,29307.4140625,29547.3046875,0.00073842745,0.000722642872
1538,MEF2C_Q06413_AD_87-473|g.88752006A>G(p.Ile147Thr),0.04594493,0.049483776,59434.65625,66721.28125,0.00819682516,0.014390138
1539,MEF2C_Q06413_AD_87-473|g.88761217T>G(p.Ile124Leu),0.5143851,0.4077978,37573.34375,36447.96875,0.0309381336,0.0229100119
1540,MEF2C_Q06413_AD_87-473|g.88722779G>A(p.Ala416Val),0.069784164,0.04646468,22443.59765625,21501.4453125,0.000252805417,0.000181550306
1541,MEF2C_Q06413_AD_87-473|g.88731887T>G(p.Asn218His),-0.034516335,-0.047039032,26953.9375,27225.5234375,0.00144060946,0.00163300044
1542,MEF2C_Q06413_AD_87-473|g.88731850C>T(p.Gly230Asp),-0.06795812,-0.102898836,32605.24609375,33604.390625,0.000423430378,0.000255747582
1543,MEF2C_Q06413_AD_87-473|g.88722898C>G(p.Gln376His),-0.12112689,-0.13634753,22554.12890625,20544.7109375,0.00402964465,0.00384801254
1544,MEF2C_Q06413_AD_87-473|g.88722824C>T(p.Arg401His),0.058256865,0.022123337,18673.99609375,19463.1484375,3.96399882e-05,2.60396464e-05
1545,MEF2C_Q06413_AD_87-473|g.88729241G>C(p.Ala314Gly),1.3331792,1.3381164,35777.2421875,35969.9609375,0.0111366753,0.0109023219
1546,MEF2C_Q06413_AD_87-473|g.88761268C>T(p.Val107Ile),0.11692405,0.10283971,18344.16015625,18571.06640625,0.00213587447,0.00148057286
1547,MEF2C_Q06413_AD_87-473|g.88722819T>C(p.Thr403Ala),0.042292595,0.0368948,17609.73046875,17463.3359375,3.55765333e-05,3.30263611e-05
1548,MEF2C_Q06413_AD_87-473|g.88728599A>G(p.Ser332Pro),0.8755095,0.83431125,74496.9453125,72115.078125,0.0808829889,0.101101518
1549,MEF2C_Q06413_AD_87-473|g.88722833G>A(p.Pro398Leu),0.004545927,-0.016524076,20627.90234375,19186.71484375,0.000104650608,5.87743707e-05
1550,MEF2C_Q06413_AD_87-473|g.88731893A>G(p.Tyr216His),-0.07700682,-0.038290977,27587.9375,28987.4765625,0.000653866387,0.00173126836
1551,MEF2C_Q06413_AD_87-473|g.88722627G>A(p.Leu467Phe),0.13417983,0.040976763,55664.12890625,50500.140625,0.000694378279,0.000422927755
1552,MEF2C_Q06413_AD_87-473|g.88751880C>T(p.Arg189Gln),-0.0073895454,-0.06433225,33295.515625,31142.0546875,0.000330003561,0.000208445592
1553,MEF2C_Q06413_AD_87-473|g.88731815G>C(p.Pro242Ala),-0.1983695,-0.20264268,48419.60546875,48538.9140625,7.19702657e-05,6.86221028e-05
1554,MEF2C_Q06413_AD_87-473|g.88751889A>G(p.Val186Ala),0.025191784,0.015990496,31625.78125,31809.47265625,0.000103462582,0.000144171994
1555,MEF2C_Q06413_AD_87-473|g.88751905T>A(p.Ser181Cys),-0.0317297,-0.09018135,29188.390625,27659.73828125,0.000720079639,0.000454731664
1556,MEF2C_Q06413_AD_87-473|g.88761219T>A(p.Asp123Val),0.18423486,0.47650623,29049.828125,26991.06640625,0.0143888071,0.0247731674
1557,MEF2C_Q06413_AD_87-473|g.88731772C>T(p.Arg256Gln),0.3599205,0.22784972,25090.4140625,24871.52734375,0.00106534571,0.000543194707
1558,MEF2C_Q06413_AD_87-473|g.88729271G>A(p.Pro304Leu),1.2857913,1.3523916,42593.81640625,41518.5703125,0.00337165757,0.00185914966
1559,MEF2C_Q06413_AD_87-473|g.88751902T>C(p.Met182Val),-0.057781696,-0.07528734,26970.46875,27580.55078125,0.00026998113,0.000276281149
1560,MEF2C_Q06413_AD_87-473|g.88751883T>C(p.His188Arg),-0.042663574,-0.004802704,25105.484375,25043.54296875,8.84348847e-05,0.000145069585
1561,MEF2C_Q06413_AD_87-473|g.88722764A>G(p.Val421Ala),0.08496332,0.116212845,18345.82421875,18942.921875,0.000722524361,0.00103935262
1562,MEF2C_Q06413_AD_87-473|g.88722894A>T(p.Ser378Thr),-0.11192417,-0.096867085,26744.953125,26171.19921875,0.00181075907,0.00188616582
1563,MEF2C_Q06413_AD_87-473|g.88728578C>T(p.Ala339Thr),0.7416692,0.816458,77737.828125,85642.90625,0.0494864061,0.0502350256
1564,MEF2C_Q06413_AD_87-473|g.88731766A>T(p.Leu258His),0.27992082,0.23293614,29737.6953125,31538.3984375,0.000238798835,0.00056237157
1565,MEF2C_Q06413_AD_87-473|g.88731738C>T(p.Met267Ile),0.32078815,0.29007912,27105.34765625,31110.4921875,0.0407984331,0.0331104323
1566,MEF2C_Q06413_AD_87-473|g.88731809T>C(p.Met244Val),-0.18258858,-0.18010044,52204.3828125,53044.57421875,0.000129090928,0.000154249938
1567,MEF2C_Q06413_AD_87-473|g.88751893C>T(p.Gly185Ser),-0.08258009,-0.07894802,24904.6015625,25794.92578125,8.8203531e-05,9.11232491e-05
1568,MEF2C_Q06413_AD_87-473|g.88752030G>T(p.Pro139His),0.22969246,0.3004017,76706.078125,85977.6953125,0.00699959137,0.00900194794
1569,MEF2C_Q06413_AD_87-473|g.88752016G>T(p.Pro144Thr),0.36145687,0.4244213,74487.125,76993.203125,0.0152022792,0.0160655957
1570,MEF2C_Q06413_AD_87-473|g.88722695T>G(p.His444Pro),0.049052715,0.040976763,21225.85546875,19263.08984375,0.00109788508,0.000892390672
1571,MEF2C_Q06413_AD_87-473|g.88761223C>T(p.Glu122Lys),0.042735577,0.3210945,36972.8515625,37467.11328125,0.00323416595,0.0167640969
1572,GLIS1_Q8NBF1_AD_447-620|g.53514628T>C(p.Asp452Gly),-0.08854461,-0.042140007,26353.63671875,25452.94140625,0.00388258416,0.00584106287
1573,GLIS1_Q8NBF1_AD_447-620|g.53510017C>T(p.Gly457Ser),-0.05913067,-0.042140007,24527.359375,25452.94140625,0.00635899277,0.00618215278
1574,GLIS1_Q8NBF1_AD_447-620|g.53514631C>A(p.Arg451Leu),0.14878798,-0.042140007,25426.89453125,25452.94140625,0.0156796258,0.00282519357
1575,GLIS1_Q8NBF1_AD_447-620|g.53509174T>C(p.Asn551Asp),0.91199815,0.69566846,72718.046875,71250.328125,0.0118755428,0.00626647798
1576,GLIS1_Q8NBF1_AD_447-620|g.53509220T>G(p.Glu535Asp),0.84383416,0.79771566,68009.6328125,66808.9765625,0.020817928,0.0193832293
1577,GLIS1_Q8NBF1_AD_447-620|g.53509137G>A(p.Thr563Met),0.8342608,0.7365148,46639.30078125,42180.18359375,0.018243175,0.00988977775
1578,GLIS1_Q8NBF1_AD_447-620|g.53509869G>A(p.Pro506Leu),0.5410998,0.5232028,58187.77734375,55306.40234375,0.00243724626,0.00104787305
1579,GLIS1_Q8NBF1_AD_447-620|g.53506707G>A(p.Ser592Phe),4.5020847,3.1710029,131848.71875,101131.6484375,0.546943069,0.142205849
1580,GLIS1_Q8NBF1_AD_447-620|g.53509938G>A(p.Pro483Leu),0.07587814,0.0347929,31568.83203125,29394.421875,0.000730777683,0.000356099801
1581,GLIS1_Q8NBF1_AD_447-620|g.53509933C>T(p.Gly485Ser),0.021378517,0.034787655,22244.05078125,23259.453125,0.000384710496,0.000384426734
1582,GLIS1_Q8NBF1_AD_447-620|g.53509240C>T(p.Asp529Asn),1.2121016,1.7539425,44459.05859375,49947.04296875,0.0354790539,0.0654800013
1583,GLIS1_Q8NBF1_AD_447-620|g.53509932C>T(p.Gly485Asp),0.12642622,0.034787655,22677.83984375,23259.453125,0.000620896404,0.000384426734
1584,GLIS1_Q8NBF1_AD_447-620|g.53509968G>A(p.Pro473Leu),0.02645135,0.027149439,32964.80859375,31200.3671875,0.000677295902,0.00031124457
1585,GLIS1_Q8NBF1_AD_447-620|g.53509201C>G(p.Gly542Arg),1.8834474,2.4099755,58831.90234375,65684.7265625,0.00435844669,0.0086185541
1586,GLIS1_Q8NBF1_AD_447-620|g.53506696C>T(p.Glu596Lys),2.1491187,3.1710029,79519.8359375,102570.1796875,0.0378989726,0.194416583
1587,GLIS1_Q8NBF1_AD_447-620|g.53509165G>A(p.Arg554Trp),1.5631132,0.5088408,101250.140625,65578.890625,0.0942226574,0.00580287306
1588,GLIS1_Q8NBF1_AD_447-620|g.53509209C>A(p.Gly539Val),1.1764524,1.281941,77820.3359375,68707.0859375,0.0949148312,0.0657229125
1589,GLIS1_Q8NBF1_AD_447-620|g.53509902G>A(p.Pro495Leu),0.27245474,0.24492645,26843.21484375,26127.98828125,0.0021117779,0.000989835709
1590,GLIS1_Q8NBF1_AD_447-620|g.53506669C>T(p.Ala605Thr),3.088604,3.1710029,108783.8125,103601.765625,0.688740909,0.675006807
1591,GLIS1_Q8NBF1_AD_447-620|g.53510005G>T(p.Pro461Thr),-0.08194351,-0.042140007,26294.61328125,25452.94140625,0.00442023482,0.00481681945
1592,GLIS1_Q8NBF1_AD_447-620|g.53514632G>A(p.Arg451Trp),0.30680752,-0.042140007,30912.70703125,25452.94140625,0.044847656,0.00282519357
1593,GLIS1_Q8NBF1_AD_447-620|g.53506687C>A(p.Gly599Cys),2.9755025,3.1710029,128458.6796875,121554.78125,0.846204102,0.511274517
1594,GLIS1_Q8NBF1_AD_447-620|g.53509210C>T(p.Gly539Ser),1.2553378,1.281941,66560.0546875,68707.0859375,0.0666174814,0.0657229125
1595,GLIS1_Q8NBF1_AD_447-620|g.53514631C>T(p.Arg451Gln),0.08049679,-0.042140007,24946.76171875,25452.94140625,0.00467055058,0.00282519357
1596,GLIS1_Q8NBF1_AD_447-620|g.53506646G>C(p.His612Gln),3.5598907,3.1710029,107488.390625,103601.765625,0.138369873,0.132668436
1597,GLIS1_Q8NBF1_AD_447-620|g.53509281T>C(p.Gln515Arg),1.0190912,1.3737997,52841.76171875,56216.37890625,0.0119839655,0.0222343095
1598,GLIS1_Q8NBF1_AD_447-620|g.53509863A>T(p.Leu508Gln),0.48109746,0.49001896,49886.05859375,56548.73046875,0.00118656142,0.00332777854
1599,GLIS1_Q8NBF1_AD_447-620|g.53506647T>G(p.His612Pro),3.6876113,3.1710029,98579.453125,103601.765625,0.173372209,0.132668436
1600,GLIS1_Q8NBF1_AD_447-620|g.53509180C>T(p.Gly549Ser),0.8613076,0.855831,68544.2734375,68519.6484375,0.00541618792,0.00533818733
1601,GLIS1_Q8NBF1_AD_447-620|g.53509231G>A(p.Arg532Trp),2.2025852,1.1765053,122097.7734375,64529.5234375,0.778675258,0.0425311327
1602,GLIS1_Q8NBF1_AD_447-620|g.53509192C>T(p.Gly545Arg),1.2713635,1.6849903,54235.4921875,57637.86328125,0.00187563454,0.00381969777
1603,GLIS1_Q8NBF1_AD_447-620|g.53506633A>G(p.Tyr617His),2.7947142,3.1710029,76147.9921875,103601.765625,0.00378744886,0.0112873344
1604,GLIS1_Q8NBF1_AD_447-620|g.53514641C>T(p.Glu448Lys),-0.0862782,-0.042140007,25480.0390625,25452.94140625,0.000743119861,0.002064239
1605,GLIS1_Q8NBF1_AD_447-620|g.53509270G>T(p.His519Asn),1.753635,1.4465158,77763.15625,78969.75,0.0500358455,0.0383065008
1606,GLIS1_Q8NBF1_AD_447-620|g.53509149T>C(p.His559Arg),0.39434767,0.6959704,38967.20703125,45138.48046875,0.00589263812,0.00948628597
1607,GLIS1_Q8NBF1_AD_447-620|g.53506645T>C(p.Ile613Val),2.8637662,3.1710029,107954.53125,103601.765625,0.0415535346,0.0555334315
1608,GLIS1_Q8NBF1_AD_447-620|g.53510005G>A(p.Pro461Ser),-0.07517266,-0.042140007,25266.74609375,25452.94140625,0.00502196467,0.00481681945
1609,GLIS1_Q8NBF1_AD_447-620|g.53509854G>A(p.Pro511Leu),0.8466563,0.9823564,66541.0859375,49679.96875,0.0668402016,0.0303152222
1610,GLIS1_Q8NBF1_AD_447-620|g.53510020G>T(p.Pro456Thr),-0.039256096,-0.042140007,25662.27734375,25452.94140625,0.00572971394,0.00589228049
1611,GLIS1_Q8NBF1_AD_447-620|g.53506743G>A(p.Thr580Ile),3.3158696,3.1890337,17772.5625,17271.0078125,0.00777377281,0.0038070688
1612,GLIS1_Q8NBF1_AD_447-620|g.53509144G>A(p.Leu561Phe),1.1010352,0.77120507,47747.6796875,44602.55859375,0.030845806,0.0178544056
1613,GLIS1_Q8NBF1_AD_447-620|g.53506725G>A(p.Pro586Leu),3.144709,2.7180743,32875.41796875,31808.3125,0.0221239123,0.0137124034
1614,GLIS1_Q8NBF1_AD_447-620|g.53506642G>A(p.Pro614Ser),2.5381753,3.1710029,100945.25,103601.765625,0.0679683685,0.0651845038
1615,GLIS1_Q8NBF1_AD_447-620|g.53509201C>T(p.Gly542Arg),1.8834474,2.4099755,58831.90234375,65684.7265625,0.00435844669,0.0086185541
1616,GLIS1_Q8NBF1_AD_447-620|g.53510023C>A(p.Gly455Trp),0.093639374,-0.042140007,43300.21875,25452.94140625,0.0359101109,0.00502096675
1617,GLIS1_Q8NBF1_AD_447-620|g.53506776C>T(p.Gly569Asp),0.58962333,0.40786266,29667.8203125,28491.00390625,0.0310481135,0.0141707808
1618,GLIS1_Q8NBF1_AD_447-620|g.53509170G>A(p.Pro552Leu),0.5168216,0.5322268,65927.1015625,63521.30078125,0.0136477752,0.00612941803
1619,GLIS1_Q8NBF1_AD_447-620|g.53509230C>T(p.Arg532Gln),1.7162601,1.1765053,96164.8359375,64529.5234375,0.0774366111,0.0425311327
1620,GLIS1_Q8NBF1_AD_447-620|g.53506627C>T(p.Asp619Asn),1.9537721,3.1710029,106506.6875,103601.765625,0.00425590016,0.00713165896
1621,GLIS1_Q8NBF1_AD_447-620|g.53506641G>A(p.Pro614Leu),1.2633209,3.1710029,93871.0625,103601.765625,0.191265076,0.0651845038
1622,GLIS1_Q8NBF1_AD_447-620|g.53506638G>A(p.Ser615Phe),2.7957265,3.1710029,119637.890625,103601.765625,0.289887995,0.0711816326
1623,GLIS1_Q8NBF1_AD_447-620|g.53509228T>C(p.Met533Val),0.91120994,0.9371475,64686.26171875,65074.68359375,0.0444075614,0.0480904058
1624,GLIS1_Q8NBF1_AD_447-620|g.53506717C>G(p.Asp589His),3.270976,3.358018,51591.421875,57697.5234375,0.0169557724,0.0331931561
1625,GLIS1_Q8NBF1_AD_447-620|g.53506693C>G(p.Asp597His),2.214351,3.1710029,85608.5703125,106734.2421875,0.144136056,0.396980673
1626,GLIS1_Q8NBF1_AD_447-620|g.53509977C>A(p.Gly470Val),0.04998541,0.09003472,26277.078125,23906.20703125,0.0011919894,0.000891963893
1627,GLIS1_Q8NBF1_AD_447-620|g.53506716T>C(p.Asp589Gly),3.1931202,3.358018,55175.58203125,57697.5234375,0.0230923779,0.0331931561
1628,GLIS1_Q8NBF1_AD_447-620|g.53509158T>C(p.Asn556Ser),0.5695621,0.57369566,38107.34765625,38526.85546875,0.0081755165,0.00763108023
1629,GLIS1_Q8NBF1_AD_447-620|g.53506740G>A(p.Ala581Val),4.148129,4.032965,26599.2109375,26375.75390625,0.00563958194,0.00399455801
1630,GLIS1_Q8NBF1_AD_447-620|g.53509219G>A(p.Pro536Ser),0.7303599,0.7253022,69571.6171875,72004.953125,0.0287135057,0.0271051489
1631,GLIS1_Q8NBF1_AD_447-620|g.53506674T>C(p.Asn603Ser),3.314934,3.1710029,96139.09375,103601.765625,0.915270329,0.91219151
1632,GLIS1_Q8NBF1_AD_447-620|g.53509918T>A(p.Thr490Ser),0.087169886,0.101019144,22562.95703125,24481.05859375,0.000902401516,0.000877822866
1633,GLIS1_Q8NBF1_AD_447-620|g.53506630T>C(p.Thr618Ala),2.8599486,3.1710029,110766.3203125,103601.765625,0.00770802284,0.00777557539
1634,GLIS1_Q8NBF1_AD_447-620|g.53509906T>C(p.Lys494Glu),0.43324924,0.15418196,25530.98828125,24550.6796875,0.00526833348,0.0014150585
1635,GLIS1_Q8NBF1_AD_447-620|g.53509996T>C(p.Ser464Gly),-0.07061887,-0.042140007,26680.29296875,25452.94140625,0.00334020401,0.00330223376
1636,GLIS1_Q8NBF1_AD_447-620|g.53506773T>G(p.Tyr570Ser),0.5498264,0.91756654,19757.375,28259.90234375,0.00932402164,0.0232033599
1637,GLIS1_Q8NBF1_AD_447-620|g.53509912G>A(p.Pro492Ser),0.15054321,0.13033104,27230.97265625,24861.23828125,0.000685578911,0.000652788207
1638,GLIS1_Q8NBF1_AD_447-620|g.53509971G>A(p.Pro472Leu),0.010149717,0.011374474,35271.0234375,33964.6015625,0.00118650659,0.000585176167
1639,GLIS1_Q8NBF1_AD_447-620|g.53509256A>T(p.Ser523Arg),1.0246395,1.6805588,46491.078125,51730.64453125,0.0163714122,0.0429063551
1640,GLIS1_Q8NBF1_AD_447-620|g.53506702C>T(p.Gly594Ser),3.0490503,3.1710029,95414.1328125,96827.515625,0.0879820585,0.0853318125
1641,GLIS1_Q8NBF1_AD_447-620|g.53509927G>A(p.Pro487Ser),-0.022203445,-0.010494471,22146.03515625,24700.88671875,0.00134690537,0.00131168403
1642,GLIS1_Q8NBF1_AD_447-620|g.53509956G>T(p.Ser477Tyr),0.037961245,-0.009819746,36491.1328125,32612.96875,0.00100288354,0.000431618944
1643,GLIS1_Q8NBF1_AD_447-620|g.53509993G>A(p.Pro465Ser),-0.08022499,-0.042140007,25354.12109375,25452.94140625,0.0035168333,0.00336172525
1644,GLIS1_Q8NBF1_AD_447-620|g.53509164C>T(p.Arg554Gln),0.7760737,0.5088408,75776.1953125,65578.890625,0.0107363025,0.00580287306
1645,GLIS1_Q8NBF1_AD_447-620|g.53509953G>A(p.Ser478Phe),0.09936905,0.03980875,46104.234375,35060.59375,0.00217676139,0.000639383041
1646,GLIS1_Q8NBF1_AD_447-620|g.53509983C>G(p.Gly468Ala),-0.082359314,-0.042140007,25586.40234375,23765.2734375,0.00135483453,0.00139158522
1647,PAX5_Q02548_AD_304-358|g.36846888A>G(p.Ser352Pro),2.2555037,2.323456,53952.3984375,54287.9140625,0.01629329,0.01686635
1648,PAX5_Q02548_AD_304-358|g.36846921A>T(p.Phe341Ile),1.642652,2.323456,44653.2109375,54287.9140625,0.00688901,0.01316735
1649,PAX5_Q02548_AD_304-358|g.36846915C>T(p.Gly343Arg),1.4200699,2.323456,46547.0,54287.9140625,0.00489967,0.01112113
1650,PAX5_Q02548_AD_304-358|g.36882054G>C(p.Pro321Arg),1.4603655,1.7780496,44735.31640625,52387.234375,0.00154841,0.00273324
1651,PAX5_Q02548_AD_304-358|g.36882055G>A(p.Pro321Ser),1.780775,1.7780496,48754.78125,52387.234375,0.0029186,0.00273324
1652,PAX5_Q02548_AD_304-358|g.36882102C>T(p.Arg305His),2.006146,1.7780496,52435.72265625,52387.234375,0.00094509,0.00059647
1653,PAX5_Q02548_AD_304-358|g.36882052C>T(p.Ala322Thr),1.8818521,1.7780496,42912.16015625,52387.234375,0.00254344,0.00267628
1654,PAX5_Q02548_AD_304-358|g.36882088T>C(p.Thr310Ala),1.647733,1.7780496,53123.72265625,52387.234375,0.0007737,0.00074918
1655,PAX5_Q02548_AD_304-358|g.36882076C>T(p.Gly314Arg),1.4887755,1.7780496,36081.40625,52387.234375,0.00039978,0.00092329
1656,PAX5_Q02548_AD_304-358|g.36882054G>T(p.Pro321His),1.7855883,1.7780496,51835.66015625,52387.234375,0.00234836,0.00273324
1657,PAX5_Q02548_AD_304-358|g.36882093G>A(p.Ala308Val),1.7517813,1.7780496,53506.30859375,52387.234375,0.00104503,0.00073943
1658,PAX5_Q02548_AD_304-358|g.36846926C>T(p.Ser339Asn),2.2187767,2.323456,53646.67578125,54287.9140625,0.00677343,0.00785644
1659,PAX5_Q02548_AD_304-358|g.36882087G>A(p.Thr310Met),1.7658815,1.7780496,52637.328125,52387.234375,0.00131786,0.00074918
1660,PAX5_Q02548_AD_304-358|g.36882061C>T(p.Val319Ile),1.8013337,1.7780496,54515.0546875,52387.234375,0.00216221,0.00162588
1661,PAX5_Q02548_AD_304-358|g.36882039C>T(p.Ser326Asn),1.9459184,1.7780496,34520.96484375,36693.21875,0.00210428,0.00230229
1662,DLX3_O60479_AD_199-263|g.49991743G>A(p.Pro213Leu),1.6484121,1.5289142,40027.171875,36478.828125,0.01045117,0.00419327
1663,DLX3_O60479_AD_199-263|g.49991702C>G(p.Ala227Pro),1.1132283,1.316338,29697.375,30972.328125,0.00219601,0.0024964
1664,DLX3_O60479_AD_199-263|g.49991741C>T(p.Ala214Thr),1.5682067,1.5289142,36791.43359375,36478.828125,0.00248348,0.00242056
1665,DLX3_O60479_AD_199-263|g.49991683G>A(p.Pro233Leu),1.3713723,1.3809862,68425.421875,63711.640625,0.00617459277,0.00268834
1666,DLX3_O60479_AD_199-263|g.49991730G>T(p.Asp217Glu),1.3694026,1.5289142,35927.61328125,36478.828125,0.00274379,0.00330973
1667,DLX3_O60479_AD_199-263|g.49991733C>A(p.Trp216Cys),0.89579844,1.5289142,30729.1953125,36478.828125,0.00058599,0.00211444
1668,DLX3_O60479_AD_199-263|g.49991710G>A(p.Pro224Leu),1.9786891,1.9298158,39553.5390625,35482.7109375,0.00577028,0.00294164
1669,DLX3_O60479_AD_199-263|g.49991621C>A(p.Ala254Ser),1.3540137,1.3809862,49024.27734375,49942.1171875,0.01905843,0.01870932
1670,DLX3_O60479_AD_199-263|g.49991782T>C(p.Asn200Ser),1.602702,1.5289142,36315.1796875,36478.828125,0.00023726,0.00021074
1671,DLX3_O60479_AD_199-263|g.49991594G>C(p.Gln263Glu),1.9038177,1.3809862,49573.48828125,49942.1171875,0.00202142,0.00121109
1672,DLX3_O60479_AD_199-263|g.49991680G>A(p.Pro234Leu),1.2345947,1.3809862,52843.5546875,47516.03125,0.0128495255,0.00520963
1673,DLX3_O60479_AD_199-263|g.49991645C>T(p.Asp246Asn),0.92290115,1.3809862,42006.140625,49942.1171875,0.02861261,0.05894363
1674,DLX3_O60479_AD_199-263|g.49991645C>G(p.Asp246His),0.7299615,1.3809862,35165.73828125,49942.1171875,0.02424623,0.05894363
1675,DLX3_O60479_AD_199-263|g.49991657T>A(p.Ser242Cys),1.348553,1.3809862,65326.1953125,38587.81640625,0.05077502,0.03574847
1676,DLX3_O60479_AD_199-263|g.49991671T>C(p.Tyr237Cys),1.084316,1.3809862,29982.3359375,31851.84765625,0.00977018,0.01330516
1677,DLX3_O60479_AD_199-263|g.49991698C>A(p.Arg228Leu),2.3307076,1.5986564,33926.6796875,30780.47265625,0.00883638,0.00224072
1678,DLX3_O60479_AD_199-263|g.49991641G>A(p.Pro247Leu),2.4086525,1.3809862,80702.546875,49942.1171875,0.256381124,0.05147035
1679,DLX3_O60479_AD_199-263|g.49991642G>A(p.Pro247Ser),1.5135566,1.3809862,49062.58203125,49942.1171875,0.0612983,0.05147035
1680,DLX3_O60479_AD_199-263|g.49991698C>T(p.Arg228His),2.1215427,1.5986564,32017.43359375,30780.47265625,0.00386487,0.00224072
1681,DLX3_O60479_AD_199-263|g.49991651G>C(p.Leu244Val),1.0528297,1.3809862,43018.78125,49942.1171875,0.03027452,0.06656247
1682,DLX3_O60479_AD_199-263|g.49991770G>T(p.Ser204Tyr),2.394525,1.5289142,37791.6640625,36478.828125,0.00996958,0.0037346
1683,DLX3_O60479_AD_199-263|g.49991621C>T(p.Ala254Thr),1.3768651,1.3809862,44283.734375,49942.1171875,0.01860014,0.01870932
1684,DLX3_O60479_AD_199-263|g.49991699G>A(p.Arg228Cys),2.2508416,1.5986564,35261.05859375,30780.47265625,0.00738484,0.00224072
1685,TFE3_P19532_AD_472-575|g.49030190G>A(p.Arg566Cys),0.35550666,0.2632382,25190.91796875,23579.00390625,0.00101275684,0.000309999596
1686,TFE3_P19532_AD_472-575|g.49030445C>T(p.Gly481Arg),6.7806635,6.9431396,73430.9921875,77328.65625,4.81648385e-05,9.08962174e-05
1687,TFE3_P19532_AD_472-575|g.49030450A>G(p.Val479Ala),6.8906593,6.9431396,76556.4375,77328.65625,8.91597883e-05,0.000126268525
1688,TFE3_P19532_AD_472-575|g.49030468C>T(p.Gly473Asp),7.342755,6.9431396,77658.0859375,77328.65625,0.000387544103,0.000258736545
1689,TFE3_P19532_AD_472-575|g.49030306T>A(p.Glu527Val),5.7792563,6.154729,158706.65625,145719.46875,0.991268635,0.992195249
1690,TFE3_P19532_AD_472-575|g.49030364C>T(p.Asp508Asn),8.637803,9.098837,174738.703125,191923.078125,0.941734433,0.991487026
1691,TFE3_P19532_AD_472-575|g.49030466C>T(p.Ala474Thr),6.9752183,6.9431396,77065.359375,77328.65625,0.000281336339,0.00029471537
1692,TFE3_P19532_AD_472-575|g.49030303T>A(p.Glu528Val),5.282007,5.2620654,141523.140625,131658.953125,0.970952392,0.966009915
1693,TFE3_P19532_AD_472-575|g.49030435G>A(p.Ala484Val),6.9421926,6.9431396,82912.15625,77328.65625,0.000161757125,0.000114871793
1694,TFE3_P19532_AD_472-575|g.49030310T>A(p.Met526Leu),6.840016,6.2049913,140296.71875,137353.46875,0.974392116,0.960579157
1695,TFE3_P19532_AD_472-575|g.49030459G>A(p.Thr476Met),6.8881025,6.9431396,79273.109375,77328.65625,0.000312953402,0.000196288369
1696,TFE3_P19532_AD_472-575|g.49030177C>T(p.Ser570Asn),0.29829907,0.2632382,24283.11328125,23579.00390625,0.000285942631,0.000311880809
1697,TFE3_P19532_AD_472-575|g.49030276G>A(p.Ser537Leu),2.9989257,3.0416968,123963.7578125,107824.9296875,0.202197433,0.0756853521
1698,TFE3_P19532_AD_472-575|g.49030291A>C(p.Val532Gly),3.2540708,3.261375,94212.7578125,117717.609375,0.654106796,0.761272669
1699,TFE3_P19532_AD_472-575|g.49030298C>T(p.Glu530Lys),3.7970066,4.610487,114161.9921875,124655.625,0.909357846,0.987891078
1700,TFE3_P19532_AD_472-575|g.49030300T>A(p.Glu529Val),4.806632,4.9806623,156213.453125,122042.9375,0.965160906,0.958212495
1701,TFE3_P19532_AD_472-575|g.49030213G>A(p.Ala558Val),0.2829368,0.2632382,23729.1015625,23579.00390625,0.00131827919,0.0010016117
1702,TFE3_P19532_AD_472-575|g.49030170T>G(p.Glu572Asp),0.29461098,0.2632382,22693.703125,23579.00390625,0.000366435124,0.000309543888
1703,TFE3_P19532_AD_472-575|g.49030288A>C(p.Val533Gly),3.6244426,3.6522713,114103.3046875,118021.546875,0.118179902,0.192560181
1704,TFE3_P19532_AD_472-575|g.49030459G>T(p.Thr476Lys),6.7928405,6.9431396,75468.734375,77328.65625,9.41082908e-05,0.000196288369
1705,TFE3_P19532_AD_472-575|g.49030276G>C(p.Ser537Trp),3.3613117,3.0416968,124040.4375,107824.9296875,0.411086887,0.0756853521
1706,TFE3_P19532_AD_472-575|g.49030193G>A(p.Arg565Cys),0.37415338,0.2632382,25306.703125,23579.00390625,0.00122517289,0.000401150319
1707,TFE3_P19532_AD_472-575|g.49030361G>T(p.His509Asn),9.350897,9.207066,168476.0,186706.6875,0.99086833,0.994593561
1708,TFE3_P19532_AD_472-575|g.49030262A>T(p.Ser542Thr),0.900573,0.90215087,44970.47265625,53668.7890625,0.012796035,0.0132089416
1709,TFE3_P19532_AD_472-575|g.49030465G>A(p.Ala474Val),6.8722863,6.9431396,77307.2890625,77328.65625,0.000402656791,0.00029471537
1710,TFE3_P19532_AD_472-575|g.49030441C>A(p.Gly482Val),6.7964635,6.9431396,80193.2734375,77328.65625,0.000103091006,7.23455596e-05
1711,TFE3_P19532_AD_472-575|g.49030252C>A(p.Arg545Leu),0.5249578,0.2632382,57307.0859375,43671.27734375,0.0398826748,0.00647821045
1712,TFE3_P19532_AD_472-575|g.49030436C>T(p.Ala484Thr),6.9432454,6.9431396,75478.796875,77328.65625,0.000107665204,0.000114871793
1713,TFE3_P19532_AD_472-575|g.49030412G>T(p.Pro492Thr),7.0246286,6.9431396,77942.8515625,77328.65625,0.00715585379,0.00679150177
1714,TFE3_P19532_AD_472-575|g.49030429T>C(p.Asn486Ser),6.9087796,6.9431396,80023.359375,77328.65625,0.000176847127,0.000157974311
1715,TFE3_P19532_AD_472-575|g.49030253G>A(p.Arg545Trp),1.0836182,0.2632382,65221.44140625,43671.27734375,0.104700625,0.00647821045
1716,TFE3_P19532_AD_472-575|g.49030252C>T(p.Arg545Gln),0.6067475,0.2632382,48099.86328125,43671.27734375,0.0114757735,0.00647821045
1717,TFE3_P19532_AD_472-575|g.49030429T>G(p.Asn486Thr),6.959462,6.9431396,78310.1328125,77328.65625,0.000173279739,0.000157974311
1718,TFE3_P19532_AD_472-575|g.49030334G>A(p.His518Tyr),6.621155,6.045498,233635.96875,204302.640625,0.997680545,0.995288491
1719,TFE3_P19532_AD_472-575|g.49030471G>C(p.Pro472Arg),6.6601872,6.9431396,76209.3828125,77328.65625,0.000197788337,0.000339229999
1720,TFE3_P19532_AD_472-575|g.49030259G>T(p.Pro543Thr),0.7838918,0.8939599,42084.96484375,54710.75390625,0.0114622461,0.0110188182
1721,TFE3_P19532_AD_472-575|g.49030447C>A(p.Gly480Val),6.7797494,6.9431396,78619.2578125,77328.65625,0.000147524159,0.0001094947
1722,TFE3_P19532_AD_472-575|g.49030447C>G(p.Gly480Ala),6.876981,6.9431396,77883.3046875,77328.65625,0.000109610024,0.0001094947
1723,TFE3_P19532_AD_472-575|g.49030420T>C(p.His489Arg),6.6916504,6.9431396,74453.65625,77328.65625,0.000777245674,0.00118607155
1724,TFE3_P19532_AD_472-575|g.49030268C>T(p.Ala540Thr),0.7103286,0.70016086,78444.4140625,68898.28125,0.0138919894,0.0143348072
1725,IKZF1_Q13422_AD_284-365|g.50400139A>C(p.Thr358Pro),0.0094230175,0.019156218,26434.04296875,25040.5625,0.000127646534,0.000130723914
1726,IKZF1_Q13422_AD_284-365|g.50399941C>T(p.Pro292Ser),0.38013363,0.3947394,44900.0546875,45508.0390625,0.00237076147,0.00248704082
1727,IKZF1_Q13422_AD_284-365|g.50400143C>T(p.Pro359Leu),0.015293121,0.019156218,25598.32421875,25040.5625,0.00031115,0.000163274337
1728,IKZF1_Q13422_AD_284-365|g.50400067C>T(p.Pro334Ser),0.28024626,0.27277923,37064.6953125,40292.44140625,0.0235324614,0.0221422985
1729,IKZF1_Q13422_AD_284-365|g.50399994C>A(p.His309Gln),0.74481475,0.6957339,30485.5390625,34408.17578125,0.0298504569,0.0294777788
1730,IKZF1_Q13422_AD_284-365|g.50400114G>C(p.Gln349His),0.032944202,0.019156218,25672.73828125,25040.5625,0.000929398695,0.00095301593
1731,IKZF1_Q13422_AD_284-365|g.50399920G>A(p.Asp285Asn),0.35134482,0.3947394,45583.3046875,45508.0390625,0.000480319228,0.0008291743
1732,IKZF1_Q13422_AD_284-365|g.50400148T>G(p.Ser361Ala),0.019698381,0.019156218,28396.71484375,25040.5625,0.00012109027,0.000115910938
1733,IKZF1_Q13422_AD_284-365|g.50400064A>G(p.Thr333Ala),0.26145005,0.3042109,41410.86328125,38908.66015625,0.0125926072,0.0120110903
1734,IKZF1_Q13422_AD_284-365|g.50399954G>T(p.Ser296Ile),0.6289928,0.3947394,56638.8984375,45508.0390625,0.00365219521,0.00164305826
1735,IKZF1_Q13422_AD_284-365|g.50400071C>T(p.Pro335Leu),0.034736633,0.019156218,35569.36328125,34800.3125,0.0377298929,0.0179300532
1736,IKZF1_Q13422_AD_284-365|g.50400110A>G(p.Tyr348Cys),0.001657486,0.019156218,24169.80078125,25040.5625,0.000818129629,0.00108045468
1737,IKZF1_Q13422_AD_284-365|g.50400095T>C(p.Val343Ala),0.0043952465,0.019156218,29144.90625,29567.546875,0.00235902099,0.00296396157
1738,IKZF1_Q13422_AD_284-365|g.50400142C>G(p.Pro359Ala),0.023923159,0.019156218,23179.08984375,25040.5625,0.000183310112,0.000163274337
1739,IKZF1_Q13422_AD_284-365|g.50400153C>G(p.Asn362Lys),-0.022963524,0.019156218,28599.89453125,25040.5625,4.80350755e-05,9.20686653e-05
1740,IKZF1_Q13422_AD_284-365|g.50400130G>T(p.Ala355Ser),0.019798279,0.019156218,24807.1796875,25040.5625,0.000195163229,0.000200521026
1741,IKZF1_Q13422_AD_284-365|g.50400097A>C(p.Ile344Leu),0.0019853115,0.019156218,25201.21484375,24495.8671875,0.00332922908,0.00284630316
1742,IKZF1_Q13422_AD_284-365|g.50400124C>T(p.Pro353Ser),-0.0023357868,0.019156218,24238.05078125,25040.5625,0.000699601835,0.000639813719
1743,IKZF1_Q13422_AD_284-365|g.50400161C>T(p.Ala365Val),0.015271664,0.019156218,26822.7265625,25040.5625,0.00010931,7.67301826e-05
1744,IKZF1_Q13422_AD_284-365|g.50399953A>C(p.Ser296Arg),0.38818502,0.3947394,46817.74609375,45508.0390625,0.000767140707,0.00164305826
1745,IKZF1_Q13422_AD_284-365|g.50400076G>A(p.Gly337Ser),-0.0035378933,0.019156218,34620.57421875,35430.44140625,0.00940565672,0.00939523987
1746,IKZF1_Q13422_AD_284-365|g.50400053C>A(p.Pro329Gln),0.17116404,0.21252418,52800.6328125,50021.375,0.00559765939,0.00659890193
1747,IKZF1_Q13422_AD_284-365|g.50399956G>A(p.Ala297Thr),0.39174914,0.3947394,44572.81640625,45508.0390625,0.00361318653,0.00363680022
1748,IKZF1_Q13422_AD_284-365|g.50400106A>G(p.Met347Val),-0.0027403831,0.019156218,24333.5859375,25040.5625,0.000943039602,0.00115078606
1749,IKZF1_Q13422_AD_284-365|g.50400131C>T(p.Ala355Val),0.040124416,0.019156218,25274.8203125,25040.5625,0.000272176141,0.000200521026
1750,IKZF1_Q13422_AD_284-365|g.50400160G>T(p.Ala365Ser),0.019883156,0.019156218,20563.04296875,25040.5625,7.32683984e-05,7.67301826e-05
1751,IKZF1_Q13422_AD_284-365|g.50400094G>A(p.Val343Ile),0.0432508,0.019156218,29973.9765625,29567.546875,0.00400984194,0.00296396157
1752,IKZF1_Q13422_AD_284-365|g.50400106A>C(p.Met347Leu),-0.01529336,0.019156218,25562.87109375,25040.5625,0.00150004192,0.00115078606
1753,IKZF1_Q13422_AD_284-365|g.50400148T>C(p.Ser361Pro),0.02246499,0.019156218,26681.2734375,25040.5625,0.000105819767,0.000115910938
1754,IKZF1_Q13422_AD_284-365|g.50400155A>C(p.His363Pro),0.015131712,0.019156218,22775.29296875,25040.5625,9.58998207e-05,8.53194069e-05
1755,IKZF1_Q13422_AD_284-365|g.50400017A>G(p.Asn317Ser),0.36001682,0.36482048,42289.484375,42535.58203125,0.0410642363,0.0420790762
1756,IKZF1_Q13422_AD_284-365|g.50400082G>A(p.Glu339Lys),-0.07876682,0.019156218,31632.1484375,33655.7265625,0.000709185668,0.0028682875
1757,IKZF1_Q13422_AD_284-365|g.50400128T>A(p.Leu354His),-0.0034828186,0.019156218,25333.54296875,25040.5625,0.000223636089,0.000501131988
1758,IKZF1_Q13422_AD_284-365|g.50400092C>G(p.Pro342Arg),-0.036563396,0.019156218,39864.14453125,31111.11328125,0.0018097898,0.00428371876
1759,IKZF1_Q13422_AD_284-365|g.50400020C>T(p.Ala318Val),0.5475873,0.47735095,35885.53515625,40777.7265625,0.0661933944,0.0470511466
1760,IKZF1_Q13422_AD_284-365|g.50399939C>G(p.Thr291Arg),0.3195727,0.3947394,42390.234375,45508.0390625,0.000627942907,0.00140495074
1761,MTF1_Q14872_AD_328-509|g.37822426G>A(p.His488Tyr),0.38672113,0.26172757,49009.70703125,47629.57421875,0.0227782279,0.00714435149
1762,MTF1_Q14872_AD_328-509|g.37822569G>A(p.Pro440Leu),0.104159355,0.114673615,34749.15234375,32909.95703125,0.00148145144,0.000719495933
1763,MTF1_Q14872_AD_328-509|g.37822665G>A(p.Pro408Leu),0.3681774,0.18628669,34063.36328125,32445.3515625,0.100494258,0.043838542
1764,MTF1_Q14872_AD_328-509|g.37822666G>C(p.Pro408Ala),0.20101237,0.18628669,33709.484375,32445.3515625,0.0485759377,0.043838542
1765,MTF1_Q14872_AD_328-509|g.37822654C>T(p.Gly412Arg),0.043014765,0.14585733,22490.3828125,23447.6640625,0.0120068071,0.0234687384
1766,MTF1_Q14872_AD_328-509|g.37822513C>A(p.Gly459Cys),0.58563447,0.48956418,51189.77734375,43296.01171875,0.00371258589,0.00221772515
1767,MTF1_Q14872_AD_328-509|g.37822471G>C(p.Pro473Ala),0.3415134,0.31202078,47733.55859375,37997.390625,0.00981264375,0.00925461575
1768,MTF1_Q14872_AD_328-509|g.37822591G>A(p.Pro433Ser),0.031831503,0.014981508,31967.12890625,32896.30078125,0.00241569243,0.00240850728
1769,MTF1_Q14872_AD_328-509|g.37823739G>A(p.Thr381Met),2.0303977,1.8455666,56473.375,40841.953125,0.121304505,0.067909129
1770,MTF1_Q14872_AD_328-509|g.37832274C>T(p.Asp347Asn),4.865838,5.4036617,27192.75390625,26521.6875,0.0199315827,0.0383459143
1771,MTF1_Q14872_AD_328-509|g.37823805C>T(p.Gly359Asp),4.2427645,3.866043,51716.43359375,51516.828125,0.075215742,0.0449548028
1772,MTF1_Q14872_AD_328-509|g.37822614G>C(p.Pro425Arg),-0.1290648,-0.008122206,26095.7734375,24760.4765625,0.00790062826,0.0172162056
1773,MTF1_Q14872_AD_328-509|g.37822638A>G(p.Leu417Ser),0.068115234,0.10145283,28180.21484375,28775.75390625,0.00649847323,0.0137680732
1774,MTF1_Q14872_AD_328-509|g.37832250T>C(p.Ser355Gly),3.617772,3.631095,76961.140625,69802.3828125,0.0214438085,0.0211093072
1775,MTF1_Q14872_AD_328-509|g.37822603C>T(p.Glu429Lys),-0.14990044,-0.0033385754,27015.890625,29973.375,0.00172478659,0.00729933288
1776,MTF1_Q14872_AD_328-509|g.37822707G>A(p.Thr394Ile),0.46082687,0.275923,23444.62890625,20502.74609375,0.0334689878,0.0143098673
1777,MTF1_Q14872_AD_328-509|g.37822537G>T(p.Pro451Thr),0.19239998,0.15273213,41680.20703125,41405.234375,0.00116257044,0.00111552211
1778,MTF1_Q14872_AD_328-509|g.37823797G>A(p.Leu362Phe),3.4944801,2.9813542,31201.33984375,25459.453125,0.772030175,0.53546077
1779,MTF1_Q14872_AD_328-509|g.37832246G>A(p.Thr356Met),3.6763434,3.4245062,87677.015625,79118.0625,0.0441028029,0.0274219625
1780,MTF1_Q14872_AD_328-509|g.37822422G>A(p.Pro489Leu),0.33739948,0.26172757,47721.91015625,46068.76953125,0.0139497733,0.00606755866
1781,MTF1_Q14872_AD_328-509|g.37832261C>T(p.Arg351Gln),4.5741615,4.39509,45675.5,45827.3515625,0.0692289844,0.0369288102
1782,MTF1_Q14872_AD_328-509|g.37823802T>C(p.Gln360Arg),2.603089,3.4684916,32199.48828125,36992.31640625,0.07288198,0.129229635
1783,MTF1_Q14872_AD_328-509|g.37822561G>A(p.Pro443Ser),0.124791145,0.12882805,27769.2421875,28128.95703125,0.000379183883,0.000357047567
1784,MTF1_Q14872_AD_328-509|g.37822573C>G(p.Ala439Pro),0.12643814,0.10503268,39743.25,40004.96484375,0.000729455322,0.000801589224
1785,MTF1_Q14872_AD_328-509|g.37822413G>A(p.Pro492Leu),0.31191993,0.26172757,49880.16015625,45252.26171875,0.0133786732,0.00667584594
1786,MTF1_Q14872_AD_328-509|g.37822447T>G(p.Asn481His),0.26313925,0.26172757,50974.14453125,50996.3046875,0.00174616254,0.00200373656
1787,MTF1_Q14872_AD_328-509|g.37822660A>G(p.Ser410Pro),0.14401913,0.1483171,30813.984375,30609.20703125,0.0632851422,0.0658634454
1788,MTF1_Q14872_AD_328-509|g.37822557G>A(p.Pro444Leu),0.14330673,0.10634637,30206.2421875,29299.8984375,0.00264833472,0.0012299224
1789,MTF1_Q14872_AD_328-509|g.37822570G>A(p.Pro440Ser),0.103233814,0.114673615,31822.265625,32909.95703125,0.000761922391,0.000719495933
1790,MTF1_Q14872_AD_328-509|g.37822463G>C(p.Ser475Arg),0.19720888,0.29332137,39433.11328125,41081.80078125,0.00336324307,0.00733175082
1791,MTF1_Q14872_AD_328-509|g.37823788T>C(p.Ile365Val),1.4208429,1.6462139,21065.59765625,21227.59765625,0.10250644,0.180818185
1792,MTF1_Q14872_AD_328-509|g.37822714A>C(p.Ser392Ala),0.97305405,0.9452994,25487.21875,21486.04296875,0.0130013544,0.0124913994
1793,MTF1_Q14872_AD_328-509|g.37822536G>A(p.Pro451Leu),0.16419315,0.15273213,43834.7578125,41405.234375,0.00238208869,0.00111552211
1794,MTF1_Q14872_AD_328-509|g.37822491T>G(p.Gln466Pro),0.3967259,0.34731364,38364.0625,39849.75,0.00357939256,0.0028389059
1795,MTF1_Q14872_AD_328-509|g.37822507G>C(p.Pro461Ala),0.28975487,0.35896206,54962.23046875,54745.625,0.00157816068,0.00155570626
1796,MTF1_Q14872_AD_328-509|g.37822381C>T(p.Ala503Thr),0.30810642,0.26172757,47606.703125,45252.26171875,0.00067090115,0.00069425418
1797,MTF1_Q14872_AD_328-509|g.37822633G>A(p.Leu419Phe),0.15252852,0.05558777,37074.3125,34056.265625,0.00851501804,0.00465437677
1798,MTF1_Q14872_AD_328-509|g.37823712G>T(p.Thr390Lys),0.47716284,0.75130546,23349.328125,23812.15625,0.00753727183,0.0213753264
1799,MTF1_Q14872_AD_328-509|g.37823782G>T(p.Pro367Thr),1.3592147,1.4470584,26026.28515625,27819.7421875,0.217813522,0.246801198
1800,MTF1_Q14872_AD_328-509|g.37822428G>A(p.Pro487Leu),0.34248257,0.26172757,52917.92578125,47301.42578125,0.0142097883,0.00545222405
1801,MTF1_Q14872_AD_328-509|g.37823734T>C(p.Ile383Val),0.8590585,0.89975715,41127.26953125,43431.51953125,0.115965098,0.168624789
1802,MTF1_Q14872_AD_328-509|g.37822424G>T(p.His488Gln),0.23782349,0.26172757,46545.66796875,47629.57421875,0.00766889704,0.00714435149
1803,MTF1_Q14872_AD_328-509|g.37822624C>T(p.Val422Ile),-0.027980328,-0.024021149,39333.98828125,39172.234375,0.018509699,0.012661784
1804,MTF1_Q14872_AD_328-509|g.37823728C>T(p.Glu385Lys),0.51836324,0.7449262,32614.7265625,29289.046875,0.0375204906,0.129066288
1805,MTF1_Q14872_AD_328-509|g.37822651T>G(p.Asn413His),0.11626649,0.118430376,27590.48046875,25702.6953125,0.0238842256,0.0268041454
1806,MTF1_Q14872_AD_328-509|g.37822600G>T(p.Pro430Thr),0.02883482,0.053687096,30499.92578125,31706.3671875,0.00446804054,0.00453330949
1807,MTF1_Q14872_AD_328-509|g.37823790G>A(p.Thr364Ile),1.1772163,1.7427453,25385.19921875,21312.65625,0.20874393,0.131116197
1808,MTF1_Q14872_AD_328-509|g.37822491T>C(p.Gln466Arg),0.2588644,0.34731364,36716.51171875,39849.75,0.00150807237,0.0028389059
1809,MTF1_Q14872_AD_328-509|g.37822603C>G(p.Glu429Gln),-0.11057186,-0.0033385754,28835.36328125,29973.375,0.00367043354,0.00729933288
1810,MTF1_Q14872_AD_328-509|g.37823723A>T(p.Asp386Glu),0.5746919,0.5641614,26171.203125,25456.203125,0.0892156959,0.0978645161
1811,MTF1_Q14872_AD_328-509|g.37823712G>A(p.Thr390Ile),1.1037879,0.75130546,24383.73046875,23812.15625,0.0537746325,0.0213753264
1812,MTF1_Q14872_AD_328-509|g.37822657T>A(p.Thr411Ser),0.1583829,0.20263743,23781.23828125,23525.2578125,0.0310347416,0.0291795563
1813,MTF1_Q14872_AD_328-509|g.37823806C>T(p.Gly359Ser),3.5916064,3.866043,41619.09375,51516.828125,0.0456050634,0.0449548028
1814,MTF1_Q14872_AD_328-509|g.37822390A>G(p.Ser500Pro),0.24747849,0.26172757,47030.01171875,45252.26171875,0.00167661661,0.00172674097
1815,MTF1_Q14872_AD_328-509|g.37832316T>C(p.Asn333Asp),5.9935255,5.4036617,26826.1171875,26521.6875,0.0875366852,0.0494228378
1816,MTF1_Q14872_AD_328-509|g.37822555G>A(p.Pro445Ser),0.10136485,0.071629286,33000.90234375,36691.43359375,0.000957490527,0.000909157272
1817,MTF1_Q14872_AD_328-509|g.37822695T>C(p.Asn398Ser),0.14925265,0.18856955,22118.0078125,21954.15625,0.00584426709,0.00552419852
1818,MTF1_Q14872_AD_328-509|g.37822518G>A(p.Ala457Val),0.4015882,0.39616132,32705.826171875,29425.98046875,0.00195123255,0.00136884698
1819,MTF1_Q14872_AD_328-509|g.37823737C>G(p.Ala382Pro),1.7681975,1.6672908,44559.01171875,41733.41796875,0.052313894,0.0527568646
1820,MTF1_Q14872_AD_328-509|g.37822705C>T(p.Glu395Lys),0.2792039,0.42266512,17130.50390625,19794.609375,0.0020343659,0.0100562749
1821,MTF1_Q14872_AD_328-509|g.37832282A>G(p.Leu344Pro),4.1218004,5.4036617,23064.375,26521.6875,0.0130203916,0.0363129526
1822,MTF1_Q14872_AD_328-509|g.37822609G>T(p.Leu427Ile),-0.023261309,-0.027220488,33167.14453125,33178.05859375,0.0138858883,0.0145861693
1823,MTF1_Q14872_AD_328-509|g.37823761T>C(p.Met374Val),1.5164057,1.7108134,34958.9921875,35265.0390625,0.25754273,0.395685703
1824,MTF1_Q14872_AD_328-509|g.37822543G>C(p.Leu449Val),0.16574717,0.16782546,34938.68359375,34649.21875,0.000351154944,0.000471578736
1825,MTF1_Q14872_AD_328-509|g.37823721G>A(p.Pro387Leu),0.5993129,0.3630314,33661.671875,31326.5078125,0.10353402,0.0327457376
1826,MTF1_Q14872_AD_328-509|g.37822409C>A(p.Gln493His),0.25653362,0.26172757,44492.92578125,45252.26171875,0.00544520374,0.00576502737
1827,MTF1_Q14872_AD_328-509|g.37822630G>T(p.Pro420Thr),0.004496336,0.041738987,37286.0546875,42755.44921875,0.0106864003,0.00960946549
1828,MTF1_Q14872_AD_328-509|g.37822669C>A(p.Val407Phe),0.44309473,0.27502322,31300.69921875,27487.13671875,0.0895205736,0.0337643512
1829,HIVEP3_Q5T1R4_AD_211-1074|g.41582349C>T(p.Gly817Ser),0.045065403,0.05925727,23505.90234375,23273.18359375,0.00477828272,0.00509816129
1830,HIVEP3_Q5T1R4_AD_211-1074|g.41582271G>C(p.Leu843Val),-0.0756588,-0.10896468,44341.29296875,42975.78125,7.76615416e-05,0.000102546466
1831,HIVEP3_Q5T1R4_AD_211-1074|g.41582979C>G(p.Gly607Arg),-0.19877863,-0.1923294,11237.4111328125,12172.5791015625,0.000330335344,0.000641772
1832,HIVEP3_Q5T1R4_AD_211-1074|g.41581593T>A(p.Ser1069Cys),-0.10353494,-0.12706614,20727.09375,16801.609375,0.000532306673,0.000363861211
1833,HIVEP3_Q5T1R4_AD_211-1074|g.41583888G>C(p.Gln304Glu),-0.09645176,-0.14974594,21451.39453125,22211.78515625,0.0010170649,0.000544039824
1834,HIVEP3_Q5T1R4_AD_211-1074|g.41582957G>C(p.Ala614Gly),-0.0931263,-0.09980512,13825.7275390625,14259.6572265625,0.000239417801,0.00024494945
1835,HIVEP3_Q5T1R4_AD_211-1074|g.41583238T>A(p.Gln520His),-0.062363625,-0.05943942,29782.6875,28711.85546875,0.000502588402,0.000511982071
1836,HIVEP3_Q5T1R4_AD_211-1074|g.41583178G>C(p.Ser540Arg),0.30046868,0.44048047,30697.0390625,30386.1875,0.000257292792,0.000542010355
1837,HIVEP3_Q5T1R4_AD_211-1074|g.41583239T>G(p.Gln520Pro),-0.06658673,-0.05943942,29208.76953125,28711.85546875,0.000623173604,0.000511982071
1838,HIVEP3_Q5T1R4_AD_211-1074|g.41583579G>T(p.Pro407Thr),0.012280464,0.0028591156,39561.29296875,38919.76953125,0.00619030232,0.00596282631
1839,HIVEP3_Q5T1R4_AD_211-1074|g.41583830C>T(p.Arg323His),0.23444414,0.14593077,35435.91796875,32098.6875,0.00187986903,0.00110558607
1840,HIVEP3_Q5T1R4_AD_211-1074|g.41582552A>G(p.Leu749Pro),-0.04900503,-0.043401003,16176.2431640625,22518.3984375,5.40535912e-05,0.000130575674
1841,HIVEP3_Q5T1R4_AD_211-1074|g.41582332G>T(p.Asp822Glu),-0.024104357,0.0036232471,20137.0546875,21441.5859375,0.00200825091,0.00243061106
1842,HIVEP3_Q5T1R4_AD_211-1074|g.41583962C>T(p.Gly279Glu),0.33512688,0.3853233,14747.0126953125,13734.5205078125,0.00668393588,0.00499503687
1843,HIVEP3_Q5T1R4_AD_211-1074|g.41582514T>C(p.Lys762Glu),-0.17580199,-0.21916866,20986.48828125,21280.54296875,0.00139571435,0.000447123166
1844,HIVEP3_Q5T1R4_AD_211-1074|g.41582303G>A(p.Pro832Leu),0.08928394,0.037848473,27516.45703125,25820.96484375,0.000444927369,0.000184460645
1845,HIVEP3_Q5T1R4_AD_211-1074|g.41583138G>A(p.His554Tyr),0.5511056,0.4996655,34680.0703125,33932.36328125,0.0290411487,0.00967380125
1846,HIVEP3_Q5T1R4_AD_211-1074|g.41581899G>A(p.Arg967Cys),-0.118566275,-0.17222595,28157.5625,27039.27734375,0.00115400471,0.000316015445
1847,HIVEP3_Q5T1R4_AD_211-1074|g.41582519G>C(p.Pro760Arg),-0.19865131,-0.19221616,21648.74609375,23975.8671875,0.000218378816,0.000408767461
1848,HIVEP3_Q5T1R4_AD_211-1074|g.41582361C>T(p.Glu813Lys),-0.04013467,0.090084076,18590.16015625,18964.10546875,0.000292781304,0.00102576881
1849,HIVEP3_Q5T1R4_AD_211-1074|g.41582198G>A(p.Pro867Leu),0.060789585,-0.017096996,28340.5,24250.64453125,0.000724822341,0.000324910972
1850,HIVEP3_Q5T1R4_AD_211-1074|g.41583780G>A(p.Pro340Ser),-0.04908824,-0.04432249,24547.15625,25362.28125,0.00149668544,0.0015152524
1851,HIVEP3_Q5T1R4_AD_211-1074|g.41582321G>A(p.Ala826Val),0.032886744,0.020553589,23127.76171875,23635.04296875,0.000596944126,0.000473143882
1852,HIVEP3_Q5T1R4_AD_211-1074|g.41582307G>A(p.Pro831Ser),0.09105301,0.08134246,28514.19140625,28955.28125,0.000416248193,0.000376970187
1853,HIVEP3_Q5T1R4_AD_211-1074|g.41581967C>G(p.Ser944Thr),-0.123999596,-0.112315655,15546.3330078125,15287.6962890625,0.000186759396,0.000204493641
1854,HIVEP3_Q5T1R4_AD_211-1074|g.41582978C>A(p.Gly607Val),-0.17877841,-0.1923294,12323.3681640625,12172.5791015625,0.000942196173,0.000641772
1855,HIVEP3_Q5T1R4_AD_211-1074|g.41582834C>T(p.Arg655Lys),-0.098386765,-0.070744276,34792.53125,36245.75,0.00187064405,0.00216824585
1856,HIVEP3_Q5T1R4_AD_211-1074|g.41584074G>A(p.His242Tyr),-0.016510963,0.007247448,36054.7734375,37267.453125,7.85001539e-05,2.71581994e-05
1857,HIVEP3_Q5T1R4_AD_211-1074|g.41581779C>G(p.Glu1007Gln),-0.00537014,0.007634878,28290.0390625,31373.3359375,0.0013298355,0.00237997295
1858,HIVEP3_Q5T1R4_AD_211-1074|g.41583045G>A(p.Arg585Trp),1.0363915,0.45884275,40998.5234375,24162.78515625,0.0149529707,0.0012695652
1859,HIVEP3_Q5T1R4_AD_211-1074|g.41583185A>G(p.Leu538Pro),0.34225225,0.24838328,27643.484375,30653.515625,0.000304224988,0.000667971733
1860,HIVEP3_Q5T1R4_AD_211-1074|g.41581964C>T(p.Arg945His),-0.0949893,-0.13389492,16674.0,16247.8056640625,0.000350669521,0.000219601745
1861,HIVEP3_Q5T1R4_AD_211-1074|g.41581925T>G(p.Glu958Ala),-0.11167574,-0.12088752,44118.37890625,41535.51171875,0.00012084745,0.000153437693
1862,HIVEP3_Q5T1R4_AD_211-1074|g.41582874T>G(p.Ile642Leu),-0.08228898,-0.0833509,24748.4921875,24169.37890625,8.69437281e-05,5.69411932e-05
1863,HIVEP3_Q5T1R4_AD_211-1074|g.41582207G>A(p.Pro864Leu),0.06476545,0.011056185,6475.5283203125,5506.7197265625,0.00114885019,0.000508436293
1864,HIVEP3_Q5T1R4_AD_211-1074|g.41583143G>T(p.Thr552Asn),0.5557697,0.5222262,32971.9375,30626.99609375,0.00639535254,0.00536294235
1865,HIVEP3_Q5T1R4_AD_211-1074|g.41582823C>T(p.Glu659Lys),-0.12708592,-0.082086325,44146.13671875,50364.640625,0.00015830122,0.000620002626
1866,HIVEP3_Q5T1R4_AD_211-1074|g.41582009C>T(p.Arg930His),-0.08403802,-0.120016575,39981.30078125,36682.89453125,0.00307123549,0.00191000965
1867,HIVEP3_Q5T1R4_AD_211-1074|g.41583838G>T(p.Ser320Arg),0.07609701,0.10360241,18867.75390625,17770.25,0.000497300236,0.000925340864
1868,HIVEP3_Q5T1R4_AD_211-1074|g.41582354G>A(p.Pro815Leu),0.24772215,0.06401682,29817.94140625,27385.31640625,0.0189457349,0.00469368091
1869,HIVEP3_Q5T1R4_AD_211-1074|g.41582688C>T(p.Gly704Arg),-0.08233571,0.011772156,27588.33203125,26776.02734375,0.000853524951,0.00269990345
1870,HIVEP3_Q5T1R4_AD_211-1074|g.41582313G>C(p.Pro829Ala),0.08699036,0.07286167,37793.94140625,37262.40234375,0.000743552635,0.00063271221
1871,HIVEP3_Q5T1R4_AD_211-1074|g.41584022T>C(p.Tyr259Cys),-0.049262047,0.022215843,28291.3984375,29128.02734375,0.00859946664,0.0124414256
1872,HIVEP3_Q5T1R4_AD_211-1074|g.41583200G>C(p.Pro533Arg),0.0866766,0.108579636,54348.9765625,56121.20703125,0.000917778059,0.00207145954
1873,HIVEP3_Q5T1R4_AD_211-1074|g.41581937T>C(p.His954Arg),-0.16447973,-0.14645553,27865.9609375,26471.52734375,7.80997871e-05,0.000116809919
1874,HIVEP3_Q5T1R4_AD_211-1074|g.41582345A>G(p.Leu818Ser),0.028120518,0.12980485,18841.3671875,22929.39453125,0.00172491232,0.00370898633
1875,HIVEP3_Q5T1R4_AD_211-1074|g.41582061T>C(p.Met913Val),-0.14612651,-0.15113544,23930.41015625,25083.1796875,0.000168411701,0.00021446895
1876,HIVEP3_Q5T1R4_AD_211-1074|g.41583087C>G(p.Glu571Gln),0.8551599,0.9874213,37421.57421875,36474.484375,0.0262973923,0.0504968613
1877,HIVEP3_Q5T1R4_AD_211-1074|g.41584031C>G(p.Gly256Ala),-0.007101059,0.027620316,33447.45703125,34175.5546875,0.00222490123,0.00263902103
1878,HIVEP3_Q5T1R4_AD_211-1074|g.41583686C>T(p.Arg371Lys),-0.15963268,-0.1471858,21938.88671875,24749.3515625,0.000303329201,0.000344374508
1879,HIVEP3_Q5T1R4_AD_211-1074|g.41583912C>T(p.Ala296Thr),-0.10861516,-0.08913803,16120.0751953125,16104.8681640625,0.000423800113,0.000450505147
1880,HIVEP3_Q5T1R4_AD_211-1074|g.41582712A>G(p.Ser696Pro),0.08810258,0.08918524,26018.41015625,26490.8203125,0.0269769207,0.038094122
1881,HIVEP3_Q5T1R4_AD_211-1074|g.41582717G>A(p.Pro694Leu),0.16703463,0.07237911,32764.7578125,30176.28515625,0.0948454067,0.0246167239
1882,HIVEP3_Q5T1R4_AD_211-1074|g.41583543A>T(p.Phe419Ile),-0.13768792,-0.1044178,50036.0625,50481.52734375,0.000915291021,0.00278904941
1883,HIVEP3_Q5T1R4_AD_211-1074|g.41582172T>C(p.Lys876Glu),0.006796837,-0.0630095,28856.87890625,27250.28515625,0.0015533712,0.000480265677
1884,HIVEP3_Q5T1R4_AD_211-1074|g.41582721C>T(p.Glu693Lys),-0.04120207,0.14635563,22844.0390625,21212.73828125,0.00199371227,0.0136702862
1885,HIVEP3_Q5T1R4_AD_211-1074|g.41582960G>T(p.Thr613Lys),-0.08756256,-0.057806015,17047.921875,17543.01953125,5.14714593e-05,0.000116055046
1886,HIVEP3_Q5T1R4_AD_211-1074|g.41582108G>T(p.Pro897Gln),-0.059060812,-0.042139053,49836.27734375,49899.7890625,0.000146269274,0.000164831727
1887,HIVEP3_Q5T1R4_AD_211-1074|g.41583105C>T(p.Asp565Asn),0.30940008,0.37294388,51860.8125,60733.8515625,0.0114406226,0.0212019682
1888,HIVEP3_Q5T1R4_AD_211-1074|g.41582690A>C(p.Leu703Arg),-0.034710884,0.033192635,25789.25,27469.97265625,0.000419715914,0.00223242748
1889,HIVEP3_Q5T1R4_AD_211-1074|g.41584027C>G(p.Glu257Asp),0.05507326,0.039041996,33872.08984375,33562.5390625,0.00296317553,0.00293875951
1890,HIVEP3_Q5T1R4_AD_211-1074|g.41581697C>T(p.Arg1034Gln),0.15990543,0.08796644,47382.8203125,45883.58984375,0.000142048433,7.92620558e-05
1891,HIVEP3_Q5T1R4_AD_211-1074|g.41582733G>C(p.Gln689Glu),0.07446313,0.056946993,24091.25390625,25741.7265625,0.0202127714,0.0130780768
1892,HIVEP3_Q5T1R4_AD_211-1074|g.41583140G>C(p.Pro553Arg),0.34361148,0.49277198,35011.51171875,31231.32421875,0.00351032196,0.00732937781
1893,HIVEP3_Q5T1R4_AD_211-1074|g.41583516G>A(p.Arg428Trp),-0.10847974,-0.13122654,38948.0703125,34492.09375,0.0283274241,0.00320427259
1894,HIVEP3_Q5T1R4_AD_211-1074|g.41582177G>A(p.Pro874Leu),0.0076470375,-0.03294182,27863.9921875,24230.4609375,0.00300149922,0.00127918937
1895,HIVEP3_Q5T1R4_AD_211-1074|g.41582451C>T(p.Gly783Ser),-0.1508491,-0.15195036,40301.4453125,40825.1171875,2.81562097e-05,2.85527985e-05
1896,HIVEP3_Q5T1R4_AD_211-1074|g.41582457C>G(p.Gly781Arg),-0.16088104,-0.15924072,47836.203125,47653.890625,7.38274548e-06,1.35157634e-05
1897,HIVEP3_Q5T1R4_AD_211-1074|g.41583318G>A(p.Arg494Cys),-0.114528894,-0.13868427,23310.2890625,22848.3046875,0.000266928197,8.8728666e-05
1898,HIVEP3_Q5T1R4_AD_211-1074|g.41582717G>C(p.Pro694Arg),-0.021090746,0.07237911,28247.265625,30176.28515625,0.00916163716,0.0246167239
1899,HIVEP3_Q5T1R4_AD_211-1074|g.41583818G>A(p.Ser327Phe),0.5685767,0.21877694,33687.69140625,25600.421875,0.0107508218,0.00175845635
1900,HIVEP3_Q5T1R4_AD_211-1074|g.41583080A>G(p.Leu573Pro),0.8498943,1.1968892,33119.94140625,35101.33984375,0.0147833861,0.041723758
1901,HIVEP3_Q5T1R4_AD_211-1074|g.41583827C>T(p.Cys324Tyr),0.16876411,0.13716292,28435.23828125,27280.0,0.000953740207,0.000671099988
1902,HIVEP3_Q5T1R4_AD_211-1074|g.41582178G>A(p.Pro874Ser),-0.04246545,-0.03294182,26264.43359375,24230.4609375,0.00133966887,0.00127918937
1903,HIVEP3_Q5T1R4_AD_211-1074|g.41581709G>A(p.Ala1030Val),0.006226778,0.011740923,48332.8828125,47714.421875,0.00064994843,0.0004889181
1904,HIVEP3_Q5T1R4_AD_211-1074|g.41583070G>T(p.Ser576Arg),1.0279269,1.2424384,54999.109375,54882.953125,0.00662081596,0.0145278554
1905,HIVEP3_Q5T1R4_AD_211-1074|g.41582609A>G(p.Phe730Ser),-0.21911049,-0.15711784,16237.1806640625,23500.8828125,0.000249039877,0.00107290153
1906,HIVEP3_Q5T1R4_AD_211-1074|g.41583612G>A(p.Arg396Cys),0.78999496,0.482167,36826.15234375,29923.05859375,0.00161250005,0.000414253504
1907,HIVEP3_Q5T1R4_AD_211-1074|g.41582433C>T(p.Glu789Lys),-0.09353042,-0.09647846,19142.890625,18612.72265625,4.77945287e-06,1.46463781e-05
1908,HIVEP3_Q5T1R4_AD_211-1074|g.41581583G>A(p.Pro1072Leu),-0.11114192,-0.12706614,15386.7900390625,16801.609375,0.000361020007,0.000165249076
1909,HIVEP3_Q5T1R4_AD_211-1074|g.41583159C>T(p.Ala547Thr),0.76143,0.75785184,31586.92578125,30674.4375,0.00116602296,0.00119796745
1910,HIVEP3_Q5T1R4_AD_211-1074|g.41583999G>A(p.Arg267Trp),1.7836415,0.1195457,19915.82421875,11958.5087890625,0.238585338,0.0179059114
1911,HIVEP3_Q5T1R4_AD_211-1074|g.41584043G>A(p.Ser252Leu),-0.010634422,0.028359413,39116.28515625,35358.42578125,0.000949253328,0.00053144712
1912,HIVEP3_Q5T1R4_AD_211-1074|g.41582202G>A(p.Arg866Trp),0.19122839,0.022422075,17292.390625,10675.6845703125,0.00602571759,0.000387989945
1913,HIVEP3_Q5T1R4_AD_211-1074|g.41583906G>A(p.Leu298Phe),-0.12624836,-0.14116931,16341.3056640625,16090.4736328125,0.0034843164,0.00220414787
1914,HIVEP3_Q5T1R4_AD_211-1074|g.41582729A>G(p.Ile690Thr),0.0040979385,0.022672415,26949.33984375,26156.15234375,0.00708886236,0.0156408511
1915,HIVEP3_Q5T1R4_AD_211-1074|g.41582573G>A(p.Pro742Leu),0.08361077,0.007722378,23727.1640625,21562.9375,0.00132560055,0.00055962638
1916,HIVEP3_Q5T1R4_AD_211-1074|g.41581937T>G(p.His954Pro),-0.15416431,-0.14645553,27039.89453125,26471.52734375,0.000137771101,0.000116809919
1917,HIVEP3_Q5T1R4_AD_211-1074|g.41583198G>A(p.Pro534Ser),0.16199684,0.15142274,41359.23046875,41877.828125,0.00247103604,0.00243619131
1918,HIVEP3_Q5T1R4_AD_211-1074|g.41583042T>G(p.Met586Leu),0.14964676,0.17564678,24863.1875,24338.5,0.00153057452,0.00134020683
1919,HIVEP3_Q5T1R4_AD_211-1074|g.41582732T>C(p.Gln689Arg),-0.013125658,0.056946993,25156.84375,25741.7265625,0.00772567373,0.0130780768
1920,HIVEP3_Q5T1R4_AD_211-1074|g.41583324A>G(p.Ser492Pro),-0.15996408,-0.15919065,29295.05078125,29897.53515625,0.000133738824,0.000146893202
1921,HIVEP3_Q5T1R4_AD_211-1074|g.41582334C>A(p.Asp822Tyr),0.0721786,0.0036232471,25131.4609375,21441.5859375,0.0037152078,0.00243061106
1922,HIVEP3_Q5T1R4_AD_211-1074|g.41582166G>A(p.Pro878Ser),-0.09056878,-0.07636833,23360.734375,23200.31640625,0.000692701433,0.000643035048
1923,HIVEP3_Q5T1R4_AD_211-1074|g.41582190C>G(p.Glu870Gln),0.008179903,-0.00729084,17032.69140625,17407.28125,0.000303090725,0.000522811257
1924,HIVEP3_Q5T1R4_AD_211-1074|g.41582027G>T(p.Ser924Tyr),0.00024342537,-0.12750912,24588.23828125,22167.91796875,0.00208068849,0.000853910984
1925,HIVEP3_Q5T1R4_AD_211-1074|g.41583798A>G(p.Ser334Pro),0.050782204,0.04480672,22619.78125,23002.73046875,0.00338234426,0.00352415862
1926,HIVEP3_Q5T1R4_AD_211-1074|g.41581805T>C(p.Asn998Ser),0.078876495,0.09892368,25680.94140625,26677.63671875,2.70806631e-05,2.51773781e-05
1927,HIVEP3_Q5T1R4_AD_211-1074|g.41582355G>A(p.Pro815Ser),0.027314186,0.06401682,26600.3984375,27385.31640625,0.00536605669,0.00469368091
1928,HIVEP3_Q5T1R4_AD_211-1074|g.41583567C>A(p.Ala411Ser),0.005429268,0.0034644604,37603.51953125,39710.40234375,0.00286002806,0.00292128092
1929,HIVEP3_Q5T1R4_AD_211-1074|g.41583125C>T(p.Arg558Gln),0.22887611,0.16746736,30944.68359375,31620.01953125,0.0289666709,0.0245681796
1930,HIVEP3_Q5T1R4_AD_211-1074|g.41582945G>A(p.Ser618Leu),-0.137321,-0.14847946,13189.8095703125,12422.0712890625,6.90346787e-05,3.37275414e-05
1931,HIVEP3_Q5T1R4_AD_211-1074|g.41582678A>G(p.Leu707Pro),0.07423997,0.03280735,24200.6875,26844.75390625,0.000357731013,0.000754812674
1932,HIVEP3_Q5T1R4_AD_211-1074|g.41583013T>G(p.Leu595Phe),-0.029467106,-0.094475985,26700.8046875,24023.4765625,0.00245424756,0.00166053919
1933,HIVEP3_Q5T1R4_AD_211-1074|g.41583425C>T(p.Arg458Gln),0.19161701,0.056152105,50053.484375,43228.3515625,0.0105645508,0.00459279725
1934,HIVEP3_Q5T1R4_AD_211-1074|g.41581903G>C(p.Asp965Glu),-0.17763638,-0.17227817,30223.71875,29759.3515625,0.000251398335,0.000263067457
1935,HIVEP3_Q5T1R4_AD_211-1074|g.41583204C>T(p.Ala532Thr),0.03879237,0.04751277,48160.0859375,48399.27734375,0.00140994077,0.00147805701
1936,HIVEP3_Q5T1R4_AD_211-1074|g.41582828T>C(p.Asn657Ser),-0.1070528,-0.08899641,45226.14453125,46075.30078125,0.00465569785,0.00433910964
1937,HIVEP3_Q5T1R4_AD_211-1074|g.41582205C>G(p.Asp865His),-0.01163125,-0.028039694,12388.8916015625,12112.9345703125,0.00053197419,0.000925319619
1938,HIVEP3_Q5T1R4_AD_211-1074|g.41583762A>G(p.Ser346Pro),-0.035589933,-0.053442,38533.5546875,37675.57421875,0.00198725122,0.00203974871
1939,HIVEP3_Q5T1R4_AD_211-1074|g.41582073G>C(p.Arg909Gly),-0.16577578,-0.14792085,26330.00390625,26065.55859375,0.000226433083,8.49126809e-05
1940,HIVEP3_Q5T1R4_AD_211-1074|g.41582804T>C(p.Tyr665Cys),0.18634033,0.18286204,27598.171875,27839.87109375,0.000548539916,0.000661281694
1941,HIVEP3_Q5T1R4_AD_211-1074|g.41583699G>A(p.Arg367Cys),-0.07531834,-0.094445944,28512.0,25396.37890625,0.00233280775,0.000384758925
1942,HIVEP3_Q5T1R4_AD_211-1074|g.41581624C>A(p.Glu1058Asp),-0.11124587,-0.12706614,17882.08984375,16801.609375,0.000248143479,0.000251751422
1943,HIVEP3_Q5T1R4_AD_211-1074|g.41582727C>T(p.Glu691Lys),-0.08161521,0.027588844,29584.48046875,29606.26953125,0.0019704951,0.0098075252
1944,HIVEP3_Q5T1R4_AD_211-1074|g.41582945G>C(p.Ser618Trp),-0.09994221,-0.14847946,17021.6953125,12422.0712890625,0.000163199322,3.37275414e-05
1945,HIVEP3_Q5T1R4_AD_211-1074|g.41582256C>T(p.Val848Ile),-0.15824056,-0.15737724,21904.515625,22612.453125,0.000539956265,0.000430162007
1946,HIVEP3_Q5T1R4_AD_211-1074|g.41583317C>T(p.Arg494His),-0.13095188,-0.13868427,21314.4921875,22848.3046875,0.000144739213,8.8728666e-05
1947,HIVEP3_Q5T1R4_AD_211-1074|g.41582919C>G(p.Glu627Gln),-0.1794529,-0.18737507,19218.7109375,19375.68359375,5.6729541e-06,8.57081614e-06
1948,HIVEP3_Q5T1R4_AD_211-1074|g.41582196C>T(p.Asp868Asn),-0.0025217533,-0.013180256,23120.83203125,24357.359375,0.000161204662,0.000299993641
1949,HIVEP3_Q5T1R4_AD_211-1074|g.41583492A>C(p.Ser436Ala),-0.10494113,-0.097385645,30388.66796875,36605.29296875,0.000537815387,0.000583344663
1950,HIVEP3_Q5T1R4_AD_211-1074|g.41584071C>T(p.Ala243Thr),0.16220164,0.14957643,36241.3359375,36904.1171875,1.63038076e-05,1.09175917e-05
1951,HIVEP3_Q5T1R4_AD_211-1074|g.41583788T>A(p.Asp337Val),0.020891905,0.015981674,22227.45703125,22127.34375,0.00495596975,0.00633371575
1952,HIVEP3_Q5T1R4_AD_211-1074|g.41582285C>T(p.Arg838His),-0.028849363,-0.07916689,30187.25,27570.33984375,0.00014739437,9.12818869e-05
1953,HIVEP3_Q5T1R4_AD_211-1074|g.41582577C>T(p.Gly741Arg),-0.12234211,-0.065531254,21917.796875,21275.546875,0.000545505667,0.00120137387
1954,HIVEP3_Q5T1R4_AD_211-1074|g.41583931A>C(p.Ser289Arg),-0.18375134,-0.17103767,26972.75390625,27190.3125,0.000249961449,0.000466816069
1955,HIVEP3_Q5T1R4_AD_211-1074|g.41582244T>C(p.Asn852Asp),-0.16091919,-0.21108317,20770.58203125,21178.234375,0.00145686814,0.000808005512
1956,HIVEP3_Q5T1R4_AD_211-1074|g.41581700G>A(p.Ala1033Val),0.046173096,0.07313037,53931.52734375,52789.515625,0.000262844347,0.000203245698
1957,HIVEP3_Q5T1R4_AD_211-1074|g.41582846C>T(p.Arg651Gln),-0.10160303,-0.104350805,41251.30078125,41319.42578125,0.000442015938,0.00024491956
1958,HIVEP3_Q5T1R4_AD_211-1074|g.41583198G>T(p.Pro534Thr),0.15661383,0.15142274,41434.80078125,41877.828125,0.00237079198,0.00243619131
1959,HIVEP3_Q5T1R4_AD_211-1074|g.41583834C>T(p.Glu322Lys),0.041729927,0.18597412,25559.5234375,24647.23828125,0.000255467079,0.00095197995
1960,HIVEP3_Q5T1R4_AD_211-1074|g.41583473G>C(p.Pro442Arg),-0.142555,-0.09714031,34618.34375,35795.0390625,0.00376931881,0.0102500916
1961,HIVEP3_Q5T1R4_AD_211-1074|g.41583812G>C(p.Ser329Cys),0.2311647,0.13959908,27255.01953125,25208.72265625,0.00315719959,0.00177270209
1962,HIVEP3_Q5T1R4_AD_211-1074|g.41581635G>A(p.Pro1055Ser),-0.13473749,-0.12706614,17179.13671875,16801.609375,0.000141532219,0.000135592651
1963,HIVEP3_Q5T1R4_AD_211-1074|g.41582516C>T(p.Ser761Asn),-0.21931481,-0.22116446,21205.44140625,21635.47265625,0.000428584928,0.000502993644
1964,HIVEP3_Q5T1R4_AD_211-1074|g.41583483G>A(p.Pro439Ser),-0.102632284,-0.09170151,26241.1015625,32012.8984375,0.00101647445,0.00129809894
1965,HIVEP3_Q5T1R4_AD_211-1074|g.41583386A>T(p.Ile471Asn),-0.17060399,-0.13495255,23492.59375,26632.6640625,0.00293619931,0.00553628011
1966,HIVEP3_Q5T1R4_AD_211-1074|g.41581833G>A(p.Arg989Trp),0.21333909,0.06736207,30603.99609375,28501.3671875,0.000258437009,2.40189274e-05
1967,HIVEP3_Q5T1R4_AD_211-1074|g.41581955G>A(p.Ser948Leu),-0.11719346,-0.14865088,21303.0234375,18634.79296875,0.000524734613,0.000246390904
1968,HIVEP3_Q5T1R4_AD_211-1074|g.41583040C>T(p.Met586Ile),0.17732811,0.17564678,23010.5390625,24338.5,0.001681161,0.00134020683
1969,HIVEP3_Q5T1R4_AD_211-1074|g.41583509G>C(p.Ala430Gly),-0.14279842,-0.13218427,28026.12890625,27771.86328125,0.00456363708,0.00369846402
1970,HIVEP3_Q5T1R4_AD_211-1074|g.41583495T>G(p.Thr435Pro),-0.08095455,-0.09535241,28160.85546875,34136.3515625,0.0006738542,0.000679601915
1971,HIVEP3_Q5T1R4_AD_211-1074|g.41581734C>A(p.Gly1022Cys),0.06534767,0.06462598,28165.8671875,28293.2578125,0.00379759679,0.00208861311
1972,HIVEP3_Q5T1R4_AD_211-1074|g.41583381C>T(p.Glu473Lys),-0.18314171,-0.15558457,36208.3203125,33997.77734375,0.00058309728,0.00290912273
1973,HIVEP3_Q5T1R4_AD_211-1074|g.41583690C>T(p.Glu370Lys),-0.107940674,-0.121798754,33052.59375,32417.60546875,0.000214648549,0.00110356475
1974,HIVEP3_Q5T1R4_AD_211-1074|g.41582175G>A(p.Pro875Ser),-0.023442507,-0.006888628,35692.32421875,35481.4375,0.00064067106,0.000546592637
1975,HIVEP3_Q5T1R4_AD_211-1074|g.41582778G>A(p.Pro674Ser),0.2156651,0.2869072,13103.6767578125,13609.6416015625,0.000452525681,0.00031149335
1976,HIVEP3_Q5T1R4_AD_211-1074|g.41583252T>C(p.Thr516Ala),-0.14342284,-0.1406107,28982.04296875,28479.46484375,0.0004602017,0.000426489714
1977,HIVEP3_Q5T1R4_AD_211-1074|g.41582547G>C(p.Leu751Val),-0.11779642,-0.09848213,20188.203125,21221.89453125,0.000122373851,0.000180663395
1978,HIVEP3_Q5T1R4_AD_211-1074|g.41583110A>C(p.Phe563Cys),0.20754957,0.3237474,56387.0234375,80300.3828125,0.00548427645,0.0193445385
1979,HIVEP3_Q5T1R4_AD_211-1074|g.41583200G>T(p.Pro533His),0.12431526,0.108579636,56213.15234375,56121.20703125,0.00166942494,0.00207145954
1980,HIVEP3_Q5T1R4_AD_211-1074|g.41584044A>T(p.Ser252Thr),0.007822514,0.028359413,35189.640625,35358.42578125,0.000612632255,0.00053144712
1981,HIVEP3_Q5T1R4_AD_211-1074|g.41583143G>A(p.Thr552Ile),0.520041,0.5222262,33534.2734375,30626.99609375,0.00915670861,0.00536294235
1982,HIVEP3_Q5T1R4_AD_211-1074|g.41582559G>C(p.Arg747Gly),0.20224237,0.105181694,19357.42578125,19138.19140625,0.000502773619,0.000263763155
1983,HIVEP3_Q5T1R4_AD_211-1074|g.41581899G>T(p.Arg967Ser),-0.15362287,-0.17222595,26814.59765625,27039.27734375,0.000654344796,0.000316015445
1984,HIVEP3_Q5T1R4_AD_211-1074|g.41581832C>T(p.Arg989Gln),0.090598345,0.06736207,27105.5703125,28501.3671875,4.13285779e-05,2.40189274e-05
1985,HIVEP3_Q5T1R4_AD_211-1074|g.41582360T>A(p.Glu813Val),0.12923908,0.090084076,21723.44140625,18964.10546875,0.000982121681,0.00102576881
1986,HIVEP3_Q5T1R4_AD_211-1074|g.41582558C>T(p.Arg747Gln),0.22875905,0.105181694,19346.9609375,19138.19140625,0.000498956128,0.000263763155
1987,HIVEP3_Q5T1R4_AD_211-1074|g.41583611C>T(p.Arg396His),0.6639031,0.482167,36074.6015625,29923.05859375,0.000680834928,0.000414253504
1988,HIVEP3_Q5T1R4_AD_211-1074|g.41582190C>T(p.Glu870Lys),-0.051039934,-0.00729084,17524.1484375,17407.28125,0.000151692439,0.000522811257
1989,HIVEP3_Q5T1R4_AD_211-1074|g.41583933T>A(p.Ser289Cys),-0.1460774,-0.17103767,30022.90234375,27190.3125,0.00076923467,0.000466816069
1990,HIVEP3_Q5T1R4_AD_211-1074|g.41582489G>A(p.Pro770Leu),-0.16929674,-0.17905617,13170.1455078125,10943.4189453125,0.000235000232,9.92429705e-05
1991,HIVEP3_Q5T1R4_AD_211-1074|g.41581592C>T(p.Ser1069Asn),-0.124703646,-0.12706614,18163.26171875,16801.609375,0.000318597362,0.000363861211
1992,HIVEP3_Q5T1R4_AD_211-1074|g.41582252C>T(p.Arg849His),-0.13139439,-0.16531086,19873.3125,20422.0390625,0.00104861066,0.000638904225
1993,HIVEP3_Q5T1R4_AD_211-1074|g.41583515C>A(p.Arg428Leu),-0.13455582,-0.13122654,33180.64453125,34492.09375,0.0125483526,0.00320427259
1994,HIVEP3_Q5T1R4_AD_211-1074|g.41583375C>T(p.Val475Met),-0.12722206,-0.121381044,23884.1640625,24276.0546875,0.00399118988,0.00229859748
1995,HIVEP3_Q5T1R4_AD_211-1074|g.41581594C>A(p.Glu1068Asp),-0.12894726,-0.12706614,17733.61328125,16801.609375,0.000204449389,0.00019794493
1996,HIVEP3_Q5T1R4_AD_211-1074|g.41584131C>T(p.Gly223Ser),0.049153566,0.04577279,53315.99609375,52489.1796875,0.00185749738,0.00170007732
1997,HIVEP3_Q5T1R4_AD_211-1074|g.41582172T>G(p.Lys876Gln),0.006835699,-0.0630095,31026.5546875,27250.28515625,0.000949777954,0.000480265677
1998,HIVEP3_Q5T1R4_AD_211-1074|g.41584026T>G(p.Met258Leu),-0.021579266,-0.003930807,33329.72265625,33280.78125,0.00527674425,0.00373986433
1999,HIVEP3_Q5T1R4_AD_211-1074|g.41583488G>A(p.Thr437Ile),-0.1354084,-0.14065361,54336.4765625,47591.15234375,0.00216594641,0.00119621947
2000,HIVEP3_Q5T1R4_AD_211-1074|g.41583494G>A(p.Thr435Ile),-0.10988903,-0.09535241,32496.68359375,34136.3515625,0.00125991378,0.000679601915
2001,HIVEP3_Q5T1R4_AD_211-1074|g.41582180G>A(p.Pro873Leu),0.0034532547,-0.00986743,24197.05078125,25106.64453125,0.00242453488,0.00101053331
2002,HIVEP3_Q5T1R4_AD_211-1074|g.41582236C>A(p.Gln854His),-0.17604923,-0.16502976,18610.62109375,20650.33984375,0.00098340679,0.00109759229
2003,HIVEP3_Q5T1R4_AD_211-1074|g.41581653C>T(p.Ala1049Thr),-0.12068725,-0.12706614,23437.390625,23924.41796875,0.000128317741,0.000132110363
2004,HIVEP3_Q5T1R4_AD_211-1074|g.41581601C>G(p.Arg1066Thr),-0.11655402,-0.12706614,17417.16015625,16801.609375,0.000228446341,0.000133642447
2005,HIVEP3_Q5T1R4_AD_211-1074|g.41581914G>T(p.Pro962Thr),-0.14505005,-0.13689995,48651.6171875,48449.40234375,0.000406342559,0.000397378812
2006,HIVEP3_Q5T1R4_AD_211-1074|g.41581959C>A(p.Ala947Ser),-0.13279724,-0.14491653,17260.640625,16988.59375,0.000305255497,0.000302809698
2007,HIVEP3_Q5T1R4_AD_211-1074|g.41583338C>T(p.Arg487Lys),-0.17588568,-0.16279721,23526.828125,24523.16796875,7.65236837e-05,9.2599148e-05
2008,HIVEP3_Q5T1R4_AD_211-1074|g.41583123C>T(p.Gly559Ser),0.23175406,0.20207906,29254.0859375,31012.8359375,0.0377117023,0.0307609122
2009,HIVEP3_Q5T1R4_AD_211-1074|g.41583792C>T(p.Glu336Lys),-0.066018105,0.04387188,24316.9140625,23895.3046875,0.00181632163,0.00764086423
2010,HIVEP3_Q5T1R4_AD_211-1074|g.41581922G>T(p.Ala959Asp),-0.1316104,-0.1330564,49401.44921875,52559.80078125,0.000195411063,0.000150095089
2011,HIVEP3_Q5T1R4_AD_211-1074|g.41581688G>A(p.Pro1037Leu),-0.10894942,-0.07582164,28804.80078125,27413.43359375,0.000209374804,0.000120647455
2012,HIVEP3_Q5T1R4_AD_211-1074|g.41582750G>A(p.Pro683Leu),0.20625782,0.2531929,32147.76953125,28778.4375,0.00204434199,0.00102654553
2013,HIVEP3_Q5T1R4_AD_211-1074|g.41583462C>T(p.Glu446Lys),-0.15995598,-0.0950613,33461.09765625,32598.61328125,0.00105382269,0.0038973284
2014,HIVEP3_Q5T1R4_AD_211-1074|g.41583795G>A(p.Leu335Phe),0.11975813,0.030806303,24976.21875,23169.7578125,0.0045870482,0.0028579277
2015,HIVEP3_Q5T1R4_AD_211-1074|g.41583348C>T(p.Val484Met),-0.13462543,-0.13127112,23353.16796875,23352.7109375,0.000553415448,0.000477039895
2016,HIVEP3_Q5T1R4_AD_211-1074|g.41581676C>A(p.Arg1041Ile),-0.113960266,-0.12582302,33557.7265625,25473.6484375,9.17162251e-05,2.52280424e-05
2017,HIVEP3_Q5T1R4_AD_211-1074|g.41581629A>T(p.Ser1057Thr),-0.12814045,-0.12706614,16754.03125,16801.609375,0.000181293581,0.000223349052
2018,HIVEP3_Q5T1R4_AD_211-1074|g.41581698G>A(p.Arg1034Trp),0.1121912,0.08796644,50126.796875,45883.58984375,0.000645876338,7.92620558e-05
2019,HIVEP3_Q5T1R4_AD_211-1074|g.41582459G>T(p.Pro780Gln),-0.14151573,-0.14858341,34260.0078125,34966.015625,2.15743421e-05,2.3302684e-05
2020,HIVEP3_Q5T1R4_AD_211-1074|g.41583510C>T(p.Ala430Thr),-0.15207863,-0.13218427,27603.13671875,27771.86328125,0.00324256672,0.00369846402
2021,HIVEP3_Q5T1R4_AD_211-1074|g.41583171T>C(p.Met543Val),0.63349426,0.6899307,30063.3671875,33291.10546875,0.00128309336,0.00132104428
2022,HIVEP3_Q5T1R4_AD_211-1074|g.41582289C>T(p.Gly837Arg),-0.056697845,-0.044380188,31162.75390625,34792.78125,4.38130992e-05,8.89330695e-05
2023,HIVEP3_Q5T1R4_AD_211-1074|g.41581744C>G(p.Leu1018Phe),0.014672279,-0.003540516,46771.75,45856.05078125,0.00471449271,0.00259600696
2024,HIVEP3_Q5T1R4_AD_211-1074|g.41581965G>C(p.Arg945Gly),-0.08905506,-0.13389492,16487.80078125,16247.8056640625,0.00042817049,0.000219601745
2025,HIVEP3_Q5T1R4_AD_211-1074|g.41583993G>A(p.Pro269Ser),0.24403,0.22925282,13308.8017578125,13996.3798828125,0.0210286919,0.0205349084
2026,HIVEP3_Q5T1R4_AD_211-1074|g.41583673G>C(p.Ile375Met),-0.06882286,-0.083610296,40178.36328125,40401.74609375,9.16066128e-05,0.000134090878
2027,HIVEP3_Q5T1R4_AD_211-1074|g.41582736T>C(p.Ser688Gly),0.10956359,0.100616455,38428.21484375,32611.25,0.00317268888,0.00408577174
2028,HIVEP3_Q5T1R4_AD_211-1074|g.41582367A>T(p.Ser811Thr),0.11878681,0.107545614,25425.0,24392.6484375,0.00159549667,0.0015801168
2029,HIVEP3_Q5T1R4_AD_211-1074|g.41581697C>A(p.Arg1034Leu),0.10923004,0.08796644,46989.0234375,45883.58984375,0.000308991352,7.92620558e-05
2030,HIVEP3_Q5T1R4_AD_211-1074|g.41582886T>C(p.Thr638Ala),-0.063367605,-0.0658977,20790.390625,16644.0546875,0.000165360194,0.000197346977
2031,HIVEP3_Q5T1R4_AD_211-1074|g.41581587C>G(p.Glu1071Gln),-0.11961365,-0.12706614,19126.3515625,16801.609375,0.000207523059,0.000335156132
2032,HIVEP3_Q5T1R4_AD_211-1074|g.41583075G>A(p.His575Tyr),1.6678693,1.1918495,61778.9140625,46971.02734375,0.0983454287,0.0264500119
2033,HIVEP3_Q5T1R4_AD_211-1074|g.41582711G>T(p.Ser696Tyr),0.22548747,0.08918524,31492.65234375,26490.8203125,0.132283345,0.038094122
2034,HIVEP3_Q5T1R4_AD_211-1074|g.41583765A>G(p.Ser345Pro),-0.071068764,-0.08036327,22396.671875,21828.23828125,0.00153971219,0.00160419079
2035,HIVEP3_Q5T1R4_AD_211-1074|g.41581617C>A(p.Val1061Phe),-0.076117754,-0.12706614,20605.91796875,16801.609375,0.000291124859,0.000112388319
2036,HIVEP3_Q5T1R4_AD_211-1074|g.41583152G>C(p.Thr549Ser),0.6021707,0.63919663,41018.40625,40428.8046875,0.00287614274,0.00310809677
2037,HIVEP3_Q5T1R4_AD_211-1074|g.41583611C>A(p.Arg396Leu),0.92771363,0.482167,37096.76953125,29923.05859375,0.00230325735,0.000414253504
2038,HIVEP3_Q5T1R4_AD_211-1074|g.41582193T>A(p.Thr869Ser),-0.007848024,0.006539345,23288.546875,24492.16796875,0.000267510099,0.000285968534
2039,HIVEP3_Q5T1R4_AD_211-1074|g.41583149A>G(p.Ile550Thr),0.91829705,0.8603289,31369.984375,31932.28515625,0.00299431616,0.00552253565
2040,HIVEP3_Q5T1R4_AD_211-1074|g.41583398T>A(p.Lys467Met),0.03015399,-0.048122883,30781.68359375,24921.77734375,0.0137490956,0.00529702893
2041,HIVEP3_Q5T1R4_AD_211-1074|g.41582559G>A(p.Arg747Trp),0.85647845,0.105181694,24425.33203125,19138.19140625,0.00460209139,0.000263763155
2042,HIVEP3_Q5T1R4_AD_211-1074|g.41582146G>C(p.Phe884Leu),-0.16009808,-0.12144184,14677.0009765625,18327.296875,0.00121195102,0.00205650134
2043,HIVEP3_Q5T1R4_AD_211-1074|g.41583064G>T(p.His578Gln),1.7248974,1.6340672,48133.13671875,48566.26953125,0.00538690481,0.00546794198
2044,HIVEP3_Q5T1R4_AD_211-1074|g.41584117G>C(p.Phe227Leu),0.0018262863,0.04577279,50647.1171875,52489.1796875,0.000130105502,0.000219913753
2045,HIVEP3_Q5T1R4_AD_211-1074|g.41583074T>C(p.His575Arg),0.8789172,1.1918495,47044.66796875,46971.02734375,0.0152167697,0.0264500119
2046,HIVEP3_Q5T1R4_AD_211-1074|g.41581803C>T(p.Val999Ile),0.09534168,0.09922218,31079.39453125,31585.39453125,5.33787679e-05,4.05464853e-05
2047,HIVEP3_Q5T1R4_AD_211-1074|g.41582010G>A(p.Arg930Cys),-0.02047062,-0.120016575,40111.29296875,36682.89453125,0.00584680028,0.00191000965
2048,HIVEP3_Q5T1R4_AD_211-1074|g.41581740A>C(p.Leu1020Val),2.0980835e-05,0.024294853,23807.8359375,25669.1484375,0.0011212175,0.00162992941
2049,HIVEP3_Q5T1R4_AD_211-1074|g.41582895C>G(p.Gly635Arg),-0.06947446,-0.090942144,13750.8994140625,13751.3173828125,5.91104908e-05,0.000164098907
2050,HIVEP3_Q5T1R4_AD_211-1074|g.41582847G>A(p.Arg651Trp),-0.07376456,-0.104350805,47443.84375,41319.42578125,0.00165787491,0.00024491956
2051,HIVEP3_Q5T1R4_AD_211-1074|g.41582784C>T(p.Ala672Thr),0.20374513,0.21415496,13090.9423828125,16410.12109375,0.00141148048,0.00146340055
2052,HIVEP3_Q5T1R4_AD_211-1074|g.41582718G>C(p.Pro694Ala),0.11735058,0.07237911,31105.11328125,30176.28515625,0.0266452022,0.0246167239
2053,HIVEP3_Q5T1R4_AD_211-1074|g.41584029C>T(p.Glu257Lys),-0.12158275,0.039041996,32194.3125,33562.5390625,0.000598435465,0.00293875951
2054,HIVEP3_Q5T1R4_AD_211-1074|g.41583047G>C(p.Pro584Arg),0.3859508,0.51758206,31263.359375,26079.9609375,0.00102210138,0.00274927006
2055,HIVEP3_Q5T1R4_AD_211-1074|g.41581773G>A(p.Arg1009Cys),0.24053383,0.068772554,29938.46484375,29434.08203125,0.0117274337,0.00368438219
2056,HIVEP3_Q5T1R4_AD_211-1074|g.41582378T>C(p.Glu807Gly),-0.023885965,-0.025895357,20943.84375,19228.05859375,0.00121372496,0.00168302841
2057,HIVEP3_Q5T1R4_AD_211-1074|g.41583198G>C(p.Pro534Ala),0.16018248,0.15142274,39868.04296875,41877.828125,0.0024543656,0.00243619131
2058,HIVEP3_Q5T1R4_AD_211-1074|g.41581779C>T(p.Glu1007Lys),-0.0688405,0.007634878,28049.0390625,31373.3359375,0.00070993288,0.00237997295
2059,HIVEP3_Q5T1R4_AD_211-1074|g.41581590C>T(p.Glu1070Lys),-0.14342499,-0.12706614,15321.1337890625,16801.609375,9.49919486e-05,0.000276277744
2060,HIVEP3_Q5T1R4_AD_211-1074|g.41582722A>T(p.His692Gln),0.111857414,0.060105562,21515.05078125,22617.7265625,0.0125841666,0.0115163047
2061,HIVEP3_Q5T1R4_AD_211-1074|g.41582897T>A(p.Lys634Met),-0.114025116,-0.11767697,18772.41015625,17271.4609375,0.000572296733,0.000158957366
2062,HIVEP3_Q5T1R4_AD_211-1074|g.41583932C>T(p.Ser289Asn),-0.17115927,-0.17103767,27291.20703125,27190.3125,0.000455610512,0.000466816069
2063,HIVEP3_Q5T1R4_AD_211-1074|g.41583936T>C(p.Thr288Ala),-0.13985777,-0.14644337,26583.234375,24191.2890625,0.00142408372,0.00124382286
2064,HIVEP3_Q5T1R4_AD_211-1074|g.41582112G>A(p.Leu896Phe),-0.024160385,-0.06022501,47809.796875,46587.3359375,0.000726875325,0.000407976826
2065,HIVEP3_Q5T1R4_AD_211-1074|g.41581911A>G(p.Ser963Pro),-0.13109303,-0.13226342,27119.18359375,25904.51953125,0.000450916734,0.000451074302
2066,HIVEP3_Q5T1R4_AD_211-1074|g.41583482G>T(p.Pro439His),-0.10364938,-0.09170151,33392.76953125,32012.8984375,0.000670723035,0.00129809894
2067,HIVEP3_Q5T1R4_AD_211-1074|g.41581999G>T(p.Ser933Arg),-0.107337,-0.0783999,24000.65625,21315.74609375,0.000604126079,0.00108106423
2068,HIVEP3_Q5T1R4_AD_211-1074|g.41583063C>T(p.Val579Met),1.6225766,1.504082,40951.91015625,37362.15625,0.00267483201,0.00244465051
2069,HIVEP3_Q5T1R4_AD_211-1074|g.41583143G>C(p.Thr552Ser),0.56077456,0.5222262,31441.26171875,30626.99609375,0.00389942783,0.00536294235
2070,HIVEP3_Q5T1R4_AD_211-1074|g.41582703T>G(p.Met699Leu),-0.0055770874,0.036848307,30023.5859375,32561.12890625,0.0716608018,0.0488957502
2071,HIVEP3_Q5T1R4_AD_211-1074|g.41583007C>G(p.Leu597Phe),-0.09892511,-0.1543684,23960.65234375,21852.0,0.00141019665,0.000837160973
2072,HIVEP3_Q5T1R4_AD_211-1074|g.41582175G>C(p.Pro875Ala),-0.014616489,-0.006888628,38369.84765625,35481.4375,0.000688932952,0.000546592637
2073,HIVEP3_Q5T1R4_AD_211-1074|g.41583422G>A(p.Thr459Met),-0.006210327,0.058977604,38963.03125,39898.765625,0.00446543656,0.00333757931
2074,HIVEP3_Q5T1R4_AD_211-1074|g.41583302G>A(p.Ser499Phe),-0.15098071,-0.20051384,24124.94140625,19720.50390625,0.00026767567,7.81176641e-05
2075,HIVEP3_Q5T1R4_AD_211-1074|g.41583976C>G(p.Glu274Asp),0.1390009,0.12531996,16843.67578125,16294.7978515625,0.0251724347,0.0209548511
2076,HIVEP3_Q5T1R4_AD_211-1074|g.41582469T>C(p.Thr777Ala),-0.12690783,-0.14371777,17462.47265625,17362.45703125,2.86758677e-05,2.65967064e-05
2077,HIVEP3_Q5T1R4_AD_211-1074|g.41583336G>A(p.Arg488Trp),-0.11595416,-0.15516782,27049.8984375,23379.1875,0.000522322604,7.90932245e-05
2078,HIVEP3_Q5T1R4_AD_211-1074|g.41582132C>T(p.Arg889His),-0.050726652,-0.10115361,21208.40625,18410.1640625,0.0018588719,0.000945312786
2079,HIVEP3_Q5T1R4_AD_211-1074|g.41581618C>G(p.Glu1060Asp),-0.12199974,-0.12706614,19131.8828125,16801.609375,0.000112319853,0.000115337731
2080,HIVEP3_Q5T1R4_AD_211-1074|g.41583213G>A(p.Pro529Ser),-0.04652667,-0.038437843,60748.33984375,62034.140625,0.00150670588,0.00140748522
2081,HIVEP3_Q5T1R4_AD_211-1074|g.41582328G>A(p.Pro824Ser),-0.035904646,-0.025519848,21197.49609375,21817.4609375,0.001023961,0.00100957102
2082,HIVEP3_Q5T1R4_AD_211-1074|g.41583215G>A(p.Pro528Leu),-0.09686971,-0.07379246,54041.25,52974.22265625,0.00227181823,0.000683297229
2083,HIVEP3_Q5T1R4_AD_211-1074|g.41581924C>G(p.Glu958Asp),-0.117451906,-0.12088752,41640.9453125,41535.51171875,0.000157950213,0.000153437693
2084,HIVEP3_Q5T1R4_AD_211-1074|g.41582312G>A(p.Pro829Leu),0.2134273,0.07286167,42061.88671875,37262.40234375,0.00185664091,0.00063271221
2085,HIVEP3_Q5T1R4_AD_211-1074|g.41583527C>T(p.Arg424Gln),-0.016139746,-0.06197524,39706.88671875,40865.57421875,0.00224892981,0.00115606596
2086,HIVEP3_Q5T1R4_AD_211-1074|g.41583663C>A(p.Ala379Ser),-0.08908057,-0.085430145,23373.8515625,23919.140625,0.000612870499,0.000656740798
2087,HIVEP3_Q5T1R4_AD_211-1074|g.41582420G>A(p.Thr793Met),-0.1387806,-0.14964557,19954.7265625,19032.3046875,0.000184998586,0.000135877519
2088,HIVEP3_Q5T1R4_AD_211-1074|g.41581662C>T(p.Val1046Met),-0.1272726,-0.12706614,21867.14453125,22117.51953125,0.000169707768,0.00013144176
2089,HIVEP3_Q5T1R4_AD_211-1074|g.41584064C>T(p.Arg245His),0.19658208,0.10609269,31618.70703125,37531.12109375,6.85958003e-05,3.3990571e-05
2090,HIVEP3_Q5T1R4_AD_211-1074|g.41581881T>C(p.Thr973Ala),-0.1425848,-0.14956284,39885.625,39881.734375,0.000154688722,0.000150444845
2091,HIVEP3_Q5T1R4_AD_211-1074|g.41582297G>T(p.Ala834Asp),0.07691932,0.021146774,30979.30078125,31709.20703125,0.000483910379,0.000326381007
2092,HIVEP3_Q5T1R4_AD_211-1074|g.41583998C>T(p.Arg267Gln),0.31161594,0.1195457,12985.9150390625,11958.5087890625,0.0301877223,0.0179059114
2093,HIVEP3_Q5T1R4_AD_211-1074|g.41582993C>G(p.Ser602Thr),-0.17763138,-0.17140746,18081.56640625,18088.34375,0.000522236514,0.000557653606
2094,HIVEP3_Q5T1R4_AD_211-1074|g.41582724G>A(p.His692Tyr),0.20538425,0.060105562,26721.6484375,22617.7265625,0.03049176,0.0115163047
2095,HIVEP3_Q5T1R4_AD_211-1074|g.41584154G>A(p.Thr215Ile),0.04881978,0.04577279,53334.0859375,52489.1796875,0.00668370491,0.00349360541
2096,HIVEP3_Q5T1R4_AD_211-1074|g.41582562C>A(p.Ala746Ser),0.10004425,0.088253975,20035.8359375,20328.37109375,0.000294702739,0.00032829275
2097,HIVEP3_Q5T1R4_AD_211-1074|g.41582067C>A(p.Ala911Ser),-0.1435461,-0.1412828,22336.61328125,24766.109375,0.00018238643,0.000140791904
2098,HIVEP3_Q5T1R4_AD_211-1074|g.41581701C>T(p.Ala1033Thr),0.036590815,0.07313037,53226.80859375,52789.515625,0.000190035891,0.000203245698
2099,HIVEP3_Q5T1R4_AD_211-1074|g.41582286G>A(p.Arg838Cys),-0.0056545734,-0.07916689,30946.62109375,27570.33984375,0.000260832458,9.12818869e-05
2100,HIVEP3_Q5T1R4_AD_211-1074|g.41583507T>C(p.Met431Val),-0.11944699,-0.12698984,28796.92578125,32297.34375,0.00327857956,0.00478460873
2101,HIVEP3_Q5T1R4_AD_211-1074|g.41583567C>T(p.Ala411Thr),0.0011560917,0.0034644604,40477.48046875,39710.40234375,0.00281723728,0.00292128092
2102,HIVEP3_Q5T1R4_AD_211-1074|g.41583315T>A(p.Ser495Cys),-0.06870055,-0.0934062,22748.24609375,22061.19921875,0.000264713657,0.000173673761
2103,HIVEP3_Q5T1R4_AD_211-1074|g.41583474G>T(p.Pro442Thr),-0.116550446,-0.09714031,28509.84375,35795.0390625,0.0106596593,0.0102500916
2104,HIVEP3_Q5T1R4_AD_211-1074|g.41583005C>G(p.Gly598Ala),-0.14953637,-0.12947536,21410.35546875,19986.69921875,0.000813727092,0.000958636578
2105,HIVEP3_Q5T1R4_AD_211-1074|g.41582471C>T(p.Arg776Lys),-0.16348147,-0.15346193,23799.3671875,25243.98828125,3.6274283e-05,4.22253834e-05
2106,HIVEP3_Q5T1R4_AD_211-1074|g.41582396T>A(p.Gln801Leu),-0.030035973,-0.03502488,18468.75390625,16659.4140625,0.000545544899,0.000238889043
2107,HIVEP3_Q5T1R4_AD_211-1074|g.41583125C>G(p.Arg558Pro),0.25792527,0.16746736,30915.42578125,31620.01953125,0.0355569534,0.0245681796
2108,HIVEP3_Q5T1R4_AD_211-1074|g.41582988C>T(p.Glu604Lys),-0.23363614,-0.21791363,15158.4619140625,14791.4384765625,0.000207293851,0.000620111357
2109,HIVEP3_Q5T1R4_AD_211-1074|g.41583282G>A(p.Arg506Trp),-0.01965928,-0.19152355,46698.734375,42416.47265625,0.00178491371,8.78838182e-05
2110,HIVEP3_Q5T1R4_AD_211-1074|g.41581772C>T(p.Arg1009His),0.198421,0.068772554,29203.32421875,29434.08203125,0.00589454081,0.00368438219
2111,HIVEP3_Q5T1R4_AD_211-1074|g.41584163C>T(p.Arg212His),0.06661606,0.04577279,52816.5546875,52489.1796875,0.000407551008,0.000271439669
2112,HIVEP3_Q5T1R4_AD_211-1074|g.41583754G>T(p.His348Gln),-0.107857704,-0.100159645,35545.43359375,34115.29296875,0.000944063417,0.000917103374
2113,HIVEP3_Q5T1R4_AD_211-1074|g.41583108C>T(p.Asp564Asn),0.29656196,0.3804474,57785.21875,64713.5390625,0.00952788442,0.0191761013
2114,HIVEP3_Q5T1R4_AD_211-1074|g.41583168G>C(p.Pro544Ala),0.36145592,0.52318966,53204.85546875,53254.6328125,0.000832673919,0.000805096817
2115,HIVEP3_Q5T1R4_AD_211-1074|g.41583401G>A(p.Thr466Met),-0.07896614,-0.10886073,28968.203125,25314.98828125,0.00608912949,0.00410151994
2116,HIVEP3_Q5T1R4_AD_211-1074|g.41583033G>A(p.Arg589Cys),0.20415401,0.024003029,23943.0,23918.94921875,0.00449039228,0.00139018707
2117,HIVEP3_Q5T1R4_AD_211-1074|g.41582856A>G(p.Cys648Arg),-0.0978384,-0.078852415,29446.62890625,30235.55859375,2.66928819e-05,0.000105574138
2118,HIVEP3_Q5T1R4_AD_211-1074|g.41582940C>T(p.Glu620Lys),-0.15334797,-0.15781331,21943.5546875,17534.84375,5.53449581e-06,1.61619755e-05
2119,HIVEP3_Q5T1R4_AD_211-1074|g.41581931T>C(p.Lys956Arg),-0.11984038,-0.1323564,31498.09375,29211.2109375,5.64003349e-05,4.68748112e-05
2120,HIVEP3_Q5T1R4_AD_211-1074|g.41582765C>T(p.Gly678Asp),0.321249,0.29328728,23890.25,23502.7734375,0.00141862605,0.00105901284
2121,HIVEP3_Q5T1R4_AD_211-1074|g.41581898C>T(p.Arg967His),-0.14518118,-0.17222595,27074.6796875,27039.27734375,0.000513611711,0.000316015445
2122,HIVEP3_Q5T1R4_AD_211-1074|g.41583995A>T(p.Ile268Asn),0.10356045,0.19484806,12721.7900390625,14525.1064453125,0.00662093842,0.0148426685
2123,HIVEP3_Q5T1R4_AD_211-1074|g.41581978C>A(p.Leu940Phe),-0.0427382,-0.11748624,21566.859375,17905.515625,0.000741832017,0.000451761502
2124,HIVEP3_Q5T1R4_AD_211-1074|g.41582003G>A(p.Pro932Leu),-0.043341637,-0.06684756,23775.0859375,21444.1875,0.00355336675,0.00157818466
2125,HIVEP3_Q5T1R4_AD_211-1074|g.41583387T>A(p.Ile471Phe),-0.099202156,-0.13495255,25488.94921875,26632.6640625,0.0109272422,0.00553628011
2126,HIVEP3_Q5T1R4_AD_211-1074|g.41583579G>C(p.Pro407Ala),0.027024746,0.0028591156,40627.46484375,38919.76953125,0.00542115048,0.00596282631
2127,HIVEP3_Q5T1R4_AD_211-1074|g.41583197G>T(p.Pro534His),0.18094969,0.15142274,41867.65234375,41877.828125,0.00188664149,0.00243619131
2128,HIVEP3_Q5T1R4_AD_211-1074|g.41581926C>T(p.Glu958Lys),-0.13625312,-0.12088752,43402.08203125,41535.51171875,5.42375165e-05,0.000153437693
2129,HIVEP3_Q5T1R4_AD_211-1074|g.41583335C>T(p.Arg488Gln),-0.15912366,-0.15516782,20875.6640625,23379.1875,0.000122963393,7.90932245e-05
2130,HIVEP3_Q5T1R4_AD_211-1074|g.41582862T>G(p.Asn646His),-0.07552409,-0.08147335,30412.01953125,26227.26171875,8.8601766e-05,0.000157328672
2131,HIVEP3_Q5T1R4_AD_211-1074|g.41583197G>A(p.Pro534Leu),0.12017155,0.15142274,37715.21484375,41877.828125,0.00464947475,0.00243619131
2132,HIVEP3_Q5T1R4_AD_211-1074|g.41581611G>C(p.Pro1063Ala),-0.120415926,-0.12706614,18554.73046875,16801.609375,0.000155315967,0.000109904548
2133,HIVEP3_Q5T1R4_AD_211-1074|g.41581841C>T(p.Arg986Gln),-0.06082177,-0.07634425,24536.94921875,26283.203125,6.65716216e-05,3.72344366e-05
2134,HIVEP3_Q5T1R4_AD_211-1074|g.41583578G>T(p.Pro407Gln),0.011152506,0.0028591156,38733.8359375,38919.76953125,0.00521562854,0.00596282631
2135,HIVEP3_Q5T1R4_AD_211-1074|g.41581938G>A(p.His954Tyr),-0.11788845,-0.14645553,29551.73046875,26471.52734375,0.000358342659,0.000116809919
2136,HIVEP3_Q5T1R4_AD_211-1074|g.41582507A>C(p.Val764Gly),-0.2186811,-0.21668172,19992.4609375,21057.015625,0.000197965695,0.000291376462
2137,HIVEP3_Q5T1R4_AD_211-1074|g.41582486G>A(p.Thr771Met),-0.1526804,-0.18359852,15282.5830078125,13480.3916015625,0.000209946927,0.000121272155
2138,HIVEP3_Q5T1R4_AD_211-1074|g.41582474G>C(p.Pro775Arg),-0.20386934,-0.20479083,33349.70703125,29012.984375,3.36616067e-05,5.93713776e-05
2139,HIVEP3_Q5T1R4_AD_211-1074|g.41583440G>A(p.Pro453Leu),0.018494606,0.072924376,58448.171875,55930.0078125,0.00413639937,0.00370661379
2140,HIVEP3_Q5T1R4_AD_211-1074|g.41582414T>C(p.Lys795Arg),-0.05579233,-0.08320546,19232.05859375,16464.25,0.00011104966,9.6352378e-05
2141,HIVEP3_Q5T1R4_AD_211-1074|g.41583581G>A(p.Pro406Leu),0.028613567,0.028053999,25828.91015625,25382.4453125,0.0204688702,0.0103933644
2142,HIVEP3_Q5T1R4_AD_211-1074|g.41582423G>T(p.Thr792Lys),-0.14764571,-0.12989879,16424.28515625,17589.8671875,3.96321993e-05,8.16052707e-05
2143,HIVEP3_Q5T1R4_AD_211-1074|g.41583155C>T(p.Cys548Tyr),0.7578244,0.7337531,34456.359375,31467.984375,0.00170983595,0.00135147735
2144,HIVEP3_Q5T1R4_AD_211-1074|g.41582451C>A(p.Gly783Cys),-0.14021993,-0.15195036,41565.9453125,40825.1171875,4.36512455e-05,2.85527985e-05
2145,HIVEP3_Q5T1R4_AD_211-1074|g.41582529G>A(p.Pro757Ser),-0.13622642,-0.13125372,20404.76171875,20112.9375,0.000246265961,0.000230151622
2146,HIVEP3_Q5T1R4_AD_211-1074|g.41583248T>C(p.Lys517Arg),-0.10902238,-0.11797333,24624.359375,24517.40625,0.000650026777,0.000543770497
2147,HIVEP3_Q5T1R4_AD_211-1074|g.41583698C>T(p.Arg367His),-0.08406997,-0.094445944,32316.26171875,25396.37890625,0.000903714972,0.000384758925
2148,HIVEP3_Q5T1R4_AD_211-1074|g.41583662G>A(p.Ala379Val),-0.056587934,-0.085430145,26462.5,23919.140625,0.000798334251,0.000656740798
2149,HIVEP3_Q5T1R4_AD_211-1074|g.41582205C>T(p.Asp865Asn),-0.014670849,-0.028039694,11865.7431640625,12112.9345703125,0.000585547241,0.000925319619
2150,HIVEP3_Q5T1R4_AD_211-1074|g.41583555C>T(p.Ala415Thr),-0.06706524,-0.070456505,62331.18359375,62295.74609375,0.00111695973,0.0010809931
2151,HIVEP3_Q5T1R4_AD_211-1074|g.41582277G>A(p.His841Tyr),-0.07892227,-0.0927248,47778.90625,48607.8125,0.000221251335,8.4215957e-05
2152,HIVEP3_Q5T1R4_AD_211-1074|g.41583942C>G(p.Glu286Gln),-0.12083149,-0.13154888,15692.3134765625,14291.4736328125,0.00292014237,0.00489673112
2153,HIVEP3_Q5T1R4_AD_211-1074|g.41581806T>C(p.Asn998Asp),0.09071231,0.09892368,26348.00390625,26677.63671875,3.98417578e-05,2.51773781e-05
2154,HIVEP3_Q5T1R4_AD_211-1074|g.41583402T>C(p.Thr466Ala),-0.111426115,-0.10886073,26994.6484375,25314.98828125,0.00391091127,0.00410151994
2155,HIVEP3_Q5T1R4_AD_211-1074|g.41582795T>C(p.Glu668Gly),-0.0070462227,0.08453131,17539.703125,17297.34765625,0.000407308049,0.000684257713
2156,HIVEP3_Q5T1R4_AD_211-1074|g.41582073G>A(p.Arg909Cys),-0.15020585,-0.14792085,26160.16015625,26065.55859375,0.000427273888,8.49126809e-05
2157,HIVEP3_Q5T1R4_AD_211-1074|g.41583093C>T(p.Asp569Asn),0.6992862,0.71878123,66057.4921875,66839.1875,0.045144625,0.0769413784
2158,HIVEP3_Q5T1R4_AD_211-1074|g.41583138G>T(p.His554Asn),0.5101249,0.4996655,33633.671875,33932.36328125,0.0130098993,0.00967380125
2159,HIVEP3_Q5T1R4_AD_211-1074|g.41583728G>T(p.Thr357Asn),-0.028071404,-0.026072502,34209.7265625,36025.83984375,0.000159006624,0.000167193779
2160,HIVEP3_Q5T1R4_AD_211-1074|g.41583870C>T(p.Gly310Arg),-0.13230324,-0.08927345,26575.984375,28081.08984375,0.000225439333,0.000488842838
2161,HIVEP3_Q5T1R4_AD_211-1074|g.41581860T>C(p.Ser980Gly),-0.12961888,-0.14280486,26584.234375,25806.1328125,4.23299243e-05,4.0912757e-05
2162,HIVEP3_Q5T1R4_AD_211-1074|g.41582203G>T(p.Asp865Glu),-0.03652382,-0.028039694,11748.2861328125,12112.9345703125,0.000855603779,0.000925319619
2163,HIVEP3_Q5T1R4_AD_211-1074|g.41583107T>C(p.Asp564Gly),0.26924133,0.3804474,59375.73828125,64713.5390625,0.00743457396,0.0191761013
2164,HIVEP3_Q5T1R4_AD_211-1074|g.41583218T>C(p.His527Arg),-0.12189126,-0.08195591,34685.83203125,35883.9453125,0.000358524994,0.000614561839
2165,TET2_Q6N021_AD_1582-1751|g.105275327G>C(p.Gly1606Ala),1.7558442,1.9231898,69468.625,69230.1015625,0.00709582,0.00712888
2166,TET2_Q6N021_AD_1582-1751|g.105275276A>G(p.Tyr1589Cys),0.9839202,1.265414,60971.6875,63712.53125,0.00677578,0.00930602
2167,TET2_Q6N021_AD_1582-1751|g.105275612T>C(p.Met1701Thr),0.27905273,0.3614266,30797.2421875,37735.30078125,0.00543978,0.00897893
2168,TET2_Q6N021_AD_1582-1751|g.105275759A>C(p.Asp1750Ala),0.5896437,0.96761084,74893.7109375,60707.2578125,0.0004464,0.00070798
2169,TET2_Q6N021_AD_1582-1751|g.105275545T>C(p.Tyr1679His),0.27839327,0.2579298,34170.109375,37560.63671875,0.00229319,0.00643315
2170,TET2_Q6N021_AD_1582-1751|g.105275512T>G(p.Ser1668Ala),0.37428308,0.36456966,37064.96484375,45996.13671875,0.01498982,0.01679517
2171,TET2_Q6N021_AD_1582-1751|g.105275623G>T(p.Gly1705Cys),1.6109447,1.4308552,61960.09375,50576.6953125,0.00741307,0.00426983
2172,TET2_Q6N021_AD_1582-1751|g.105275536C>T(p.His1676Tyr),0.44685316,0.43344688,54481.86328125,48833.36328125,0.03110085,0.00962885
2173,TET2_Q6N021_AD_1582-1751|g.105275326G>T(p.Gly1606Cys),1.6600147,1.9231898,85785.65625,69230.1015625,0.01162927,0.00712888
2174,TET2_Q6N021_AD_1582-1751|g.105275486A>G(p.Tyr1659Cys),0.7720231,0.82343185,65541.5078125,68722.78125,0.02314806,0.03060294
2175,TET2_Q6N021_AD_1582-1751|g.105275531C>T(p.Pro1674Leu),0.108850956,0.37646484,40490.9140625,52127.60546875,0.01778143,0.00824866
2176,TET2_Q6N021_AD_1582-1751|g.105275581T>G(p.Ser1691Ala),0.03370285,0.05845785,37801.81640625,38793.0625,0.00267719,0.00287924
2177,TET2_Q6N021_AD_1582-1751|g.105275530C>T(p.Pro1674Ser),0.29174447,0.37646484,53504.484375,52127.60546875,0.01001729,0.00824866
2178,TET2_Q6N021_AD_1582-1751|g.105275306C>T(p.Ser1599Phe),1.4411644,1.265414,80324.53125,63712.53125,0.11429513,0.02812392
2179,TET2_Q6N021_AD_1582-1751|g.105275641A>G(p.Ile1711Val),0.81150615,0.7998742,31742.37890625,32938.265625,0.00170278,0.00216396
2180,TET2_Q6N021_AD_1582-1751|g.105275700T>A(p.Asp1730Glu),0.7017392,0.96761084,39782.39453125,40700.26171875,0.00394282,0.00402604
2181,TET2_Q6N021_AD_1582-1751|g.105275635T>A(p.Cys1709Ser),0.6918471,0.8313143,31847.23828125,35455.62890625,0.001161,0.00196542
2182,TET2_Q6N021_AD_1582-1751|g.105275711T>C(p.Met1734Thr),0.75863254,0.96761084,49597.65234375,60707.2578125,0.00125955,0.0021164
2183,TET2_Q6N021_AD_1582-1751|g.105275270A>G(p.Asp1587Gly),0.9102373,1.265414,60457.5390625,63712.53125,0.00488192,0.00846151
2184,TET2_Q6N021_AD_1582-1751|g.105275746A>C(p.Asn1746His),0.82147646,0.96761084,68784.796875,60707.2578125,0.00170253,0.00204404
2185,TET2_Q6N021_AD_1582-1751|g.105275327G>A(p.Gly1606Asp),2.4515996,1.9231898,69305.140625,69230.1015625,0.01215384,0.00712888
2186,TET2_Q6N021_AD_1582-1751|g.105275456A>G(p.Tyr1649Cys),0.73778653,0.82000995,70724.7265625,72266.671875,0.05929793,0.07292306
2187,TET2_Q6N021_AD_1582-1751|g.105275456A>C(p.Tyr1649Ser),0.8149791,0.82000995,57184.4453125,72266.671875,0.0286691,0.07292306
2188,TET2_Q6N021_AD_1582-1751|g.105275366C>T(p.Pro1619Leu),1.6387817,1.6671444,46875.22265625,37720.96875,0.03321003,0.01353479
2189,TET2_Q6N021_AD_1582-1751|g.105275413G>A(p.Gly1635Arg),1.4614522,2.0029738,41635.80859375,50287.7890625,0.01396349,0.03010667
2190,TET2_Q6N021_AD_1582-1751|g.105275705A>G(p.His1732Arg),0.72586083,0.96761084,58460.03125,60707.2578125,0.00193074,0.00368144
2191,TET2_Q6N021_AD_1582-1751|g.105275537A>G(p.His1676Arg),0.22586751,0.43344688,45801.078125,48833.36328125,0.00479114,0.00962885
2192,TET2_Q6N021_AD_1582-1751|g.105275293A>G(p.Met1595Val),0.9879588,1.265414,59077.87109375,63712.53125,0.01510616,0.01890317
2193,TET2_Q6N021_AD_1582-1751|g.105275323G>T(p.Ala1605Ser),1.456868,1.3600023,62062.1015625,64793.7890625,0.00671956,0.00671659
2194,TET2_Q6N021_AD_1582-1751|g.105275449G>T(p.Gly1647Cys),0.93627226,1.0515345,61638.6171875,59230.2734375,0.08854701,0.04909353
2195,TET2_Q6N021_AD_1582-1751|g.105275594G>A(p.Gly1695Asp),0.505605,0.2645471,63957.7734375,55203.55859375,0.02145262,0.00952648
2196,TET2_Q6N021_AD_1582-1751|g.105275662G>T(p.Val1718Leu),0.7551793,0.73318183,69783.5546875,68132.140625,0.0024746,0.00197388
2197,TET2_Q6N021_AD_1582-1751|g.105275418C>G(p.Asn1636Lys),1.3506398,1.9680868,31717.0859375,32416.75,0.01606775,0.03677562
2198,TET2_Q6N021_AD_1582-1751|g.105275672T>G(p.Leu1721Trp),1.3688052,0.96761084,64315.19140625,49405.57421875,0.01500691,0.00690639
2199,TET2_Q6N021_AD_1582-1751|g.105275528C>A(p.Pro1673Gln),0.2312243,0.27541924,43010.47265625,47050.91015625,0.0045996,0.00570974
2200,TET2_Q6N021_AD_1582-1751|g.105275727A>T(p.Arg1739Ser),1.3229785,0.96761084,69625.1953125,60707.2578125,0.02207206,0.00972887
2201,TET2_Q6N021_AD_1582-1751|g.105275599G>A(p.Gly1697Arg),0.025679588,0.13445234,58617.78515625,61002.68359375,0.01007622,0.02225559
2202,TET2_Q6N021_AD_1582-1751|g.105275453C>T(p.Ser1648Phe),0.6672356,0.644065,114678.21875,74977.2265625,0.21326444,0.04920722
2203,TET2_Q6N021_AD_1582-1751|g.105275474C>G(p.Pro1655Arg),0.42071366,0.7984576,41260.8984375,47793.66015625,0.00687698,0.01895423
2204,TET2_Q6N021_AD_1582-1751|g.105275474C>T(p.Pro1655Leu),0.6302228,0.7984576,69345.109375,47793.66015625,0.04392803,0.01895423
2205,TET2_Q6N021_AD_1582-1751|g.105275626T>C(p.Phe1706Leu),1.0032389,1.2694119,34629.2578125,42837.71875,0.00209991,0.00362466
2206,TET2_Q6N021_AD_1582-1751|g.105275495C>T(p.Pro1662Leu),0.55083823,0.6478753,51735.1484375,55787.47265625,0.0446636,0.01615781
2207,TET2_Q6N021_AD_1582-1751|g.105275737A>G(p.Asn1743Asp),1.4104493,0.96761084,64156.58984375,60707.2578125,0.01516689,0.00793242
2208,TET2_Q6N021_AD_1582-1751|g.105275408G>T(p.Cys1633Phe),2.2575953,1.6451547,100648.265625,70940.09375,0.16924703,0.06602614
2209,TET2_Q6N021_AD_1582-1751|g.105275591T>C(p.Leu1694Ser),0.17200947,0.151891,36344.828125,56370.21484375,0.00327154,0.00724486
2210,TET2_Q6N021_AD_1582-1751|g.105275677C>T(p.Pro1723Ser),0.87772226,0.96761084,53091.0546875,53002.32421875,0.00192705,0.00182814
2211,TET2_Q6N021_AD_1582-1751|g.105275488A>G(p.Arg1660Gly),1.1403804,0.6915355,82090.2578125,64100.08203125,0.06898385,0.02274997
2212,TET2_Q6N021_AD_1582-1751|g.105275713G>C(p.Gly1735Arg),0.6347579,0.96761084,50187.80859375,60707.2578125,0.00188519,0.00353564
2213,TET2_Q6N021_AD_1582-1751|g.105275505C>A(p.Asp1665Glu),0.20948458,0.24126673,53805.69140625,57724.7890625,0.01768116,0.02435888
2214,TET2_Q6N021_AD_1582-1751|g.105275350C>T(p.Pro1614Ser),1.4478201,1.3836588,56997.19921875,60133.66015625,0.00471478,0.00455448
2215,TET2_Q6N021_AD_1582-1751|g.105275303A>G(p.Tyr1598Cys),1.0497899,1.265414,57154.81640625,63712.53125,0.01632017,0.02338747
2216,TET2_Q6N021_AD_1582-1751|g.105275281A>T(p.Ser1591Cys),1.2324424,1.265414,59922.828125,63712.53125,0.01098533,0.00633704
2217,TET2_Q6N021_AD_1582-1751|g.105275507C>T(p.Pro1666Leu),0.1353066,0.22936058,42896.54296875,56595.56640625,0.08234438,0.0253185
2218,TET2_Q6N021_AD_1582-1751|g.105275647C>T(p.Pro1713Ser),0.6708118,0.66651046,34567.6953125,35442.453125,0.00134899,0.00123556
2219,TET2_Q6N021_AD_1582-1751|g.105275613G>A(p.Met1701Ile),0.29404783,0.3614266,36041.6953125,37735.30078125,0.01132073,0.00897893
2220,TET2_Q6N021_AD_1582-1751|g.105275306C>G(p.Ser1599Cys),1.1656477,1.265414,73540.6015625,63712.53125,0.04776243,0.02812392
2221,TET2_Q6N021_AD_1582-1751|g.105275587T>A(p.Tyr1693Asn),0.1322105,0.1690619,44436.09375,63950.33984375,0.00319069,0.00826983
2222,TET2_Q6N021_AD_1582-1751|g.105275735C>A(p.Pro1742His),0.7766248,0.96761084,58852.671875,60707.2578125,0.00512483,0.00543727
2223,TET2_Q6N021_AD_1582-1751|g.105275359C>T(p.Pro1617Ser),1.7325883,1.5295825,45892.4921875,50719.58203125,0.00808417,0.00792591
2224,TET2_Q6N021_AD_1582-1751|g.105275342C>A(p.Ser1611Tyr),1.6408826,1.1086124,67163.1875,50062.48828125,0.05961848,0.02391098
2225,NCOA1_Q15788_AD_1241-1385|g.24758020G>C(p.Gly1310Ala),0.22106719,0.254282,41338.9140625,39233.61328125,0.00261433,0.00271824
2226,NCOA1_Q15788_AD_1241-1385|g.24757989G>A(p.Val1300Ile),0.4222355,0.42689252,67729.5859375,67584.5078125,0.00201177,0.00166844
2227,NCOA1_Q15788_AD_1241-1385|g.24758091A>G(p.Met1334Val),0.38125038,0.4201696,61103.015625,66858.453125,0.00266856,0.00329034
2228,NCOA1_Q15788_AD_1241-1385|g.24752015C>T(p.Pro1247Leu),0.41607928,0.4687109,30401.63671875,28996.44921875,0.01299081,0.00544959
2229,NCOA1_Q15788_AD_1241-1385|g.24758121C>G(p.Gln1344Glu),0.64018106,0.40037155,34171.76953125,33298.078125,0.01844559,0.00950678
2230,NCOA1_Q15788_AD_1241-1385|g.24758068C>T(p.Thr1326Met),0.42439008,0.44675827,65306.96484375,66371.3359375,0.01069977,0.0059904
2231,NCOA1_Q15788_AD_1241-1385|g.24758137A>G(p.Asn1349Ser),0.37652326,0.4038849,50416.71875,51010.0078125,0.00242552,0.00236167
2232,NCOA1_Q15788_AD_1241-1385|g.24762699G>A(p.Ala1360Thr),0.5520545,0.62694526,40952.60546875,40246.48046875,0.00840175,0.0092805
2233,NCOA1_Q15788_AD_1241-1385|g.24758005C>T(p.Thr1305Met),0.19706821,0.17227674,45625.23046875,44399.96875,0.00402005,0.00259153
2234,NCOA1_Q15788_AD_1241-1385|g.24758107A>G(p.Gln1339Arg),0.31258965,0.6437218,39739.62890625,50026.12109375,0.00321153,0.00548722
2235,NCOA1_Q15788_AD_1241-1385|g.24762696C>T(p.Pro1359Ser),0.7538041,0.62694526,37366.46875,37533.76171875,0.00966111,0.0094927
2236,NCOA1_Q15788_AD_1241-1385|g.24762699G>T(p.Ala1360Ser),0.54449666,0.62694526,40658.8125,40246.48046875,0.00861141,0.0092805
2237,NCOA1_Q15788_AD_1241-1385|g.24752056C>G(p.Pro1261Ala),0.49679554,0.4687109,30180.76171875,28996.44921875,0.0011414,0.00106874
2238,NCOA1_Q15788_AD_1241-1385|g.24752132A>G(p.Gln1286Arg),0.256222,0.49469042,35060.8046875,38892.18359375,0.00229865,0.00424834
2239,NCOA1_Q15788_AD_1241-1385|g.24758104T>C(p.Met1338Thr),0.5311034,0.53743124,49071.3359375,59934.04296875,0.00299451,0.00541861
2240,NCOA1_Q15788_AD_1241-1385|g.24762687A>C(p.Ile1356Leu),0.67420816,0.62694526,35382.9296875,34985.12109375,0.00699642,0.00605508
2241,NCOA1_Q15788_AD_1241-1385|g.24752122A>G(p.Lys1283Glu),1.5244738,0.5023968,45030.58984375,43204.58984375,0.00803317,0.00205531
2242,NCOA1_Q15788_AD_1241-1385|g.24758116C>T(p.Ser1342Phe),0.6039294,0.49314666,48174.8359375,47163.96484375,0.04258023,0.01122984
2243,NCOA1_Q15788_AD_1241-1385|g.24752099C>G(p.Ser1275Cys),0.26653767,0.24128056,36249.95703125,34577.75,0.00181942,0.00111454
2244,NCOA1_Q15788_AD_1241-1385|g.24752113C>T(p.Pro1280Ser),0.23355198,0.27104473,35060.19140625,36689.171875,0.00122912,0.00117323
2245,NCOA1_Q15788_AD_1241-1385|g.24752138G>A(p.Gly1288Glu),0.5038173,0.43387794,42510.96875,43052.6171875,0.00408551,0.0027328
2246,NCOA1_Q15788_AD_1241-1385|g.24752017T>C(p.Ser1248Pro),0.4593377,0.4687109,26534.98828125,28996.44921875,0.00433346,0.00442375
2247,NCOA1_Q15788_AD_1241-1385|g.24752090C>T(p.Pro1272Leu),0.3169043,0.3559904,43331.2578125,43971.00390625,0.00271584,0.00116288
2248,NCOA1_Q15788_AD_1241-1385|g.24758038G>A(p.Ser1316Asn),0.20927072,0.2205944,43203.19921875,40158.76171875,0.00134871,0.00137673
2249,NCOA1_Q15788_AD_1241-1385|g.24758086A>G(p.Asn1332Ser),0.33160782,0.37518024,74929.8125,78553.0859375,0.00266544,0.00254258
2250,NCOA1_Q15788_AD_1241-1385|g.24758055G>A(p.Ala1322Thr),0.3000524,0.30066037,56628.1015625,56988.3359375,0.00362161,0.00460552
2251,NCOA1_Q15788_AD_1241-1385|g.24758142G>A(p.Val1351Met),0.6941445,0.6705966,43264.71875,43063.75,0.00272886,0.00245397
2252,NCOA1_Q15788_AD_1241-1385|g.24762727A>G(p.Asn1369Ser),0.55396867,0.62694526,20227.83984375,20365.58984375,0.01403967,0.01434048
2253,NCOA1_Q15788_AD_1241-1385|g.24752006A>G(p.Asn1244Ser),0.47239184,0.4687109,28638.359375,28996.44921875,0.00351723,0.00330381
2254,NCOA1_Q15788_AD_1241-1385|g.24762738T>C(p.Ser1373Pro),0.7372396,0.62694526,24286.7578125,20365.58984375,0.00346995,0.00342248
2255,NCOA1_Q15788_AD_1241-1385|g.24752053A>G(p.Ile1260Val),0.47673035,0.4687109,29527.18359375,28996.44921875,0.00186851,0.00249289
2256,NCOA1_Q15788_AD_1241-1385|g.24752101G>A(p.Gly1276Arg),0.097963095,0.20158386,31814.41796875,36204.609375,0.00113291,0.0023052
2257,NCOA1_Q15788_AD_1241-1385|g.24758098C>G(p.Ala1336Gly),0.5393338,0.48524642,44255.92578125,44415.5234375,0.0016435,0.00187823
2258,NCOA1_Q15788_AD_1241-1385|g.24758007C>G(p.Pro1306Ala),0.2513914,0.2125194,37767.4140625,38433.0390625,0.0046109,0.0041399
2259,NCOA1_Q15788_AD_1241-1385|g.24752089C>T(p.Pro1272Ser),0.36976957,0.3559904,42293.3125,43971.00390625,0.00124397,0.00116288
2260,NCOA1_Q15788_AD_1241-1385|g.24752024G>T(p.Ser1250Ile),0.4807229,0.4687109,30361.88671875,28996.44921875,0.00778907,0.00379333
2261,NCOA1_Q15788_AD_1241-1385|g.24752105A>G(p.Tyr1277Cys),0.21792912,0.21845055,40664.9375,40359.6796875,0.00172371,0.00238744
2262,NCOA1_Q15788_AD_1241-1385|g.24762762G>A(p.Ala1381Thr),0.6673839,0.62694526,20728.57421875,20365.58984375,0.00306873,0.00316056
2263,NCOA1_Q15788_AD_1241-1385|g.24752029G>A(p.Gly1252Arg),0.3360603,0.4687109,31096.19921875,28996.44921875,0.00145278,0.00311009
2264,NCOA1_Q15788_AD_1241-1385|g.24752141C>T(p.Ala1289Val),0.400522,0.38328552,39560.4921875,39279.01171875,0.00354517,0.00246674
2265,NCOA1_Q15788_AD_1241-1385|g.24758071A>G(p.Asn1327Ser),0.3894453,0.461123,51727.7421875,53035.82421875,0.00945667,0.00814698
2266,NCOA1_Q15788_AD_1241-1385|g.24752143A>G(p.Ile1290Val),0.36311865,0.3763399,35255.94140625,34267.296875,0.00147076,0.00200855
2267,NCOA1_Q15788_AD_1241-1385|g.24752007C>G(p.Asn1244Lys),0.36477947,0.4687109,26953.65234375,28996.44921875,0.00146451,0.00330381
2268,NCOA1_Q15788_AD_1241-1385|g.24758046G>A(p.Val1319Ile),0.5159745,0.5659528,64875.8125,63392.84765625,0.00157905,0.00119662
2269,NCOA1_Q15788_AD_1241-1385|g.24752096C>T(p.Ala1274Val),0.35630488,0.2937193,45108.6875,39807.02734375,0.00171816,0.00121674
2270,NCOA1_Q15788_AD_1241-1385|g.24752081A>G(p.Gln1269Arg),0.28626895,0.4303329,44351.3671875,42533.03515625,0.00035096,0.00064386
2271,NCOA1_Q15788_AD_1241-1385|g.24757993A>G(p.Gln1301Arg),0.14495277,0.23558235,58952.5625,64565.76171875,0.00066663,0.00114303
2272,NCOA1_Q15788_AD_1241-1385|g.24758033C>A(p.Asn1314Lys),0.14506388,0.27523613,35318.80078125,37961.8671875,0.00051065,0.00119258
2273,ESR2_Q92731_AD_304-500|g.64235033G>T(p.Ser448Tyr),-0.09269905,-0.10513115,40712.40234375,36098.83984375,0.0509118848,0.0471919924
2274,ESR2_Q92731_AD_304-500|g.64235078A>G(p.Val433Ala),-0.07233262,-0.06290436,49818.859375,49184.421875,0.0282666553,0.0336323678
2275,ESR2_Q92731_AD_304-500|g.64235121C>G(p.Asp419His),-0.07873058,-0.08285618,57475.484375,57800.19140625,0.00562102534,0.014185383
2276,ESR2_Q92731_AD_304-500|g.64249633G>A(p.Leu380Phe),-0.054084778,-0.059440374,57533.19140625,57749.92578125,0.70912385,0.553263009
2277,ESR2_Q92731_AD_304-500|g.64233316C>T(p.Gly472Ser),-0.086890936,-0.08924937,36135.7265625,36332.6171875,0.00258024875,0.00229259836
2278,ESR2_Q92731_AD_304-500|g.64249560A>C(p.Ile404Ser),-0.1483872,-0.1289916,30430.0859375,30067.71484375,0.0259321462,0.0272756089
2279,ESR2_Q92731_AD_304-500|g.64233248C>T(p.Met494Ile),-0.0883131,-0.08924937,49993.81640625,50712.94140625,0.235767648,0.278865367
2280,ESR2_Q92731_AD_304-500|g.64249615T>C(p.Arg386Gly),-0.04151535,-0.041312218,56105.56640625,54300.63671875,0.550581515,0.191918179
2281,ESR2_Q92731_AD_304-500|g.64235103T>C(p.Lys425Glu),-0.08638477,-0.088615656,63308.13671875,62999.0234375,0.429527968,0.0682278425
2282,ESR2_Q92731_AD_304-500|g.64249650A>C(p.Leu374Arg),-0.0840106,-0.08202958,87174.4140625,100469.2109375,0.439236253,0.94374299
2283,ESR2_Q92731_AD_304-500|g.64257341C>T(p.Asp326Asn),-0.04552293,-0.054766178,98586.2578125,128650.828125,0.413677305,0.902502298
2284,ESR2_Q92731_AD_304-500|g.64235059C>A(p.Trp439Cys),-0.081587315,-0.060466766,49625.484375,49089.609375,0.00172309275,0.00541426986
2285,ESR2_Q92731_AD_304-500|g.64260470T>C(p.Ser311Gly),-0.065589905,-0.054766178,136633.5625,136944.125,0.111870468,0.105975054
2286,ESR2_Q92731_AD_304-500|g.64257340T>C(p.Asp326Gly),-0.040195227,-0.054766178,94953.359375,128650.828125,0.310101271,0.902502298
2287,ESR2_Q92731_AD_304-500|g.64235106G>A(p.Arg424Trp),-0.07594681,-0.08401871,66725.203125,61165.3359375,0.290042669,0.0153820086
2288,ESR2_Q92731_AD_304-500|g.64233264T>G(p.Asp489Ala),-0.047971964,-0.08924937,47874.2890625,50712.94140625,0.134359866,0.720181525
2289,ESR2_Q92731_AD_304-500|g.64249562C>A(p.Met403Ile),-0.10476136,-0.12403917,30068.23046875,30442.95703125,0.0206358675,0.0255259667
2290,ESR2_Q92731_AD_304-500|g.64257331C>T(p.Arg329Gln),-0.099695206,-0.09168196,110823.875,99622.21875,0.974254191,0.779034197
2291,ESR2_Q92731_AD_304-500|g.64235082C>A(p.Ala432Ser),-0.029491663,-0.019699335,37621.59765625,48746.92578125,0.0502392799,0.0450398177
2292,ESR2_Q92731_AD_304-500|g.64233297T>C(p.Asn478Ser),-0.08907056,-0.08924937,51842.0,53943.359375,0.0266160332,0.0272336528
2293,ESR2_Q92731_AD_304-500|g.64249638T>A(p.Asp378Val),-0.024566412,-0.053498268,40410.30078125,52796.515625,0.102804624,0.849135756
2294,ESR2_Q92731_AD_304-500|g.64257267G>T(p.His350Gln),0.07335329,0.081985235,122172.4296875,118990.96875,0.122406989,0.110356428
2295,ESR2_Q92731_AD_304-500|g.64233296G>T(p.Asn478Lys),-0.08713627,-0.08924937,48842.6875,53943.359375,0.00785031263,0.0272336528
2296,ESR2_Q92731_AD_304-500|g.64235012A>G(p.Leu455Pro),-0.12503433,-0.11263132,31645.765625,30338.421875,0.00119199557,0.0019588694
2297,ESR2_Q92731_AD_304-500|g.64249669T>C(p.Lys368Glu),0.49950433,0.17608833,116102.5078125,96174.234375,0.997893512,0.995385826
2298,ESR2_Q92731_AD_304-500|g.64249555G>C(p.Leu406Val),-0.12550163,-0.12442684,34716.60546875,26587.21875,0.00959093124,0.0160476733
2299,ESR2_Q92731_AD_304-500|g.64249675C>T(p.Glu366Lys),0.09276247,0.32900333,95471.1953125,100933.046875,0.938281476,0.991446137
2300,ESR2_Q92731_AD_304-500|g.64257275T>C(p.Ile348Val),0.06346989,0.027920485,108907.078125,108343.171875,0.174101278,0.168489337
2301,ESR2_Q92731_AD_304-500|g.64233235C>T(p.Val499Met),-0.08784509,-0.08924937,47563.734375,50712.94140625,0.0859428868,0.0742756203
2302,ESR2_Q92731_AD_304-500|g.64235015C>T(p.Arg454His),-0.1279459,-0.12081361,37879.40234375,31130.875,0.00963415,0.00377187296
2303,ESR2_Q92731_AD_304-500|g.64235016G>A(p.Arg454Cys),-0.12415099,-0.12081361,36841.3671875,31130.875,0.02025803,0.00377187296
2304,ESR2_Q92731_AD_304-500|g.64235045C>T(p.Ser444Asn),-0.08464408,-0.081553936,48765.98828125,50352.32421875,0.0115584489,0.0108145811
2305,ESR2_Q92731_AD_304-500|g.64235142G>A(p.Pro412Ser),-0.06346512,-0.06836414,32558.47265625,32386.4921875,0.00404170947,0.00430373801
2306,ESR2_Q92731_AD_304-500|g.64257271T>A(p.Asp349Val),-0.08881855,0.018712282,99488.9453125,119165.1484375,0.054732725,0.14059186
2307,ESR2_Q92731_AD_304-500|g.64249663C>T(p.Val370Ile),0.07101536,0.05924177,75486.6484375,67443.84375,0.99608767,0.995595038
2308,ESR2_Q92731_AD_304-500|g.64235127T>A(p.Thr417Ser),-0.10581803,-0.10410285,56991.25390625,55672.06640625,0.0263176914,0.0254808143
2309,ESR2_Q92731_AD_304-500|g.64234996C>T(p.Met460Ile),-0.10835457,-0.11693287,37842.86328125,39469.08203125,0.00126706215,0.00156496023
2310,ESR2_Q92731_AD_304-500|g.64235033G>A(p.Ser448Phe),-0.08474445,-0.10513115,42556.34375,36098.83984375,0.0506254248,0.0471919924
2311,ESR2_Q92731_AD_304-500|g.64257263C>T(p.Gly352Ser),-0.04975891,-0.047261238,110881.546875,108996.265625,0.0954400674,0.0931140408
2312,ESR2_Q92731_AD_304-500|g.64234973G>A(p.Ala468Val),-0.12353897,-0.12574148,39567.6328125,39308.4453125,0.00133745384,0.00113224809
2313,ESR2_Q92731_AD_304-500|g.64234983C>T(p.Val465Ile),-0.12473011,-0.12174034,37070.23828125,36533.73828125,0.00833089184,0.00635261415
2314,ESR2_Q92731_AD_304-500|g.64257346A>C(p.Leu324Arg),-0.056108236,-0.054766178,130472.9296875,136944.125,0.194519877,0.43079108
2315,ESR2_Q92731_AD_304-500|g.64235120T>C(p.Asp419Gly),-0.08264804,-0.08285618,59122.37890625,57800.19140625,0.00730066607,0.014185383
2316,ESR2_Q92731_AD_304-500|g.64235051G>C(p.Ala442Gly),-0.1116333,-0.10018349,52813.69921875,51584.140625,0.00790800992,0.00658836076
2317,ESR2_Q92731_AD_304-500|g.64233291T>A(p.Lys480Met),-0.09121275,-0.08924937,53071.3671875,49479.74609375,0.45792353,0.103399977
2318,ESR2_Q92731_AD_304-500|g.64235082C>T(p.Ala432Thr),-0.022073984,-0.019699335,42321.6171875,48746.92578125,0.0437501594,0.0450398177
2319,ESR2_Q92731_AD_304-500|g.64249587T>C(p.Lys395Arg),-0.13680363,-0.13240409,40861.06640625,38299.8203125,0.00214185868,0.00206244411
2320,ESR2_Q92731_AD_304-500|g.64249608C>G(p.Arg388Pro),-0.093070984,-0.08572292,46632.4609375,46567.5078125,0.119354516,0.0501415133
2321,ESR2_Q92731_AD_304-500|g.64257332G>A(p.Arg329Trp),-0.09380317,-0.09168196,168104.53125,99622.21875,0.941513002,0.779034197
2322,ESR2_Q92731_AD_304-500|g.64260476T>C(p.Met309Val),-0.05419898,-0.054766178,134910.0,136944.125,0.00581004657,0.00949312188
2323,ESR2_Q92731_AD_304-500|g.64233234A>G(p.Val499Ala),-0.10088587,-0.08924937,50045.04296875,50712.94140625,0.0560645163,0.0742756203
2324,ESR2_Q92731_AD_304-500|g.64235087A>T(p.Leu430Gln),-0.07281089,-0.07944012,42127.69140625,50174.7734375,0.0142677827,0.0384108685
2325,ESR2_Q92731_AD_304-500|g.64257281G>A(p.Arg346Cys),-0.052601814,-0.066533804,117613.96875,100459.09375,0.467468798,0.178538039
2326,ESR2_Q92731_AD_304-500|g.64257341C>G(p.Asp326His),-0.03966427,-0.054766178,91204.9765625,128650.828125,0.214509919,0.902502298
2327,ESR2_Q92731_AD_304-500|g.64233288C>T(p.Cys481Tyr),-0.087166786,-0.08924937,51876.46484375,50712.94140625,0.374676883,0.354965419
2328,ESR2_Q92731_AD_304-500|g.64235139G>C(p.Leu413Val),-0.094813585,-0.08621216,43366.75390625,43666.76171875,0.000971731206,0.00171106949
2329,ESR2_Q92731_AD_304-500|g.64249608C>T(p.Arg388Gln),-0.09430909,-0.08572292,46583.015625,46567.5078125,0.100169852,0.0501415133
2330,ESR2_Q92731_AD_304-500|g.64249621T>C(p.Thr384Ala),-0.042149544,-0.040337563,59292.28515625,60050.3359375,0.0898107216,0.0926224962
2331,ESR2_Q92731_AD_304-500|g.64235096G>A(p.Ala427Val),-0.087620735,-0.082672834,53145.53515625,51050.48046875,0.107370436,0.103190362
2332,ESR2_Q92731_AD_304-500|g.64257280C>T(p.Arg346His),-0.018330336,-0.066533804,121125.7265625,100459.09375,0.334994823,0.178538039
2333,ESR2_Q92731_AD_304-500|g.64233240G>A(p.Ala497Val),-0.06326771,-0.08924937,54639.43359375,50712.94140625,0.209478483,0.173795074
2334,ESR2_Q92731_AD_304-500|g.64235073C>A(p.Asp435Tyr),-0.032611847,-0.07715392,51259.4296875,47486.79296875,0.00667325361,0.0140307052
2335,ESR2_Q92731_AD_304-500|g.64235148T>C(p.Met410Val),-0.09880209,-0.10089779,30104.109375,29385.61328125,0.0154626761,0.0210174453
2336,ESR2_Q92731_AD_304-500|g.64235129G>A(p.Ala416Val),-0.11744094,-0.11991453,55423.3828125,54529.078125,0.0095175216,0.00919778645
2337,ESR2_Q92731_AD_304-500|g.64234991A>G(p.Leu462Pro),-0.09503794,-0.12703037,29258.1328125,28461.44140625,0.00100026419,0.00161392847
2338,ESR2_Q92731_AD_304-500|g.64235054A>G(p.Ile441Thr),-0.10737395,-0.08709788,47382.06640625,50197.46875,0.00696354173,0.00910512358
2339,ESR2_Q92731_AD_304-500|g.64249614C>T(p.Arg386Lys),-0.036586046,-0.041312218,54265.00390625,54300.63671875,0.240041241,0.191918179
2340,ESR2_Q92731_AD_304-500|g.64235066A>G(p.Leu437Ser),-0.07624149,-0.05142021,45633.6953125,50458.77734375,0.00292073376,0.00486467686
2341,ESR2_Q92731_AD_304-500|g.64257226C>T(p.Arg364Lys),0.055720806,0.065084934,81621.3984375,79829.0625,0.965584517,0.973287225
2342,ESR2_Q92731_AD_304-500|g.64249664G>C(p.Cys369Trp),0.1438179,0.10158348,109862.5,79339.3125,0.997459471,0.996508181
2343,ESR2_Q92731_AD_304-500|g.64257274A>G(p.Ile348Thr),0.099475145,0.027920485,111302.09375,108343.171875,0.188495442,0.168489337
2344,ESR2_Q92731_AD_304-500|g.64235079C>T(p.Val433Met),-0.06618333,-0.06290436,43039.796875,49184.421875,0.0465409383,0.0336323678
2345,ESR2_Q92731_AD_304-500|g.64257305C>G(p.Val338Leu),-0.1023159,-0.09690094,147100.4375,146732.234375,0.273262769,0.221613079
2346,ESR2_Q92731_AD_304-500|g.64257300T>G(p.Leu339Phe),-0.05824399,-0.081561804,122583.25,121823.1640625,0.114789635,0.0963615403
2347,ESR2_Q92731_AD_304-500|g.64235073C>T(p.Asp435Asn),-0.056330204,-0.07715392,47006.8828125,47486.79296875,0.00432387087,0.0140307052
2348,ESR2_Q92731_AD_304-500|g.64257292C>T(p.Gly342Glu),0.03737998,-0.00615716,116345.484375,108751.9765625,0.261835694,0.109503701
2349,SMAD4_Q13485_AD_275-552|g.51065593A>G(p.Ile376Val),0.31277752,0.2895062,29753.01953125,29521.1015625,0.00047812541,0.000626606168
2350,SMAD4_Q13485_AD_275-552|g.51059913C>G(p.Pro318Ala),0.8628681,0.7877095,114853.796875,107162.8046875,0.929438293,0.933376372
2351,SMAD4_Q13485_AD_275-552|g.51065500T>A(p.Cys345Ser),0.3406608,0.3024633,48924.14453125,59908.25390625,0.0101041468,0.0160960462
2352,SMAD4_Q13485_AD_275-552|g.51076686A>G(p.Thr453Ala),-0.09066939,-0.08913231,38427.8125,38820.46484375,0.000174396118,0.000165963764
2353,SMAD4_Q13485_AD_275-552|g.51078358G>A(p.Ser517Asn),-0.056634426,-0.05668807,57698.8125,49827.0546875,0.0146403098,0.014853863
2354,SMAD4_Q13485_AD_275-552|g.51078381A>G(p.Ile525Val),0.06620884,0.018824339,52127.65234375,59882.6171875,0.0570388027,0.0865913108
2355,SMAD4_Q13485_AD_275-552|g.51067098G>C(p.Val407Leu),0.1417973,0.1609633,64462.71875,64256.609375,0.0672896132,0.0380868651
2356,SMAD4_Q13485_AD_275-552|g.51059893A>G(p.Gln311Arg),1.1115242,1.5676357,91996.453125,99008.6015625,0.0557473041,0.114504628
2357,SMAD4_Q13485_AD_275-552|g.51059883C>G(p.Leu308Val),1.4931767,1.5111201,111249.328125,111887.078125,0.00749599328,0.0115738977
2358,SMAD4_Q13485_AD_275-552|g.51078306A>G(p.Ile500Val),-0.10633874,-0.12239981,48460.54296875,50738.45703125,0.0101331566,0.0106290272
2359,SMAD4_Q13485_AD_275-552|g.51058451A>G(p.His300Arg),0.82789564,1.1079873,47254.2578125,60515.80859375,0.00730949361,0.014441709
2360,SMAD4_Q13485_AD_275-552|g.51078370C>T(p.Thr521Ile),-0.086484194,-0.054144144,57056.16796875,48339.15234375,0.0479645617,0.0315510705
2361,SMAD4_Q13485_AD_275-552|g.51058394C>T(p.Pro281Leu),0.6582986,0.71666884,75404.96875,73755.4609375,0.000448933773,0.000191264378
2362,SMAD4_Q13485_AD_275-552|g.51065464G>A(p.Val333Ile),2.0377197,2.4028482,78291.0078125,68665.390625,0.900779068,0.840482771
2363,SMAD4_Q13485_AD_275-552|g.51058408G>A(p.Gly286Ser),0.7191913,0.71666884,72011.859375,73755.4609375,9.22526015e-05,9.33626434e-05
2364,SMAD4_Q13485_AD_275-552|g.51058436C>T(p.Pro295Leu),0.7949306,0.71666884,75624.1875,73755.4609375,0.00376074086,0.00174158881
2365,SMAD4_Q13485_AD_275-552|g.51076734A>G(p.Ile469Val),0.03991604,0.04237342,66719.9453125,66321.4453125,0.000677090662,0.000876406208
2366,SMAD4_Q13485_AD_275-552|g.51059908A>G(p.Asn316Ser),1.0125632,1.265024,97889.328125,99720.390625,0.979892612,0.979676664
2367,SMAD4_Q13485_AD_275-552|g.51076722G>A(p.Val465Met),0.54790866,0.5180968,54713.4375,54403.6953125,0.000413882866,0.00037953016
2368,SMAD4_Q13485_AD_275-552|g.51065603C>T(p.Ala379Val),0.12146115,0.16026402,48436.96484375,48696.8046875,0.000182549964,0.00018833144
2369,SMAD4_Q13485_AD_275-552|g.51076776A>G(p.Ser483Gly),-0.04336548,-0.055861473,65401.1171875,58745.4609375,0.00509212073,0.00509609841
2370,SMAD4_Q13485_AD_275-552|g.51059901A>G(p.Ile314Val),1.6985048,1.765241,96847.5546875,104897.6328125,0.803988159,0.87406224
2371,SMAD4_Q13485_AD_275-552|g.51065520T>A(p.Asp351Glu),0.6204165,0.6558598,51808.921875,55166.71484375,0.0381908566,0.0452952534
2372,SMAD4_Q13485_AD_275-552|g.51078294C>T(p.Arg496Cys),-0.07350731,-0.08878589,70070.4765625,56348.55859375,0.0440069623,0.008924664
2373,SMAD4_Q13485_AD_275-552|g.51076756G>C(p.Gly476Ala),-0.07074928,-0.06823683,41678.8671875,40319.3203125,0.00347368838,0.00351089751
2374,SMAD4_Q13485_AD_275-552|g.51058427C>T(p.Pro292Leu),0.68454385,0.71666884,77094.7890625,73755.4609375,0.00225604651,0.00107964396
2375,SMAD4_Q13485_AD_275-552|g.51058432A>G(p.Met294Val),0.7255235,0.71666884,68857.34375,73755.4609375,0.00172434992,0.00183482235
2376,SMAD4_Q13485_AD_275-552|g.51065469G>T(p.Gln334His),1.7113643,2.068665,76692.9296875,69075.5625,0.787465155,0.840007901
2377,SMAD4_Q13485_AD_275-552|g.51067038G>A(p.Val387Met),0.06854558,0.08080053,58572.828125,56343.5859375,0.00163588626,0.00139202934
2378,SMAD4_Q13485_AD_275-552|g.51065506A>G(p.Ile347Val),1.2493169,1.2234725,60488.140625,57654.13671875,0.00460371003,0.00638326211
2379,SMAD4_Q13485_AD_275-552|g.51076662C>G(p.Arg445Gly),-0.06887531,-0.09274125,56551.671875,55370.09375,0.000649155758,0.000214118525
2380,SMAD4_Q13485_AD_275-552|g.51067153C>T(p.Ala425Val),0.08961749,0.12003112,43702.2421875,43039.9296875,0.0212191883,0.0196152274
2381,SMAD4_Q13485_AD_275-552|g.51058396C>T(p.His282Tyr),0.7711972,0.71666884,85831.484375,73755.4609375,0.000545702991,0.000183248063
2382,SMAD4_Q13485_AD_275-552|g.51076773A>G(p.Ile482Val),-0.049501896,-0.05443144,76465.453125,78553.625,0.00723036006,0.0102703469
2383,SMAD4_Q13485_AD_275-552|g.51065513C>T(p.Thr349Ile),0.6945783,0.7877393,60562.6953125,55271.59765625,0.0196064077,0.0127303181
2384,SMAD4_Q13485_AD_275-552|g.51058381A>C(p.Thr277Pro),0.6974375,0.71666884,75645.09375,73755.4609375,0.000176266331,0.000176660047
2385,SMAD4_Q13485_AD_275-552|g.51076726C>T(p.Ala466Val),0.24325013,0.21825218,62942.8515625,61324.21875,0.000485813915,0.000366251392
2386,CAMTA2_O94983_AD_285-468|g.4980241C>T(p.Gly361Ser),0.16511202,0.18070316,25955.33984375,24710.53515625,0.000876489736,0.000897178659
2387,CAMTA2_O94983_AD_285-468|g.4980364T>C(p.Arg320Gly),-0.04321909,-0.096381426,37144.66015625,29394.734375,0.00239267782,0.000957524695
2388,CAMTA2_O94983_AD_285-468|g.4979947C>T(p.Ala459Thr),0.05955386,0.078846216,30995.3515625,31639.2734375,0.000335603894,0.00035717641
2389,CAMTA2_O94983_AD_285-468|g.4980031G>C(p.Gln431Glu),0.31106734,0.24956703,27918.828125,30366.3515625,0.00123959163,0.000725004706
2390,CAMTA2_O94983_AD_285-468|g.4980182A>T(p.Phe380Leu),0.29177213,0.50043786,30778.23046875,29193.2578125,0.00117565563,0.00166409137
2391,CAMTA2_O94983_AD_285-468|g.4980186C>T(p.Arg379His),0.739656,0.39761877,37143.15234375,32888.72265625,0.0038890366,0.0019064903
2392,CAMTA2_O94983_AD_285-468|g.4979992T>G(p.Ile444Leu),0.09503865,0.078846216,34661.984375,33873.0390625,0.00853135809,0.0065000467
2393,CAMTA2_O94983_AD_285-468|g.4980453G>A(p.Pro290Leu),-0.03174162,-0.039637566,36368.63671875,36416.06640625,0.000270541583,0.000136326693
2394,CAMTA2_O94983_AD_285-468|g.4979938T>G(p.Ile462Leu),0.09776068,0.078846216,28677.7578125,31639.2734375,0.00029395771,0.000286111434
2395,CAMTA2_O94983_AD_285-468|g.4980466C>T(p.Ala286Thr),-0.040720463,-0.039637566,35313.09765625,36416.06640625,3.35229925e-05,3.62961546e-05
2396,CAMTA2_O94983_AD_285-468|g.4979920A>G(p.Ser468Pro),0.080522776,0.078846216,30995.2265625,31639.2734375,0.000118015829,0.000124081998
2397,CAMTA2_O94983_AD_285-468|g.4980306G>A(p.Thr339Met),-0.1833899,-0.17907429,41497.59375,41163.55859375,0.000188271457,0.00011192161
2398,CAMTA2_O94983_AD_285-468|g.4980063T>C(p.Glu420Gly),0.42804837,0.45415306,29701.390625,30178.01171875,0.000246113137,0.000389558758
2399,CAMTA2_O94983_AD_285-468|g.4980262T>G(p.Met354Leu),0.10062742,0.15770078,22760.375,22100.8203125,0.000488730322,0.000404511957
2400,CAMTA2_O94983_AD_285-468|g.4980384G>A(p.Thr313Ile),-0.04045558,-0.0543797,23283.5078125,22445.84765625,0.00338343577,0.00150654954
2401,CAMTA2_O94983_AD_285-468|g.4980354G>C(p.Thr323Ser),-0.13542867,-0.14181232,22867.1328125,23371.84765625,0.00070405798,0.000600670348
2402,CAMTA2_O94983_AD_285-468|g.4979929G>T(p.Pro465Thr),0.043928146,0.078846216,34826.765625,31639.2734375,0.000159802177,0.00015282238
2403,CAMTA2_O94983_AD_285-468|g.4979920A>T(p.Ser468Thr),0.06512594,0.078846216,33125.90625,31639.2734375,0.000123729071,0.000124081998
2404,CAMTA2_O94983_AD_285-468|g.4979976C>G(p.Ser449Thr),0.104626656,0.078846216,31132.52734375,31639.2734375,0.00855338387,0.00834207982
2405,CAMTA2_O94983_AD_285-468|g.4979969C>A(p.Glu451Asp),0.09663081,0.078846216,31965.25390625,31639.2734375,0.00921110157,0.00789791159
2406,CAMTA2_O94983_AD_285-468|g.4980096G>A(p.Pro409Leu),0.29232407,0.11154199,48216.96484375,44604.33984375,0.0174745247,0.00768615678
2407,CAMTA2_O94983_AD_285-468|g.4980156G>T(p.Thr389Lys),0.49191177,0.739017,39547.94921875,37455.85546875,0.00425802683,0.00700716255
2408,CAMTA2_O94983_AD_285-468|g.4980262T>C(p.Met354Val),0.11472297,0.15770078,20906.359375,22100.8203125,0.000324665452,0.000404511957
2409,CAMTA2_O94983_AD_285-468|g.4980411G>A(p.Pro304Leu),0.0144279,-0.039637566,37918.24609375,36416.06640625,0.0021184131,0.000882766501
2410,CAMTA2_O94983_AD_285-468|g.4980322G>A(p.Arg334Trp),-0.108370066,-0.18120122,25310.75,20055.375,0.00610362506,0.000644475047
2411,CAMTA2_O94983_AD_285-468|g.4980235C>T(p.Glu363Lys),0.07132769,0.22149062,47440.85546875,45200.08203125,0.000465323305,0.00129814353
2412,CAMTA2_O94983_AD_285-468|g.4980118C>G(p.Glu402Gln),0.24720073,0.29214883,31790.953125,30897.8203125,0.00321918842,0.00648348872
2413,CAMTA2_O94983_AD_285-468|g.4980178T>G(p.Asn382His),0.7537625,0.74877214,30475.1484375,30607.96484375,0.00141239213,0.00173788879
2414,CAMTA2_O94983_AD_285-468|g.4980129G>C(p.Pro398Arg),0.2879157,0.50620914,52772.4375,48981.6640625,0.000640071405,0.00149586762
2415,CAMTA2_O94983_AD_285-468|g.4979953C>T(p.Gly457Arg),0.040427208,0.078846216,28410.82421875,31639.2734375,0.00224120193,0.00439477246
2416,CAMTA2_O94983_AD_285-468|g.4979920A>C(p.Ser468Ala),0.087275505,0.078846216,41175.015625,31639.2734375,0.000130894055,0.000124081998
2417,CAMTA2_O94983_AD_285-468|g.4980280C>G(p.Ala348Pro),-0.06937599,-0.072613,21881.62109375,24814.24609375,0.00043910247,0.000470396655
2418,CAMTA2_O94983_AD_285-468|g.4980319C>T(p.Ala335Thr),-0.16870952,-0.16659093,20661.8125,21359.1015625,0.000796158449,0.000828746939
2419,CAMTA2_O94983_AD_285-468|g.4979944G>C(p.Pro460Ala),0.10487175,0.078846216,31428.44921875,31639.2734375,0.00031144105,0.00028454588
2420,CAMTA2_O94983_AD_285-468|g.4979935G>T(p.Pro463Thr),0.07049394,0.078846216,31722.55859375,31639.2734375,0.000310169591,0.000300899672
2421,CAMTA2_O94983_AD_285-468|g.4980034G>T(p.Pro430Thr),0.28770947,0.28119373,30768.16796875,31196.58984375,0.0010907203,0.00104048254
2422,CAMTA2_O94983_AD_285-468|g.4980451A>G(p.Ser291Pro),-0.038163424,-0.039637566,36499.140625,36416.06640625,0.000283977017,0.000303152279
2423,CAMTA2_O94983_AD_285-468|g.4980396G>C(p.Pro309Arg),-0.025475502,0.0027148724,39056.41796875,38363.875,0.000200460039,0.00032424042
2424,CAMTA2_O94983_AD_285-468|g.4979940G>A(p.Pro461Leu),0.10359192,0.078846216,42828.890625,31639.2734375,0.000855325896,0.000413018512
2425,CAMTA2_O94983_AD_285-468|g.4980240C>T(p.Gly361Asp),0.24297094,0.18070316,24821.75390625,24710.53515625,0.00131642807,0.000897178659
2426,CAMTA2_O94983_AD_285-468|g.4980393C>T(p.Ser310Asn),-0.025727749,-0.0198977,50013.859375,49668.3359375,0.000247919554,0.000269351236
2427,CAMTA2_O94983_AD_285-468|g.4980118C>T(p.Glu402Lys),0.11116505,0.29214883,31383.77734375,30897.8203125,0.00158453803,0.00648348872
2428,CAMTA2_O94983_AD_285-468|g.4980321C>T(p.Arg334Gln),-0.14292741,-0.18120122,20130.69140625,20055.375,0.00122027565,0.000644475047
2429,CAMTA2_O94983_AD_285-468|g.4979937A>T(p.Ile462Lys),0.019269943,0.078846216,26099.84375,31639.2734375,6.19537605e-05,0.000286111434
2430,CAMTA2_O94983_AD_285-468|g.4980318G>A(p.Ala335Val),-0.1653564,-0.16659093,21239.66796875,21359.1015625,0.00115956541,0.000828746939
2431,CAMTA2_O94983_AD_285-468|g.4980012C>T(p.Arg437Lys),0.05504346,0.06685352,30641.20703125,30360.64453125,0.00144107325,0.00168667431
2432,CAMTA2_O94983_AD_285-468|g.4980399C>A(p.Arg308Ile),0.07437682,-0.008783817,37218.703125,33340.02734375,0.00128434354,0.000290451455
2433,CAMTA2_O94983_AD_285-468|g.4980093C>G(p.Cys410Ser),0.005731106,0.075315,35980.76171875,41514.48828125,0.00443983544,0.00761169149
2434,CAMTA2_O94983_AD_285-468|g.4980225G>A(p.Ala366Val),0.21837068,0.21413207,33002.2578125,30361.39453125,0.00377961062,0.00270062918
2435,CAMTA2_O94983_AD_285-468|g.4980243A>G(p.Val360Ala),0.13542366,0.12260914,22003.3515625,21846.6796875,0.000339556282,0.000428721454
2436,CAMTA2_O94983_AD_285-468|g.4980418C>A(p.Ala302Ser),-0.021261692,-0.039637566,34234.2265625,36416.06640625,0.000678122975,0.00064822525
2437,CAMTA2_O94983_AD_285-468|g.4980378C>T(p.Arg315Gln),0.0047466755,-0.024179697,18829.96875,20206.484375,0.0056762239,0.00339820748
2438,CAMTA2_O94983_AD_285-468|g.4980060G>A(p.Pro421Leu),0.42772484,0.36821055,31248.11328125,29924.49609375,0.00119842635,0.000419311807
2439,CAMTA2_O94983_AD_285-468|g.4980223G>A(p.Pro367Ser),0.23608875,0.22451854,36961.1015625,36321.0859375,0.00581854722,0.00558483042
2440,CAMTA2_O94983_AD_285-468|g.4980106C>T(p.Ala406Thr),0.18738651,0.2372284,54116.68359375,54316.38671875,0.00609577121,0.00823385455
2441,CAMTA2_O94983_AD_285-468|g.4980169G>C(p.Gln385Glu),0.95010734,0.6983981,27991.9765625,28169.3515625,0.00475808466,0.00271216966
2442,CAMTA2_O94983_AD_285-468|g.4980238T>A(p.Thr362Ser),0.21312618,0.21580505,36363.5625,35255.30078125,0.00132388086,0.00129529845
2443,CAMTA2_O94983_AD_285-468|g.4979937A>G(p.Ile462Thr),0.055864334,0.078846216,27456.2265625,31639.2734375,0.000141109907,0.000286111434
2444,CAMTA2_O94983_AD_285-468|g.4980187G>A(p.Arg379Cys),0.9087293,0.39761877,39472.55078125,32888.72265625,0.0156916473,0.0019064903
2445,CAMTA2_O94983_AD_285-468|g.4980237G>T(p.Thr362Asn),0.2266612,0.21580505,37786.91796875,35255.30078125,0.0012240205,0.00129529845
2446,CAMTA2_O94983_AD_285-468|g.4980294T>C(p.His343Arg),-0.16902518,-0.15277457,42529.0078125,44599.4453125,0.000165496633,0.00027405069
2447,CAMTA2_O94983_AD_285-468|g.4980148C>T(p.Gly392Arg),0.58961177,0.9165418,37765.54296875,40887.0625,0.00272260467,0.00439648796
2448,CAMTA2_O94983_AD_285-468|g.4980184A>G(p.Phe380Leu),0.29177213,0.50043786,30778.23046875,29193.2578125,0.00117565563,0.00166409137
2449,CAMTA2_O94983_AD_285-468|g.4980105G>T(p.Ala406Asp),0.20267224,0.2372284,54378.15234375,54316.38671875,0.00930743571,0.00823385455
2450,CAMTA2_O94983_AD_285-468|g.4980267G>A(p.Pro352Leu),0.2479968,0.32356644,28814.63671875,22681.80859375,0.000639736536,0.000351387484
2451,CAMTA2_O94983_AD_285-468|g.4979943G>A(p.Pro460Leu),0.13500524,0.078846216,41733.48828125,31639.2734375,0.000562974659,0.00028454588
2452,CAMTA2_O94983_AD_285-468|g.4979973C>T(p.Gly450Glu),0.089411974,0.078846216,31625.8203125,31639.2734375,0.0205325298,0.0110923527
2453,KDM5B_Q9UGL1_AD_1302-1391|g.202731024T>C(p.Gln1354Arg),0.46467853,1.362386,57067.875,64791.58203125,0.449009866,0.850818515
2454,KDM5B_Q9UGL1_AD_1302-1391|g.202730934G>A(p.Ser1384Leu),1.3711468,1.4850318,31001.90234375,21701.33984375,4.71565145e-05,2.64979462e-05
2455,KDM5B_Q9UGL1_AD_1302-1391|g.202730979G>A(p.Thr1369Ile),1.3369243,1.4850318,36914.859375,35481.33203125,0.00687951129,0.00410561636
2456,KDM5B_Q9UGL1_AD_1302-1391|g.202730996A>C(p.Ile1363Met),1.6417869,1.4850318,47843.19921875,47157.125,0.337554008,0.331760675
2457,KDM5B_Q9UGL1_AD_1302-1391|g.202731881G>C(p.Thr1323Ser),2.3153534,2.254913,50093.96875,49917.46875,0.146992639,0.142587483
2458,KDM5B_Q9UGL1_AD_1302-1391|g.202731938A>G(p.Val1304Ala),2.3226948,2.254913,43978.38671875,45228.546875,0.000582912238,0.000832530321
2459,KDM5B_Q9UGL1_AD_1302-1391|g.202730998T>A(p.Ile1363Phe),1.9725688,1.4850318,51054.88671875,47157.125,0.639968276,0.331760675
2460,KDM5B_Q9UGL1_AD_1302-1391|g.202731054G>A(p.Pro1344Leu),0.14130235,0.40072536,82673.8828125,70957.0703125,0.445549488,0.156596839
2461,KDM5B_Q9UGL1_AD_1302-1391|g.202731028C>T(p.Ala1353Thr),1.4988098,1.403533,68742.921875,70405.109375,0.923053861,0.918579817
2462,KDM5B_Q9UGL1_AD_1302-1391|g.202731866G>A(p.Ser1328Phe),1.7411642,1.8402249,95644.515625,63453.6640625,0.579818666,0.158874333
2463,KDM5B_Q9UGL1_AD_1302-1391|g.202730918G>T(p.Ser1389Arg),1.4052504,1.4850318,23639.04296875,21701.33984375,3.94783747e-05,7.05516868e-05
2464,KDM5B_Q9UGL1_AD_1302-1391|g.202730949T>A(p.Gln1379Leu),1.5125353,1.4850318,21625.31640625,21701.33984375,0.00067807961,0.000301003252
2465,KDM5B_Q9UGL1_AD_1302-1391|g.202731932T>C(p.Gln1306Arg),1.8558433,2.254913,40379.67578125,45228.546875,0.00397125306,0.00640975544
2466,KDM5B_Q9UGL1_AD_1302-1391|g.202730953G>C(p.Gln1378Glu),1.4748614,1.4850318,19885.28515625,21701.33984375,0.00059162156,0.000360048842
2467,KDM5B_Q9UGL1_AD_1302-1391|g.202731027G>T(p.Ala1353Asp),3.062543,1.403533,99450.1015625,70405.109375,0.982335508,0.918579817
2468,KDM5B_Q9UGL1_AD_1302-1391|g.202731926G>A(p.Pro1308Leu),2.5697532,2.254913,47026.20703125,45228.546875,0.00632573804,0.00302415225
2469,KDM5B_Q9UGL1_AD_1302-1391|g.202731929G>A(p.Pro1307Leu),2.2952347,2.254913,47085.34765625,45228.546875,0.0116929933,0.00584256649
2470,KDM5B_Q9UGL1_AD_1302-1391|g.202731931T>G(p.Gln1306His),2.2468455,2.254913,45381.53125,45228.546875,0.00625087274,0.00640975544
2471,KDM5B_Q9UGL1_AD_1302-1391|g.202731056A>T(p.Ser1343Arg),0.09166741,0.17371368,49760.62109375,69574.8125,0.108732626,0.253946364
2472,KDM5B_Q9UGL1_AD_1302-1391|g.202731006A>G(p.Leu1360Pro),1.8148239,1.3092296,48010.6640625,51785.31640625,0.814488113,0.883622527
2473,KDM5B_Q9UGL1_AD_1302-1391|g.202731871C>A(p.Leu1326Phe),3.752745,3.0461001,66060.0078125,55921.06640625,0.223264784,0.123192661
2474,KDM5B_Q9UGL1_AD_1302-1391|g.202730929C>T(p.Val1386Met),1.4126751,1.4850318,17874.16796875,21701.33984375,2.70436303e-05,2.71426125e-05
2475,KDM5B_Q9UGL1_AD_1302-1391|g.202730928A>G(p.Val1386Ala),1.4164641,1.4850318,16413.35546875,21701.33984375,1.90819101e-05,2.71426125e-05
2476,KDM5B_Q9UGL1_AD_1302-1391|g.202730932G>A(p.Pro1385Ser),1.5039449,1.4850318,17738.703125,21701.33984375,3.42466337e-05,3.19772662e-05
2477,KDM5B_Q9UGL1_AD_1302-1391|g.202731045T>C(p.Asn1347Ser),0.74617887,0.895839,54246.5546875,59397.9609375,0.268230021,0.278801173
2478,KDM5B_Q9UGL1_AD_1302-1391|g.202731920G>A(p.Thr1310Ile),2.318679,2.254913,54781.265625,45228.546875,0.00894128811,0.00429905718
2479,KDM5B_Q9UGL1_AD_1302-1391|g.202730940C>T(p.Arg1382Gln),1.6051197,1.4850318,16881.16796875,21701.33984375,0.000162578683,0.00010404145
2480,KDM5B_Q9UGL1_AD_1302-1391|g.202731834G>A(p.Leu1339Phe),2.7072976,2.7502427,102893.3828125,81705.171875,0.197441936,0.11935766
2481,KDM5B_Q9UGL1_AD_1302-1391|g.202731063C>G(p.Gly1341Ala),0.34697723,0.53923774,67092.4296875,96778.4453125,0.109723769,0.0931837261
2482,KDM5B_Q9UGL1_AD_1302-1391|g.202730991T>A(p.Glu1365Val),0.7324449,1.4850318,35881.65234375,42423.79296875,0.0264857281,0.0626442805
2483,KDM5B_Q9UGL1_AD_1302-1391|g.202731914G>A(p.Ser1312Leu),2.3262925,2.254913,58877.51953125,45228.546875,0.0394820794,0.0170618873
2484,KDM5B_Q9UGL1_AD_1302-1391|g.202730994T>C(p.Gln1364Arg),0.7817981,1.4850318,35406.265625,43597.95703125,0.0268523227,0.0734200627
2485,KDM5B_Q9UGL1_AD_1302-1391|g.202731898A>T(p.Asp1317Glu),2.3814363,2.254913,38673.3046875,45228.546875,0.0587501451,0.0768097639
2486,KDM5B_Q9UGL1_AD_1302-1391|g.202730995G>C(p.Gln1364Glu),2.2091458,1.4850318,45269.46875,43597.95703125,0.194671825,0.0734200627
2487,KDM5B_Q9UGL1_AD_1302-1391|g.202730977A>C(p.Leu1370Val),1.3087637,1.4850318,40160.16796875,39414.79296875,0.00210285955,0.00370693952
2488,KDM5B_Q9UGL1_AD_1302-1391|g.202730942G>C(p.Asp1381Glu),1.4316714,1.4850318,21726.22265625,21701.33984375,0.000183885015,0.000188081627
2489,KDM5B_Q9UGL1_AD_1302-1391|g.202730932G>T(p.Pro1385Thr),1.4496146,1.4850318,17900.32421875,21701.33984375,3.33630487e-05,3.19772662e-05
2490,KDM5B_Q9UGL1_AD_1302-1391|g.202731848C>T(p.Arg1334Gln),2.8475778,2.3898976,107445.2578125,79240.59375,0.0259103011,0.0144833103
2491,NFIX_Q14938_AD_414-502|g.13088001G>A(p.Gly423Ser),-0.14982843,-0.14495611,31318.08203125,30609.08984375,0.000798274181,0.00082365406
2492,NFIX_Q14938_AD_414-502|g.13088058C>G(p.Pro442Ala),-0.08639574,-0.08094716,34738.96484375,34471.703125,0.00160595367,0.00153642124
2493,NFIX_Q14938_AD_414-502|g.13090331C>T(p.Arg479Trp),0.7860801,0.45798206,52204.73046875,39927.1953125,0.157144397,0.0116681615
2494,NFIX_Q14938_AD_414-502|g.13088038C>T(p.Pro435Leu),-0.12778425,-0.14495611,26552.11328125,25804.87109375,0.0106379269,0.00434452249
2495,NFIX_Q14938_AD_414-502|g.13090340A>G(p.Ser482Gly),0.5138602,0.45798206,79756.296875,79334.71875,0.0110416841,0.0109632155
2496,NFIX_Q14938_AD_414-502|g.13090353G>A(p.Arg486Gln),0.7462065,0.45798206,86563.71875,85798.5546875,0.00935226306,0.005257532
2497,NFIX_Q14938_AD_414-502|g.13088118T>A(p.Leu462Met),0.037552834,0.06190014,32720.181640625,31012.85546875,0.000594106677,0.000760389084
2498,NFIX_Q14938_AD_414-502|g.13090389A>C(p.Gln498Pro),0.51278865,0.45798206,93311.921875,85798.5546875,0.041164875,0.0315462053
2499,NFIX_Q14938_AD_414-502|g.13088017C>T(p.Pro428Leu),-0.12934303,-0.14495611,34613.3203125,30609.08984375,0.00101231365,0.000514825049
2500,NFIX_Q14938_AD_414-502|g.13090346G>A(p.Gly484Arg),0.27094555,0.45798206,72425.90625,85798.5546875,0.00201530661,0.00456444733
2501,NFIX_Q14938_AD_414-502|g.13088097A>G(p.Thr455Ala),-0.0023663044,-0.005879879,35922.94921875,32876.8671875,0.000657253549,0.000623589207
2502,NFIX_Q14938_AD_414-502|g.13081853C>G(p.Gln418Glu),-0.13640308,-0.14495611,31152.2890625,30609.08984375,0.000415652612,0.00025641828
2503,NFIX_Q14938_AD_414-502|g.13088104C>T(p.Pro457Leu),-0.0009365082,-0.038491726,30266.20703125,28401.15625,0.00192534132,0.000877824437
2504,NFIX_Q14938_AD_414-502|g.13090304G>A(p.Ala470Thr),0.32756066,0.2813282,21572.8046875,21902.15625,0.00275486475,0.002959284
2505,NFIX_Q14938_AD_414-502|g.13088092C>T(p.Thr453Ile),0.018860579,0.0053725243,34269.65234375,32633.34375,0.000591472664,0.000299632928
2506,NFIX_Q14938_AD_414-502|g.13088049G>A(p.Val439Met),-0.019766808,-0.039943695,24908.234375,24603.984375,0.00121538911,0.0011603561
2507,TCF4_P15884_AD_340-400|g.55257362C>G(p.Gly367Arg),0.05390668,0.12572765,39977.1796875,39307.23828125,0.00054043,0.00104846
2508,TCF4_P15884_AD_340-400|g.55259982A>C(p.Ser346Ala),0.007755518,0.03396225,34539.19140625,34516.859375,0.00063622,0.00060718
2509,TCF4_P15884_AD_340-400|g.55257356C>T(p.Ala369Thr),0.24822187,0.23968196,37531.66796875,37529.70703125,0.00197963,0.00249244
2510,TCF4_P15884_AD_340-400|g.55254690A>G(p.Ile386Thr),0.21295595,0.29761767,66329.984375,63123.83984375,0.01839906,0.04317586
2511,TCF4_P15884_AD_340-400|g.55254667C>G(p.Asp394His),0.12018204,0.29761767,69043.4765625,63123.83984375,0.00468321,0.01337233
2512,TCF4_P15884_AD_340-400|g.55254652C>T(p.Val399Ile),0.44432807,0.29761767,63732.83984375,63123.83984375,0.01001559,0.00613086
2513,TCF4_P15884_AD_340-400|g.55259955G>T(p.Leu355Ile),0.07791281,0.03396225,33553.3203125,34516.859375,0.00111385,0.00114796
2514,TCF4_P15884_AD_340-400|g.55254693C>T(p.Arg385Gln),0.63060117,0.29761767,65014.66015625,63123.83984375,0.04219535,0.01893819
2515,TCF4_P15884_AD_340-400|g.55257321G>C(p.His380Gln),0.25963688,0.29761767,53662.8828125,58123.390625,0.00478671,0.00456472
2516,YY1_P25490_AD_1-69|g.100239341G>A(p.Val33Met),2.1682103,1.8338375,18800.49609375,16999.44921875,0.0428511985,0.0296850577
2517,YY1_P25490_AD_1-69|g.100239292G>A(p.Met16Ile),2.7200851,2.6395152,61480.8828125,70270.2109375,0.0971710607,0.0632807463
2518,YY1_P25490_AD_1-69|g.100239391C>G(p.Asp49Glu),1.1174909,1.0971649,13186.4931640625,14260.8212890625,0.00615948671,0.00801783986
2519,YY1_P25490_AD_1-69|g.100239382G>T(p.Glu46Asp),1.1105323,1.0971649,14181.0009765625,14416.7587890625,0.0110722333,0.00917966198
2520,YY1_P25490_AD_1-69|g.100239394C>G(p.Asp50Glu),1.1231649,1.0971649,11509.1572265625,13443.4619140625,0.00457564928,0.00586054102
2521,YY1_P25490_AD_1-69|g.100239301G>C(p.Glu19Asp),2.746849,2.6395152,78580.3359375,70270.2109375,0.239000499,0.182367593
2522,YY1_P25490_AD_1-69|g.100239270T>A(p.Ile9Asn),2.1770082,2.6395152,65483.19921875,70270.2109375,0.0140798353,0.0262506027
2523,YY1_P25490_AD_1-69|g.100239324A>T(p.Glu27Val),1.6713402,1.9064353,47924.0390625,28968.74609375,0.0471259989,0.0557812229
2524,YY1_P25490_AD_1-69|g.100239445C>A(p.His67Gln),1.0694561,1.0971649,13550.6455078125,13443.4619140625,0.00012613181,0.000123666687
2525,YY1_P25490_AD_1-69|g.100239388C>G(p.Asp48Glu),1.0890191,1.0971649,14616.8056640625,14616.7705078125,0.00511175022,0.00671903556
2526,YY1_P25490_AD_1-69|g.100239246T>A(p.Met1Lys),2.039932,2.6395152,52868.88671875,70270.2109375,0.00129210774,0.00420817034
2527,YY1_P25490_AD_1-69|g.100239437C>T(p.His65Tyr),1.3394406,1.0971649,13612.1533203125,13443.4619140625,0.00046017,0.000184568504
2528,YY1_P25490_AD_1-69|g.100239382G>C(p.Glu46Asp),1.1105323,1.0971649,14181.0009765625,14416.7587890625,0.0110722333,0.00917966198
2529,YY1_P25490_AD_1-69|g.100239362G>A(p.Val40Met),1.3715376,1.0971649,23468.09765625,22219.125,0.0314817615,0.0241975971
2530,YY1_P25490_AD_1-69|g.100239400G>C(p.Glu52Asp),1.038455,1.0971649,13724.0751953125,13443.4619140625,0.00696744677,0.00498723192
2531,YY1_P25490_AD_1-69|g.100239399A>C(p.Glu52Ala),1.07155,1.0971649,13499.4267578125,13443.4619140625,0.00365180289,0.00498723192
2532,YY1_P25490_AD_1-69|g.100239449G>A(p.Gly69Ser),1.0286815,1.0971649,14265.1416015625,13443.4619140625,8.50275828e-05,8.68993011e-05
2533,YY1_P25490_AD_1-69|g.100239447C>G(p.Ala68Gly),1.1139109,1.0971649,13816.9228515625,13443.4619140625,0.000114824594,0.000118337673
2534,YY1_P25490_AD_1-69|g.100239245A>C(p.Met1Leu),2.574657,2.6395152,79169.8046875,70270.2109375,0.00529255345,0.00420817034
2535,YY1_P25490_AD_1-69|g.100239266T>A(p.Tyr8Asn),1.8394296,2.6395152,51015.15625,70270.2109375,0.00790243037,0.0171738192
2536,YY1_P25490_AD_1-69|g.100239366T>G(p.Val41Gly),0.98469234,1.0971649,17511.58984375,19391.38671875,0.0115528656,0.0157794654
2537,YY1_P25490_AD_1-69|g.100239446G>A(p.Ala68Thr),1.0439504,1.0971649,13676.7744140625,13443.4619140625,0.000111036643,0.000118337673
2538,YY1_P25490_AD_1-69|g.100239251T>A(p.Ser3Thr),2.5638053,2.6395152,67969.296875,70270.2109375,0.00445154868,0.00458202558
2539,YY1_P25490_AD_1-69|g.100239251T>G(p.Ser3Ala),2.3306217,2.6395152,70099.578125,70270.2109375,0.00452286564,0.00458202558
2540,YY1_P25490_AD_1-69|g.100239264T>A(p.Leu7His),1.8896977,2.6395152,68495.6171875,70270.2109375,0.00534238666,0.0165821407
2541,YY1_P25490_AD_1-69|g.100239380G>A(p.Glu46Lys),0.9705808,1.0971649,15574.3798828125,14416.7587890625,0.00170718785,0.00917966198
2542,YY1_P25490_AD_1-69|g.100239438A>G(p.His65Arg),0.96226525,1.0971649,13641.2431640625,13443.4619140625,0.000129224543,0.000184568504
2543,YY1_P25490_AD_1-69|g.100239385G>C(p.Glu47Asp),1.0874159,1.0971649,15755.4619140625,14939.2236328125,0.00943324622,0.00742897717
2544,YY1_P25490_AD_1-69|g.100239246T>G(p.Met1Arg),2.0901217,2.6395152,52392.1328125,70270.2109375,0.00153424591,0.00420817034
2545,YY1_P25490_AD_1-69|g.100239383G>A(p.Glu47Lys),0.9368603,1.0971649,17430.17578125,14939.2236328125,0.00173334719,0.00742897717
2546,NFIA_Q12857_AD_427-509|g.61426503G>A(p.Val487Ile),0.3944788,0.41262317,54751.21875,50737.1171875,0.00674518151,0.00449332641
2547,NFIA_Q12857_AD_427-509|g.61426468A>G(p.Tyr475Cys),-0.044990063,-0.04130292,20085.7890625,21447.25390625,0.000452726759,0.000682782265
2548,NFIA_Q12857_AD_427-509|g.61426491G>A(p.Ala483Thr),0.4596789,0.41262317,35137.5859375,34555.64453125,0.00141481264,0.00120421522
2549,NFIA_Q12857_AD_427-509|g.61406629C>T(p.Pro441Leu),-0.098080635,-0.10144925,26999.1171875,26606.35546875,0.00757992733,0.00338391168
2550,NFIA_Q12857_AD_427-509|g.61406662C>T(p.Pro452Leu),-0.121216774,-0.12236643,24477.38671875,22575.71875,0.00032155824,0.000146768318
2551,NFIA_Q12857_AD_427-509|g.61426519G>A(p.Arg492Gln),0.5657208,0.41262317,59837.00390625,63302.36328125,0.00380322407,0.00223004003
2552,NFIA_Q12857_AD_427-509|g.61426503G>C(p.Val487Leu),0.33698964,0.41262317,54044.44921875,50737.1171875,0.00635809451,0.00449332641
2553,NFIA_Q12857_AD_427-509|g.61406719C>A(p.Thr471Lys),-0.068769455,-0.026917696,38255.125,36903.125,4.23966267e-05,9.28052104e-05
2554,NFIA_Q12857_AD_427-509|g.61406652G>C(p.Val449Leu),-0.121533394,-0.10144925,28083.4375,27917.15625,0.00020693148,0.00014871094
2555,NFIA_Q12857_AD_427-509|g.61406638C>T(p.Pro444Leu),-0.08401203,-0.10144925,28098.67578125,26606.35546875,0.00315056439,0.00148803438
2556,NFIA_Q12857_AD_427-509|g.61426498G>A(p.Arg485Gln),0.53116345,0.41262317,45892.453125,42342.015625,0.00582386786,0.00276369252
2557,ESR2_Q92731_AD_1-148|g.64282922T>C(p.Ile22Val),0.82991815,0.7368789,32557.63671875,33817.86328125,0.0592814647,0.0844732076
2558,ESR2_Q92731_AD_1-148|g.64282651G>A(p.Ser112Leu),-0.11887312,-0.10141349,43864.20703125,43586.5,0.0027862459,0.000944795553
2559,ESR2_Q92731_AD_1-148|g.64282708C>T(p.Arg93His),0.088490486,-0.0094919205,47006.3671875,44382.28125,0.00498269079,0.00292913592
2560,ESR2_Q92731_AD_1-148|g.64282775G>A(p.Arg71Trp),0.21192312,0.08388114,80449.59375,62514.97265625,0.0368345678,0.00555473519
2561,ESR2_Q92731_AD_1-148|g.64280085C>G(p.Arg144Thr),-0.049972057,-0.06355667,23973.46875,26475.15625,0.000214521089,0.000114785958
2562,ESR2_Q92731_AD_1-148|g.64282687G>A(p.Ala100Val),-0.06208086,-0.07921457,60736.32421875,60751.8125,0.00534430519,0.00403228076
2563,ESR2_Q92731_AD_1-148|g.64282877C>T(p.Val37Ile),1.515213,1.3285046,121843.6875,114635.875,0.240352169,0.164883137
2564,ESR2_Q92731_AD_1-148|g.64282712G>A(p.His92Tyr),-0.018467426,0.010550261,53065.7890625,54234.15625,0.00496798847,0.00187721092
2565,ESR2_Q92731_AD_1-148|g.64282873T>C(p.Asp38Gly),1.0599142,1.7303674,95606.921875,113030.2265625,0.084468767,0.142213374
2566,ESR2_Q92731_AD_1-148|g.64280116C>T(p.Ala134Thr),-0.05617094,-0.06355667,26926.359375,26475.15625,3.30674557e-05,3.49826623e-05
2567,ESR2_Q92731_AD_1-148|g.64280115G>A(p.Ala134Val),-0.040281534,-0.06355667,28164.8046875,26475.15625,4.66949678e-05,3.49826623e-05
2568,ESR2_Q92731_AD_1-148|g.64282755A>T(p.Asn77Lys),0.014678001,0.096224785,44659.77734375,45402.53125,0.0050723739,0.0162400529
2569,ESR2_Q92731_AD_1-148|g.64282771T>C(p.Gln72Arg),0.0072865486,0.06444216,67292.1484375,70420.1953125,0.00241885101,0.0039023275
2570,ESR2_Q92731_AD_1-148|g.64282696T>C(p.His97Arg),-0.088000774,-0.046300888,35284.71484375,38734.96875,0.00145383715,0.00288470229
2571,ESR2_Q92731_AD_1-148|g.64282895A>G(p.Tyr31His),1.0291525,1.1361439,84333.7109375,90951.8359375,0.026348874,0.0795787126
2572,ESR2_Q92731_AD_1-148|g.64282804T>C(p.Asn61Ser),0.22036743,0.23376465,55240.234375,54952.5625,0.00376276742,0.00355415675
2573,ESR2_Q92731_AD_1-148|g.64282834G>A(p.Pro51Leu),0.29562068,0.95339847,46496.41015625,53874.921875,0.262854904,0.111913957
2574,ESR2_Q92731_AD_1-148|g.64282825A>C(p.Met54Arg),0.84011984,1.3218739,33462.5234375,44871.35546875,0.0130667379,0.043200992
2575,ESR2_Q92731_AD_1-148|g.64280091G>A(p.Ser142Leu),-0.05431366,-0.06355667,31605.19921875,26475.15625,0.000126593062,7.16346185e-05
2576,ESR2_Q92731_AD_1-148|g.64280121C>T(p.Arg132His),-0.055161,-0.06355667,27617.01171875,26475.15625,2.66295992e-05,1.72624277e-05
2577,ESR2_Q92731_AD_1-148|g.64282744G>C(p.Pro81Arg),0.013148308,0.093015194,47127.484375,47993.21484375,0.00221774727,0.00616714731
2578,ESR2_Q92731_AD_1-148|g.64282695A>T(p.His97Gln),-0.040858507,-0.046300888,39853.3828125,38734.96875,0.00303769647,0.00288470229
2579,ESR2_Q92731_AD_1-148|g.64282765G>C(p.Thr74Arg),-0.03834319,0.007842779,43144.41015625,43109.6171875,0.00197201571,0.00392834796
2580,ESR2_Q92731_AD_1-148|g.64282907G>A(p.His27Tyr),1.014953,0.9386151,69180.28125,56734.8203125,0.242416054,0.0698516518
2581,ESR2_Q92731_AD_1-148|g.64280116C>A(p.Ala134Ser),-0.051414013,-0.06355667,27081.90625,26475.15625,3.4102588e-05,3.49826623e-05
2582,ESR2_Q92731_AD_1-148|g.64282904C>T(p.Gly28Ser),0.58124876,0.5729836,54282.66796875,55559.79296875,0.0454073958,0.0442348793
2583,ESR2_Q92731_AD_1-148|g.64282967G>A(p.Pro7Ser),0.72880125,0.7368789,47143.75,47500.36328125,0.000943561725,0.000931297371
2584,ESR2_Q92731_AD_1-148|g.64282865G>A(p.His41Tyr),1.904124,1.648117,115478.515625,107115.0,0.546818495,0.179904804
2585,ESR2_Q92731_AD_1-148|g.64280106A>G(p.Val137Ala),-0.07170296,-0.06355667,25895.69921875,26475.15625,3.50319024e-05,4.86387798e-05
2586,ESR2_Q92731_AD_1-148|g.64282768G>A(p.Thr73Ile),0.05588007,0.04690647,65728.8125,73640.109375,0.00601268001,0.00314842071
2587,ESR2_Q92731_AD_1-148|g.64282697G>A(p.His97Tyr),-0.041894674,-0.046300888,42342.8359375,38734.96875,0.0108344471,0.00288470229
2588,ESR2_Q92731_AD_1-148|g.64282964A>T(p.Ser8Thr),0.7638577,0.7368789,46496.08984375,47500.36328125,0.000939557911,0.00100085861
2589,ESR2_Q92731_AD_1-148|g.64282910C>T(p.Glu26Lys),0.22441006,0.5833955,35820.92578125,42723.15234375,0.0190411005,0.0909916013
2590,ESR2_Q92731_AD_1-148|g.64280082T>C(p.Asp145Gly),-0.037441254,-0.06355667,29878.90234375,26475.15625,0.000107647546,0.000146814651
2591,ESR2_Q92731_AD_1-148|g.64282720A>G(p.Leu89Ser),0.11826801,0.04379654,47260.91015625,43559.2890625,0.00953025557,0.0157322437
2592,ESR2_Q92731_AD_1-148|g.64282922T>A(p.Ile22Phe),0.99935985,0.7368789,45091.7421875,33817.86328125,0.184084684,0.0844732076
2593,ESR2_Q92731_AD_1-148|g.64282970A>C(p.Ser6Ala),0.7203152,0.7368789,48504.91015625,47500.36328125,0.000714752066,0.000723709003
2594,ESR2_Q92731_AD_1-148|g.64280089T>G(p.Lys143Gln),-0.02377367,-0.06355667,24725.9609375,26475.15625,0.000222163289,0.000118021002
2595,ESR2_Q92731_AD_1-148|g.64282694G>T(p.Leu98Met),-0.056150198,-0.05844474,40350.3046875,41476.2734375,0.00185222074,0.00222714106
2596,ESR2_Q92731_AD_1-148|g.64280122G>C(p.Arg132Gly),-0.061039686,-0.06355667,27470.96484375,26475.15625,3.24841021e-05,1.72624277e-05
2597,ESR2_Q92731_AD_1-148|g.64282745G>T(p.Pro81Thr),0.08377266,0.093015194,46734.8515625,47993.21484375,0.0060069114,0.00616714731
2598,ESR2_Q92731_AD_1-148|g.64280095C>A(p.Gly141Cys),-0.020255089,-0.06355667,27655.35546875,26475.15625,9.93855938e-05,6.46344706e-05
2599,ESR2_Q92731_AD_1-148|g.64282688C>T(p.Ala100Thr),-0.07341766,-0.07921457,59194.49609375,60751.8125,0.00400824472,0.00403228076
2600,ESR2_Q92731_AD_1-148|g.64280134C>G(p.Val128Leu),-0.077980995,-0.06355667,20975.47265625,20999.0859375,9.3280767e-05,8.44170427e-05
2601,ESR2_Q92731_AD_1-148|g.64280136T>C(p.Lys127Arg),-0.022408485,-0.06355667,28194.734375,27738.08203125,0.000104089086,9.4421106e-05
2602,ESR2_Q92731_AD_1-148|g.64282787C>T(p.Gly67Ser),0.08477688,0.09172988,46267.25390625,49604.50390625,0.00653182482,0.00669122767
2603,ESR2_Q92731_AD_1-148|g.64282870C>T(p.Ser39Asn),2.1195893,1.905282,114033.578125,109852.875,0.136874542,0.157383502
2604,ESR2_Q92731_AD_1-148|g.64282754C>A(p.Val78Leu),0.1773789,0.1414113,47344.08203125,47744.30078125,0.0181465894,0.00911377463
2605,ESR2_Q92731_AD_1-148|g.64282628T>A(p.Asn120Tyr),-0.037843227,-0.06355667,30151.63671875,28758.3359375,0.000802236085,0.000299949868
2606,ESR2_Q92731_AD_1-148|g.64282774C>T(p.Arg71Gln),0.13975954,0.08388114,64121.984375,62514.97265625,0.00763878226,0.00555473519
2607,MEIS2_O14770_AD_340-477|g.36892332C>T(p.Met425Ile),0.09069848,0.14251637,44740.59765625,42443.78515625,0.00086178,0.00068977
2608,MEIS2_O14770_AD_340-477|g.36892288A>G(p.Met440Thr),0.10601497,0.15243912,38568.921875,41668.05859375,0.00042719,0.00071436
2609,MEIS2_O14770_AD_340-477|g.36892381G>A(p.Pro409Leu),0.36494732,0.36603642,50702.01953125,48731.8828125,0.00052239,0.0002462
2610,MEIS2_O14770_AD_340-477|g.36892420C>T(p.Gly396Asp),0.41326308,0.26135468,36326.62890625,36660.66796875,0.00457494,0.00281284
2611,MEIS2_O14770_AD_340-477|g.36892300G>T(p.Pro436Gln),0.06766009,0.09507036,56179.046875,55732.53125,0.00049676,0.0005917
2612,MEIS2_O14770_AD_340-477|g.36892339G>C(p.Pro423Arg),0.085311174,0.1876049,54091.875,53042.203125,9.61325713e-05,0.00018661
2613,MEIS2_O14770_AD_340-477|g.36895169T>G(p.Met377Leu),1.4246447,1.4213513,32085.97265625,32400.19140625,0.00788283,0.00652368
2614,MEIS2_O14770_AD_340-477|g.36892321A>G(p.Leu429Ser),0.02123785,0.036096096,42533.13671875,43064.80078125,0.000364529231,0.00081052
2615,MEIS2_O14770_AD_340-477|g.36892235T>A(p.Thr458Ser),0.4820614,0.4167211,46758.2890625,48841.01953125,0.00190385,0.00183696
2616,MEIS2_O14770_AD_340-477|g.36892255G>C(p.Thr451Ser),0.41532135,0.4167211,34345.84375,34960.609375,0.00100777,0.00098707
2617,MEIS2_O14770_AD_340-477|g.36892441C>G(p.Gly389Ala),0.5183532,0.5717418,50023.890625,51379.00390625,0.00411775,0.00414686
2618,MEIS2_O14770_AD_340-477|g.36892437G>C(p.Asp390Glu),0.41389418,0.4930228,34628.37109375,36187.921875,0.00230022,0.0026555
2619,MEIS2_O14770_AD_340-477|g.36892177T>C(p.Gln477Arg),0.2641859,0.4167211,49410.2109375,48841.01953125,0.00038459,0.00059771
2620,MEIS2_O14770_AD_340-477|g.36892183T>C(p.His475Arg),0.21961498,0.4167211,63083.31640625,48841.01953125,0.0005121,0.00080401
2621,MEIS2_O14770_AD_340-477|g.36892345T>C(p.His421Arg),0.091385126,0.13636947,51333.46875,57174.25390625,0.00014381,0.00024086
2622,MEIS2_O14770_AD_340-477|g.36895159C>G(p.Arg380Pro),1.4524568,0.9592612,34245.6171875,33560.30078125,0.01830838,0.00865726
2623,MEIS2_O14770_AD_340-477|g.36892210T>C(p.Asn466Ser),0.48260975,0.4167211,50449.3046875,48841.01953125,0.00333478,0.00307426
2624,MEIS2_O14770_AD_340-477|g.36892304G>A(p.His435Tyr),0.16411662,0.097821236,72994.0859375,71069.65625,0.00101756,0.00031518
2625,MEIS2_O14770_AD_340-477|g.36892309G>C(p.Pro433Arg),0.069387674,0.13644457,64811.421875,68152.65625,0.00016343,0.00035496
2626,MEIS2_O14770_AD_340-477|g.36892334T>C(p.Met425Val),0.09488106,0.14251637,40505.48828125,42443.78515625,0.00064368,0.00068977
2627,MEIS2_O14770_AD_340-477|g.36892360G>C(p.Pro416Arg),0.13037133,0.18749261,34122.0546875,36257.0234375,0.000244094539,0.00049585
2628,MEIS2_O14770_AD_340-477|g.36892433C>T(p.Val392Ile),0.54087305,0.42702007,30498.61328125,29346.4921875,0.0025974,0.00184801
2629,MEIS2_O14770_AD_340-477|g.36892253T>C(p.Met452Val),0.3865893,0.4167211,35589.59765625,35754.55078125,0.00077952,0.00082009
2630,MEIS2_O14770_AD_340-477|g.36892207A>G(p.Val467Ala),0.3235469,0.4167211,47810.6484375,48841.01953125,0.00157754,0.00223722
2631,MEIS2_O14770_AD_340-477|g.36892255G>A(p.Thr451Ile),0.47141576,0.4167211,40755.75390625,34960.609375,0.00188528,0.00098707
2632,MEIS2_O14770_AD_340-477|g.36892426T>C(p.Gln394Arg),0.14091301,0.2786479,40438.421875,42703.23828125,0.00201056,0.00334135
2633,MEIS2_O14770_AD_340-477|g.36892332C>G(p.Met425Ile),0.09069848,0.14251637,44740.59765625,42443.78515625,0.00086178,0.00068977
2634,MEIS2_O14770_AD_340-477|g.36892387T>A(p.Tyr407Phe),0.63122344,0.49562156,46620.43359375,41831.79296875,0.00039376,0.00026548
2635,MEIS2_O14770_AD_340-477|g.36892277G>T(p.Pro444Thr),0.46223593,0.4436679,79825.8046875,76716.5390625,0.00030954,0.00029827
2636,MEIS2_O14770_AD_340-477|g.36892402A>G(p.Met402Thr),0.248909,0.3022151,27251.19140625,33681.11328125,0.00083281,0.00133668
2637,MEIS2_O14770_AD_340-477|g.36895229C>T(p.Ala357Thr),2.5548506,2.591035,60649.9765625,62254.4296875,0.03767942,0.03936293
2638,MEIS2_O14770_AD_340-477|g.36892381G>T(p.Pro409His),0.34796548,0.36603642,48460.6875,48731.8828125,0.0002011,0.0002462
2639,MEIS2_O14770_AD_340-477|g.36892199G>C(p.Gln470Glu),0.54426026,0.4167211,47223.234375,48841.01953125,0.00501747,0.0030439
2640,MEIS2_O14770_AD_340-477|g.36892396T>A(p.Gln404Leu),0.4031,0.35399628,45089.2421875,40823.56640625,0.00275074,0.00108314
2641,MEIS2_O14770_AD_340-477|g.36895153G>A(p.Ala382Val),1.1830392,1.082422,37970.359375,38616.51953125,0.00832699,0.0062969
2642,MEIS2_O14770_AD_340-477|g.36892295T>C(p.Met438Val),0.10710788,0.13231945,34272.94921875,35546.0078125,0.00130455,0.00143892
2643,MEIS2_O14770_AD_340-477|g.36892455C>A(p.Leu384Phe),1.3814363,1.1175416,63176.84375,54282.51171875,0.00749636,0.00473409
2644,MEIS2_O14770_AD_340-477|g.36892283C>T(p.Gly442Arg),0.13920283,0.20260453,51882.73046875,65104.71875,0.00025096,0.00057152
2645,MEIS2_O14770_AD_340-477|g.36892226T>A(p.Asn461Tyr),0.6135137,0.4167211,55988.66015625,48841.01953125,0.01128724,0.00423514
2646,MEIS2_O14770_AD_340-477|g.36892316T>C(p.Ser431Gly),0.10249901,0.09619975,44553.66015625,43213.03515625,0.00070387,0.00069576
2647,MEIS2_O14770_AD_340-477|g.36892232T>C(p.Met459Val),0.36282158,0.4167211,47228.6015625,48841.01953125,0.00288313,0.00342613
2648,MEIS2_O14770_AD_340-477|g.36892334T>A(p.Met425Leu),0.097011805,0.14251637,40664.9765625,42443.78515625,0.00090053,0.00068977
2649,MEIS2_O14770_AD_340-477|g.36892362G>T(p.His415Gln),0.18563414,0.23378205,36032.44921875,40722.08203125,0.00048231,0.00043852
2650,MEIS2_O14770_AD_340-477|g.36892424C>T(p.Gly395Ser),0.268569,0.23666716,33611.5625,36175.62109375,0.00219052,0.00221479
2651,MEIS2_O14770_AD_340-477|g.36892298C>T(p.Ala437Thr),0.093877316,0.12058091,49867.24609375,50298.87109375,0.00083807,0.00081993
2652,MEIS2_O14770_AD_340-477|g.36892274G>A(p.Pro445Ser),0.5383904,0.51874995,50967.8984375,53291.2265625,0.00030173,0.0002951
2653,MEIS2_O14770_AD_340-477|g.36892451T>C(p.Ser386Gly),1.0993851,1.085294,45948.7578125,45952.65234375,0.00255882,0.00257621
2654,MEIS2_O14770_AD_340-477|g.36892450C>T(p.Ser386Asn),0.98304,1.085294,41384.2890625,45952.65234375,0.00238364,0.00257621
2655,MEIS2_O14770_AD_340-477|g.36892192A>G(p.Met472Thr),0.20422006,0.4167211,41294.18359375,48841.01953125,0.00119301,0.0018673
2656,MEIS2_O14770_AD_340-477|g.36892266G>T(p.His447Gln),0.32620525,0.4167211,36449.46484375,37811.41796875,0.00076865,0.00076507
2657,MEIS2_O14770_AD_340-477|g.36892191C>T(p.Met472Ile),0.26164007,0.4167211,61970.2734375,48841.01953125,0.00215054,0.0018673
2658,MEIS2_O14770_AD_340-477|g.36892358T>G(p.Thr417Pro),0.10431671,0.1601839,33745.9453125,33002.3828125,0.00054447,0.00055928
2659,MEIS2_O14770_AD_340-477|g.36892400C>T(p.Ala403Thr),0.3824606,0.40243053,37070.89453125,40960.65234375,0.00113149,0.00117725
2660,MEIS2_O14770_AD_340-477|g.36892439C>A(p.Asp390Tyr),0.36458516,0.4930228,36843.06640625,36187.921875,0.00345415,0.0026555
2661,MEIS2_O14770_AD_340-477|g.36895157G>A(p.Pro381Ser),0.93497396,0.9148741,35718.39453125,36326.92578125,0.00829903,0.00767486
2662,MEIS2_O14770_AD_340-477|g.36892340G>A(p.Pro423Ser),0.21215224,0.1876049,52340.484375,53042.203125,0.00020997,0.00018661
2663,MEIS2_O14770_AD_340-477|g.36895181C>T(p.Gly373Ser),1.0178837,1.1679385,42155.02734375,47766.17578125,0.00652429,0.00666443
2664,MEIS2_O14770_AD_340-477|g.36892202C>T(p.Gly469Arg),0.15817165,0.4167211,52466.48046875,48841.01953125,0.0010493,0.00205516
2665,MEIS2_O14770_AD_340-477|g.36892397G>C(p.Gln404Glu),0.41342163,0.35399628,39258.25,40823.56640625,0.00189813,0.00108314
2666,MEIS2_O14770_AD_340-477|g.36892204C>G(p.Gly468Ala),0.46396613,0.4167211,48730.0703125,48841.01953125,0.00207964,0.00205709
2667,MEIS2_O14770_AD_340-477|g.36892197C>A(p.Gln470His),0.3820734,0.4167211,51004.62890625,48841.01953125,0.00300171,0.0030439
2668,MEIS2_O14770_AD_340-477|g.36892354T>G(p.Gln418Pro),0.1410389,0.1576109,34861.20703125,34883.2890625,0.00052014,0.00045213
2669,MEIS2_O14770_AD_340-477|g.36896640A>T(p.Ser342Thr),2.577597,2.591035,63334.1015625,62254.4296875,0.00176911,0.00183176
2670,MEIS2_O14770_AD_340-477|g.36892230C>T(p.Met459Ile),0.4315498,0.4167211,53016.31640625,48841.01953125,0.00410043,0.00342613
2671,MEIS2_O14770_AD_340-477|g.36895247G>A(p.Pro351Ser),2.4522352,2.591035,55381.55859375,62254.4296875,0.0029355,0.00293691
2672,MEIS2_O14770_AD_340-477|g.36892324T>A(p.Tyr428Phe),0.082816124,0.05548811,47835.8671875,44153.8359375,0.00096245,0.00058673
2673,MEIS2_O14770_AD_340-477|g.36892198T>C(p.Gln470Arg),0.23010802,0.4167211,54419.20703125,48841.01953125,0.00190383,0.0030439
2674,RORA_P35398_AD_272-385|g.60505554G>A(p.Thr299Met),0.012583971,0.083800316,43956.07421875,40772.078125,0.95749176,0.8752197
2675,RORA_P35398_AD_272-385|g.60503637T>C(p.Ile325Val),-0.09681034,-0.110378265,61159.58203125,59455.26171875,0.0351626,0.03915523
2676,RORA_P35398_AD_272-385|g.60505510T>C(p.Lys314Glu),-0.006685257,-0.06487322,67666.0234375,66403.078125,0.93820065,0.47810224
2677,RORA_P35398_AD_272-385|g.60503664G>A(p.Arg316Trp),-0.025206804,-0.047063828,82313.7578125,66874.421875,0.81692922,0.12056472
2678,RORA_P35398_AD_272-385|g.60502823A>G(p.Ser374Pro),-0.10387707,-0.10379958,41857.36328125,41538.0859375,0.02079442,0.02072594
2679,RORA_P35398_AD_272-385|g.60502790A>G(p.Tyr385His),-0.10787535,-0.10379958,40668.9609375,41538.0859375,0.000931590213,0.00245545
2680,RORA_P35398_AD_272-385|g.60503622C>T(p.Ala330Thr),-0.09940195,-0.10250473,64205.13671875,60981.7109375,0.03930215,0.03722808
2681,RORA_P35398_AD_272-385|g.60503663C>T(p.Arg316Gln),0.032497406,-0.047063828,62928.53515625,66874.421875,0.26832336,0.12056472
2682,RORA_P35398_AD_272-385|g.60505527A>G(p.Ile308Thr),0.0048294067,-0.009209633,73366.7890625,73905.5859375,0.60736161,0.92409343
2683,RORA_P35398_AD_272-385|g.60505568C>G(p.Glu294Asp),0.50876415,0.3120482,61680.2265625,51242.3046875,0.86747211,0.78690267
2684,RORA_P35398_AD_272-385|g.60505512T>C(p.Asn313Ser),-0.08275747,-0.08215642,63888.07421875,65636.3046875,0.41643599,0.46724156
2685,RORA_P35398_AD_272-385|g.60502808C>T(p.Val379Met),-0.09989381,-0.10379958,43805.640625,41538.0859375,0.00580474,0.00398815
2686,RORA_P35398_AD_272-385|g.60505571T>G(p.Glu293Asp),0.4492612,0.3120482,38583.51953125,36841.21484375,0.4869301,0.37513116
2687,RORA_P35398_AD_272-385|g.60503663C>A(p.Arg316Leu),-0.04601693,-0.047063828,71101.1328125,66874.421875,0.54333997,0.12056472
2688,TCF7L2_Q9NQB0_AD_1-53|g.112950840G>C(p.Glu28Asp),0.4575913,0.44864082,19514.01953125,17446.69921875,0.00249173,0.00230817
2689,TCF7L2_Q9NQB0_AD_1-53|g.112950869A>C(p.Glu38Ala),0.44949532,0.44864082,15790.7900390625,12471.2939453125,0.00096673,0.00144849
2690,TCF7L2_Q9NQB0_AD_1-53|g.112950847A>G(p.Ser31Gly),0.48045063,0.44864082,28631.078125,27490.875,0.00555071,0.00551206
2691,TCF7L2_Q9NQB0_AD_1-53|g.112950848G>T(p.Ser31Ile),0.57446563,0.44864082,30875.3671875,27490.875,0.01248583,0.00551206
2692,TCF7L2_Q9NQB0_AD_1-53|g.112950823G>A(p.Asp23Asn),0.46616793,0.44864082,20063.46875,18901.8984375,0.00370005,0.00600422
2693,TCF7L2_Q9NQB0_AD_1-53|g.112950860C>G(p.Ser35Cys),0.5766108,0.44864082,14325.7822265625,12471.2939453125,0.0024693,0.00151366
2694,TCF7L2_Q9NQB0_AD_1-53|g.112950856A>G(p.Asn34Asp),0.41904283,0.44864082,12065.5830078125,12471.2939453125,0.00192791,0.00103395
2695,TCF7L2_Q9NQB0_AD_1-53|g.112950854A>G(p.Glu33Gly),0.45968223,0.44864082,16363.7666015625,15176.2392578125,0.00042308,0.00055475
2696,MYT1L_Q9UL68_AD_152-425|g.1922654G>T(p.Pro372Gln),0.5426761,0.5093925,37840.171875,38263.1875,0.0284918435,0.0322836973
2697,MYT1L_Q9UL68_AD_152-425|g.1922871C>T(p.Val300Ile),1.1166229,1.0904009,30626.95703125,31748.265625,0.00937984791,0.00682666665
2698,MYT1L_Q9UL68_AD_152-425|g.1922774T>C(p.Asn332Ser),0.36464477,0.36429,30872.25390625,29378.94140625,0.225195765,0.22415778
2699,MYT1L_Q9UL68_AD_152-425|g.1922678T>G(p.Glu364Ala),0.46645093,0.52751994,52077.0078125,50898.328125,0.00028659575,0.000408933323
2700,MYT1L_Q9UL68_AD_152-425|g.1922573C>T(p.Cys399Tyr),0.6577985,0.50475454,13925.6611328125,12703.8525390625,0.000767287274,0.000536214269
2701,MYT1L_Q9UL68_AD_152-425|g.1922787C>T(p.Glu328Lys),0.11593819,0.6614821,23638.75390625,32626.38671875,0.072131291,0.522590756
2702,MYT1L_Q9UL68_AD_152-425|g.1922642T>A(p.Tyr376Phe),0.7272048,0.56122196,35516.71875,34281.99609375,0.198599905,0.115566447
2703,MYT1L_Q9UL68_AD_152-425|g.1922548C>A(p.Glu407Asp),0.4886062,0.50475454,18666.22265625,15547.3525390625,0.000457251212,0.000411534711
2704,MYT1L_Q9UL68_AD_152-425|g.1922684C>A(p.Arg362Leu),0.90096176,0.5650611,31476.484375,30546.27734375,0.000832700927,0.000199278118
2705,MYT1L_Q9UL68_AD_152-425|g.1923194T>C(p.Asp192Gly),0.59348893,0.5440246,30918.51171875,29405.5,0.0862197876,0.231431678
2706,MYT1L_Q9UL68_AD_152-425|g.1923259G>T(p.Asp170Glu),0.22546387,0.23279214,6046.6455078125,6491.0517578125,0.0256211106,0.0295284055
2707,MYT1L_Q9UL68_AD_152-425|g.1922586C>T(p.Val395Met),0.47282267,0.50475454,10579.3251953125,10665.0283203125,0.00145271409,0.00135961187
2708,MYT1L_Q9UL68_AD_152-425|g.1922594C>T(p.Arg392Gln),0.182271,0.09268379,21480.97265625,22563.640625,0.018150188,0.00980312657
2709,MYT1L_Q9UL68_AD_152-425|g.1922654G>A(p.Pro372Leu),0.61114836,0.5093925,43837.99609375,38263.1875,0.0658625364,0.0322836973
2710,MYT1L_Q9UL68_AD_152-425|g.1922727C>T(p.Glu348Lys),-0.08266306,-0.028417349,26042.26953125,25877.5,5.74858022e-05,0.000180801944
2711,MYT1L_Q9UL68_AD_152-425|g.1922862C>T(p.Gly303Arg),0.63195777,1.0309966,20522.9140625,23856.9765625,0.00133410608,0.00347039197
2712,MYT1L_Q9UL68_AD_152-425|g.1922880T>C(p.Met297Val),0.79563403,0.8770907,39252.984375,39681.609375,0.0062378617,0.00826604106
2713,MYT1L_Q9UL68_AD_152-425|g.1922952C>T(p.Gly273Ser),0.50489724,0.48993945,28365.2109375,27965.1640625,0.00609610276,0.0060638329
2714,MYT1L_Q9UL68_AD_152-425|g.1923191T>C(p.Glu193Gly),0.45258737,0.45663238,42439.55078125,42863.125,0.0822349563,0.231698751
2715,MYT1L_Q9UL68_AD_152-425|g.1922558C>G(p.Gly404Ala),0.48438144,0.50475454,17952.29296875,16332.0048828125,0.00069893006,0.000672978873
2716,MYT1L_Q9UL68_AD_152-425|g.1923193G>C(p.Asp192Glu),0.5475093,0.5440246,29342.6640625,29405.5,0.185075656,0.231431678
2717,MYT1L_Q9UL68_AD_152-425|g.1923226C>T(p.Met181Ile),0.34572697,0.359401,16623.6015625,16879.08984375,0.0030459913,0.00290703215
2718,MYT1L_Q9UL68_AD_152-425|g.1922655G>T(p.Pro372Thr),0.5275302,0.5093925,39235.35546875,38263.1875,0.0334100313,0.0322836973
2719,MYT1L_Q9UL68_AD_152-425|g.1922502C>A(p.Val423Leu),0.6972587,0.50475454,18728.3203125,15547.3525390625,0.0037915206,0.00198443769
2720,MYT1L_Q9UL68_AD_152-425|g.1922693T>A(p.Gln359Leu),0.4980992,0.58985496,26211.6484375,25402.8671875,0.000309985422,0.000143716301
2721,MYT1L_Q9UL68_AD_152-425|g.1922834T>C(p.Glu312Gly),0.34949565,0.32939124,46109.73828125,46069.11328125,0.0341392495,0.0599692352
2722,MYT1L_Q9UL68_AD_152-425|g.1922697G>A(p.Arg358Cys),0.7783487,0.5613507,36049.59375,34357.46875,0.000358785532,0.000113758302
2723,MYT1L_Q9UL68_AD_152-425|g.1922892C>G(p.Asp293His),0.2226882,0.3701899,33307.90625,32260.69140625,0.00335595617,0.00621455675
2724,MYT1L_Q9UL68_AD_152-425|g.1922619G>C(p.Arg384Gly),1.8046701,0.58932185,41032.5234375,35968.63671875,0.151615098,0.0430166684
2725,MYT1L_Q9UL68_AD_152-425|g.1922717G>A(p.Pro351Leu),0.31366348,0.28968787,21777.78125,21491.765625,0.000127081439,6.40776634e-05
2726,MYT1L_Q9UL68_AD_152-425|g.1922853T>C(p.Met306Val),1.357958,1.3826494,30738.83203125,30529.41015625,0.00507057644,0.00551827857
2727,MYT1L_Q9UL68_AD_152-425|g.1922729T>C(p.Gln347Arg),-0.041814804,-0.010304928,26725.921875,24616.34765625,0.000401535595,0.000615433441
2728,MYT1L_Q9UL68_AD_152-425|g.1923063C>T(p.Asp236Asn),0.013895035,0.042310715,16366.3798828125,15885.0400390625,0.000483518757,0.000836953172
2729,MYT1L_Q9UL68_AD_152-425|g.1922580C>A(p.Ala397Ser),0.51195693,0.50475454,11879.5400390625,12476.8955078125,0.0012660916,0.00124651799
2730,MYT1L_Q9UL68_AD_152-425|g.1923240T>C(p.Asn177Asp),0.5621278,0.47813988,12531.7197265625,12751.5009765625,0.00225936016,0.00135137688
2731,MYT1L_Q9UL68_AD_152-425|g.1922496C>T(p.Asp425Asn),0.4897815,0.50475454,22429.25,15547.3525390625,0.00149205781,0.00248894002
2732,MYT1L_Q9UL68_AD_152-425|g.1922724T>A(p.Arg349Trp),0.2741847,0.07484317,25948.375,25743.77734375,0.000705175335,8.37993066e-05
2733,MYT1L_Q9UL68_AD_152-425|g.1922639G>A(p.Ser377Leu),0.6968398,0.75680876,63037.21484375,50860.140625,0.394730151,0.12059205
2734,MYT1L_Q9UL68_AD_152-425|g.1923086T>C(p.Asn228Ser),0.04598999,0.058315277,20534.51953125,21144.4765625,0.000445051031,0.000412606489
2735,MYT1L_Q9UL68_AD_152-425|g.1922934T>C(p.Asn279Asp),0.34849644,0.30181646,28022.81640625,27679.0,0.00372514199,0.00212260755
2736,MYT1L_Q9UL68_AD_152-425|g.1923042G>C(p.Leu243Val),-0.028434038,0.013078928,19612.94140625,19289.69921875,0.0162631292,0.0204867758
2737,MYT1L_Q9UL68_AD_152-425|g.1922672T>C(p.Asp366Gly),0.4296322,0.4444275,46986.09375,46975.0234375,0.00191109977,0.00306401262
2738,MYT1L_Q9UL68_AD_152-425|g.1922684C>T(p.Arg362Gln),0.71954906,0.5650611,31246.11328125,30546.27734375,0.000328733411,0.000199278118
2739,MYT1L_Q9UL68_AD_152-425|g.1922704C>T(p.Met355Ile),0.1120193,0.12409091,16528.17578125,15433.7744140625,0.000170964864,0.000134766931
2740,MYT1L_Q9UL68_AD_152-425|g.1923116C>T(p.Arg218Gln),-0.10678506,-0.13392425,17444.97265625,17111.0625,0.00132896123,0.000709024491
2741,MYT1L_Q9UL68_AD_152-425|g.1923097T>G(p.Glu224Asp),0.05375862,0.05929613,15449.9033203125,15183.5400390625,0.00200919551,0.00171398628
2742,MYT1L_Q9UL68_AD_152-425|g.1923242T>C(p.His176Arg),0.4282887,0.5182735,7411.1220703125,7715.2158203125,0.00130296941,0.00223477604
2743,MYT1L_Q9UL68_AD_152-425|g.1922706T>C(p.Met355Val),0.1224308,0.12409091,16539.45703125,15433.7744140625,0.000130471366,0.000134766931
2744,MYT1L_Q9UL68_AD_152-425|g.1922657G>A(p.Thr371Met),0.33000088,0.33806872,44707.4296875,43121.94140625,0.0584193803,0.0359929241
2745,MYT1L_Q9UL68_AD_152-425|g.1922844C>T(p.Gly309Arg),0.29882312,0.41375446,33408.046875,34247.5,0.00442259014,0.0100978957
2746,MYT1L_Q9UL68_AD_152-425|g.1923026T>C(p.Glu248Gly),0.032465935,0.05289793,36862.13671875,39965.80078125,0.0168317799,0.0268167853
2747,MYT1L_Q9UL68_AD_152-425|g.1922732G>T(p.Pro346Gln),-0.020602226,-0.03706169,23866.9140625,24631.6015625,0.000274900143,0.000317815575
2748,MYT1L_Q9UL68_AD_152-425|g.1923056T>C(p.Asp238Gly),0.121934175,0.13153362,16683.52734375,15230.3955078125,0.00198303768,0.00302677881
2749,MYT1L_Q9UL68_AD_152-425|g.1922558C>A(p.Gly404Val),0.56920326,0.50475454,18760.2421875,16332.0048828125,0.00100213848,0.000672978873
2750,MYT1L_Q9UL68_AD_152-425|g.1922618C>T(p.Arg384Gln),1.3629284,0.58932185,37069.359375,35968.63671875,0.116632581,0.0430166684
2751,MYT1L_Q9UL68_AD_152-425|g.1922633A>G(p.Met379Thr),0.4974786,0.7468661,58106.9609375,59084.87890625,0.0229647681,0.0508997925
2752,MYT1L_Q9UL68_AD_152-425|g.1922843C>T(p.Gly309Glu),0.5782708,0.41375446,34213.6328125,34247.5,0.0270070825,0.0100978957
2753,MYT1L_Q9UL68_AD_152-425|g.1923035C>T(p.Arg245Gln),0.12339139,0.031351566,16192.3056640625,16230.7041015625,0.0229685251,0.0147498511
2754,MYT1L_Q9UL68_AD_152-425|g.1923186C>T(p.Asp195Asn),0.45637918,0.51384056,25771.671875,28507.6328125,0.324660182,0.645998895
2755,MYT1L_Q9UL68_AD_152-425|g.1923122G>T(p.Ala216Asp),0.13821983,0.10472298,17280.75,17730.62890625,0.000997166149,0.000496491033
2756,MYT1L_Q9UL68_AD_152-425|g.1923201T>C(p.Asn190Asp),0.5544051,0.57523394,40612.97265625,41010.61328125,0.067053318,0.0353540555
2757,MYT1L_Q9UL68_AD_152-425|g.1923091G>C(p.Asn226Lys),-0.029726505,0.05143261,16856.40625,16486.796875,0.000205333985,0.000480989518
2758,MYT1L_Q9UL68_AD_152-425|g.1922888C>T(p.Ser294Asn),0.7638519,0.63235426,33066.78515625,31623.9609375,0.00330593064,0.00385944592
2759,MYT1L_Q9UL68_AD_152-425|g.1923197T>C(p.Asn191Ser),0.51770616,0.5525044,33465.2421875,33843.90625,0.124077648,0.116360858
2760,MYT1L_Q9UL68_AD_152-425|g.1923048C>T(p.Glu241Lys),-0.027803421,0.033862352,17706.1953125,16048.3720703125,0.00302642467,0.0102161933
2761,MYT1L_Q9UL68_AD_152-425|g.1923036G>A(p.Arg245Trp),1.3596848,0.031351566,24335.62109375,16230.7041015625,0.122604288,0.0147498511
2762,MYT1L_Q9UL68_AD_152-425|g.1922900G>A(p.Ser290Leu),0.70498383,0.42232203,33456.3359375,30482.515625,0.0195088927,0.00653048232
2763,MYT1L_Q9UL68_AD_152-425|g.1923042G>T(p.Leu243Met),0.0013177395,0.013078928,20389.02734375,19289.69921875,0.0163721964,0.0204867758
2764,MYT1L_Q9UL68_AD_152-425|g.1923227A>C(p.Met181Arg),0.31860757,0.359401,17159.8984375,16879.08984375,0.000756022811,0.00290703215
2765,EGR3_Q06889_AD_13-214|g.22692852G>T(p.Ser31Arg),5.180826,7.216967,78957.8359375,92465.1015625,0.0619914085,0.161702529
2766,EGR3_Q06889_AD_13-214|g.22691050A>G(p.Leu196Pro),3.3303242,3.8502488,39996.41796875,62777.359375,0.0401913486,0.103278317
2767,EGR3_Q06889_AD_13-214|g.22692801C>G(p.Gln48His),3.7842152,4.1434565,35871.28515625,34867.3515625,0.0849853307,0.0915659592
2768,EGR3_Q06889_AD_13-214|g.22691112A>T(p.Asp175Glu),4.423891,4.4249907,115226.2578125,122229.3359375,0.0123753604,0.0134455813
2769,EGR3_Q06889_AD_13-214|g.22691173G>A(p.Ser155Leu),3.3594923,2.6950076,113294.6640625,82972.234375,0.129639015,0.0448198169
2770,EGR3_Q06889_AD_13-214|g.22691069T>G(p.Met190Leu),3.7669616,3.8502488,48962.046875,61285.87890625,0.339547962,0.225658
2771,EGR3_Q06889_AD_13-214|g.22691095G>T(p.Pro181Gln),3.6439846,3.1193604,60450.3828125,75662.515625,0.0929234624,0.104989432
2772,EGR3_Q06889_AD_13-214|g.22691468T>A(p.Ile57Phe),2.8704293,1.7804148,43644.09765625,34572.01171875,0.0139016602,0.00627748622
2773,EGR3_Q06889_AD_13-214|g.22691031G>C(p.Asp202Glu),3.2807531,3.8502488,62146.8671875,62777.359375,0.0252448246,0.0284479167
2774,EGR3_Q06889_AD_13-214|g.22691186C>T(p.Gly151Ser),3.3030488,3.1626952,78254.0234375,80960.5859375,0.276004493,0.230649099
2775,EGR3_Q06889_AD_13-214|g.22691192T>G(p.Asn149His),2.9165406,3.253349,82494.1640625,81572.1640625,0.193304718,0.23506175
2776,EGR3_Q06889_AD_13-214|g.22691229G>T(p.Asp136Glu),3.1118395,3.0808854,43528.19140625,47867.26953125,0.00753929839,0.00859725196
2777,EGR3_Q06889_AD_13-214|g.22691467A>C(p.Ile57Ser),1.3221889,1.7804148,29371.72265625,34572.01171875,0.00282326783,0.00627748622
2778,EGR3_Q06889_AD_13-214|g.22691102C>G(p.Ala179Pro),4.2191353,4.337328,121162.46875,117826.78125,0.061713513,0.06794063
2779,EGR3_Q06889_AD_13-214|g.22692806T>C(p.Asn47Asp),4.614711,4.0145664,47149.66796875,44807.25,0.139540479,0.0766908079
2780,EGR3_Q06889_AD_13-214|g.22692822G>C(p.Asp41Glu),7.1065145,7.3035607,84109.25,88307.1953125,0.0487287454,0.0539281704
2781,EGR3_Q06889_AD_13-214|g.22692891G>C(p.Asn18Lys),6.349733,7.216967,76121.3671875,92465.1015625,0.00737382751,0.0212428849
2782,EGR3_Q06889_AD_13-214|g.22691239G>A(p.Pro133Leu),2.4385245,1.9264354,31132.65234375,29323.56640625,0.0125901643,0.00576564018
2783,EGR3_Q06889_AD_13-214|g.22691440G>T(p.Pro66Gln),1.9238898,1.9017651,42899.1875,43512.6953125,0.00751047442,0.00939719658
2784,EGR3_Q06889_AD_13-214|g.22691027C>A(p.Gly204Cys),3.5395107,3.8502488,90650.8359375,62777.359375,0.0140218884,0.00789822917
2785,EGR3_Q06889_AD_13-214|g.22691316G>T(p.Ser107Arg),0.11345959,0.51296496,60822.19140625,65575.6640625,0.0548203848,0.18315056
2786,EGR3_Q06889_AD_13-214|g.22691042G>C(p.His199Asp),5.3859024,3.8502488,103752.8984375,62777.359375,0.257401586,0.108475253
2787,EGR3_Q06889_AD_13-214|g.22691063G>C(p.Pro192Ala),3.509585,3.8502488,36093.49609375,42859.54296875,0.139384165,0.160569713
2788,EGR3_Q06889_AD_13-214|g.22692866C>T(p.Glu27Lys),5.2365446,7.216967,80104.2890625,92465.1015625,0.151032358,0.629668176
2789,EGR3_Q06889_AD_13-214|g.22691397G>T(p.Asn80Lys),0.6077001,0.8746362,46782.703125,50062.53125,0.0108538633,0.0230807085
2790,EGR3_Q06889_AD_13-214|g.22691261T>G(p.Thr126Pro),1.0774591,1.0941277,34790.19921875,34947.4453125,0.000686502084,0.000710106047
2791,EGR3_Q06889_AD_13-214|g.22691309T>C(p.Ile110Val),0.78992605,0.84847903,60566.03515625,64683.7421875,0.0375757962,0.0505737774
2792,EGR3_Q06889_AD_13-214|g.22692833C>T(p.Gly38Ser),6.361066,6.44726,93925.7734375,95366.5234375,0.117705777,0.12049628
2793,EGR3_Q06889_AD_13-214|g.22691120G>A(p.Pro173Ser),4.207116,4.477725,75706.171875,84536.15625,0.00335861929,0.00332839554
2794,EGR3_Q06889_AD_13-214|g.22691149G>C(p.Pro163Arg),2.2261646,3.0170276,47118.94921875,50672.640625,0.025594959,0.0487598963
2795,EGR3_Q06889_AD_13-214|g.22692814A>G(p.Val44Ala),6.149411,6.0884438,56485.00390625,69306.078125,0.0357614607,0.0498133264
2796,EGR3_Q06889_AD_13-214|g.22691018G>C(p.Pro207Ala),4.0244846,3.8502488,61974.59375,62777.359375,0.00671516079,0.00628097914
2797,EGR3_Q06889_AD_13-214|g.22691333T>C(p.Ile102Val),0.7013118,0.66843534,68288.5625,70474.7890625,0.339402288,0.513352275
2798,EGR3_Q06889_AD_13-214|g.22691039G>T(p.Pro200Thr),3.8807476,3.8502488,67834.3984375,62777.359375,0.0728948414,0.0702406093
2799,EGR3_Q06889_AD_13-214|g.22691393T>G(p.Thr82Pro),0.82485855,0.7136706,41867.89453125,42964.91015625,0.0113696707,0.01081252
2800,EGR3_Q06889_AD_13-214|g.22692833C>A(p.Gly38Cys),5.673662,6.44726,100880.453125,95366.5234375,0.203862116,0.12049628
2801,EGR3_Q06889_AD_13-214|g.22692906C>T(p.Met13Ile),7.137699,7.216967,91875.6015625,92465.1015625,0.0106986212,0.00884602126
2802,EGR3_Q06889_AD_13-214|g.22691361G>C(p.Asp92Glu),0.32627964,0.46583438,60721.76953125,67889.8359375,0.149636075,0.197683901
2803,EGR3_Q06889_AD_13-214|g.22691024A>C(p.Ser205Ala),3.65339,3.8502488,73876.59375,62777.359375,0.00801547337,0.00783859659
2804,EGR3_Q06889_AD_13-214|g.22691023G>A(p.Ser205Phe),4.28434,3.8502488,103963.9921875,62777.359375,0.0310598258,0.00783859659
2805,EGR3_Q06889_AD_13-214|g.22691129C>A(p.Ala170Ser),3.975211,3.855585,61674.0625,68668.0078125,0.00598769914,0.00593612576
2806,EGR3_Q06889_AD_13-214|g.22692854T>C(p.Ser31Gly),6.892287,7.216967,90790.296875,92465.1015625,0.157141134,0.161702529
2807,EGR3_Q06889_AD_13-214|g.22691458G>T(p.Thr60Asn),0.8029469,0.7663195,36035.61328125,35294.83203125,0.0221489631,0.0232698433
2808,EGR3_Q06889_AD_13-214|g.22691428T>A(p.Tyr70Phe),2.2764843,1.8899299,47463.953125,45768.6171875,0.00379308243,0.00221792143
2809,EGR3_Q06889_AD_13-214|g.22691069T>C(p.Met190Val),3.2589183,3.8502488,49119.74609375,61285.87890625,0.152096987,0.225658
2810,EGR3_Q06889_AD_13-214|g.22691110T>C(p.Tyr176Cys),4.536991,4.925927,87327.8359375,95032.4765625,0.00771257933,0.010553292
2811,EGR3_Q06889_AD_13-214|g.22692800T>A(p.Met49Leu),4.5829644,4.5173197,36385.52734375,36318.4296875,0.057260517,0.0389322825
2812,EGR3_Q06889_AD_13-214|g.22692802T>A(p.Gln48Leu),3.5540218,4.1434565,39054.35546875,34867.3515625,0.38769114,0.0915659592
2813,EGR3_Q06889_AD_13-214|g.22691401C>A(p.Gly79Val),0.88739455,1.0626348,53383.140625,53798.86328125,0.0235123634,0.0168647636
2814,EGR3_Q06889_AD_13-214|g.22691135C>T(p.Gly168Arg),3.3314104,4.009325,32103.1171875,33482.6953125,0.0016946008,0.00357582793
2815,EGR3_Q06889_AD_13-214|g.22691411G>T(p.Pro76Thr),0.81774664,0.7954818,45746.1640625,46542.578125,0.00401259074,0.00387591403
2816,EGR3_Q06889_AD_13-214|g.22691235C>A(p.Gln134His),2.063399,2.1501274,30450.69921875,29576.37109375,0.00450516026,0.00472603831
2817,EGR3_Q06889_AD_13-214|g.22691217C>T(p.Met140Ile),2.2740273,1.9795911,42148.484375,43533.60546875,0.0543600991,0.0477436446
2818,EGR3_Q06889_AD_13-214|g.22692826C>G(p.Ser40Thr),6.6988564,6.8551717,102064.6484375,93716.7890625,0.0654762089,0.0660032555
2819,EGR3_Q06889_AD_13-214|g.22692839A>G(p.Phe36Leu),5.914768,6.67224,88562.671875,109192.640625,0.143098295,0.326491624
2820,EGR3_Q06889_AD_13-214|g.22691242G>A(p.Pro132Leu),2.6954823,2.74068,42119.578125,41597.53125,0.00718704751,0.00326853525
2821,EGR3_Q06889_AD_13-214|g.22691021T>A(p.Ile206Phe),4.04986,3.8502488,90901.203125,62777.359375,0.0122962631,0.00672867801
2822,EGR3_Q06889_AD_13-214|g.22691030T>C(p.Met203Val),3.482026,3.8502488,52935.7421875,62777.359375,0.0238141064,0.0274256803
2823,EGR3_Q06889_AD_13-214|g.22691019A>C(p.Ile206Met),3.7524233,3.8502488,61203.7109375,62777.359375,0.00544156088,0.00672867801
2824,EGR3_Q06889_AD_13-214|g.22691303C>G(p.Gly112Arg),0.6932126,1.4175872,39718.2265625,50044.16015625,0.0100688236,0.0236272477
2825,EGR3_Q06889_AD_13-214|g.22692869G>A(p.Pro26Ser),7.314511,7.216967,90937.5234375,92465.1015625,0.511237323,0.515475929
2826,TCF20_Q9UGU0_AD_1-327|g.42214673C>T(p.Met211Ile),-0.010661125,0.006539345,30824.39453125,30472.40234375,0.000259428954,0.000209216756
2827,TCF20_Q9UGU0_AD_1-327|g.42214443G>C(p.Ser288Cys),0.27300668,0.25527024,33055.2109375,30967.83984375,0.00221748976,0.00138647645
2828,TCF20_Q9UGU0_AD_1-327|g.42214816T>C(p.Ser164Gly),0.5127356,0.5285859,34846.76171875,33429.53125,0.000430084096,0.000429622276
2829,TCF20_Q9UGU0_AD_1-327|g.42215181C>T(p.Gly42Glu),0.23762298,0.15477538,25813.03125,27392.32421875,0.00292755035,0.00219712453
2830,TCF20_Q9UGU0_AD_1-327|g.42214651A>C(p.Ser219Ala),0.0045747757,0.030390263,28336.37890625,26688.96484375,0.00124751637,0.00123671943
2831,TCF20_Q9UGU0_AD_1-327|g.42215197T>A(p.Met37Leu),0.23591328,0.22733617,24384.84765625,23963.98046875,0.00462130085,0.00313509954
2832,TCF20_Q9UGU0_AD_1-327|g.42214545C>T(p.Ser254Asn),0.61713016,0.60906076,24420.07421875,23890.76953125,0.00165529293,0.00179974851
2833,TCF20_Q9UGU0_AD_1-327|g.42214864C>T(p.Gly148Ser),1.2116802,1.3249836,51581.9140625,54144.73046875,0.00411099708,0.00416161167
2834,TCF20_Q9UGU0_AD_1-327|g.42214631C>G(p.Gln225His),0.042196512,0.0647068,26309.65234375,25611.07421875,0.0010286998,0.00110120408
2835,TCF20_Q9UGU0_AD_1-327|g.42214867C>T(p.Gly147Ser),1.4359454,1.5991957,41266.57421875,42214.83984375,0.00589988288,0.0059729903
2836,TCF20_Q9UGU0_AD_1-327|g.42214923T>C(p.Asn128Ser),0.6316955,0.6140491,25208.58984375,26150.8671875,0.00226569385,0.00206795544
2837,TCF20_Q9UGU0_AD_1-327|g.42214431T>C(p.Tyr292Cys),0.00573349,0.045004845,32424.9765625,33677.546875,0.000412972877,0.000564281712
2838,TCF20_Q9UGU0_AD_1-327|g.42215122C>T(p.Ala62Thr),0.5748216,0.53224933,34480.52734375,27683.390625,6.84718834e-05,6.88225045e-05
2839,TCF20_Q9UGU0_AD_1-327|g.42214551C>T(p.Arg252His),1.1445042,0.68359935,24444.640625,22693.65234375,0.00228266185,0.00133956177
2840,TCF20_Q9UGU0_AD_1-327|g.42214336G>A(p.Pro324Ser),0.0044078827,0.014308929,19506.3046875,20197.83203125,8.27555596e-06,8.14493433e-06
2841,TCF20_Q9UGU0_AD_1-327|g.42214512T>G(p.Asn265Thr),0.6761756,0.8335582,35671.55859375,35122.85546875,0.00231004902,0.0021953187
2842,TCF20_Q9UGU0_AD_1-327|g.42214692G>A(p.Ser205Leu),0.0696516,0.08662963,34462.671875,33644.6875,0.000358475954,0.000182315329
2843,TCF20_Q9UGU0_AD_1-327|g.42215050C>A(p.Ala86Ser),0.3591137,0.2578156,32564.7421875,34898.640625,0.00722169271,0.00685367314
2844,TCF20_Q9UGU0_AD_1-327|g.42214716G>A(p.Ala197Val),-0.06460214,-0.074952126,32788.953125,33583.171875,0.000275183353,0.00020129628
2845,TCF20_Q9UGU0_AD_1-327|g.42214785T>C(p.Gln174Arg),0.13152122,0.2558,25710.76953125,27102.08203125,0.000123966689,0.000221509938
2846,TCF20_Q9UGU0_AD_1-327|g.42215130C>T(p.Arg59Gln),0.18853784,0.11964893,27278.25390625,27979.5390625,7.91717102e-05,5.1037674e-05
2847,TCF20_Q9UGU0_AD_1-327|g.42214797T>C(p.Gln170Arg),0.20918179,0.30673933,35997.38671875,37212.4453125,0.000171323554,0.00029738943
2848,TCF20_Q9UGU0_AD_1-327|g.42214644G>A(p.Ala221Val),0.055949926,0.065858364,31105.875,32087.32421875,0.00105686102,0.000789939368
2849,TCF20_Q9UGU0_AD_1-327|g.42215133C>T(p.Gly58Glu),0.14185953,0.101961136,29250.56640625,29863.8984375,8.59757201e-05,6.6527391e-05
2850,TCF20_Q9UGU0_AD_1-327|g.42215032T>C(p.Met92Val),0.20136023,0.30806375,28338.61328125,28470.3359375,0.00294341706,0.00369670964
2851,TCF20_Q9UGU0_AD_1-327|g.42215043T>C(p.Asp88Gly),0.24575758,0.5707036,32311.0625,35848.53515625,0.00273042405,0.00570988003
2852,TCF20_Q9UGU0_AD_1-327|g.42214611C>T(p.Gly232Asp),0.3101623,0.16861987,27717.81640625,27385.796875,0.00134062045,0.000780470495
2853,TCF20_Q9UGU0_AD_1-327|g.42214735G>T(p.His191Asn),-0.08748031,-0.11473012,20385.51171875,20306.609375,0.000107711217,8.54720129e-05
2854,TCF20_Q9UGU0_AD_1-327|g.42214588A>C(p.Ser240Ala),0.38324904,0.37759614,23201.98046875,23622.4296875,0.000741704076,0.000714461552
2855,TCF20_Q9UGU0_AD_1-327|g.42215230G>A(p.Arg26Trp),2.8656144,0.8283992,53426.11328125,33935.140625,0.0481227338,0.00207968266
2856,TCF20_Q9UGU0_AD_1-327|g.42215115G>A(p.Ala64Val),0.53268886,0.543092,31015.72265625,32132.4375,8.1698854e-05,6.13338852e-05
2857,TCF20_Q9UGU0_AD_1-327|g.42215176T>C(p.Thr44Ala),0.1566658,0.18046594,37440.4375,37626.6171875,0.00109424058,0.000976524781
2858,TCF20_Q9UGU0_AD_1-327|g.42214426G>A(p.Pro294Ser),0.036649227,0.01944542,28342.9296875,28815.203125,0.000969978399,0.000922825362
2859,TCF20_Q9UGU0_AD_1-327|g.42215244A>G(p.Val21Ala),1.0383639,1.1658247,43685.96875,44501.95703125,0.000892627053,0.00127939042
2860,TCF20_Q9UGU0_AD_1-327|g.42215008T>C(p.Thr100Ala),0.27882242,0.23962116,41147.22265625,41050.6015625,0.000725538936,0.000684402185
2861,TCF20_Q9UGU0_AD_1-327|g.42214975G>A(p.Pro111Ser),0.20728111,0.1874435,21031.0234375,22119.484375,4.90619568e-05,4.42985147e-05
2862,TCF20_Q9UGU0_AD_1-327|g.42214495G>C(p.Gln271Glu),1.1261733,1.0619301,36258.0703125,38156.50390625,0.00482200878,0.00300704362
2863,TCF20_Q9UGU0_AD_1-327|g.42215233A>C(p.Ser25Ala),0.8793547,0.8000214,35697.39453125,34432.66015625,0.00479449565,0.00453236513
2864,TCF20_Q9UGU0_AD_1-327|g.42214668C>T(p.Arg213Gln),0.03227544,-0.032069206,30448.5390625,30019.21875,0.000454891851,0.000256577012
2865,TCF20_Q9UGU0_AD_1-327|g.42215031A>G(p.Met92Thr),0.18138337,0.30806375,26710.78125,28470.3359375,0.00202272017,0.00369670964
2866,TCF20_Q9UGU0_AD_1-327|g.42214792A>C(p.Ser172Ala),0.27425003,0.23491168,43105.66796875,43058.6875,4.1775631e-05,4.0218958e-05
2867,TCF20_Q9UGU0_AD_1-327|g.42214328C>G(p.Gln326His),0.029758453,0.014308929,20112.13671875,20197.83203125,1.25553179e-05,1.27938656e-05
2868,TCF20_Q9UGU0_AD_1-327|g.42214785T>A(p.Gln174Leu),0.2649727,0.2558,26483.953125,27102.08203125,0.000570293923,0.000221509938
2869,TCF20_Q9UGU0_AD_1-327|g.42215088G>T(p.Thr73Asn),0.42402434,0.43097186,46665.7109375,47149.01171875,0.000149846412,0.000162660857
2870,TCF20_Q9UGU0_AD_1-327|g.42214897C>T(p.Gly137Ser),1.7637041,1.8322383,49955.91796875,49760.015625,0.00271582743,0.00248742756
2871,TCF20_Q9UGU0_AD_1-327|g.42215109G>C(p.Ala66Gly),0.24362111,0.21552873,27480.85546875,28475.1484375,0.000132310684,0.000124457278
2872,TCF20_Q9UGU0_AD_1-327|g.42214896C>A(p.Gly137Val),1.6135168,1.8322383,44162.53125,49760.015625,0.00346407364,0.00248742756
2873,TCF20_Q9UGU0_AD_1-327|g.42215227G>T(p.Leu27Ile),0.7388959,0.7594292,26824.23046875,30669.2734375,0.00576107111,0.00640938804
2874,TCF20_Q9UGU0_AD_1-327|g.42214888G>T(p.Gln140Lys),0.9151573,1.3074038,32892.9921875,36219.046875,0.00221806485,0.00442545861
2875,TCF20_Q9UGU0_AD_1-327|g.42215209G>C(p.Arg33Gly),0.8337207,0.38106322,28809.19140625,27734.03515625,0.00786195695,0.00402561622
2876,TCF20_Q9UGU0_AD_1-327|g.42214654G>A(p.Pro218Ser),0.06471276,0.06745911,25233.52734375,25336.890625,0.00176847959,0.00164358621
2877,TCF20_Q9UGU0_AD_1-327|g.42214518C>T(p.Ser263Asn),1.3263043,1.296979,25390.0625,24411.74609375,0.00223462493,0.00235450733
2878,TCF20_Q9UGU0_AD_1-327|g.42214642C>T(p.Ala222Thr),0.040369987,0.053433895,30531.921875,31272.96484375,0.00095787691,0.000993347727
2879,TCF20_Q9UGU0_AD_1-327|g.42214872C>G(p.Gly145Ala),1.5205448,1.7188218,42671.20703125,37945.00390625,0.00229221676,0.00228683488
2880,TCF20_Q9UGU0_AD_1-327|g.42214905C>T(p.Gly134Asp),2.106862,1.7521526,32536.953125,32496.7421875,0.0047678221,0.00231076218
2881,TCF20_Q9UGU0_AD_1-327|g.42214669G>A(p.Arg213Trp),0.29349422,-0.032069206,36116.01171875,30019.21875,0.00295004668,0.000256577012
2882,TCF20_Q9UGU0_AD_1-327|g.42215011C>T(p.Val99Met),0.23572206,0.20182133,52358.671875,52031.35546875,0.0005903868,0.000558165717
2883,TCF20_Q9UGU0_AD_1-327|g.42215184A>G(p.Phe41Ser),0.020270824,0.13674593,20419.8125,25354.74609375,0.000595609657,0.00217042491
2884,TCF20_Q9UGU0_AD_1-327|g.42214425G>A(p.Pro294Leu),0.07662964,0.01944542,30110.79296875,28815.203125,0.00202118838,0.000922825362
2885,TCF20_Q9UGU0_AD_1-327|g.42214944G>A(p.Pro121Leu),0.36880946,0.28760004,23708.08203125,21308.91015625,0.000865470734,0.000393870607
2886,TCF20_Q9UGU0_AD_1-327|g.42214417T>C(p.Met297Val),-0.01529336,0.014308929,26479.1953125,26104.73046875,0.00041980113,0.000437498675
2887,TCF20_Q9UGU0_AD_1-327|g.42215293G>A(p.Arg5Trp),2.5699718,1.1658247,47529.88671875,44501.95703125,0.00730497669,0.000344729924
2888,TCF20_Q9UGU0_AD_1-327|g.42215146C>T(p.Gly54Ser),-0.056077003,-0.0445168,42108.45703125,41943.046875,9.79433971e-05,9.99972399e-05
2889,TCF20_Q9UGU0_AD_1-327|g.42215107C>A(p.Ala67Ser),0.33464813,0.28638482,40861.765625,40583.67578125,0.000113774353,0.000110759567
2890,TCF20_Q9UGU0_AD_1-327|g.42214512T>C(p.Asn265Ser),0.7249446,0.8335582,35967.83984375,35122.85546875,0.0023085603,0.0021953187
2891,TCF20_Q9UGU0_AD_1-327|g.42214479T>C(p.Asn276Ser),0.5579183,0.6009128,28103.515625,28998.203125,0.00189504854,0.00174429012
2892,TCF20_Q9UGU0_AD_1-327|g.42215103G>A(p.Ala68Val),0.25705624,0.19791627,28644.640625,27512.62890625,0.000396576885,0.000279832399
2893,TCF20_Q9UGU0_AD_1-327|g.42214953T>C(p.Tyr118Cys),0.260046,0.2673099,28556.3359375,29787.25,0.000208430487,0.000275593979
2894,TCF20_Q9UGU0_AD_1-327|g.42215229C>T(p.Arg26Gln),1.1937242,0.8283992,37807.40234375,33935.140625,0.00400095619,0.00207968266
2895,TCF20_Q9UGU0_AD_1-327|g.42215074C>G(p.Gly78Arg),0.05985093,0.17030454,37928.35546875,37768.703125,0.00170145032,0.00372654572
2896,TCF20_Q9UGU0_AD_1-327|g.42215259C>G(p.Ser16Thr),1.0715669,1.1658247,45773.3984375,44501.95703125,0.00241522584,0.00249142037
2897,TCF20_Q9UGU0_AD_1-327|g.42214696T>C(p.Ser204Gly),-0.00015735626,-0.006747246,25023.4140625,27682.375,0.00013955115,0.00013859132
2898,TCF20_Q9UGU0_AD_1-327|g.42215044C>T(p.Asp88Asn),0.28413963,0.5707036,33405.4296875,35848.53515625,0.00282424409,0.00570988003
2899,TCF20_Q9UGU0_AD_1-327|g.42214797T>A(p.Gln170Leu),0.30554104,0.30673933,38845.4609375,37212.4453125,0.000862567453,0.00029738943
2900,TCF20_Q9UGU0_AD_1-327|g.42215109G>A(p.Ala66Val),0.21000051,0.21552873,28653.79296875,28475.1484375,0.000181754687,0.000124457278
2901,TCF20_Q9UGU0_AD_1-327|g.42214554T>C(p.Gln251Arg),0.3421409,0.5262939,22318.38671875,23300.08203125,0.000873300247,0.00154291012
2902,TCF20_Q9UGU0_AD_1-327|g.42215219C>G(p.Glu29Asp),0.8538562,0.75755966,30725.3203125,29030.57421875,0.0123075256,0.0101092514
2903,TCF20_Q9UGU0_AD_1-327|g.42214725A>T(p.Leu194Gln),-0.09750557,-0.08984041,24187.1484375,24557.05859375,3.55163975e-05,7.70622137e-05
2904,TCF20_Q9UGU0_AD_1-327|g.42215149T>C(p.Ser53Gly),0.017390251,0.0043115616,49113.921875,48571.75390625,0.00019418649,0.0002129192
2905,TCF20_Q9UGU0_AD_1-327|g.42215208C>T(p.Arg33His),0.6993315,0.38106322,28947.90234375,27734.03515625,0.0062597408,0.00402561622
2906,TCF20_Q9UGU0_AD_1-327|g.42214459C>G(p.Ala283Pro),0.48690975,0.5180501,26998.5625,29199.0390625,0.00107328838,0.00115340296
2907,TCF20_Q9UGU0_AD_1-327|g.42214353G>A(p.Pro318Leu),0.017240524,0.014308929,23425.92578125,20197.83203125,7.86256896e-06,3.56556416e-06
2908,TCF20_Q9UGU0_AD_1-327|g.42215022T>A(p.Asn95Ile),0.2659192,0.15800023,18228.90625,15765.8447265625,0.00247733807,0.00113213749
2909,TCF20_Q9UGU0_AD_1-327|g.42215288C>A(p.Glu6Asp),1.1885988,1.1658247,44758.65625,44501.95703125,0.000490297156,0.000432299625
2910,TCF20_Q9UGU0_AD_1-327|g.42214804G>T(p.Gln168Lys),0.13803864,0.28213024,32918.30859375,33413.07421875,8.81726664e-05,0.000178457703
2911,TCF20_Q9UGU0_AD_1-327|g.42214795C>G(p.Ala171Pro),0.27067614,0.3463652,37802.25390625,39361.37890625,0.000153070898,0.00016414022
2912,TCF20_Q9UGU0_AD_1-327|g.42214734T>A(p.His191Leu),-0.06642008,-0.11473012,20746.6328125,20306.609375,0.000243823306,8.54720129e-05
2913,TCF20_Q9UGU0_AD_1-327|g.42215212G>A(p.Pro32Ser),0.60039544,0.5217452,28887.609375,28731.58984375,0.0127650928,0.0113712037
2914,TCF20_Q9UGU0_AD_1-327|g.42214837T>A(p.Thr157Ser),0.62110186,0.5721729,28745.0078125,28455.765625,0.00264333677,0.0026545336
2915,TCF20_Q9UGU0_AD_1-327|g.42214822G>C(p.Pro162Ala),0.6538284,0.6056622,29955.43359375,30006.44140625,0.000976548996,0.000841318513
2916,TCF20_Q9UGU0_AD_1-327|g.42214627T>C(p.Arg227Gly),0.15424824,0.055998564,22904.765625,22847.6796875,0.00221322733,0.000922173203
2917,TCF20_Q9UGU0_AD_1-327|g.42215198C>G(p.Gln36His),0.3553543,0.36743617,24839.46484375,23884.078125,0.00278093806,0.00243446557
2918,TCF20_Q9UGU0_AD_1-327|g.42215203C>T(p.Ala35Thr),0.4360087,0.34699655,24718.578125,24965.953125,0.00335028814,0.00389950583
2919,TCF20_Q9UGU0_AD_1-327|g.42214401T>A(p.Gln302Leu),0.03308177,0.014308929,28469.28125,26632.16015625,0.000386160769,0.000154326583
2920,TCF20_Q9UGU0_AD_1-327|g.42215064C>A(p.Gly81Val),0.048825026,0.06297541,38147.9375,36719.23828125,0.0141008142,0.012101925
2921,TCF20_Q9UGU0_AD_1-327|g.42214844C>A(p.Gln154His),0.7720282,0.7808007,32554.9609375,31176.94140625,0.00539036049,0.00539069995
2922,TCF20_Q9UGU0_AD_1-327|g.42215241T>C(p.His22Arg),0.8198726,1.1658247,46625.640625,57679.39453125,0.000568283373,0.000882304914
2923,TCF20_Q9UGU0_AD_1-327|g.42214330G>C(p.Gln326Glu),0.00746274,0.014308929,20216.66796875,20197.83203125,2.00369941e-05,1.27938656e-05
2924,TCF20_Q9UGU0_AD_1-327|g.42215167T>C(p.Ser47Gly),0.16506219,0.14315486,56072.9921875,56795.86328125,0.000181659212,0.000179856259
2925,TCF20_Q9UGU0_AD_1-327|g.42214665G>A(p.Pro214Leu),-0.045992136,-0.02732277,29617.9453125,28374.2890625,0.000804558105,0.00042561366
2926,TCF20_Q9UGU0_AD_1-327|g.42215013G>A(p.Pro98Leu),0.46593642,0.32715154,38557.4375,37381.80078125,0.000800265465,0.000386454107
2927,TCF20_Q9UGU0_AD_1-327|g.42215022T>C(p.Asn95Ser),0.16294646,0.15800023,15668.8017578125,15765.8447265625,0.00122693751,0.00113213749
2928,TCF20_Q9UGU0_AD_1-327|g.42215196A>T(p.Met37Lys),0.068110704,0.22733617,23106.6171875,23963.98046875,0.000691036577,0.00313509954
2929,TCF20_Q9UGU0_AD_1-327|g.42215272C>T(p.Gly12Arg),1.0097007,1.1658247,45230.98046875,44501.95703125,0.000211846171,0.00040507919
2930,TCF20_Q9UGU0_AD_1-327|g.42215245C>T(p.Val21Ile),1.2208954,1.1658247,46102.48046875,44501.95703125,0.00168939843,0.00127939042
2931,TCF20_Q9UGU0_AD_1-327|g.42214354G>T(p.Pro318Thr),0.02727127,0.014308929,18099.4609375,20197.83203125,3.56086116e-06,3.56556416e-06
2932,TCF20_Q9UGU0_AD_1-327|g.42215047C>T(p.Gly87Arg),0.07900047,0.30897117,40077.68359375,36004.28515625,0.00232164236,0.005235021
2933,TCF20_Q9UGU0_AD_1-327|g.42214927C>T(p.Gly127Ser),0.5115975,0.510962,24759.83984375,25425.5703125,0.00317444163,0.00315530645
2934,TCF20_Q9UGU0_AD_1-327|g.42214755C>T(p.Arg184Lys),-0.08478451,-0.066403866,24649.3359375,29380.3984375,5.86611459e-05,6.54281903e-05
2935,TCF20_Q9UGU0_AD_1-327|g.42214888G>C(p.Gln140Glu),1.6701714,1.3074038,36059.69921875,36219.046875,0.00792031176,0.00442545861
2936,TCF20_Q9UGU0_AD_1-327|g.42215292C>T(p.Arg5Gln),1.5502576,1.1658247,45112.375,44501.95703125,0.000626321009,0.000344729924
2937,TCF20_Q9UGU0_AD_1-327|g.42215251G>C(p.Gln19Glu),1.2892512,1.1658247,45281.8984375,44501.95703125,0.00279884739,0.00181052124
2938,TCF20_Q9UGU0_AD_1-327|g.42214474C>A(p.Gly278Cys),0.65736854,0.54861045,32473.91015625,31333.83984375,0.00319753564,0.00203589024
2939,TCF20_Q9UGU0_AD_1-327|g.42214493C>A(p.Gln271His),0.934965,1.0619301,37858.78515625,38156.50390625,0.00297998567,0.00300704362
2940,TCF20_Q9UGU0_AD_1-327|g.42214326T>C(p.His327Arg),-0.023940802,0.014308929,19693.63671875,20197.83203125,1.22047632e-05,1.26276063e-05
2941,TCF20_Q9UGU0_AD_1-327|g.42214837T>C(p.Thr157Ala),0.6569669,0.5721729,28913.80078125,28455.765625,0.00267438684,0.0026545336
2942,TCF20_Q9UGU0_AD_1-327|g.42214839T>C(p.Tyr156Cys),0.41091156,0.6056695,28591.34375,28905.48046875,0.00204020017,0.0030760658
2943,TCF20_Q9UGU0_AD_1-327|g.42215125C>G(p.Gly61Arg),0.32227254,0.41617298,34615.49609375,28695.140625,3.18116799e-05,7.44439749e-05
2944,TCF20_Q9UGU0_AD_1-327|g.42214906C>T(p.Gly134Ser),1.7824516,1.7521526,32262.2578125,32496.7421875,0.00267272908,0.00231076218
2945,MTF1_Q14872_AD_510-624|g.37822342C>T(p.Val516Met),0.011637449,0.017202139,32293.12109375,32582.66015625,0.000282768306,0.000274737424
2946,MTF1_Q14872_AD_510-624|g.37822267T>C(p.Asn541Asp),0.36952305,0.18029809,49418.06640625,49642.80078125,0.0162995644,0.00906804483
2947,MTF1_Q14872_AD_510-624|g.37822261C>T(p.Val543Ile),0.119151115,0.15536833,40853.34765625,40636.3515625,0.00564288767,0.00419411249
2948,MTF1_Q14872_AD_510-624|g.37822312T>C(p.Thr526Ala),0.011327267,0.017202139,34308.3671875,32582.66015625,0.00293034222,0.00283166231
2949,MTF1_Q14872_AD_510-624|g.37822189T>C(p.Met567Val),0.18677711,0.30963326,35358.76953125,35882.29296875,0.119991668,0.148110807
2950,MTF1_Q14872_AD_510-624|g.37822264A>C(p.Ser542Ala),0.11242318,0.15916896,47591.546875,46917.39453125,0.00653285254,0.00661298307
2951,MTF1_Q14872_AD_510-624|g.37822345C>G(p.Ala515Pro),0.038705826,0.017202139,32187.734375,32582.66015625,0.000315753132,0.000345907174
2952,MTF1_Q14872_AD_510-624|g.37822163T>C(p.Ile575Met),0.33861732,0.2774179,32512.84765625,32614.16015625,0.0457416773,0.0496412627
2953,MTF1_Q14872_AD_510-624|g.37822251T>C(p.Asn546Ser),0.19555593,0.19501305,38482.86328125,38485.5,0.00201297575,0.00193340692
2954,MTF1_Q14872_AD_510-624|g.37815561A>C(p.Ser613Ala),-0.0439651,-0.041230917,52857.125,53036.38671875,0.00906577427,0.00917740725
2955,MTF1_Q14872_AD_510-624|g.37822286C>A(p.Gln534His),-0.052473783,-0.0218575,45854.7421875,44152.6015625,0.00262835668,0.00288424711
2956,MTF1_Q14872_AD_510-624|g.37822272C>T(p.Gly539Asp),0.44803047,0.12217331,33855.046875,33952.48828125,0.0187229551,0.010188275
2957,MTF1_Q14872_AD_510-624|g.37815564T>A(p.Ser612Cys),-0.043813944,-0.041230917,53541.5,53036.38671875,0.00848721713,0.00559221813
2958,MTF1_Q14872_AD_510-624|g.37822320T>G(p.Gln523Pro),0.0077884197,0.017202139,30519.015625,32582.66015625,0.00137782306,0.00122086448
2959,MTF1_Q14872_AD_510-624|g.37822195G>T(p.Leu565Ile),0.2341032,0.26051593,51227.0625,38800.5625,0.163033649,0.186381549
2960,MTF1_Q14872_AD_510-624|g.37817458C>G(p.Val598Leu),-0.0517416,-0.041230917,30884.546875,30022.73828125,0.0023239695,0.00122149545
2961,MTF1_Q14872_AD_510-624|g.37822326G>T(p.Pro521Gln),0.030563116,0.017202139,32764.091796875,32582.66015625,0.000617454818,0.000696133124
2962,MTF1_Q14872_AD_510-624|g.37822327G>T(p.Pro521Thr),0.020834923,0.017202139,31803.70703125,32582.66015625,0.00072388351,0.000696133124
2963,MTF1_Q14872_AD_510-624|g.37822201A>G(p.Ser563Pro),0.5088222,0.42579722,74213.984375,79466.640625,0.347829491,0.357324541
2964,MTF1_Q14872_AD_510-624|g.37817422G>T(p.Pro610Thr),-0.050274372,-0.041230917,53473.14453125,53036.38671875,0.0101450775,0.0100916727
2965,MTF1_Q14872_AD_510-624|g.37822218T>C(p.Asn557Ser),0.4572749,0.4150455,57438.39453125,61901.11328125,0.00612627855,0.0057746456
2966,MTF1_Q14872_AD_510-624|g.37822165T>C(p.Ile575Val),0.252748,0.2774179,31459.49609375,32614.16015625,0.0308898333,0.0496412627
2967,MTF1_Q14872_AD_510-624|g.37822188A>G(p.Met567Thr),0.27707624,0.30963326,33262.48046875,35882.29296875,0.0875852704,0.148110807
2968,MTF1_Q14872_AD_510-624|g.37822315T>C(p.Thr525Ala),0.014142036,0.017202139,32458.11328125,32582.66015625,0.00218987209,0.00209212536
2969,MTF1_Q14872_AD_510-624|g.37822306G>A(p.Pro528Ser),-0.0081624985,0.017202139,34076.57421875,32582.66015625,0.0018588932,0.00184058456
2970,MTF1_Q14872_AD_510-624|g.37815545C>T(p.Gly618Asp),0.033330917,-0.041230917,62930.890625,53036.38671875,0.00301504415,0.00170249306
2971,MTF1_Q14872_AD_510-624|g.37822336C>T(p.Ala518Thr),0.020129204,0.017202139,31534.203125,32582.66015625,0.000455984788,0.000484377233
2972,MTF1_Q14872_AD_510-624|g.37822344G>T(p.Ala515Asp),0.054615974,0.017202139,32412.91796875,32582.66015625,0.000465939345,0.000345907174
2973,MTF1_Q14872_AD_510-624|g.37822285T>A(p.Thr535Ser),0.012861252,-6.9618225e-05,45071.6953125,37141.5078125,0.00433529168,0.00407841895
2974,MTF1_Q14872_AD_510-624|g.37822134T>G(p.Asn585Thr),0.12466192,0.1266098,58070.5546875,57802.57421875,0.00429416122,0.00395579031
2975,NKX2-2_O95096_AD_220-273|g.21512023G>A(p.Ser241Leu),0.1257515,0.19744825,44168.21875,53696.08203125,0.01507821,0.00713214
2976,NKX2-2_O95096_AD_220-273|g.21512074G>T(p.Ala224Glu),0.5688758,0.19744825,77720.5859375,52295.6953125,0.02862389,0.01743458
2977,NKX2-2_O95096_AD_220-273|g.21512075C>T(p.Ala224Thr),0.3154688,0.19744825,56371.69921875,52295.6953125,0.01271939,0.01743458
2978,NKX2-2_O95096_AD_220-273|g.21511993T>C(p.Tyr251Cys),0.23785114,0.23656368,43054.125,44705.27734375,0.00114519,0.00152435
2979,NKX2-2_O95096_AD_220-273|g.21512058C>A(p.Gln229His),0.14303184,0.19744825,60718.51171875,52295.6953125,0.02509539,0.02816743
2980,NKX2-2_O95096_AD_220-273|g.21512008T>G(p.Gln246Pro),0.29196405,0.23656368,52120.68359375,50365.69140625,0.00411099,0.00453594
2981,NKX2-2_O95096_AD_220-273|g.21511949C>A(p.Val266Phe),0.22984028,0.23656368,58656.140625,55944.69921875,0.0200584,0.00681618
2982,NKX2-2_O95096_AD_220-273|g.21511956G>T(p.His263Gln),0.256181,0.23656368,49895.48828125,55944.69921875,0.00952969,0.008724
2983,NKX2-2_O95096_AD_220-273|g.21511943C>A(p.Ala268Ser),0.23401046,0.23656368,58739.81640625,55944.69921875,0.00410573,0.00387405
2984,NKX2-2_O95096_AD_220-273|g.21511936T>G(p.Gln270Pro),0.23058438,0.23656368,57381.56640625,55944.69921875,0.00468591,0.00359941
2985,NKX2-2_O95096_AD_220-273|g.21512081C>G(p.Asp222His),-0.018315315,0.19744825,46784.3359375,52295.6953125,0.00267991,0.00653097
2986,NKX2-2_O95096_AD_220-273|g.21511996T>G(p.Gln250Pro),0.25292492,0.23656368,64952.8359375,63162.17578125,0.00106229,0.00093708
2987,NKX2-2_O95096_AD_220-273|g.21511961C>G(p.Ala262Pro),0.20832753,0.23656368,54444.25,55944.69921875,0.01798896,0.01836701
2988,NKX2-2_O95096_AD_220-273|g.21511982T>C(p.Ser255Gly),0.22205639,0.23656368,61289.80859375,55944.69921875,0.00104072,0.00100394
2989,NKX2-2_O95096_AD_220-273|g.21512083T>C(p.Gln221Arg),0.014488697,0.19744825,54031.546875,52295.6953125,0.00306939,0.00541674
2990,NKX2-2_O95096_AD_220-273|g.21511981C>A(p.Ser255Ile),0.1893673,0.23656368,61206.6640625,55944.69921875,0.00182183,0.00100394
2991,NKX2-2_O95096_AD_220-273|g.21512030C>T(p.Ala239Thr),0.28223634,0.19744825,53307.33984375,52295.6953125,0.00710294,0.00807943
2992,NKX2-2_O95096_AD_220-273|g.21512053C>G(p.Gly231Ala),0.069970846,0.19744825,54765.9140625,52295.6953125,0.01619492,0.01938281
2993,NKX2-2_O95096_AD_220-273|g.21511964T>C(p.Thr261Ala),0.23189497,0.23656368,55534.74609375,55944.69921875,0.01347149,0.0130251
2994,NKX2-2_O95096_AD_220-273|g.21511979T>C(p.Thr256Ala),0.18766212,0.23656368,60134.34375,55944.69921875,0.00100712,0.00095977
2995,NKX2-2_O95096_AD_220-273|g.21512057C>T(p.Ala230Thr),0.22233677,0.19744825,57028.921875,52295.6953125,0.0132586,0.01570562
2996,NKX2-2_O95096_AD_220-273|g.21511975G>A(p.Pro257Leu),0.20776367,0.23656368,61853.71875,55944.69921875,0.00338044,0.00177168
2997,NKX2-2_O95096_AD_220-273|g.21512087C>T(p.Ala220Thr),0.22663093,0.19744825,55206.96875,52295.6953125,0.00600676,0.00618692
2998,NKX2-2_O95096_AD_220-273|g.21511978G>T(p.Thr256Asn),0.23606539,0.23656368,58682.60546875,55944.69921875,0.00091575,0.00095977
2999,NKX2-2_O95096_AD_220-273|g.21512012T>C(p.Met245Val),0.24934101,0.23656368,46826.98046875,52272.453125,0.00319617,0.00433137
3000,NKX2-2_O95096_AD_220-273|g.21512083T>A(p.Gln221Leu),0.0028569698,0.19744825,66404.90625,52295.6953125,0.01658569,0.00541674
3001,NKX2-2_O95096_AD_220-273|g.21511973G>T(p.Gln258Lys),0.1545608,0.23656368,58464.6640625,55944.69921875,0.00088632,0.00176245
3002,NKX2-2_O95096_AD_220-273|g.21512029G>A(p.Ala239Val),0.16377759,0.19744825,52149.76171875,52295.6953125,0.00872061,0.00807943
3003,NKX2-2_O95096_AD_220-273|g.21512087C>A(p.Ala220Ser),0.23921847,0.19744825,51225.78515625,52295.6953125,0.00618596,0.00618692
3004,NKX2-2_O95096_AD_220-273|g.21511955G>C(p.Pro264Ala),0.22123933,0.23656368,56357.33203125,55944.69921875,0.00674204,0.00620976
3005,NKX2-2_O95096_AD_220-273|g.21511967G>C(p.Pro260Ala),0.26529694,0.23656368,49325.36328125,55944.69921875,0.01005364,0.00944429
3006,NKX2-2_O95096_AD_220-273|g.21512015G>A(p.His244Tyr),0.27916813,0.23656368,52713.98828125,52140.046875,0.01261829,0.00354852
3007,NKX2-2_O95096_AD_220-273|g.21512041G>C(p.Ser235Cys),0.10129666,0.19744825,48869.8203125,52295.6953125,0.02512316,0.01684449
3008,NKX2-2_O95096_AD_220-273|g.21512072C>T(p.Ala225Thr),0.3211739,0.19744825,49943.80859375,52295.6953125,0.01625129,0.01779572
3009,NKX2-2_O95096_AD_220-273|g.21512068G>A(p.Ala226Val),0.16572857,0.19744825,56881.890625,52295.6953125,0.01949863,0.01644658
