variant_id,consequence,hgvs
11-118436486-CTCGCTGCT-C,5_prime_UTR_variant,
11-118436504-G-A,5_prime_UTR_variant,c.-9G>A
11-118436508-C-A,5_prime_UTR_variant,c.-5C>A
11-118436511-A-AC,5_prime_UTR_variant,c.-1dupC
11-118436512-C-T,5_prime_UTR_variant,c.-1C>T
11-118436542-C-T,synonymous_variant,p.Pro10Pro
11-118436551-C-G,synonymous_variant,p.Pro13Pro
11-118436557-C-T,synonymous_variant,p.Thr15Thr
11-118436560-CG-C,frameshift_variant,p.Gly18AlafsTer10
11-118436563-G-GGGC,inframe_insertion,p.Gly23dup
11-118436563-GGGC-G,inframe_deletion,p.Gly23del
11-118436566-C-T,synonymous_variant,p.Gly18Gly
11-118436575-C-CG,frameshift_variant,p.Arg24AlafsTer123
11-118436575-C-G,synonymous_variant,p.Gly21Gly
11-118436575-C-T,synonymous_variant,p.Gly21Gly
11-118436577-G-C,missense_variant,p.Gly22Ala
11-118436581-G-A,synonymous_variant,p.Gly23Gly
11-118436594-G-T,missense_variant,p.Gly28Trp
11-118436600-GC-G,frameshift_variant,p.Pro31ArgfsTer119
11-118436601-C-G,missense_variant,p.Ala30Gly
11-118436617-C-G,synonymous_variant,p.Val35Val
11-118436620-G-T,synonymous_variant,p.Pro36Pro
11-118436624-C-G,missense_variant,p.Leu38Val
11-118436624-C-T,synonymous_variant,p.Leu38Leu
11-118436626-G-A,synonymous_variant,p.Leu38Leu
11-118436632-TC-T,frameshift_variant,p.Pro45ArgfsTer105
11-118436633-C-A,missense_variant,p.Pro41Thr
11-118436633-C-T,missense_variant,p.Pro41Ser
11-118436636-C-T,missense_variant,p.Pro42Ser
11-118436637-C-T,missense_variant,p.Pro42Leu
11-118436638-C-T,synonymous_variant,p.Pro42Pro
11-118436639-G-A,missense_variant,p.Gly43Arg
11-118436639-G-C,missense_variant,p.Gly43Arg
11-118436640-G-A,missense_variant,p.Gly43Glu
11-118436642-C-T,missense_variant,p.Pro44Ser
11-118436644-C-T,synonymous_variant,p.Pro44Pro
11-118436647-G-A,synonymous_variant,p.Pro45Pro
11-118436647-G-C,synonymous_variant,p.Pro45Pro
11-118436649-T-G,missense_variant,p.Val46Gly
11-118436656-T-C,synonymous_variant,p.Gly48Gly
11-118436659-C-T,synonymous_variant,p.Gly49Gly
11-118436668-G-A,synonymous_variant,p.Gly52Gly
11-118436670-C-T,missense_variant,p.Ala53Val
11-118436671-G-T,synonymous_variant,p.Ala53Ala
11-118436676-C-T,missense_variant,p.Pro55Leu
11-118436680-C-A,synonymous_variant,p.Ser56Ser
11-118436680-C-T,synonymous_variant,p.Ser56Ser
11-118436684-C-A,missense_variant,p.Pro58Thr
11-118436684-C-T,missense_variant,p.Pro58Ser
11-118436685-C-T,missense_variant,p.Pro58Leu
11-118436692-G-C,synonymous_variant,p.Val60Val
11-118436692-G-GGCGGCC,inframe_insertion,p.Ala66_Ala67dup
11-118436693-G-A,missense_variant,p.Ala61Thr
11-118436698-C-CGCG,inframe_insertion,p.Ala67dup
11-118436698-C-CGCGGCG,inframe_insertion,p.Ala66_Ala67dup
11-118436698-CGCG-C,inframe_deletion,p.Ala67del
11-118436704-G-A,synonymous_variant,p.Ala64Ala
11-118436707-G-A,synonymous_variant,p.Ala65Ala
11-118436713-G-A,synonymous_variant,p.Ala67Ala
11-118436720-A-G,missense_variant,p.Ser70Gly
11-118436721-G-A,missense_variant,p.Ser70Asn
11-118436722-C-T,synonymous_variant,p.Ser70Ser
11-118436723-G-C,missense_variant,p.Gly71Arg
11-118436728-T-C,synonymous_variant,p.Ala72Ala
11-118436730-G-A,missense_variant,p.Gly73Glu
11-118436739-G-C,missense_variant,p.Gly76Ala
11-118436740-G-A,synonymous_variant,p.Gly76Gly
11-118436741-G-A,missense_variant,p.Gly77Arg
11-118436742-G-A,missense_variant,p.Gly77Glu
11-118436744-G-A,missense_variant,p.Ala78Thr
11-118436753-G-T,missense_variant,p.Ala81Ser
11-118436761-A-G,synonymous_variant,p.Ala83Ala
11-118436767-C-T,synonymous_variant,p.Ser85Ser
11-118436769-C-T,missense_variant,p.Ser86Leu
11-118436771-T-A,missense_variant,p.Ser87Thr
11-118436772-C-T,missense_variant,p.Ser87Leu
11-118436779-C-CTCGTCT,inframe_insertion,p.Ser97_Ser98dup
11-118436781-C-G,missense_variant,p.Ser90Trp
11-118436782-G-C,synonymous_variant,p.Ser90Ser
11-118436784-C-T,missense_variant,p.Ser91Phe
11-118436791-T-TTCGTCA,inframe_insertion,p.Ser97_Ser98dup
11-118436793-C-G,missense_variant,p.Ser94Trp
11-118436794-G-A,synonymous_variant,p.Ser94Ser
11-118436802-C-T,missense_variant,p.Ser97Phe
11-118436809-C-G,synonymous_variant,p.Ala99Ala
11-118436812-T-C,synonymous_variant,p.Ser100Ser
11-118436815-A-T,synonymous_variant,p.Ser101Ser
11-118436815-A-C,synonymous_variant,p.Ser101Ser
11-118436815-A-G,synonymous_variant,p.Ser101Ser
11-118436816-G-A,missense_variant,p.Gly102Arg
11-118436821-G-A,synonymous_variant,p.Pro103Pro
11-118436821-G-C,synonymous_variant,p.Pro103Pro
11-118436821-G-T,synonymous_variant,p.Pro103Pro
11-118436840-C-T,missense_variant,p.Pro110Ser
11-118436842-G-A,synonymous_variant,p.Pro110Pro
11-118436850-A-T,missense_variant,p.Asp113Val
11-118436874-C-T,missense_variant,p.Ala121Val
11-118436875-C-A,synonymous_variant,p.Ala121Ala
11-118436884-C-T,synonymous_variant,p.Thr124Thr
11-118436894-C-A,synonymous_variant,p.Arg128Arg
11-118436908-G-A,synonymous_variant,p.Val132Val
11-118436924-G-A,missense_variant,p.Gly138Arg
11-118436933-G-A,missense_variant,p.Gly141Ser
11-118436940-G-C,missense_variant,p.Gly143Ala
11-118436950-G-A,splice_region_variant,c.432+6G>A
11-118436953-G-A,intron_variant,c.432+9G>A
11-118436960-A-AC,intron_variant,c.432+21dup
11-118436962-C-T,intron_variant,c.432+18C>T
11-118436969-T-C,intron_variant,c.432+25T>C
11-118436975-G-T,intron_variant,c.432+31G>T
11-118436978-T-C,intron_variant,c.432+34T>C
11-118436978-T-G,intron_variant,c.432+34T>G
11-118436979-C-T,intron_variant,c.432+35C>T
11-118436983-C-CCT,intron_variant,c.432+42_432+43dup
11-118436986-C-T,intron_variant,c.432+42C>T
11-118436990-G-T,intron_variant,c.432+46G>T
11-118436991-G-T,intron_variant,c.432+47G>T
11-118436992-A-AT,intron_variant,c.432+48_432+49insT
11-118436993-G-C,intron_variant,c.432+49G>C
11-118436994-C-CCCTCT,intron_variant,c.432+52_432+53insTCTCC
11-118436997-C-G,intron_variant,c.432+53C>G
11-118436997-C-T,intron_variant,c.432+53C>T
11-118437009-C-G,intron_variant,c.432+65C>G
11-118437010-A-T,intron_variant,c.432+66A>T
11-118437020-G-C,intron_variant,c.432+76G>C
11-118438988-A-AT,intron_variant,c.432+2053dupT
11-118439158-C-A,intron_variant,c.432+2214C>A
11-118439158-C-CA,intron_variant,c.432+2229dupA
11-118439158-C-CAA,intron_variant,c.432+2228_432+2229dupAA
11-118439158-CA-C,intron_variant,c.432+2229delA
11-118439165-AAAAAAAAAG-A,intron_variant,c.432+2237_432+2245delAAGAAAAAA
11-118439168-A-AG,intron_variant,c.432+2224_432+2225insG
11-118439169-A-G,intron_variant,c.432+2225A>G
11-118439171-AAAG-A,intron_variant,c.432+2230_432+2232delGAA
11-118439174-GAAA-G,intron_variant,c.432+2236_432+2238delAAA
11-118439174-GAAAA-G,intron_variant,c.432+2235_432+2238delAAAA
11-118439178-A-G,intron_variant,c.432+2234A>G
11-118439181-AAG-A,intron_variant,c.432+2239_432+2240delGA
11-118447555-G-A,intron_variant,c.432+10611G>A
11-118447573-A-G,intron_variant,c.432+10629A>G
11-118447633-A-G,synonymous_variant,p.Gln70Gln
11-118447635-T-C,missense_variant,p.Leu71Pro
11-118468730-G-A,intron_variant,c.433-45G>A
11-118468733-C-A,intron_variant,c.433-42C>A
11-118468733-C-CAGTTAT,intron_variant,c.433-42_433-41insAGTTAT
11-118468733-C-G,intron_variant,c.433-42C>G
11-118468733-C-T,intron_variant,c.433-42C>T
11-118468739-TGC-T,intron_variant,c.433-35_433-34del
11-118468743-T-TCC,intron_variant,c.433-31_433-30insCC
11-118468755-A-C,intron_variant,c.433-20A>C
11-118468760-T-C,intron_variant,c.433-15T>C
11-118468777-T-C,splice_region_variant,c.435T>C
11-118468783-A-G,synonymous_variant,p.Gln147Gln
11-118468798-C-T,synonymous_variant,p.Gly152Gly
11-118468804-T-A,missense_variant,p.Asp154Glu
11-118468810-A-T,missense_variant,p.Glu156Asp
11-118468813-C-T,synonymous_variant,p.Val157Val
11-118468819-G-A,synonymous_variant,p.Val159Val
11-118468821-G-A,missense_variant,p.Arg160Gln
11-118468830-C-G,missense_variant,p.Thr163Arg
11-118468834-G-T,missense_variant,p.Arg164Ser
11-118468839-C-T,missense_variant,p.Pro166Leu
11-118468848-C-T,splice_region_variant,c.502+4C>T
11-118468849-G-A,splice_region_variant,c.502+5G>A
11-118468854-A-G,intron_variant,c.502+10A>G
11-118468854-A-T,intron_variant,c.502+10A>T
11-118468855-T-C,intron_variant,c.502+11T>C
11-118468859-G-A,intron_variant,c.502+15G>A
11-118468860-T-A,intron_variant,c.502+16T>A
11-118468860-T-C,intron_variant,c.502+16T>C
11-118468861-G-A,intron_variant,c.502+17G>A
11-118468861-G-T,intron_variant,c.502+17G>T
11-118468866-G-A,intron_variant,c.502+22G>A
11-118468867-T-C,intron_variant,c.502+23T>C
11-118468868-G-A,intron_variant,c.502+24G>A
11-118468869-C-A,intron_variant,c.502+25C>A
11-118468869-C-G,intron_variant,c.502+25C>G
11-118468870-CT-C,intron_variant,c.502+30del
11-118468874-T-G,intron_variant,c.502+30T>G
11-118468882-G-T,intron_variant,c.502+38G>T
11-118468890-G-A,intron_variant,c.502+46G>A
11-118468893-G-A,intron_variant,c.502+49G>A
11-118471604-T-G,intron_variant,c.503-58T>G
11-118471629-A-G,intron_variant,c.503-33A>G
11-118471633-G-A,intron_variant,c.503-29G>A
11-118471636-C-T,intron_variant,c.503-26C>T
11-118471640-AT-A,intron_variant,c.503-20del
11-118471643-G-T,intron_variant,c.503-19G>T
11-118471667-A-G,missense_variant,p.Thr170Ala
11-118471681-A-G,synonymous_variant,p.Lys174Lys
11-118471687-T-C,synonymous_variant,p.Arg176Arg
11-118471698-G-C,missense_variant,p.Arg180Thr
11-118471717-T-C,synonymous_variant,p.Asn186Asn
11-118471722-C-T,missense_variant,p.Ala188Val
11-118471723-T-C,synonymous_variant,p.Ala188Ala
11-118471724-A-C,missense_variant,p.Ile189Leu
11-118471725-T-C,missense_variant,p.Ile189Thr
11-118471735-T-C,synonymous_variant,p.Asp192Asp
11-118471738-A-G,synonymous_variant,p.Pro193Pro
11-118471739-T-C,missense_variant,p.Ser194Pro
11-118471747-T-C,synonymous_variant,p.Phe196Phe
11-118471756-A-G,synonymous_variant,p.Leu199Leu
11-118471773-A-G,missense_variant,p.Lys205Arg
11-118471775-T-C,missense_variant,p.Ser206Pro
11-118471776-C-G,missense_variant,p.Ser206Cys
11-118471797-A-G,missense_variant,p.Lys213Arg
11-118471802-T-C,missense_variant,p.Ser215Pro
11-118471823-A-C,synonymous_variant,p.Arg222Arg
11-118471839-C-A,missense_variant,p.Thr227Asn
11-118471840-C-T,synonymous_variant,p.Thr227Thr
11-118471844-C-A,missense_variant,p.Pro229Thr
11-118471850-G-C,missense_variant,p.Val231Leu
11-118471853-A-G,missense_variant,p.Lys232Glu
11-118471854-A-C,missense_variant,p.Lys232Thr
11-118471856-A-C,missense_variant,p.Ile233Leu
11-118471864-A-G,missense_variant,p.Ile235Met
11-118471866-C-T,missense_variant,p.Thr236Ile
11-118471870-T-C,synonymous_variant,p.His237His
11-118471877-G-A,missense_variant,p.Asp240Asn
11-118471883-T-A,missense_variant,p.Ser242Thr
11-118471886-G-A,missense_variant,p.Glu243Lys
11-118471902-A-G,missense_variant,p.Asn248Ser
11-118471912-T-G,missense_variant,p.Asp251Glu
11-118471914-G-T,missense_variant,p.Ser252Ile
11-118471921-A-G,synonymous_variant,p.Lys254Lys
11-118471927-T-G,missense_variant,p.Ile256Met
11-118471931-A-C,synonymous_variant,p.Arg258Arg
11-118471933-G-A,synonymous_variant,p.Arg258Arg
11-118471945-T-C,synonymous_variant,p.Ala262Ala
11-118471948-G-A,synonymous_variant,p.Thr263Thr
11-118471966-G-A,synonymous_variant,p.Lys269Lys
11-118471969-T-C,synonymous_variant,p.Ile270Ile
11-118471985-G-A,missense_variant,p.Gly276Ser
11-118471993-C-G,splice_region_variant,c.412+8C>G
11-118472008-T-A,synonymous_variant,p.Ser283Ser
11-118472008-T-C,synonymous_variant,p.Ser283Ser
11-118472009-A-C,missense_variant,p.Lys284Gln
11-118472011-G-A,synonymous_variant,p.Lys284Lys
11-118472023-G-C,synonymous_variant,p.Gly288Gly
11-118472036-G-A,missense_variant,p.Gly293Arg
11-118472047-GGTACAAATT-G,inframe_deletion,p.Gln298_Val300del
11-118472049-T-C,missense_variant,p.Val297Ala
11-118472053-A-G,synonymous_variant,p.Gln298Gln
11-118472059-A-T,synonymous_variant,p.Val300Val
11-118472060-C-G,missense_variant,p.Arg301Gly
11-118472062-A-C,synonymous_variant,p.Arg301Arg
11-118472066-A-C,synonymous_variant,p.Arg303Arg
11-118472072-A-C,synonymous_variant,p.Arg305Arg
11-118472080-A-G,synonymous_variant,p.Pro307Pro
11-118472083-A-C,synonymous_variant,p.Ser308Ser
11-118472095-A-G,missense_variant,p.Ile312Met
11-118472101-C-T,synonymous_variant,p.Thr314Thr
11-118472102-C-G,missense_variant,p.Pro315Ala
11-118472105-T-G,missense_variant,p.Ser316Ala
11-118472107-G-A,synonymous_variant,p.Ser316Ser
11-118472108-G-C,missense_variant,p.Gly317Arg
11-118472122-T-A,missense_variant,p.Asn321Lys
11-118472122-T-C,synonymous_variant,p.Asn321Asn
11-118472125-T-A,synonymous_variant,p.Ser322Ser
11-118472132-GAAA-G,inframe_deletion,p.Lys326del
11-118472137-G-A,synonymous_variant,p.Lys326Lys
11-118472139-C-T,missense_variant,p.Pro327Leu
11-118472145-A-G,missense_variant,p.Lys329Arg
11-118472146-A-G,synonymous_variant,p.Lys329Lys
11-118472159-A-G,missense_variant,p.Lys334Glu
11-118472179-T-C,synonymous_variant,p.Leu340Leu
11-118472190-A-G,missense_variant,p.Asp344Gly
11-118472200-T-A,synonymous_variant,p.Val347Val
11-118472216-C-A,synonymous_variant,p.Arg353Arg
11-118472223-T-A,missense_variant,p.Ile355Asn
11-118472227-G-T,missense_variant,p.Lys356Asn
11-118472229-CAGT-C,inframe_deletion,p.Val358del
11-118472230-A-G,synonymous_variant,p.Pro357Pro
11-118472234-A-AACT,protein_altering_variant,p.Arg359delinsAsnTrp
11-118472237-A-C,missense_variant,p.Ile360Leu
11-118472241-T-A,missense_variant,p.Ile361Asn
11-118472241-T-TTCCTTTTTGAAGAAGGAATAATCCTAACTGGCTTAA,stop_gained,p.Pro362_Ser363insPheTer
11-118472243-C-A,missense_variant,p.Pro362Thr
11-118472243-C-T,missense_variant,p.Pro362Ser
11-118472251-A-T,synonymous_variant,p.Ser364Ser
11-118472269-C-A,synonymous_variant,p.Thr370Thr
11-118472272-T-C,synonymous_variant,p.Ile371Ile
11-118472275-T-C,synonymous_variant,p.Ala372Ala
11-118472281-A-G,synonymous_variant,p.Gln374Gln
11-118472285-T-C,synonymous_variant,p.Leu376Leu
11-118472287-A-G,synonymous_variant,p.Leu376Leu
11-118472305-G-A,synonymous_variant,p.Gly382Gly
11-118472311-A-G,synonymous_variant,p.Gln384Gln
11-118472321-G-A,missense_variant,p.Glu388Lys
11-118472323-A-G,synonymous_variant,p.Glu388Glu
11-118472328-A-C,missense_variant,p.Glu390Ala
11-118472331-C-T,missense_variant,p.Ala391Val
11-118472333-G-A,missense_variant,p.Ala392Thr
11-118472344-G-A,synonymous_variant,p.Gln395Gln
11-118472349-G-A,missense_variant,p.Arg397Lys
11-118472352-A-G,missense_variant,p.Lys398Arg
11-118472367-T-C,missense_variant,p.Val403Ala
11-118472374-T-C,synonymous_variant,p.Asn405Asn
11-118472377-T-C,synonymous_variant,p.Ile406Ile
11-118472380-A-G,synonymous_variant,p.Arg407Arg
11-118472398-T-C,synonymous_variant,p.Val413Val
11-118472402-A-C,missense_variant,p.Ser415Arg
11-118472404-T-C,synonymous_variant,p.Ser415Ser
11-118472407-T-C,synonymous_variant,p.Ala416Ala
11-118472415-C-T,missense_variant,p.Ser419Leu
11-118472416-G-A,synonymous_variant,p.Ser419Ser
11-118472428-G-A,synonymous_variant,p.Lys423Lys
11-118472431-C-T,synonymous_variant,p.Thr424Thr
11-118472447-G-C,missense_variant,p.Glu430Gln
11-118472455-G-A,synonymous_variant,p.Glu432Glu
11-118472461-T-C,synonymous_variant,p.Tyr434Tyr
11-118472481-C-T,missense_variant,p.Ala441Val
11-118472486-T-C,synonymous_variant,p.Leu443Leu
11-118472488-A-C,missense_variant,p.Leu443Phe
11-118472491-G-C,missense_variant,p.Glu444Asp
11-118472496-C-T,missense_variant,p.Thr446Ile
11-118472500-G-A,synonymous_variant,p.Pro447Pro
11-118472502-A-G,missense_variant,p.Asn448Ser
11-118472502-A-T,missense_variant,p.Asn448Ile
11-118472510-T-C,missense_variant,p.Phe451Leu
11-118472515-T-C,synonymous_variant,p.Ser452Ser
11-118472519-C-A,missense_variant,p.Pro454Thr
11-118472521-G-A,synonymous_variant,p.Pro454Pro
11-118472542-A-T,missense_variant,p.Lys461Asn
11-118472548-T-C,synonymous_variant,p.Ser463Ser
11-118472554-T-A,synonymous_variant,p.Ala465Ala
11-118472554-T-G,synonymous_variant,p.Ala465Ala
11-118472562-A-C,missense_variant,p.His468Pro
11-118472569-T-G,synonymous_variant,p.Ser470Ser
11-118472590-T-C,synonymous_variant,p.Ser477Ser
11-118472596-T-C,synonymous_variant,p.Ser479Ser
11-118472596-T-G,synonymous_variant,p.Ser479Ser
11-118472602-C-T,synonymous_variant,p.Ser481Ser
11-118472609-G-A,missense_variant,p.Val484Ile
11-118472621-A-T,missense_variant,p.Thr488Ser
11-118472625-ACTCTC-A,frameshift_variant,p.Asp489GlufsTer4
11-118472633-G-C,missense_variant,p.Ala492Pro
11-118472635-T-TGAGAG,frameshift_variant,p.Ser493GlufsTer76
11-118472640-A-T,missense_variant,p.Glu494Val
11-118472642-G-A,missense_variant,p.Glu495Lys
11-118472653-A-G,synonymous_variant,p.Val498Val
11-118472663-G-A,missense_variant,p.Glu502Lys
11-118472667-G-A,missense_variant,p.Arg503Gln
11-118472668-G-C,synonymous_variant,p.Arg503Arg
11-118472669-A-T,missense_variant,p.Ser504Cys
11-118472670-G-A,missense_variant,p.Ser504Asn
11-118472677-C-T,synonymous_variant,p.Thr506Thr
11-118472678-C-G,missense_variant,p.Pro507Ala
11-118472678-C-T,missense_variant,p.Pro507Ser
11-118472683-A-C,missense_variant,p.Glu508Asp
11-118472688-A-G,missense_variant,p.His510Arg
11-118472693-C-T,missense_variant,p.Pro512Ser
11-118472700-C-G,missense_variant,p.Pro514Arg
11-118472713-C-T,synonymous_variant,p.Ser518Ser
11-118472723-G-A,missense_variant,p.Glu522Lys
11-118472727-G-A,missense_variant,p.Ser523Asn
11-118472730-A-G,missense_variant,p.Asn524Ser
11-118472761-G-A,synonymous_variant,p.Ser534Ser
11-118472765-A-G,missense_variant,p.Arg536Gly
11-118472768-A-C,missense_variant,p.Ser537Arg
11-118472784-C-T,missense_variant,p.Thr542Met
11-118472785-G-A,synonymous_variant,p.Thr542Thr
11-118472791-A-G,synonymous_variant,p.Lys544Lys
11-118472795-T-C,synonymous_variant,p.Leu546Leu
11-118472797-A-C,missense_variant,p.Leu546Phe
11-118472800-A-C,synonymous_variant,p.Ser547Ser
11-118472800-A-G,synonymous_variant,p.Ser547Ser
11-118472801-A-G,missense_variant,p.Thr548Ala
11-118472806-A-G,synonymous_variant,p.Leu549Leu
11-118472813-G-C,missense_variant,p.Ala552Pro
11-118472814-C-T,missense_variant,p.Ala552Val
11-118472820-A-C,missense_variant,p.Gln554Pro
11-118472831-T-G,missense_variant,p.Ser558Ala
11-118472833-C-T,synonymous_variant,p.Ser558Ser
11-118472836-G-A,synonymous_variant,p.Ser559Ser
11-118472836-G-C,synonymous_variant,p.Ser559Ser
11-118472839-T-G,synonymous_variant,p.Ser560Ser
11-118472847-C-A,missense_variant,p.Pro563Gln
11-118472851-T-C,synonymous_variant,p.Pro564Pro
11-118472857-G-T,synonymous_variant,p.Leu566Leu
11-118472858-ACT-A,frameshift_variant,p.Pro568ThrfsTer12
11-118472865-C-T,missense_variant,p.Pro569Leu
11-118472866-G-A,synonymous_variant,p.Pro569Pro
11-118472866-G-C,synonymous_variant,p.Pro569Pro
11-118472869-A-C,synonymous_variant,p.Pro570Pro
11-118472869-A-T,synonymous_variant,p.Pro570Pro
11-118472872-A-ACTGGAGGCTGG,frameshift_variant,p.Gln573GlufsTer24
11-118472875-G-C,synonymous_variant,p.Leu572Leu
11-118472875-G-T,synonymous_variant,p.Leu572Leu
11-118472884-C-T,synonymous_variant,p.Ala575Ala
11-118472888-A-G,missense_variant,p.Ser577Gly
11-118472890-T-C,synonymous_variant,p.Ser577Ser
11-118472897-G-A,missense_variant,p.Asp580Asn
11-118472914-T-C,synonymous_variant,p.Leu585Leu
11-118472927-A-G,missense_variant,p.Ile590Val
11-118472929-C-T,synonymous_variant,p.Ile590Ile
11-118472930-C-T,missense_variant,p.Pro591Ser
11-118472939-T-A,missense_variant,p.Ser594Thr
11-118472954-G-A,missense_variant,p.Ala599Thr
11-118472959-CA-C,frameshift_variant,p.Thr601LeufsTer22
11-118472960-A-G,missense_variant,p.Thr601Ala
11-118472961-C-G,missense_variant,p.Thr601Ser
11-118472962-T-C,synonymous_variant,p.Thr601Thr
11-118472968-T-C,synonymous_variant,p.Pro603Pro
11-118472969-A-G,missense_variant,p.Met604Val
11-118472973-A-AT,frameshift_variant,p.Gln605HisfsTer14
11-118472975-G-GGAGCAGT,frameshift_variant,p.Lys607AlafsTer14
11-118472985-A-G,missense_variant,p.Lys609Arg
11-118472988-C-G,missense_variant,p.Ser610Cys
11-118473004-G-A,synonymous_variant,p.Pro615Pro
11-118473007-A-G,synonymous_variant,p.Thr616Thr
11-118473023-T-C,synonymous_variant,p.Leu622Leu
11-118473025-A-G,synonymous_variant,p.Leu622Leu
11-118473031-T-C,synonymous_variant,p.His624His
11-118473043-G-A,synonymous_variant,p.Glu628Glu
11-118473049-A-G,synonymous_variant,p.Gln630Gln
11-118473071-G-A,missense_variant,p.Ala638Thr
11-118473079-A-G,synonymous_variant,p.Glu640Glu
11-118473097-A-G,synonymous_variant,p.Pro646Pro
11-118473115-A-C,synonymous_variant,p.Arg652Arg
11-118473119-C-T,missense_variant,p.Pro654Ser
11-118473125-C-T,synonymous_variant,p.Leu656Leu
11-118473133-C-T,synonymous_variant,p.Pro658Pro
11-118473134-G-A,missense_variant,p.Glu659Lys
11-118473134-G-C,missense_variant,p.Glu659Gln
11-118473136-G-A,synonymous_variant,p.Glu659Glu
11-118473139-C-T,synonymous_variant,p.Asp660Asp
11-118473141-T-C,missense_variant,p.Val661Ala
11-118473142-T-C,synonymous_variant,p.Val661Val
11-118473148-T-C,synonymous_variant,p.Phe663Phe
11-118473154-T-C,synonymous_variant,p.Ser665Ser
11-118473155-G-A,missense_variant,p.Gly666Ser
11-118473156-G-C,missense_variant,p.Gly666Ala
11-118473157-T-G,synonymous_variant,p.Gly666Gly
11-118473163-T-G,synonymous_variant,p.Ser668Ser
11-118473164-G-A,missense_variant,p.Ala669Thr
11-118473175-C-T,synonymous_variant,p.Thr672Thr
11-118473189-G-A,missense_variant,p.Arg677Gln
11-118473199-G-A,synonymous_variant,p.Ser680Ser
11-118473199-G-T,synonymous_variant,p.Ser680Ser
11-118473205-C-G,synonymous_variant,p.Leu682Leu
11-118473220-G-A,synonymous_variant,p.Arg687Arg
11-118473221-T-A,missense_variant,p.Phe688Ile
11-118473221-T-G,missense_variant,p.Phe688Val
11-118473229-G-A,missense_variant,p.Met690Ile
11-118473236-A-C,synonymous_variant,p.Arg693Arg
11-118473242-C-T,missense_variant,p.Pro695Ser
11-118473244-T-TCAGAAGAGGGCTC,frameshift_variant,p.Leu696GlnfsTer15
11-118473260-A-G,missense_variant,p.Arg701Gly
11-118473267-C-T,missense_variant,p.Thr703Ile
11-118473272-A-C,missense_variant,p.Ser705Arg
11-118473274-T-C,synonymous_variant,p.Ser705Ser
11-118473278-G-A,missense_variant,p.Ala707Thr
11-118473288-G-A,missense_variant,p.Arg710Lys
11-118473310-G-C,missense_variant,p.Leu717Phe
11-118473314-A-G,missense_variant,p.Ser719Gly
11-118473337-A-G,synonymous_variant,p.Thr726Thr
11-118473337-ATCT-A,inframe_deletion,p.Ser729del
11-118473340-T-A,synonymous_variant,p.Ser727Ser
11-118473346-A-G,synonymous_variant,p.Ser729Ser
11-118473350-G-T,missense_variant,p.Val731Leu
11-118473352-A-G,synonymous_variant,p.Val731Val
11-118473355-C-G,synonymous_variant,p.Ser732Ser
11-118473358-T-C,synonymous_variant,p.Asn733Asn
11-118473361-A-G,synonymous_variant,p.Arg734Arg
11-118473365-A-G,missense_variant,p.Arg736Gly
11-118473373-A-C,missense_variant,p.Arg738Ser
11-118473380-T-A,missense_variant,p.Phe741Ile
11-118473385-T-C,synonymous_variant,p.Ser742Ser
11-118473411-C-T,missense_variant,p.Pro751Leu
11-118473418-C-T,synonymous_variant,p.His753His
11-118473436-T-C,synonymous_variant,p.Ser759Ser
11-118473448-T-C,synonymous_variant,p.Ser763Ser
11-118473450-G-C,missense_variant,p.Ser764Thr
11-118473454-T-G,synonymous_variant,p.Ser765Ser
11-118473460-C-G,synonymous_variant,p.Leu767Leu
11-118473471-C-A,missense_variant,p.Thr771Asn
11-118473475-C-A,synonymous_variant,p.Pro772Pro
11-118473475-C-G,synonymous_variant,p.Pro772Pro
11-118473476-C-G,missense_variant,p.Pro773Ala
11-118473477-C-G,missense_variant,p.Pro773Arg
11-118473478-G-A,synonymous_variant,p.Pro773Pro
11-118473486-T-C,missense_variant,p.Val776Ala
11-118473495-C-T,missense_variant,p.Ser779Leu
11-118473496-G-T,synonymous_variant,p.Ser779Ser
11-118473515-C-G,missense_variant,p.Pro786Ala
11-118473518-C-T,missense_variant,p.Leu787Phe
11-118473522-C-T,missense_variant,p.Ala788Val
11-118473553-T-G,missense_variant,p.Phe798Leu
11-118473554-C-A,missense_variant,p.Pro799Thr
11-118473555-C-T,missense_variant,p.Pro799Leu
11-118473560-C-A,missense_variant,p.His801Asn
11-118473560-C-T,missense_variant,p.His801Tyr
11-118473564-C-G,missense_variant,p.Ser802Cys
11-118473567-T-A,missense_variant,p.Leu803Gln
11-118473568-G-C,synonymous_variant,p.Leu803Leu
11-118473572-C-G,missense_variant,p.Gln805Glu
11-118473577-T-A,synonymous_variant,p.Ser806Ser
11-118473585-C-T,missense_variant,p.Ser809Phe
11-118473595-A-G,synonymous_variant,p.Lys812Lys
11-118473598-T-C,synonymous_variant,p.Asn813Asn
11-118473626-C-G,missense_variant,p.Pro823Ala
11-118473628-G-A,synonymous_variant,p.Pro823Pro
11-118473646-A-C,synonymous_variant,p.Ser829Ser
11-118473648-G-A,missense_variant,p.Ser830Asn
11-118473655-T-C,synonymous_variant,p.Pro832Pro
11-118473671-TG-T,frameshift_variant,p.Trp838CysfsTer111
11-118473672-G-C,missense_variant,p.Trp838Ser
11-118473678-C-T,missense_variant,p.Thr840Ile
11-118473685-C-T,synonymous_variant,p.Gly842Gly
11-118473686-T-C,missense_variant,p.Ser843Pro
11-118473688-T-C,synonymous_variant,p.Ser843Ser
11-118473697-A-G,synonymous_variant,p.Glu846Glu
11-118473698-A-G,missense_variant,p.Arg847Gly
11-118473706-A-G,synonymous_variant,p.Arg849Arg
11-118473715-C-G,missense_variant,p.Asp852Glu
11-118473716-A-C,missense_variant,p.Lys853Gln
11-118473716-A-G,missense_variant,p.Lys853Glu
11-118473724-C-A,synonymous_variant,p.Pro855Pro
11-118473724-C-T,synonymous_variant,p.Pro855Pro
11-118473733-G-C,synonymous_variant,p.Leu858Leu
11-118473738-A-C,missense_variant,p.Lys860Thr
11-118473742-T-G,missense_variant,p.Asp861Glu
11-118473744-G-C,missense_variant,p.Arg862Pro
11-118473750-C-G,missense_variant,p.Ala864Gly
11-118473760-C-T,synonymous_variant,p.Ser867Ser
11-118473774-A-G,missense_variant,p.Lys872Arg
11-118473778-T-G,missense_variant,p.Ser873Arg
11-118473805-G-A,synonymous_variant,p.Lys882Lys
11-118473808-G-A,synonymous_variant,p.Glu883Glu
11-118473823-A-C,synonymous_variant,p.Ser888Ser
11-118473829-A-G,synonymous_variant,p.Lys890Lys
11-118473843-A-G,missense_variant,p.Lys895Arg
11-118473844-G-A,synonymous_variant,p.Lys895Lys
11-118473844-G-C,missense_variant,p.Lys895Asn
11-118473846-G-C,missense_variant,p.Gly896Ala
11-118473855-T-G,missense_variant,p.Ile899Ser
11-118473861-G-A,missense_variant,p.Ser901Asn
11-118473865-T-C,synonymous_variant,p.Ser902Ser
11-118473868-T-G,synonymous_variant,p.Ser903Ser
11-118473881-G-A,missense_variant,p.Val908Met
11-118473885-G-A,missense_variant,p.Gly909Asp
11-118473885-G-T,missense_variant,p.Gly909Val
11-118473889-G-A,synonymous_variant,p.Arg910Arg
11-118473906-T-C,missense_variant,p.Val916Ala
11-118473907-T-C,synonymous_variant,p.Val916Val
11-118473912-G-A,missense_variant,p.Gly918Asp
11-118473918-A-G,missense_variant,p.Asp920Gly
11-118473922-T-G,synonymous_variant,p.Val921Val
11-118473952-A-C,synonymous_variant,p.Thr931Thr
11-118473956-C-A,synonymous_variant,p.Arg933Arg
11-118473956-C-T,missense_variant,p.Arg933Trp
11-118473957-G-A,missense_variant,p.Arg933Gln
11-118473966-C-G,missense_variant,p.Ser936Cys
11-118473971-T-C,missense_variant,p.Ser938Pro
11-118473975-A-G,missense_variant,p.His939Arg
11-118473975-A-T,missense_variant,p.His939Leu
11-118473976-T-C,synonymous_variant,p.His939His
11-118473984-G-A,missense_variant,p.Gly942Glu
11-118473992-A-G,missense_variant,p.Ile945Val
11-118473995-A-G,missense_variant,p.Thr946Ala
11-118474000-T-C,synonymous_variant,p.Ser947Ser
11-118474013-G-A,missense_variant,p.Asp952Asn
11-118474014-A-G,missense_variant,p.Asp952Gly
11-118474015-T-C,synonymous_variant,p.Asp952Asp
11-118474018-A-G,synonymous_variant,p.Thr953Thr
11-118474029-A-C,missense_variant,p.Lys957Thr
11-118474039-A-G,missense_variant,p.Ile960Met
11-118474043-A-C,missense_variant,p.Ile962Leu
11-118474048-G-C,missense_variant,p.Lys963Asn
11-118474051-A-G,synonymous_variant,p.Lys964Lys
11-118474074-C-A,missense_variant,p.Thr972Asn
11-118474074-C-G,missense_variant,p.Thr972Ser
11-118474085-C-T,missense_variant,p.Leu976Phe
11-118474094-A-G,missense_variant,p.Thr979Ala
11-118474097-G-A,missense_variant,p.Ala980Thr
11-118474102-A-G,synonymous_variant,p.Pro981Pro
11-118474119-A-G,missense_variant,p.Lys987Arg
11-118474124-C-T,missense_variant,p.Leu989Phe
11-118474125-T-G,missense_variant,p.Leu989Arg
11-118474144-A-C,synonymous_variant,p.Ser995Ser
11-118474144-A-G,synonymous_variant,p.Ser995Ser
11-118474144-A-T,synonymous_variant,p.Ser995Ser
11-118474166-A-G,missense_variant,p.Thr1003Ala
11-118474216-T-G,synonymous_variant,p.Thr1019Thr
11-118474233-G-A,missense_variant,p.Ser1025Asn
11-118474255-T-C,synonymous_variant,p.Ala1032Ala
11-118474294-A-G,synonymous_variant,p.Gln1045Gln
11-118474297-C-T,synonymous_variant,p.Thr1046Thr
11-118474298-G-A,missense_variant,p.Asp1047Asn
11-118474327-C-T,intron_variant,c.3156+12C>T
11-118474329-C-T,intron_variant,c.3156+14C>T
11-118474337-A-G,intron_variant,c.3156+22A>G
11-118474344-C-T,intron_variant,c.3156+29C>T
11-118474345-T-C,intron_variant,c.3156+30T>C
11-118474353-T-C,intron_variant,c.3156+38T>C
11-118474354-A-C,intron_variant,c.3156+39A>C
11-118474381-A-G,intron_variant,c.3156+66A>G
11-118476746-G-A,intron_variant,c.3157-59G>A
11-118476758-T-A,intron_variant,c.3157-47T>A
11-118476766-T-C,intron_variant,c.3157-39T>C
11-118476771-G-A,intron_variant,c.3157-34G>A
11-118476779-T-C,intron_variant,c.3157-26T>C
11-118476781-G-A,intron_variant,c.3157-24G>A
11-118476792-G-A,intron_variant,c.3157-13G>A
11-118476796-C-T,intron_variant,c.3157-9C>T
11-118476796-CATAT-C,splice_region_variant,c.3157-8_3157-5del
11-118476800-T-TCCTC,splice_region_variant,c.3157-5_3157-4insCCTC
11-118476805-G-A,missense_variant,p.Gly1053Ser
11-118476811-G-C,missense_variant,p.Glu1055Gln
11-118476822-A-C,synonymous_variant,p.Ser1058Ser
11-118476822-A-G,synonymous_variant,p.Ser1058Ser
11-118476825-A-G,synonymous_variant,p.Ser1059Ser
11-118476831-C-T,synonymous_variant,p.Thr1061Thr
11-118476834-T-A,synonymous_variant,p.Ser1062Ser
11-118476836-T-C,missense_variant,p.Val1063Ala
11-118476839-G-A,missense_variant,p.Arg1064Gln
11-118476849-G-A,synonymous_variant,p.Arg1067Arg
11-118476873-A-T,synonymous_variant,p.Ala1075Ala
11-118476876-T-C,synonymous_variant,p.Ala1076Ala
11-118476882-C-T,synonymous_variant,p.Ala1078Ala
11-118476890-G-A,missense_variant,p.Arg1081Gln
11-118476896-G-A,missense_variant,p.Arg1083Gln
11-118476915-C-T,synonymous_variant,p.Asp1089Asp
11-118476923-C-A,missense_variant,p.Thr1092Asn
11-118476939-A-G,synonymous_variant,p.Pro1097Pro
11-118476957-G-A,synonymous_variant,p.Lys1103Lys
11-118476970-A-G,missense_variant,p.Met1108Val
11-118476975-G-A,synonymous_variant,p.Gly1109Gly
11-118476981-T-C,splice_region_variant,c.3333T>C
11-118476989-C-T,splice_region_variant,c.3334+7C>T
11-118476990-A-G,splice_region_variant,c.3334+8A>G
11-118476991-A-G,intron_variant,c.3334+9A>G
11-118476995-G-T,intron_variant,c.3334+13G>T
11-118477010-C-T,intron_variant,c.3334+28C>T
11-118477011-G-A,intron_variant,c.3334+29G>A
11-118477032-T-A,intron_variant,c.3334+50T>A
11-118477929-A-G,intron_variant,c.3335-38A>G
11-118477945-T-C,intron_variant,c.3335-22T>C
11-118477953-C-T,intron_variant,c.3335-14C>T
11-118477974-A-G,synonymous_variant,p.Ser1114Ser
11-118477978-A-G,missense_variant,p.Ile1116Val
11-118477979-T-C,missense_variant,p.Ile1116Thr
11-118478008-G-A,missense_variant,p.Ala1126Thr
11-118478011-C-G,missense_variant,p.Pro1127Ala
11-118478013-A-G,synonymous_variant,p.Pro1127Pro
11-118478019-C-G,missense_variant,p.Ile1129Met
11-118478025-A-G,synonymous_variant,p.Pro1131Pro
11-118478040-T-C,synonymous_variant,p.Thr1136Thr
11-118478045-A-G,missense_variant,p.Asn1138Ser
11-118478050-G-C,missense_variant,p.Ala1140Pro
11-118478052-A-G,synonymous_variant,p.Ala1140Ala
11-118478052-A-T,synonymous_variant,p.Ala1140Ala
11-118478055-C-G,synonymous_variant,p.Pro1141Pro
11-118478055-C-T,synonymous_variant,p.Pro1141Pro
11-118478057-A-G,missense_variant,p.Gln1142Arg
11-118478067-A-G,synonymous_variant,p.Pro1145Pro
11-118478068-G-A,missense_variant,p.Val1146Ile
11-118478080-C-A,missense_variant,p.Arg1150Ser
11-118478082-T-G,synonymous_variant,p.Arg1150Arg
11-118478088-G-A,synonymous_variant,p.Ser1152Ser
11-118478109-C-T,synonymous_variant,p.Pro1159Pro
11-118478137-G-A,missense_variant,p.Val1169Ile
11-118478142-T-C,synonymous_variant,p.Cys1170Cys
11-118478151-C-T,synonymous_variant,p.Cys1173Cys
11-118478152-T-C,synonymous_variant,p.Leu1174Leu
11-118478154-A-G,synonymous_variant,p.Leu1174Leu
11-118478157-T-C,synonymous_variant,p.Asp1175Asp
11-118478175-T-C,synonymous_variant,p.Gly1181Gly
11-118478178-C-A,synonymous_variant,p.Arg1182Arg
11-118478181-T-C,synonymous_variant,p.Asn1183Asn
11-118478193-G-A,synonymous_variant,p.Gln1187Gln
11-118478203-T-TGAGTACACATCTGCCCC,splice_region_variant,c.3569+2_3569+3insGAGTACACATCTGCCCC
11-118478209-G-T,splice_region_variant,c.3569+8G>T
11-118478211-T-C,intron_variant,c.3569+10T>C
11-118478218-C-T,intron_variant,c.3569+17C>T
11-118478220-C-G,intron_variant,c.3569+19C>G
11-118478221-T-A,intron_variant,c.3569+20T>A
11-118478226-T-G,intron_variant,c.3569+25T>G
11-118478229-T-C,intron_variant,c.3569+28T>C
11-118478230-G-A,intron_variant,c.3569+29G>A
11-118478232-C-T,intron_variant,c.3569+31C>T
11-118478233-C-A,intron_variant,c.3569+32C>A
11-118478237-C-T,intron_variant,c.3569+36C>T
11-118478239-A-G,intron_variant,c.3569+38A>G
11-118478242-A-G,intron_variant,c.3569+41A>G
11-118478244-A-T,intron_variant,c.3569+43A>T
11-118478248-G-T,intron_variant,c.3569+47G>T
11-118478250-T-TGAGA,intron_variant,c.3569+50_3569+51insAGAG
11-118478261-C-T,intron_variant,c.3569+60C>T
11-118478269-T-C,intron_variant,c.3569+68T>C
11-118480135-A-C,intron_variant,c.3570-39A>C
11-118480140-A-T,intron_variant,c.3570-34A>T
11-118480150-A-G,intron_variant,c.3570-24A>G
11-118480153-G-A,intron_variant,c.3570-21G>A
11-118480160-C-T,intron_variant,c.3570-14C>T
11-118480176-T-G,missense_variant,p.Met1191Arg
11-118480177-G-A,missense_variant,p.Met1191Ile
11-118480214-G-A,missense_variant,p.Ala1204Thr
11-118480242-G-A,splice_region_variant,c.3634+4G>A
11-118480244-G-GT,splice_region_variant,c.3634+8dup
11-118480250-A-G,intron_variant,c.3634+12A>G
11-118480255-G-T,intron_variant,c.3634+17G>T
11-118480265-C-A,intron_variant,c.3634+27C>A
11-118480267-A-C,intron_variant,c.3634+29A>C
11-118480273-C-G,intron_variant,c.3634+35C>G
11-118480274-C-T,intron_variant,c.3634+36C>T
11-118480275-T-G,intron_variant,c.3634+37T>G
11-118480283-A-C,intron_variant,c.3634+45A>C
11-118480283-A-T,intron_variant,c.3634+45A>T
11-118481647-C-G,intron_variant,c.3635-68C>G
11-118481656-T-C,intron_variant,c.3635-59T>C
11-118481667-A-G,intron_variant,c.3635-48A>G
11-118481674-T-G,intron_variant,c.3635-41T>G
11-118481675-C-T,intron_variant,c.3635-40C>T
11-118481677-C-T,intron_variant,c.3635-38C>T
11-118481692-A-G,intron_variant,c.3635-23A>G
11-118481694-G-A,intron_variant,c.3635-21G>A
11-118481702-G-A,intron_variant,c.3635-13G>A
11-118481707-T-C,splice_region_variant,c.3635-8T>C
11-118481708-C-T,splice_region_variant,c.3635-7C>T
11-118481709-C-G,splice_region_variant,c.3635-6C>G
11-118481710-C-T,splice_region_variant,c.3635-5C>T
11-118481712-C-T,splice_region_variant,c.3635-3C>T
11-118481719-G-A,synonymous_variant,p.Val1213Val
11-118481723-AAGAAAG-A,inframe_deletion,p.Glu1217_Lys1218del
11-118481727-A-G,missense_variant,p.Lys1216Arg
11-118481736-A-G,missense_variant,p.Lys1219Arg
11-118481764-C-T,synonymous_variant,p.Ser1228Ser
11-118481769-A-G,missense_variant,p.Glu1230Gly
11-118481780-G-A,missense_variant,p.Val1234Met
11-118481784-A-C,missense_variant,p.Lys1235Thr
11-118481784-A-G,missense_variant,p.Lys1235Arg
11-118481788-C-T,synonymous_variant,p.Asn1236Asn
11-118481789-G-A,missense_variant,p.Val1237Met
11-118481793-T-C,missense_variant,p.Val1238Ala
11-118481794-G-T,synonymous_variant,p.Val1238Val
11-118481802-G-C,missense_variant,p.Ser1241Thr
11-118481830-G-A,synonymous_variant,p.Glu1250Glu
11-118481842-A-G,synonymous_variant,p.Pro1254Pro
11-118481848-A-G,synonymous_variant,p.Lys1256Lys
11-118481850-G-A,missense_variant,p.Ser1257Asn
11-118481850-G-T,missense_variant,p.Ser1257Ile
11-118481855-A-C,missense_variant,p.Ser1259Arg
11-118481856-G-C,missense_variant,p.Ser1259Thr
11-118481862-C-T,missense_variant,p.Pro1261Leu
11-118481869-A-T,synonymous_variant,p.Pro1263Pro
11-118481873-A-C,missense_variant,p.Lys1265Gln
11-118481874-A-G,missense_variant,p.Lys1265Arg
11-118481876-C-G,missense_variant,p.Pro1266Ala
11-118481876-C-T,missense_variant,p.Pro1266Ser
11-118481877-C-CTTT,inframe_insertion,p.Pro1266_Val1267insPhe
11-118481878-C-T,synonymous_variant,p.Pro1266Pro
11-118481879-G-A,missense_variant,p.Val1267Ile
11-118481881-C-G,synonymous_variant,p.Val1267Val
11-118481881-C-T,synonymous_variant,p.Val1267Val
11-118481888-A-C,missense_variant,p.Lys1270Gln
11-118481900-G-A,missense_variant,p.Gly1274Arg
11-118481906-G-A,missense_variant,p.Val1276Ile
11-118481910-C-T,missense_variant,p.Ser1277Leu
11-118481913-C-A,missense_variant,p.Ala1278Asp
11-118481915-C-G,missense_variant,p.Pro1279Ala
11-118481919-G-A,missense_variant,p.Gly1280Glu
11-118481923-T-TGTTTG,frameshift_variant,p.Glu1282ValfsTer76
11-118481926-A-T,missense_variant,p.Glu1282Asp
11-118481927-TCCAAA-T,frameshift_variant,p.Lys1284GlyfsTer40
11-118481947-A-G,synonymous_variant,p.Pro1289Pro
11-118481976-C-T,missense_variant,p.Ser1299Phe
11-118481977-C-T,synonymous_variant,p.Ser1299Ser
11-118481987-C-G,missense_variant,p.Leu1303Val
11-118481990-G-A,missense_variant,p.Val1304Ile
11-118481998-G-A,synonymous_variant,p.Pro1306Pro
11-118482003-A-G,missense_variant,p.Gln1308Arg
11-118482006-C-T,missense_variant,p.Pro1309Leu
11-118482018-G-C,missense_variant,p.Gly1313Ala
11-118482021-C-T,missense_variant,p.Pro1314Leu
11-118482022-G-A,synonymous_variant,p.Pro1314Pro
11-118482030-A-G,missense_variant,p.Lys1317Arg
11-118482040-C-T,synonymous_variant,p.Pro1320Pro
11-118482042-A-G,missense_variant,p.Lys1321Arg
11-118482054-G-A,missense_variant,p.Ser1325Asn
11-118482061-C-G,synonymous_variant,p.Pro1327Pro
11-118482074-C-T,missense_variant,p.Pro1332Ser
11-118482078-C-T,missense_variant,p.Pro1333Leu
11-118482079-A-T,synonymous_variant,p.Pro1333Pro
11-118482080-C-T,missense_variant,p.Pro1334Ser
11-118482099-G-A,splice_region_variant,c.4012+7G>A
11-118482100-A-G,splice_region_variant,c.4012+8A>G
11-118482117-T-C,intron_variant,c.4012+25T>C
11-118482123-AACC-A,intron_variant,c.4012+34_4012+36del
11-118482130-A-C,intron_variant,c.4012+38A>C
11-118482130-A-G,intron_variant,c.4012+38A>G
11-118482149-T-C,intron_variant,c.4012+57T>C
11-118482151-A-G,intron_variant,c.4012+59A>G
11-118482152-T-C,intron_variant,c.4012+60T>C
11-118482373-A-G,intron_variant,c.4013-49A>G
11-118482382-G-A,intron_variant,c.4013-40G>A
11-118482429-G-A,synonymous_variant,p.Glu1340Glu
11-118482456-C-A,synonymous_variant,p.Pro1349Pro
11-118482457-C-T,missense_variant,p.Arg1350Cys
11-118482463-A-G,missense_variant,p.Ser1352Gly
11-118482465-T-C,synonymous_variant,p.Ser1352Ser
11-118482498-G-A,splice_region_variant,c.4086+3G>A
11-118482503-G-C,splice_region_variant,c.4086+8G>C
11-118482526-T-C,intron_variant,c.4086+31T>C
11-118482530-G-A,intron_variant,c.4086+35G>A
11-118482537-T-C,intron_variant,c.4086+42T>C
11-118482545-T-G,intron_variant,c.4086+50T>G
11-118484124-G-A,intron_variant,c.4087-59G>A
11-118484144-G-A,intron_variant,c.4087-39G>A
11-118484159-T-C,intron_variant,c.4087-24T>C
11-118484160-A-G,intron_variant,c.4087-23A>G
11-118484161-T-C,intron_variant,c.4087-22T>C
11-118484196-C-T,missense_variant,p.Pro1367Leu
11-118484197-G-A,synonymous_variant,p.Pro1367Pro
11-118484216-GC-G,frameshift_variant,p.Ala1374GlufsTer4
11-118484226-T-G,missense_variant,p.Leu1377Trp
11-118484236-C-T,synonymous_variant,p.Leu1380Leu
11-118484239-C-T,synonymous_variant,p.Ser1381Ser
11-118484243-C-G,missense_variant,p.Leu1383Val
11-118484248-C-T,synonymous_variant,p.Ser1384Ser
11-118484250-A-G,missense_variant,p.Asn1385Ser
11-118484251-T-C,synonymous_variant,p.Asn1385Asn
11-118484257-T-C,synonymous_variant,p.Asn1387Asn
11-118484259-G-T,missense_variant,p.Ser1388Ile
11-118484262-C-T,missense_variant,p.Ser1389Phe
11-118484291-C-T,missense_variant,p.His1399Tyr
11-118484296-G-A,synonymous_variant,p.Arg1400Arg
11-118484299-C-A,synonymous_variant,p.Ile1401Ile
11-118484299-C-T,synonymous_variant,p.Ile1401Ile
11-118484301-G-GAGTGGACTTTAAGGTAAAGGTGTTCAGTGATCAT,frameshift_variant,c.4207_4218+22dup
11-118484320-G-C,splice_region_variant,c.4218+6G>C
11-118484331-A-G,intron_variant,c.4218+17A>G
11-118484333-C-T,intron_variant,c.4218+19C>T
11-118484334-A-G,intron_variant,c.4218+20A>G
11-118484336-A-C,intron_variant,c.4218+22A>C
11-118484339-G-T,intron_variant,c.4218+25G>T
11-118484344-T-G,intron_variant,c.4218+30T>G
11-118484348-G-C,intron_variant,c.4218+34G>C
11-118484352-C-T,intron_variant,c.4218+38C>T
11-118484357-A-T,intron_variant,c.4218+43A>T
11-118484822-A-C,intron_variant,c.4219-40A>C
11-118484827-T-C,intron_variant,c.4219-35T>C
11-118484834-T-C,intron_variant,c.4219-28T>C
11-118484835-T-C,intron_variant,c.4219-27T>C
11-118484836-C-T,intron_variant,c.4219-26C>T
11-118484837-C-T,intron_variant,c.4219-25C>T
11-118484841-G-A,intron_variant,c.4219-21G>A
11-118484845-C-T,intron_variant,c.4219-17C>T
11-118484848-T-TTC,intron_variant,c.4219-7_4219-6dup
11-118484852-C-G,intron_variant,c.4219-10C>G
11-118484854-C-CTTTT,splice_region_variant,c.4219-7_4219-6insTTTT
11-118484866-A-T,missense_variant,p.Asp1408Val
11-118484867-T-C,synonymous_variant,p.Asp1408Asp
11-118484876-A-G,synonymous_variant,p.Ala1411Ala
11-118484891-G-A,synonymous_variant,p.Glu1416Glu
11-118484897-A-T,synonymous_variant,p.Gly1418Gly
11-118484915-T-C,synonymous_variant,p.Thr1424Thr
11-118484921-T-C,synonymous_variant,p.Val1426Val
11-118484925-A-G,missense_variant,p.Ile1428Val
11-118484927-A-C,synonymous_variant,p.Ile1428Ile
11-118484939-G-A,synonymous_variant,p.Val1432Val
11-118484940-G-A,missense_variant,p.Val1433Ile
11-118484951-C-G,synonymous_variant,p.Leu1436Leu
11-118484966-G-C,synonymous_variant,p.Gly1441Gly
11-118484969-T-A,missense_variant,p.His1442Gln
11-118484969-T-C,synonymous_variant,p.His1442His
11-118484972-A-G,synonymous_variant,p.Val1443Val
11-118484978-A-G,splice_region_variant,c.4332+3A>G
11-118484981-G-A,splice_region_variant,c.4332+6G>A
11-118484982-C-A,splice_region_variant,c.4332+7C>A
11-118484982-C-G,splice_region_variant,c.4332+7C>G
11-118484982-C-T,splice_region_variant,c.4332+7C>T
11-118484983-A-ATC,intron_variant,c.4332+9_4332+10dup
11-118484999-C-A,intron_variant,c.4332+24C>A
11-118485001-C-A,intron_variant,c.4332+26C>A
11-118485005-G-A,intron_variant,c.4332+30G>A
11-118485007-A-AAATAATTTATGTACTTCCTGGG,intron_variant,c.4332+32_4332+33insAATAATTTATGTACTTCCTGGG
11-118485011-C-CAGAAAA,intron_variant,c.4332+37_4332+38insGAAAAA
11-118485011-C-T,intron_variant,c.4332+36C>T
11-118485015-A-G,intron_variant,c.4332+40A>G
11-118485016-A-T,intron_variant,c.4332+41A>T
11-118485020-T-G,intron_variant,c.4332+45T>G
11-118485021-T-C,intron_variant,c.4332+46T>C
11-118485021-T-G,intron_variant,c.4332+46T>G
11-118485022-T-A,intron_variant,c.4332+47T>A
11-118485028-TG-T,intron_variant,c.4332+55delG
11-118485040-CTA-C,intron_variant,c.4332+68_4332+69delTA
11-118488547-G-T,intron_variant,c.4333-67G>T
11-118488570-C-A,intron_variant,c.4333-44C>A
11-118488589-C-G,intron_variant,c.4333-25C>G
11-118488591-A-G,intron_variant,c.4333-23A>G
11-118488592-T-C,intron_variant,c.4333-22T>C
11-118488594-T-G,intron_variant,c.4333-20T>G
11-118488608-C-A,splice_region_variant,c.4333-6C>A
11-118488609-T-C,splice_region_variant,c.4333-5T>C
11-118488610-A-G,splice_region_variant,c.4333-4A>G
11-118488615-T-C,missense_variant,p.Phe1445Ser
11-118488634-T-C,synonymous_variant,p.Cys1451Cys
11-118488640-G-A,synonymous_variant,p.Glu1453Glu
11-118488650-A-G,missense_variant,p.Lys1457Glu
11-118488664-G-C,missense_variant,p.Glu1461Asp
11-118488667-G-T,missense_variant,p.Glu1462Asp
11-118488670-C-T,synonymous_variant,p.Asn1463Asn
11-118488688-C-A,missense_variant,p.Asp1469Glu
11-118488700-T-C,synonymous_variant,p.Asn1473Asn
11-118488706-T-C,synonymous_variant,p.Cys1475Cys
11-118488709-T-C,synonymous_variant,p.Cys1476Cys
11-118488715-T-C,synonymous_variant,p.Arg1478Arg
11-118488721-A-G,synonymous_variant,p.Lys1480Lys
11-118488727-T-C,synonymous_variant,p.Cys1482Cys
11-118488730-C-T,synonymous_variant,p.His1483His
11-118488733-T-G,synonymous_variant,p.Val1484Val
11-118488739-A-C,synonymous_variant,p.Gly1486Gly
11-118488745-A-G,synonymous_variant,p.Gln1488Gln
11-118488764-C-A,splice_region_variant,c.4479+4C>A
11-118488769-C-T,intron_variant,c.4479+9C>T
11-118488769-CT-C,intron_variant,c.4479+11delT
11-118488777-T-C,intron_variant,c.4479+17T>C
11-118488781-A-C,intron_variant,c.4479+21A>C
11-118488790-G-T,intron_variant,c.4479+30G>T
11-118488798-G-A,intron_variant,c.4479+38G>A
11-118488800-A-G,intron_variant,c.4479+40A>G
11-118488819-C-G,intron_variant,c.4479+59C>G
11-118489718-A-G,intron_variant,c.4480-74A>G
11-118489746-G-A,intron_variant,c.4480-46G>A
11-118489751-T-C,intron_variant,c.4480-41T>C
11-118489758-A-G,intron_variant,c.4480-34A>G
11-118489766-C-G,intron_variant,c.4480-26C>G
11-118489773-C-T,intron_variant,c.4480-19C>T
11-118489779-T-C,intron_variant,c.4480-13T>C
11-118489794-G-A,splice_region_variant,c.4482G>A
11-118489809-T-C,synonymous_variant,p.Asn1499Asn
11-118489816-C-G,missense_variant,p.Arg1502Gly
11-118489821-C-T,synonymous_variant,p.Asn1503Asn
11-118489836-G-C,missense_variant,p.Glu1508Asp
11-118489845-A-C,synonymous_variant,p.Gly1511Gly
11-118489850-A-G,missense_variant,p.Asn1513Ser
11-118489857-C-A,synonymous_variant,p.Pro1515Pro
11-118489860-C-A,synonymous_variant,p.Thr1516Thr
11-118489869-A-C,synonymous_variant,p.Thr1519Thr
11-118489869-A-G,synonymous_variant,p.Thr1519Thr
11-118489875-G-A,synonymous_variant,p.Lys1521Lys
11-118489884-C-T,synonymous_variant,p.Val1524Val
11-118489892-GTTA-G,splice_region_variant,c.4575+7_4575+9del
11-118489904-A-G,intron_variant,c.4575+17A>G
11-118489906-G-GGTT,intron_variant,c.4575+19_4575+20insGTT
11-118489906-G-T,intron_variant,c.4575+19G>T
11-118489907-C-T,intron_variant,c.4575+20C>T
11-118489911-T-A,intron_variant,c.4575+24T>A
11-118489913-T-A,intron_variant,c.4575+26T>A
11-118489915-T-A,intron_variant,c.4575+28T>A
11-118489915-T-C,intron_variant,c.4575+28T>C
11-118489917-G-A,intron_variant,c.4575+30G>A
11-118489919-GAAC-G,intron_variant,c.4575+33_4575+35del
11-118489919-GAACC-G,intron_variant,c.4575+34_4575+37del
11-118489920-A-C,intron_variant,c.4575+33A>C
11-118489922-C-T,intron_variant,c.4575+35C>T
11-118489925-C-T,intron_variant,c.4575+38C>T
11-118489929-G-A,intron_variant,c.4575+42G>A
11-118489935-A-G,intron_variant,c.4575+48A>G
11-118489936-T-C,intron_variant,c.4575+49T>C
11-118490072-TAAGTA-T,intron_variant,c.4576-53_4576-49delTAAAG
11-118490080-G-T,intron_variant,c.4576-49G>T
11-118490084-T-C,intron_variant,c.4576-45T>C
11-118490091-C-T,intron_variant,c.4576-38C>T
11-118490103-A-G,intron_variant,c.4576-26A>G
11-118490104-T-C,intron_variant,c.4576-25T>C
11-118490112-C-G,intron_variant,c.4576-17C>G
11-118490114-TTTC-T,intron_variant,c.4576-9_4576-7del
11-118490128-G-C,splice_acceptor_variant,c.4576-1G>C
11-118490137-C-G,synonymous_variant,p.Thr1528Thr
11-118490147-C-T,missense_variant,p.Arg1532Cys
11-118490158-C-CTGTGCATCCCACCCTTTGCCTGGAGT,frameshift_variant,p.Gly1537AlafsTer58
11-118490171-A-G,missense_variant,p.Thr1540Ala
11-118490173-T-G,synonymous_variant,p.Thr1540Thr
11-118490174-C-T,missense_variant,p.Pro1541Ser
11-118490180-A-G,missense_variant,p.Lys1543Glu
11-118490185-G-A,synonymous_variant,p.Gly1544Gly
11-118490189-G-A,missense_variant,p.Asp1546Asn
11-118490194-A-T,synonymous_variant,p.Ala1547Ala
11-118490198-T-C,missense_variant,p.Trp1549Arg
11-118490207-G-A,missense_variant,p.Asp1552Asn
11-118490224-T-C,synonymous_variant,p.His1557His
11-118490230-C-T,synonymous_variant,p.Cys1559Cys
11-118490231-G-A,missense_variant,p.Ala1560Thr
11-118490239-C-G,synonymous_variant,p.Leu1562Leu
11-118490254-C-G,splice_region_variant,c.4696+5C>G
11-118490255-CA-C,splice_region_variant,c.4696+12del
11-118490275-G-C,intron_variant,c.4696+26G>C
11-118490279-T-C,intron_variant,c.4696+30T>C
11-118490280-C-T,intron_variant,c.4696+31C>T
11-118490281-G-A,intron_variant,c.4696+32G>A
11-118490299-T-G,intron_variant,c.4696+50T>G
11-118490300-C-T,intron_variant,c.4696+51C>T
11-118491133-G-A,intron_variant,c.4697-63G>A
11-118491139-C-T,intron_variant,c.4697-57C>T
11-118491140-G-A,intron_variant,c.4697-56G>A
11-118491149-C-T,intron_variant,c.4697-47C>T
11-118491150-G-A,intron_variant,c.4697-46G>A
11-118491154-A-T,intron_variant,c.4697-42A>T
11-118491161-C-G,intron_variant,c.4697-35C>G
11-118491200-C-T,synonymous_variant,p.Asn1567Asn
11-118491218-C-T,synonymous_variant,p.Asp1573Asp
11-118491221-A-G,synonymous_variant,p.Lys1574Lys
11-118491225-TATG-T,inframe_deletion,p.Asp1580del
11-118491232-A-G,missense_variant,p.Asp1578Gly
11-118491253-T-C,missense_variant,p.Met1585Thr
11-118491260-A-G,synonymous_variant,p.Gln1587Gln
11-118491266-A-G,synonymous_variant,p.Gly1589Gly
11-118491269-G-A,synonymous_variant,p.Lys1590Lys
11-118491271-G-A,missense_variant,p.Cys1591Tyr
11-118491272-T-C,synonymous_variant,p.Cys1591Cys
11-118491276-C-A,missense_variant,p.Arg1593Ser
11-118491277-G-A,missense_variant,p.Arg1593His
11-118491282-G-A,missense_variant,p.Val1595Ile
11-118491306-T-C,missense_variant,p.Ser1603Pro
11-118491325-G-A,splice_region_variant,c.4819+7G>A
11-118491336-T-A,intron_variant,c.4819+18T>A
11-118491338-A-G,intron_variant,c.4819+20A>G
11-118491339-G-A,intron_variant,c.4819+21G>A
11-118491341-TTTC-T,intron_variant,c.4819+29_4819+31del
11-118491343-T-C,intron_variant,c.4819+25T>C
11-118491351-CTAG-C,intron_variant,c.4819+34_4819+36del
11-118491360-A-G,intron_variant,c.4819+42A>G
11-118491364-C-A,intron_variant,c.4819+46C>A
11-118491364-C-T,intron_variant,c.4819+46C>T
11-118491367-T-G,intron_variant,c.4819+49T>G
11-118491393-C-T,intron_variant,c.4819+75C>T
11-118491674-A-G,intron_variant,c.4820-70A>G
11-118491694-C-T,intron_variant,c.4820-50C>T
11-118491697-TCTCA-T,intron_variant,c.4820-46_4820-43del
11-118491699-T-C,intron_variant,c.4820-45T>C
11-118491704-C-T,intron_variant,c.4820-40C>T
11-118491716-T-G,intron_variant,c.4820-28T>G
11-118491721-A-G,intron_variant,c.4820-23A>G
11-118491733-TG-T,intron_variant,c.4820-10del
11-118491734-G-A,intron_variant,c.4820-10G>A
11-118491740-T-C,splice_region_variant,c.4820-4T>C
11-118491741-T-C,splice_region_variant,c.4820-3T>C
11-118491748-G-A,synonymous_variant,p.Glu1608Glu
11-118491759-T-G,missense_variant,p.Ile1612Ser
11-118491763-A-G,synonymous_variant,p.Leu1613Leu
11-118491790-C-T,synonymous_variant,p.Tyr1622Tyr
11-118491803-T-TC,frameshift_variant,p.Cys1627SerfsTer3
11-118491813-G-A,missense_variant,p.Arg1630Gln
11-118491823-A-G,synonymous_variant,p.Ala1633Ala
11-118491830-C-T,stop_gained,p.Arg1636Ter
11-118491831-G-A,missense_variant,p.Arg1636Gln
11-118491835-G-C,synonymous_variant,p.Leu1637Leu
11-118491853-G-A,synonymous_variant,p.Leu1643Leu
11-118491856-G-T,missense_variant,p.Gln1644His
11-118491857-A-G,missense_variant,p.Ile1645Val
11-118491859-T-C,synonymous_variant,p.Ile1645Ile
11-118491868-G-T,missense_variant,p.Lys1648Asn
11-118491892-T-C,synonymous_variant,p.Asn1656Asn
11-118491896-C-G,missense_variant,p.Arg1658Gly
11-118491896-C-T,missense_variant,p.Arg1658Trp
11-118491905-A-T,missense_variant,p.Ser1661Cys
11-118491908-CATTT-C,frameshift_variant,p.His1662ArgfsTer13
11-118491914-C-G,missense_variant,p.Leu1664Val
11-118491914-C-T,synonymous_variant,p.Leu1664Leu
11-118491916-AC-A,frameshift_variant,p.Arg1665AlafsTer11
11-118491916-A-G,synonymous_variant,p.Leu1664Leu
11-118491918-G-A,missense_variant,p.Arg1665His
11-118491918-G-C,missense_variant,p.Arg1665Pro
11-118491919-C-CG,frameshift_variant,p.Tyr1666ValfsTer28
11-118491922-C-G,stop_gained,p.Tyr1666Ter
11-118491923-C-CAAAT,frameshift_variant,p.Arg1667GlnfsTer28
11-118491927-A-T,missense_variant,p.Gln1668Leu
11-118491933-G-T,splice_region_variant,c.5004+5G>T
11-118491935-C-T,splice_region_variant,c.5004+7C>T
11-118491944-T-G,intron_variant,c.5004+16T>G
11-118491945-T-G,intron_variant,c.5004+17T>G
11-118491961-G-A,intron_variant,c.5004+33G>A
11-118491964-C-T,intron_variant,c.5004+36C>T
11-118491967-A-G,intron_variant,c.5004+39A>G
11-118491970-T-TAA,intron_variant,c.5004+43_5004+44insAA
11-118491973-T-A,intron_variant,c.5004+45T>A
11-118493002-A-G,intron_variant,c.5005-55A>G
11-118493007-C-T,intron_variant,c.5005-50C>T
11-118493008-A-G,intron_variant,c.5005-49A>G
11-118493010-C-G,intron_variant,c.5005-47C>G
11-118493011-T-TCA,intron_variant,c.5005-46_5005-45insCA
11-118493012-TGG-T,intron_variant,c.5005-44_5005-43del
11-118493018-T-C,intron_variant,c.5005-39T>C
11-118493021-T-C,intron_variant,c.5005-36T>C
11-118493026-G-A,intron_variant,c.5005-31G>A
11-118493032-A-G,intron_variant,c.5005-25A>G
11-118493034-C-A,intron_variant,c.5005-23C>A
11-118493054-T-C,splice_region_variant,c.5005-3T>C
11-118493062-C-G,synonymous_variant,p.Ala1670Ala
11-118493083-C-G,synonymous_variant,p.Pro1677Pro
11-118493083-C-T,synonymous_variant,p.Pro1677Pro
11-118493104-T-G,synonymous_variant,p.Pro1684Pro
11-118493108-C-T,missense_variant,p.Arg1686Cys
11-118493112-GCTCCCC-G,inframe_deletion,p.Ser1688_Pro1689del
11-118493116-C-T,synonymous_variant,p.Ser1688Ser
11-118493119-C-A,synonymous_variant,p.Pro1689Pro
11-118493119-C-G,synonymous_variant,p.Pro1689Pro
11-118493119-C-T,synonymous_variant,p.Pro1689Pro
11-118493120-G-A,missense_variant,p.Glu1690Lys
11-118493121-A-G,missense_variant,p.Glu1690Gly
11-118493122-A-G,synonymous_variant,p.Glu1690Glu
11-118493140-T-G,synonymous_variant,p.Val1696Val
11-118493164-T-A,missense_variant,p.Asp1704Glu
11-118493170-G-A,synonymous_variant,p.Gln1706Gln
11-118493175-C-T,missense_variant,p.Pro1708Leu
11-118493185-A-G,synonymous_variant,p.Leu1711Leu
11-118493196-A-G,missense_variant,p.Lys1715Arg
11-118493198-A-T,missense_variant,p.Arg1716Trp
11-118493244-G-A,intron_variant,c.5178+14G>A
11-118493260-T-C,intron_variant,c.5178+30T>C
11-118493264-G-A,intron_variant,c.5178+34G>A
11-118493264-G-C,intron_variant,c.5178+34G>C
11-118493270-A-G,intron_variant,c.5178+40A>G
11-118493278-T-G,intron_variant,c.5178+48T>G
11-118494242-G-A,intron_variant,c.5179-46G>A
11-118494243-A-G,intron_variant,c.5179-45A>G
11-118494253-T-C,intron_variant,c.5179-35T>C
11-118494268-C-T,intron_variant,c.5179-20C>T
11-118494282-A-T,splice_region_variant,c.5179-6A>T
11-118494284-A-G,splice_region_variant,c.5179-4A>G
11-118494317-C-A,synonymous_variant,p.Ile1736Ile
11-118494318-A-G,missense_variant,p.Ile1737Val
11-118494323-A-G,synonymous_variant,p.Gln1738Gln
11-118494329-C-A,synonymous_variant,p.Ala1740Ala
11-118494330-A-G,missense_variant,p.Ile1741Val
11-118494332-T-C,synonymous_variant,p.Ile1741Ile
11-118494335-T-C,synonymous_variant,p.Asn1742Asn
11-118494338-A-T,synonymous_variant,p.Ser1743Ser
11-118494347-A-G,synonymous_variant,p.Gly1746Gly
11-118494348-C-T,stop_gained,p.Gln1747Ter
11-118494356-A-G,synonymous_variant,p.Glu1749Glu
11-118494367-C-G,missense_variant,p.Ala1753Gly
11-118494367-C-T,missense_variant,p.Ala1753Val
11-118494390-T-A,missense_variant,p.Phe1761Ile
11-118494396-C-CACCCGAATGAA,frameshift_variant,p.Arg1763HisfsTer64
11-118494396-C-CACCCGAATGAAGAA,frameshift_variant,p.Arg1763HisfsTer65
11-118494396-C-T,missense_variant,p.Arg1763Trp
11-118494396-CGGGT-C,splice_donor_variant,c.5289_5289+3del
11-118494400-T-TACCC,splice_region_variant,c.5289+2_5289+3insACCC
11-118494403-A-G,splice_region_variant,c.5289+5A>G
11-118494405-G-A,splice_region_variant,c.5289+7G>A
11-118494405-G-GAAGA,splice_region_variant,c.5289+8_5289+9insAGAA
11-118494412-C-A,intron_variant,c.5289+14C>A
11-118494438-A-G,intron_variant,c.5289+40A>G
11-118494453-G-A,intron_variant,c.5289+55G>A
11-118494470-G-T,intron_variant,c.5289+72G>T
11-118494645-A-G,intron_variant,c.5290-49A>G
11-118494645-A-T,intron_variant,c.5290-49A>T
11-118494648-T-C,intron_variant,c.5290-46T>C
11-118494653-G-T,intron_variant,c.5290-41G>T
11-118494655-G-A,intron_variant,c.5290-39G>A
11-118494658-T-G,intron_variant,c.5290-36T>G
11-118494660-T-C,intron_variant,c.5290-34T>C
11-118494664-T-G,intron_variant,c.5290-30T>G
11-118494665-A-C,intron_variant,c.5290-29A>C
11-118494666-T-C,intron_variant,c.5290-28T>C
11-118494671-ATT-A,intron_variant,c.5290-20_5290-19del
11-118494677-T-C,intron_variant,c.5290-17T>C
11-118494678-TTG-T,intron_variant,c.5290-12_5290-11del
11-118494681-T-C,intron_variant,c.5290-13T>C
11-118494681-TG-T,intron_variant,c.5290-12del
11-118494688-T-C,splice_region_variant,c.5290-6T>C
11-118494689-T-G,splice_region_variant,c.5290-5T>G
11-118494703-C-T,missense_variant,p.Arg1767Cys
11-118494745-G-C,missense_variant,p.Glu1781Gln
11-118494750-A-G,synonymous_variant,p.Pro1782Pro
11-118494767-A-G,missense_variant,p.Asn1788Ser
11-118494770-A-G,splice_region_variant,c.5363+3A>G
11-118494774-G-A,splice_region_variant,c.5363+7G>A
11-118494779-T-C,intron_variant,c.5363+12T>C
11-118494782-C-T,intron_variant,c.5363+15C>T
11-118494783-A-G,intron_variant,c.5363+16A>G
11-118494785-A-T,intron_variant,c.5363+18A>T
11-118494786-A-G,intron_variant,c.5363+19A>G
11-118494787-C-CT,intron_variant,c.5363+28dup
11-118494787-CT-C,intron_variant,c.5363+28del
11-118494787-CTT-C,intron_variant,c.5363+27_5363+28del
11-118494795-T-C,intron_variant,c.5363+28T>C
11-118494801-C-T,intron_variant,c.5363+34C>T
11-118494804-C-A,intron_variant,c.5363+37C>A
11-118494804-C-T,intron_variant,c.5363+37C>T
11-118494805-G-A,intron_variant,c.5363+38G>A
11-118494806-G-A,intron_variant,c.5363+39G>A
11-118494808-T-A,intron_variant,c.5363+41T>A
11-118494813-ATCTGAGAGTTCTCATATT-A,intron_variant,c.5363+50_5363+67del
11-118494816-T-C,intron_variant,c.5363+49T>C
11-118495650-A-G,intron_variant,c.5364-50A>G
11-118495651-G-C,intron_variant,c.5364-49G>C
11-118495656-A-C,intron_variant,c.5364-44A>C
11-118495657-C-T,intron_variant,c.5364-43C>T
11-118495676-G-A,intron_variant,c.5364-24G>A
11-118495688-A-G,intron_variant,c.5364-12A>G
11-118495691-T-G,intron_variant,c.5364-9T>G
11-118495692-A-G,splice_region_variant,c.5364-8A>G
11-118495696-T-C,splice_region_variant,c.5364-4T>C
11-118495698-A-G,splice_acceptor_variant,c.5364-2A>G
11-118495719-G-A,missense_variant,p.Ala1795Thr
11-118495756-A-AGT,frameshift_variant,p.Trp1808CysfsTer16
11-118495762-A-T,missense_variant,p.Gln1809Leu
11-118495763-G-GTTTTCCTCTC,frameshift_variant,p.Glu1810PhefsTer12
11-118495765-A-C,missense_variant,p.Glu1810Ala
11-118495766-G-T,missense_variant,p.Glu1810Asp
11-118495767-CGAGAGGAAAA-C,frameshift_variant,p.Arg1811ProfsTer9
11-118495769-A-T,synonymous_variant,p.Arg1811Arg
11-118495771-A-C,missense_variant,p.Glu1812Ala
11-118495772-G-A,synonymous_variant,p.Glu1812Glu
11-118495775-A-G,synonymous_variant,p.Glu1813Glu
11-118495779-A-T,missense_variant,p.Ser1815Cys
11-118495780-G-A,missense_variant,p.Ser1815Asn
11-118495781-CCA-C,frameshift_variant,p.Thr1817Ter
11-118495787-T-C,synonymous_variant,p.Thr1817Thr
11-118495790-G-A,synonymous_variant,p.Glu1818Glu
11-118495800-T-C,synonymous_variant,p.Leu1822Leu
11-118495802-A-G,synonymous_variant,p.Leu1822Leu
11-118495815-A-C,missense_variant,p.Ile1827Leu
11-118495826-C-A,synonymous_variant,p.Pro1830Pro
11-118495832-C-T,synonymous_variant,p.Pro1832Pro
11-118495834-A-G,missense_variant,p.Lys1833Arg
11-118495838-T-G,synonymous_variant,p.Gly1834Gly
11-118495843-G-A,missense_variant,p.Gly1836Glu
11-118495850-A-G,synonymous_variant,p.Pro1838Pro
11-118495853-C-T,synonymous_variant,p.Asp1839Asp
11-118495861-C-T,missense_variant,p.Thr1842Ile
11-118495862-T-G,synonymous_variant,p.Thr1842Thr
11-118495863-C-T,missense_variant,p.Pro1843Ser
11-118495864-C-T,missense_variant,p.Pro1843Leu
11-118495866-C-T,synonymous_variant,p.Leu1844Leu
11-118495869-C-A,missense_variant,p.His1845Asn
11-118495881-C-A,missense_variant,p.Pro1849Thr
11-118495882-C-T,missense_variant,p.Pro1849Leu
11-118495885-C-T,missense_variant,p.Pro1850Leu
11-118495899-C-A,splice_region_variant,c.5557+6C>A
11-118495899-C-G,splice_region_variant,c.5557+6C>G
11-118495907-A-T,intron_variant,c.5557+14A>T
11-118495909-G-A,intron_variant,c.5557+16G>A
11-118495912-A-G,intron_variant,c.5557+19A>G
11-118495913-G-C,intron_variant,c.5557+20G>C
11-118495916-G-A,intron_variant,c.5557+23G>A
11-118495918-C-T,intron_variant,c.5557+25C>T
11-118495919-A-C,intron_variant,c.5557+26A>C
11-118495921-C-T,intron_variant,c.5557+28C>T
11-118495929-C-T,intron_variant,c.5557+36C>T
11-118495931-C-G,intron_variant,c.5557+38C>G
11-118495933-A-G,intron_variant,c.5557+40A>G
11-118495938-C-T,intron_variant,c.5557+45C>T
11-118495952-C-T,intron_variant,c.5557+59C>T
11-118496196-C-A,intron_variant,c.5558-65C>A
11-118496211-C-T,intron_variant,c.5558-50C>T
11-118496213-A-G,intron_variant,c.5558-48A>G
11-118496226-C-CTCAAGG,intron_variant,c.5558-33_5558-28dup
11-118496235-T-C,intron_variant,c.5558-26T>C
11-118496261-G-GTAC,inframe_insertion,p.Thr1854dup
11-118496263-A-T,missense_variant,p.Thr1854Ser
11-118496276-G-A,missense_variant,p.Arg1858Gln
11-118496286-T-G,missense_variant,p.Ser1861Arg
11-118496292-G-T,missense_variant,p.Glu1863Asp
11-118496312-T-C,missense_variant,p.Ile1870Thr
11-118496333-C-T,missense_variant,p.Ala1877Val
11-118496334-G-A,synonymous_variant,p.Ala1877Ala
11-118496349-T-C,synonymous_variant,p.Tyr1882Tyr
11-118496389-G-A,intron_variant,c.5664+22G>A
11-118496399-A-T,intron_variant,c.5664+32A>T
11-118496408-C-T,intron_variant,c.5664+41C>T
11-118496416-A-G,intron_variant,c.5664+49A>G
11-118496430-T-C,intron_variant,c.5664+63T>C
11-118497887-C-A,intron_variant,c.5665-49C>A
11-118497888-CT-C,intron_variant,c.5665-45del
11-118497907-A-G,intron_variant,c.5665-29A>G
11-118497909-G-GA,intron_variant,c.5665-21dup
11-118497921-C-A,intron_variant,c.5665-15C>A
11-118497923-C-G,intron_variant,c.5665-13C>G
11-118497923-C-T,intron_variant,c.5665-13C>T
11-118497926-T-C,intron_variant,c.5665-10T>C
11-118497947-T-C,synonymous_variant,p.Arg1892Arg
11-118497950-A-G,synonymous_variant,p.Leu1893Leu
11-118497953-A-T,synonymous_variant,p.Leu1894Leu
11-118497963-C-G,missense_variant,p.Gln1898Glu
11-118497989-T-C,synonymous_variant,p.Cys1906Cys
11-118498004-G-A,synonymous_variant,p.Ala1911Ala
11-118498018-A-G,missense_variant,p.Asp1916Gly
11-118498025-C-T,synonymous_variant,p.Asp1918Asp
11-118498037-G-T,missense_variant,p.Lys1922Asn
11-118498040-T-G,missense_variant,p.Asn1923Lys
11-118498041-G-A,missense_variant,p.Val1924Met
11-118498046-T-C,synonymous_variant,p.His1925His
11-118498047-A-G,missense_variant,p.Met1926Val
11-118498049-G-A,missense_variant,p.Met1926Ile
11-118498053-G-A,missense_variant,p.Val1928Met
11-118498071-C-T,splice_region_variant,c.5800C>T
11-118498079-A-T,splice_region_variant,c.5802+6A>T
11-118498080-C-A,splice_region_variant,c.5802+7C>A
11-118498083-TATG-T,intron_variant,c.5802+11_5802+13del
11-118498084-A-G,intron_variant,c.5802+11A>G
11-118498085-T-C,intron_variant,c.5802+12T>C
11-118498087-G-GCAA,intron_variant,c.5802+14_5802+15insCAA
11-118498090-A-G,intron_variant,c.5802+17A>G
11-118498091-A-C,intron_variant,c.5802+18A>C
11-118498092-A-C,intron_variant,c.5802+19A>C
11-118498094-T-A,intron_variant,c.5802+21T>A
11-118498094-T-G,intron_variant,c.5802+21T>G
11-118498096-T-C,intron_variant,c.5802+23T>C
11-118498097-A-T,intron_variant,c.5802+24A>T
11-118498098-T-C,intron_variant,c.5802+25T>C
11-118498099-G-GGCA,intron_variant,c.5802+26_5802+27insGCA
11-118498100-A-G,intron_variant,c.5802+27A>G
11-118498102-A-C,intron_variant,c.5802+29A>C
11-118498104-A-G,intron_variant,c.5802+31A>G
11-118498107-T-G,intron_variant,c.5802+34T>G
11-118498121-C-T,intron_variant,c.5802+48C>T
11-118498140-G-T,intron_variant,c.5802+67G>T
11-118498302-G-C,intron_variant,c.5803-68G>C
11-118498310-G-A,intron_variant,c.5803-60G>A
11-118498317-G-A,intron_variant,c.5803-53G>A
11-118498330-T-C,intron_variant,c.5803-40T>C
11-118498332-A-G,intron_variant,c.5803-38A>G
11-118498335-G-A,intron_variant,c.5803-35G>A
11-118498336-T-A,intron_variant,c.5803-34T>A
11-118498341-A-C,intron_variant,c.5803-29A>C
11-118498348-T-C,intron_variant,c.5803-22T>C
11-118498357-T-C,intron_variant,c.5803-13T>C
11-118498402-C-G,synonymous_variant,p.Thr1945Thr
11-118498402-C-T,synonymous_variant,p.Thr1945Thr
11-118498406-G-A,missense_variant,p.Gly1947Ser
11-118498414-T-C,synonymous_variant,p.Cys1949Cys
11-118498415-C-G,missense_variant,p.Leu1950Val
11-118498423-C-G,synonymous_variant,p.Ser1952Ser
11-118498427-A-AGGATGTGAG,stop_gained,p.Thr1954delinsArgMetTer
11-118498428-C-A,missense_variant,p.Thr1954Asn
11-118498435-C-T,synonymous_variant,p.Asn1956Asn
11-118498455-G-A,missense_variant,p.Arg1963Gln
11-118498456-A-G,synonymous_variant,p.Arg1963Arg
11-118498459-C-T,synonymous_variant,p.Ala1964Ala
11-118498465-C-A,missense_variant,p.Asn1966Lys
11-118498471-C-G,synonymous_variant,p.Val1968Val
11-118498483-T-C,synonymous_variant,p.Asp1972Asp
11-118498492-A-G,synonymous_variant,p.Val1975Val
11-118498495-T-C,synonymous_variant,p.Tyr1976Tyr
11-118498501-A-G,synonymous_variant,p.Gln1978Gln
11-118498504-A-G,synonymous_variant,p.Arg1979Arg
11-118498508-C-T,missense_variant,p.Arg1981Trp
11-118498521-A-G,missense_variant,p.Lys1985Arg
11-118498528-A-G,splice_region_variant,c.5961A>G
11-118498535-G-C,splice_region_variant,c.5961+7G>C
11-118498539-T-C,intron_variant,c.5961+11T>C
11-118498547-C-CT,intron_variant,c.5961+22dup
11-118498549-T-TA,intron_variant,c.5961+21_5961+22insA
11-118498550-T-A,intron_variant,c.5961+22T>A
11-118498550-T-TA,intron_variant,c.5961+37dup
11-118498550-T-TAA,intron_variant,c.5961+36_5961+37dup
11-118498550-T-TAAA,intron_variant,c.5961+35_5961+37dup
11-118498550-T-TTA,intron_variant,c.5961+22_5961+23insTA
11-118498550-TA-T,intron_variant,c.5961+37del
11-118498550-TAA-T,intron_variant,c.5961+36_5961+37del
11-118498550-TAAA-T,intron_variant,c.5961+35_5961+37del
11-118498564-A-C,intron_variant,c.5961+36A>C
11-118498564-A-G,intron_variant,c.5961+36A>G
11-118498566-G-T,intron_variant,c.5961+38G>T
11-118498567-A-G,intron_variant,c.5961+39A>G
11-118498571-T-C,intron_variant,c.5961+43T>C
11-118498589-T-A,intron_variant,c.5961+61T>A
11-118498600-A-G,intron_variant,c.5961+72A>G
11-118499250-G-GTA,intron_variant,c.5962-50_5962-49dupTA
11-118499260-C-A,intron_variant,c.5962-43C>A
11-118499264-G-A,intron_variant,c.5962-39G>A
11-118499264-G-T,intron_variant,c.5962-39G>T
11-118499268-C-T,intron_variant,c.5962-35C>T
11-118499272-CTAT-C,intron_variant,c.5962-28_5962-26del
11-118499273-T-G,intron_variant,c.5962-30T>G
11-118499286-C-T,intron_variant,c.5962-17C>T
11-118499287-A-C,intron_variant,c.5962-16A>C
11-118499288-T-C,intron_variant,c.5962-15T>C
11-118499290-G-A,intron_variant,c.5962-13G>A
11-118499291-G-C,intron_variant,c.5962-12G>C
11-118499292-T-G,intron_variant,c.5962-11T>G
11-118499295-T-TC,splice_region_variant,c.5962-8_5962-7insC
11-118499296-A-C,splice_region_variant,c.5962-7A>C
11-118499299-T-C,splice_region_variant,c.5962-4T>C
11-118499300-A-T,splice_region_variant,c.5962-3A>T
11-118499332-C-T,synonymous_variant,p.Phe1997Phe
11-118499344-T-C,synonymous_variant,p.Phe2001Phe
11-118499350-C-T,synonymous_variant,p.Asp2003Asp
11-118499359-A-T,synonymous_variant,p.Gly2006Gly
11-118499374-G-A,synonymous_variant,p.Arg2011Arg
11-118499377-G-A,synonymous_variant,p.Lys2012Lys
11-118499385-A-G,missense_variant,p.Asn2015Ser
11-118499389-C-A,synonymous_variant,p.Gly2016Gly
11-118499392-G-A,synonymous_variant,p.Leu2017Leu
11-118499399-G-C,missense_variant,p.Glu2020Gln
11-118499427-C-A,splice_region_variant,c.6079+7C>A
11-118499427-CCT-C,splice_region_variant,c.6079+8_6079+9del
11-118499430-A-ATGG,intron_variant,c.6079+10_6079+11insTGG
11-118499432-C-A,intron_variant,c.6079+12C>A
11-118499435-T-TCCCCAATAACCAA,intron_variant,c.6079+15_6079+16insCCCCAATAACCAA
11-118499435-T-C,intron_variant,c.6079+15T>C
11-118499435-T-TCCCCAATAACCAAGGCTA,intron_variant,c.6079+15_6079+16insCCCCAATAACCAAGGCTA
11-118499436-G-C,intron_variant,c.6079+16G>C
11-118499438-T-C,intron_variant,c.6079+18T>C
11-118499439-T-C,intron_variant,c.6079+19T>C
11-118499440-A-G,intron_variant,c.6079+20A>G
11-118499441-T-C,intron_variant,c.6079+21T>C
11-118499446-G-A,intron_variant,c.6079+26G>A
11-118499450-G-A,intron_variant,c.6079+30G>A
11-118499452-T-TCC,intron_variant,c.6079+32_6079+33insCC
11-118499453-G-A,intron_variant,c.6079+33G>A
11-118499453-GTA-G,intron_variant,c.6079+39_6079+40del
11-118499456-T-C,intron_variant,c.6079+36T>C
11-118499457-A-G,intron_variant,c.6079+37A>G
11-118499463-T-C,intron_variant,c.6079+43T>C
11-118499465-G-C,intron_variant,c.6079+45G>C
11-118499468-G-A,intron_variant,c.6079+48G>A
11-118499469-A-T,intron_variant,c.6079+49A>T
11-118499790-T-C,intron_variant,c.6080-45T>C
11-118499793-C-T,intron_variant,c.6080-42C>T
11-118499794-G-A,intron_variant,c.6080-41G>A
11-118499801-A-G,intron_variant,c.6080-34A>G
11-118499810-A-G,intron_variant,c.6080-25A>G
11-118499813-C-T,intron_variant,c.6080-22C>T
11-118499814-G-A,intron_variant,c.6080-21G>A
11-118499826-C-T,intron_variant,c.6080-9C>T
11-118499836-G-T,splice_region_variant,c.6081G>T
11-118499840-A-G,missense_variant,p.Met2029Val
11-118499848-C-T,synonymous_variant,p.Ile2031Ile
11-118499878-C-T,synonymous_variant,p.Ser2041Ser
11-118499879-G-A,missense_variant,p.Asp2042Asn
11-118499883-G-A,missense_variant,p.Cys2043Tyr
11-118499888-G-A,missense_variant,p.Asp2045Asn
11-118499899-T-C,synonymous_variant,p.Phe2048Phe
11-118499904-T-C,missense_variant,p.Ile2050Thr
11-118499922-C-T,intron_variant,c.6158+9C>T
11-118499924-C-T,intron_variant,c.6158+11C>T
11-118499926-A-C,intron_variant,c.6158+13A>C
11-118499928-AAAGAG-A,intron_variant,c.6158+22_6158+26del
11-118499938-G-C,intron_variant,c.6158+25G>C
11-118499945-C-T,intron_variant,c.6158+32C>T
11-118499949-C-A,intron_variant,c.6158+36C>A
11-118499956-A-C,intron_variant,c.6158+43A>C
11-118499958-C-A,intron_variant,c.6158+45C>A
11-118499959-A-ATGGCTTCAGTGTGTT,intron_variant,c.6158+46_6158+47insTGGCTTCAGTGTGTT
11-118499962-C-T,intron_variant,c.6158+49C>T
11-118500928-T-C,intron_variant,c.6159-59T>C
11-118500945-A-G,intron_variant,c.6159-42A>G
11-118500948-C-T,intron_variant,c.6159-39C>T
11-118500954-C-T,intron_variant,c.6159-33C>T
11-118500956-T-G,intron_variant,c.6159-31T>G
11-118500969-C-T,intron_variant,c.6159-18C>T
11-118500977-G-T,intron_variant,c.6159-10G>T
11-118500979-T-C,splice_region_variant,c.6159-8T>C
11-118500982-C-T,splice_region_variant,c.6159-5C>T
11-118501008-C-T,synonymous_variant,p.Ser2060Ser
11-118501013-C-T,missense_variant,p.Thr2062Ile
11-118501028-G-A,missense_variant,p.Arg2067His
11-118501041-A-G,synonymous_variant,p.Thr2071Thr
11-118501054-G-A,missense_variant,p.Glu2076Lys
11-118501058-G-T,missense_variant,p.Cys2077Phe
11-118501061-G-A,missense_variant,p.Arg2078His
11-118501067-C-T,missense_variant,p.Pro2080Leu
11-118501071-C-T,synonymous_variant,p.Val2081Val
11-118501074-A-G,synonymous_variant,p.Val2082Val
11-118501079-C-T,missense_variant,p.Pro2084Leu
11-118501080-G-A,synonymous_variant,p.Pro2084Pro
11-118501089-C-T,synonymous_variant,p.Asn2087Asn
11-118501094-C-A,missense_variant,p.Thr2089Asn
11-118501116-G-C,missense_variant,p.Arg2096Ser
11-118501121-T-TTGCCCATAGTCCAACATCTTTTACAGGTTAGTCTTGAA,stop_gained,c.6295_6319+13dup
11-118501127-A-G,missense_variant,p.His2100Arg
11-118501134-A-G,synonymous_variant,p.Pro2102Pro
11-118501141-T-G,missense_variant,p.Phe2105Val
11-118501184-A-ACAGTCC,intron_variant,c.6319+41_6319+42insCCCAGT
11-118501195-C-T,intron_variant,c.6319+48C>T
11-118501196-G-A,intron_variant,c.6319+49G>A
11-118501206-G-A,intron_variant,c.6319+59G>A
11-118501221-G-T,intron_variant,c.6319+74G>T
11-118501622-G-C,intron_variant,c.6320-50G>C
11-118501624-T-G,intron_variant,c.6320-48T>G
11-118501630-A-G,intron_variant,c.6320-42A>G
11-118501631-A-C,intron_variant,c.6320-41A>C
11-118501631-A-G,intron_variant,c.6320-41A>G
11-118501632-T-G,intron_variant,c.6320-40T>G
11-118501633-TGGGC-T,intron_variant,c.6320-38_6320-35del
11-118501637-C-CAAA,intron_variant,c.6320-35_6320-34insAAA
11-118501637-C-T,intron_variant,c.6320-35C>T
11-118501638-CT-C,intron_variant,c.6320-29del
11-118501642-T-TG,intron_variant,c.6320-30_6320-29insG
11-118501645-GT-G,intron_variant,c.6320-25del
11-118501648-A-G,intron_variant,c.6320-24A>G
11-118501649-A-C,intron_variant,c.6320-23A>C
11-118501667-C-T,splice_region_variant,c.6320-5C>T
11-118501668-A-G,splice_region_variant,c.6320-4A>G
11-118501675-G-T,missense_variant,p.Ser2108Ile
11-118501682-A-T,synonymous_variant,p.Ser2110Ser
11-118501685-A-G,synonymous_variant,p.Lys2111Lys
11-118501694-A-G,synonymous_variant,p.Gln2114Gln
11-118501710-A-G,missense_variant,p.Ile2120Val
11-118501726-C-T,missense_variant,p.Pro2125Leu
11-118501729-A-C,missense_variant,p.Asp2126Ala
11-118501732-G-A,missense_variant,p.Arg2127Gln
11-118501734-C-A,missense_variant,p.Pro2128Thr
11-118501739-TC-T,frameshift_variant,p.His2130IlefsTer49
11-118501766-T-C,synonymous_variant,p.Tyr2138Tyr
11-118501775-C-A,synonymous_variant,p.Val2141Val
11-118501783-A-C,missense_variant,p.Lys2144Thr
11-118501790-C-T,synonymous_variant,p.Pro2146Pro
11-118501795-T-C,missense_variant,p.Ile2148Thr
11-118501797-C-G,missense_variant,p.Arg2149Gly
11-118501798-G-A,missense_variant,p.Arg2149Gln
11-118501802-A-G,synonymous_variant,p.Thr2150Thr
11-118501810-A-T,missense_variant,p.Tyr2153Phe
11-118501811-T-C,synonymous_variant,p.Tyr2153Tyr
11-118501820-A-G,synonymous_variant,p.Thr2156Thr
11-118501822-A-G,missense_variant,p.Gln2157Arg
11-118501824-A-C,synonymous_variant,p.Arg2158Arg
11-118501840-G-A,missense_variant,p.Arg2163Gln
11-118501841-A-G,synonymous_variant,p.Arg2163Arg
11-118501844-G-A,synonymous_variant,p.Pro2164Pro
11-118501845-T-C,synonymous_variant,p.Leu2165Leu
11-118501860-A-G,splice_region_variant,c.6505+3A>G
11-118501863-A-G,splice_region_variant,c.6505+6A>G
11-118501866-CTT-C,intron_variant,c.6505+11_6505+12delTT
11-118501867-T-G,intron_variant,c.6505+10T>G
11-118501877-T-C,intron_variant,c.6505+20T>C
11-118501879-C-T,intron_variant,c.6505+22C>T
11-118501881-T-C,intron_variant,c.6505+24T>C
11-118501885-C-A,intron_variant,c.6505+28C>A
11-118501904-G-A,intron_variant,c.6505+47G>A
11-118501920-T-C,intron_variant,c.6505+63T>C
11-118501921-T-TA,intron_variant,c.6505+64_6505+65insA
11-118501922-T-C,intron_variant,c.6505+65T>C
11-118502349-C-T,intron_variant,c.6506-49C>T
11-118502354-G-A,intron_variant,c.6506-44G>A
11-118502354-G-C,intron_variant,c.6506-44G>C
11-118502366-A-ATAGCATTTATTACT,intron_variant,c.6506-30_6506-17dup
11-118502382-T-C,intron_variant,c.6506-16T>C
11-118502408-C-G,synonymous_variant,p.Thr2172Thr
11-118502413-C-T,missense_variant,p.Thr2174Ile
11-118502435-A-G,synonymous_variant,p.Val2181Val
11-118502441-T-C,synonymous_variant,p.Asp2183Asp
11-118502463-C-A,synonymous_variant,p.Arg2191Arg
11-118502464-G-A,missense_variant,p.Arg2191Gln
11-118502468-C-T,synonymous_variant,p.Ser2192Ser
11-118502472-G-C,missense_variant,p.Gly2194Arg
11-118502480-G-A,synonymous_variant,p.Arg2196Arg
11-118502482-G-A,missense_variant,p.Arg2197His
11-118502491-C-G,missense_variant,p.Thr2200Ser
11-118502495-T-C,synonymous_variant,p.Ser2201Ser
11-118502499-T-C,synonymous_variant,p.Leu2203Leu
11-118502506-C-T,missense_variant,p.Pro2205Leu
11-118502511-C-T,missense_variant,p.Arg2207Trp
11-118502512-G-A,missense_variant,p.Arg2207Gln
11-118502523-C-T,missense_variant,p.Arg2211Trp
11-118502524-G-A,missense_variant,p.Arg2211Gln
11-118502525-G-C,synonymous_variant,p.Arg2211Arg
11-118502530-T-C,missense_variant,p.Met2213Thr
11-118502538-A-G,missense_variant,p.Met2216Val
11-118502539-T-A,missense_variant,p.Met2216Lys
11-118502540-G-A,missense_variant,p.Met2216Ile
11-118502542-G-A,missense_variant,p.Arg2217Lys
11-118502556-T-C,missense_variant,p.Tyr2222His
11-118502558-C-T,synonymous_variant,p.Tyr2222Tyr
11-118502570-T-C,synonymous_variant,p.Asn2226Asn
11-118502577-T-A,missense_variant,p.Ser2229Thr
11-118502580-G-A,missense_variant,p.Val2230Ile
11-118502585-C-T,synonymous_variant,p.Ser2231Ser
11-118502588-C-G,synonymous_variant,p.Thr2232Thr
11-118502589-A-G,missense_variant,p.Thr2233Ala
11-118502590-C-T,missense_variant,p.Thr2233Ile
11-118502591-C-T,synonymous_variant,p.Thr2233Thr
11-118502592-G-A,missense_variant,p.Gly2234Arg
11-118502597-C-T,synonymous_variant,p.Thr2235Thr
11-118502604-G-A,missense_variant,p.Asp2238Asn
11-118502612-A-G,synonymous_variant,p.Glu2240Glu
11-118502619-G-A,missense_variant,p.Ala2243Thr
11-118502619-G-T,missense_variant,p.Ala2243Ser
11-118502623-A-C,missense_variant,p.Lys2244Thr
11-118502623-A-G,missense_variant,p.Lys2244Arg
11-118502625-G-A,missense_variant,p.Val2245Ile
11-118502629-T-C,missense_variant,p.Val2246Ala
11-118502659-G-A,missense_variant,p.Ser2256Asn
11-118502665-G-A,missense_variant,p.Ser2258Asn
11-118502680-C-A,missense_variant,p.Thr2263Asn
11-118502680-C-T,missense_variant,p.Thr2263Ile
11-118502682-T-C,missense_variant,p.Ser2264Pro
11-118502685-A-C,missense_variant,p.Thr2265Pro
11-118502718-G-C,missense_variant,p.Val2276Leu
11-118502720-A-G,synonymous_variant,p.Val2276Val
11-118502725-A-C,missense_variant,p.Asn2278Thr
11-118502731-A-C,missense_variant,p.Asn2280Thr
11-118502731-A-G,missense_variant,p.Asn2280Ser
11-118502732-C-G,missense_variant,p.Asn2280Lys
11-118502736-C-T,missense_variant,p.His2282Tyr
11-118502740-T-C,missense_variant,p.Leu2283Ser
11-118502750-TTCA-T,inframe_deletion,p.Ser2289del
11-118502760-G-A,missense_variant,p.Glu2290Lys
11-118502786-C-T,synonymous_variant,p.Asp2298Asp
11-118502789-G-T,missense_variant,p.Leu2299Phe
11-118502803-C-A,missense_variant,p.Ser2304Tyr
11-118502806-C-T,missense_variant,p.Ser2305Phe
11-118502824-C-T,missense_variant,p.Thr2311Ile
11-118502825-C-G,synonymous_variant,p.Thr2311Thr
11-118502844-A-T,missense_variant,p.Ser2318Cys
11-118502849-A-G,synonymous_variant,p.Ser2319Ser
11-118502852-G-A,synonymous_variant,p.Glu2320Glu
11-118502853-G-A,missense_variant,p.Gly2321Arg
11-118502856-T-A,missense_variant,p.Ser2322Thr
11-118502868-G-A,missense_variant,p.Val2326Met
11-118502874-T-A,missense_variant,p.Tyr2328Asn
11-118502876-C-T,synonymous_variant,p.Tyr2328Tyr
11-118502893-T-G,missense_variant,p.Leu2334Arg
11-118502896-C-T,missense_variant,p.Ala2335Val
11-118502902-A-G,missense_variant,p.Gln2337Arg
11-118502912-CACA-C,inframe_deletion,p.Thr2342del
11-118502915-A-C,synonymous_variant,p.Thr2341Thr
11-118502928-C-T,synonymous_variant,p.Leu2346Leu
11-118502930-G-A,synonymous_variant,p.Leu2346Leu
11-118502933-T-C,synonymous_variant,p.Asn2347Asn
11-118502945-C-T,synonymous_variant,p.Ile2351Ile
11-118502946-G-A,missense_variant,p.Gly2352Ser
11-118502954-T-C,synonymous_variant,p.Phe2354Phe
11-118502962-C-G,missense_variant,p.Pro2357Arg
11-118502962-C-T,missense_variant,p.Pro2357Leu
11-118502965-C-T,missense_variant,p.Ser2358Phe
11-118502974-C-T,missense_variant,p.Ser2361Leu
11-118502975-G-A,synonymous_variant,p.Ser2361Ser
11-118502978-T-G,missense_variant,p.Phe2362Leu
11-118502983-C-G,missense_variant,p.Ser2364Cys
11-118502992-C-T,missense_variant,p.Ala2367Val
11-118502994-C-T,missense_variant,p.Leu2368Phe
11-118502996-C-G,synonymous_variant,p.Leu2368Leu
11-118503006-C-T,missense_variant,p.His2372Tyr
11-118503020-A-G,synonymous_variant,p.Arg2376Arg
11-118503028-G-A,missense_variant,p.Arg2379Lys
11-118503032-T-C,synonymous_variant,p.Asn2380Asn
11-118503037-G-A,missense_variant,p.Arg2382Gln
11-118503039-G-A,missense_variant,p.Asp2383Asn
11-118503047-C-T,synonymous_variant,p.His2385His
11-118503065-A-G,synonymous_variant,p.Ser2391Ser
11-118503071-C-T,synonymous_variant,p.Asn2393Asn
11-118503075-T-C,missense_variant,p.Ser2395Pro
11-118503092-T-C,synonymous_variant,p.Thr2400Thr
11-118503104-C-T,synonymous_variant,p.Thr2404Thr
11-118503110-G-A,synonymous_variant,p.Lys2406Lys
11-118503111-C-T,synonymous_variant,p.Leu2407Leu
11-118503113-A-G,synonymous_variant,p.Leu2407Leu
11-118503120-A-G,missense_variant,p.Met2410Val
11-118503123-A-C,missense_variant,p.Ser2411Arg
11-118503127-A-G,missense_variant,p.Asn2412Ser
11-118503132-T-A,missense_variant,p.Ser2414Thr
11-118503132-T-G,missense_variant,p.Ser2414Ala
11-118503134-A-G,synonymous_variant,p.Ser2414Ser
11-118503139-T-C,missense_variant,p.Ile2416Thr
11-118503145-A-G,missense_variant,p.Asn2418Ser
11-118503146-C-T,synonymous_variant,p.Asn2418Asn
11-118503147-G-A,missense_variant,p.Glu2419Lys
11-118503151-A-T,missense_variant,p.His2420Leu
11-118503152-T-C,synonymous_variant,p.His2420His
11-118503153-A-G,missense_variant,p.Met2421Val
11-118503154-T-A,missense_variant,p.Met2421Lys
11-118503164-T-C,synonymous_variant,p.Ser2424Ser
11-118503165-T-G,missense_variant,p.Ser2425Ala
11-118503173-T-C,synonymous_variant,p.Asp2427Asp
11-118503191-A-G,synonymous_variant,p.Lys2433Lys
11-118503196-C-G,missense_variant,p.Ser2435Cys
11-118503197-C-T,synonymous_variant,p.Ser2435Ser
11-118503198-T-G,missense_variant,p.Cys2436Gly
11-118503199-G-A,missense_variant,p.Cys2436Tyr
11-118503206-A-C,missense_variant,p.Glu2438Asp
11-118503222-C-T,missense_variant,p.His2444Tyr
11-118503265-G-A,missense_variant,p.Gly2458Asp
11-118503270-G-A,missense_variant,p.Glu2460Lys
11-118503273-G-A,missense_variant,p.Gly2461Arg
11-118503279-T-C,synonymous_variant,p.Leu2463Leu
11-118503281-G-A,synonymous_variant,p.Leu2463Leu
11-118503293-T-C,synonymous_variant,p.Phe2467Phe
11-118503300-G-A,missense_variant,p.Glu2470Lys
11-118503302-G-A,synonymous_variant,p.Glu2470Glu
11-118503317-G-A,synonymous_variant,p.Glu2475Glu
11-118503319-A-G,missense_variant,p.Tyr2476Cys
11-118503319-A-T,missense_variant,p.Tyr2476Phe
11-118503320-T-C,synonymous_variant,p.Tyr2476Tyr
11-118503326-C-G,synonymous_variant,p.Gly2478Gly
11-118503331-G-A,missense_variant,p.Arg2480Gln
11-118503341-C-T,synonymous_variant,p.Asn2483Asn
11-118503345-G-C,missense_variant,p.Val2485Leu
11-118503346-T-C,missense_variant,p.Val2485Ala
11-118503355-A-C,missense_variant,p.Asp2488Ala
11-118503356-T-C,synonymous_variant,p.Asp2488Asp
11-118503365-T-G,synonymous_variant,p.Gly2491Gly
11-118503367-A-G,missense_variant,p.Asp2492Gly
11-118503368-T-C,synonymous_variant,p.Asp2492Asp
11-118503373-G-A,missense_variant,p.Gly2494Asp
11-118503373-G-T,missense_variant,p.Gly2494Val
11-118503376-T-A,missense_variant,p.Leu2495His
11-118503383-G-T,missense_variant,p.Met2497Ile
11-118503384-C-A,missense_variant,p.Pro2498Thr
11-118503384-C-G,missense_variant,p.Pro2498Ala
11-118503388-G-A,missense_variant,p.Gly2499Glu
11-118503397-A-G,missense_variant,p.Lys2502Arg
11-118503400-C-A,missense_variant,p.Ala2503Asp
11-118503402-C-G,missense_variant,p.Pro2504Ala
11-118503405-C-T,missense_variant,p.Pro2505Ser
11-118503406-C-A,missense_variant,p.Pro2505His
11-118503422-A-G,synonymous_variant,p.Gly2510Gly
11-118503424-C-A,missense_variant,p.Ser2511Tyr
11-118503441-G-A,missense_variant,p.Ala2517Thr
11-118503444-C-T,missense_variant,p.Pro2518Ser
11-118503448-G-A,missense_variant,p.Arg2519Gln
11-118503453-C-T,missense_variant,p.Arg2521Cys
11-118503454-G-A,missense_variant,p.Arg2521His
11-118503454-G-T,missense_variant,p.Arg2521Leu
11-118503476-A-C,synonymous_variant,p.Thr2528Thr
11-118503524-A-C,missense_variant,p.Glu2544Asp
11-118503527-T-C,synonymous_variant,p.Ser2545Ser
11-118503528-A-G,missense_variant,p.Ser2546Gly
11-118503530-T-A,missense_variant,p.Ser2546Arg
11-118503543-T-C,synonymous_variant,p.Leu2551Leu
11-118503544-T-G,missense_variant,p.Leu2551Trp
11-118503549-A-T,missense_variant,p.Ile2553Leu
11-118503550-T-C,missense_variant,p.Ile2553Thr
11-118503558-A-G,missense_variant,p.Thr2556Ala
11-118503574-C-T,missense_variant,p.Pro2561Leu
11-118503581-A-G,synonymous_variant,p.Ser2563Ser
11-118503584-C-T,synonymous_variant,p.Ala2564Ala
11-118503598-G-C,missense_variant,p.Gly2569Ala
11-118503616-A-G,missense_variant,p.Gln2575Arg
11-118503628-A-G,missense_variant,p.Asn2579Ser
11-118503649-C-T,missense_variant,p.Ser2586Phe
11-118503651-C-G,missense_variant,p.Gln2587Glu
11-118503653-A-T,missense_variant,p.Gln2587His
11-118503656-TAACA-T,frameshift_variant,p.Asn2589ThrfsTer12
11-118503660-A-ATGTT,frameshift_variant,p.Asn2590MetfsTer28
11-118503664-A-T,missense_variant,p.Tyr2591Phe
11-118503666-C-G,missense_variant,p.Gln2592Glu
11-118503677-A-G,synonymous_variant,p.Pro2595Pro
11-118503679-T-C,missense_variant,p.Val2596Ala
11-118503695-A-G,synonymous_variant,p.Leu2601Leu
11-118503696-A-G,missense_variant,p.Met2602Val
11-118503699-C-G,missense_variant,p.Leu2603Val
11-118503715-A-C,missense_variant,p.Lys2608Thr
11-118503716-A-G,synonymous_variant,p.Lys2608Lys
11-118503737-T-C,synonymous_variant,p.Phe2615Phe
11-118503740-A-G,synonymous_variant,p.Lys2616Lys
11-118503746-G-A,synonymous_variant,p.Arg2618Arg
11-118503752-C-T,synonymous_variant,p.Pro2620Pro
11-118503764-C-T,synonymous_variant,p.Ala2624Ala
11-118503770-A-G,synonymous_variant,p.Ala2626Ala
11-118503785-T-C,synonymous_variant,p.Phe2631Phe
11-118503793-T-G,missense_variant,p.Leu2634Arg
11-118503794-T-C,synonymous_variant,p.Leu2634Leu
11-118503797-C-T,synonymous_variant,p.Thr2635Thr
11-118503800-A-G,synonymous_variant,p.Pro2636Pro
11-118503800-ACTC-A,inframe_deletion,p.Leu2637del
11-118503803-C-T,synonymous_variant,p.Leu2637Leu
11-118503805-A-AGAG,stop_gained,p.Tyr2638delinsTer
11-118503805-A-G,missense_variant,p.Tyr2638Cys
11-118503809-A-G,synonymous_variant,p.Gly2639Gly
11-118503812-A-G,synonymous_variant,p.Val2640Val
11-118503818-C-T,synonymous_variant,p.Ser2642Ser
11-118503837-C-G,missense_variant,p.Pro2649Ala
11-118503854-A-C,synonymous_variant,p.Ser2654Ser
11-118503859-G-A,missense_variant,p.Gly2656Glu
11-118503868-G-A,missense_variant,p.Arg2659Gln
11-118503875-G-C,missense_variant,p.Lys2661Asn
11-118503877-G-C,missense_variant,p.Arg2662Thr
11-118503906-G-A,missense_variant,p.Asp2672Asn
11-118503917-C-T,synonymous_variant,p.Ser2675Ser
11-118503922-C-T,missense_variant,p.Ser2677Leu
11-118503932-C-T,synonymous_variant,p.Asp2680Asp
11-118503961-C-T,missense_variant,p.Thr2690Ile
11-118503963-G-T,missense_variant,p.Val2691Leu
11-118503988-G-A,missense_variant,p.Arg2699Gln
11-118503990-C-A,missense_variant,p.Leu2700Met
11-118503997-C-A,missense_variant,p.Ser2702Tyr
11-118504000-A-G,missense_variant,p.His2703Arg
11-118504001-T-C,synonymous_variant,p.His2703His
11-118504011-C-T,missense_variant,p.Arg2707Trp
11-118504023-C-G,missense_variant,p.Gln2711Glu
11-118504024-A-T,missense_variant,p.Gln2711Leu
11-118504028-T-A,stop_gained,p.Cys2712Ter
11-118504032-C-A,missense_variant,p.Leu2714Ile
11-118504032-C-T,missense_variant,p.Leu2714Phe
11-118504035-C-T,missense_variant,p.Pro2715Ser
11-118504036-C-G,missense_variant,p.Pro2715Arg
11-118504037-A-G,synonymous_variant,p.Pro2715Pro
11-118504040-A-G,synonymous_variant,p.Lys2716Lys
11-118504041-A-G,missense_variant,p.Ile2717Val
11-118504060-T-C,missense_variant,p.Val2723Ala
11-118504061-T-A,synonymous_variant,p.Val2723Val
11-118504063-A-G,missense_variant,p.Asp2724Gly
11-118504067-T-C,synonymous_variant,p.Asp2725Asp
11-118504073-A-C,synonymous_variant,p.Thr2727Thr
11-118504076-G-A,synonymous_variant,p.Glu2728Glu
11-118504095-G-T,missense_variant,p.Ala2735Ser
11-118504097-CACA-C,inframe_deletion,p.Thr2737del
11-118504106-G-A,synonymous_variant,p.Arg2738Arg
11-118504113-A-G,missense_variant,p.Ser2741Gly
11-118504121-T-C,synonymous_variant,p.Ile2743Ile
11-118504122-C-T,missense_variant,p.Pro2744Ser
11-118504156-A-G,missense_variant,p.Asn2755Ser
11-118504164-A-T,missense_variant,p.Ile2758Phe
11-118504179-G-A,missense_variant,p.Asp2763Asn
11-118504199-T-C,synonymous_variant,p.His2769His
11-118504208-G-A,synonymous_variant,p.Lys2772Lys
11-118504220-C-A,synonymous_variant,p.Gly2776Gly
11-118504222-A-G,missense_variant,p.His2777Arg
11-118504229-T-G,missense_variant,p.Asn2779Lys
11-118504244-T-A,missense_variant,p.Asp2784Glu
11-118504253-T-C,synonymous_variant,p.His2787His
11-118504259-A-G,synonymous_variant,p.Val2789Val
11-118504261-G-A,missense_variant,p.Ser2790Asn
11-118504263-A-C,synonymous_variant,p.Arg2791Arg
11-118504268-T-G,synonymous_variant,p.Val2792Val
11-118504279-G-A,missense_variant,p.Gly2796Glu
11-118504283-A-G,synonymous_variant,p.Gln2797Gln
11-118504289-C-T,synonymous_variant,p.Ser2799Ser
11-118504310-A-C,synonymous_variant,p.Ser2806Ser
11-118504323-C-T,missense_variant,p.Arg2811Cys
11-118504324-G-A,missense_variant,p.Arg2811His
11-118504337-A-G,synonymous_variant,p.Thr2815Thr
11-118504345-C-A,missense_variant,p.Pro2818His
11-118504345-C-G,missense_variant,p.Pro2818Arg
11-118504346-C-G,synonymous_variant,p.Pro2818Pro
11-118504349-C-T,synonymous_variant,p.Ser2819Ser
11-118504350-G-A,missense_variant,p.Asp2820Asn
11-118504361-A-G,synonymous_variant,p.Leu2823Leu
11-118504364-G-A,synonymous_variant,p.Leu2824Leu
11-118504370-C-G,synonymous_variant,p.Thr2826Thr
11-118504372-A-T,missense_variant,p.Tyr2827Phe
11-118504403-C-T,synonymous_variant,p.Asp2837Asp
11-118504415-T-C,synonymous_variant,p.Ser2841Ser
11-118504415-T-G,missense_variant,p.Ser2841Arg
11-118504423-G-A,missense_variant,p.Cys2844Tyr
11-118504427-G-C,synonymous_variant,p.Gly2845Gly
11-118504430-T-C,synonymous_variant,p.Asn2846Asn
11-118504439-T-C,synonymous_variant,p.Pro2849Pro
11-118504478-C-T,synonymous_variant,p.Ser2862Ser
11-118504492-G-T,missense_variant,p.Gly2867Val
11-118504493-T-C,synonymous_variant,p.Gly2867Gly
11-118504508-A-C,synonymous_variant,p.Ser2872Ser
11-118504511-T-G,synonymous_variant,p.Ser2873Ser
11-118504524-C-T,synonymous_variant,p.Leu2878Leu
11-118504532-T-C,synonymous_variant,p.Leu2880Leu
11-118504541-A-T,synonymous_variant,p.Gly2883Gly
11-118504542-T-C,synonymous_variant,p.Leu2884Leu
11-118504561-G-A,missense_variant,p.Arg2890His
11-118504562-T-G,synonymous_variant,p.Arg2890Arg
11-118504570-A-ACC,frameshift_variant,p.Met2894ProfsTer36
11-118504573-TGG-T,frameshift_variant,p.Gly2895SerfsTer3
11-118504580-T-C,synonymous_variant,p.Leu2896Leu
11-118504588-T-C,missense_variant,p.Val2899Ala
11-118504589-A-G,synonymous_variant,p.Val2899Val
11-118504607-T-A,synonymous_variant,p.Pro2905Pro
11-118504607-T-G,synonymous_variant,p.Pro2905Pro
11-118504611-A-G,missense_variant,p.Thr2907Ala
11-118504636-C-G,missense_variant,p.Ser2915Cys
11-118504643-TA-T,frameshift_variant,p.Ile2918SerfsTer11
11-118504645-T-G,missense_variant,p.Ile2918Ser
11-118504648-C-G,stop_gained,p.Ser2919Ter
11-118504650-G-GA,frameshift_variant,p.Ala2920AspfsTer6
11-118504651-C-T,missense_variant,p.Ala2920Val
11-118504659-C-G,missense_variant,p.Gln2923Glu
11-118504676-A-G,synonymous_variant,p.Leu2928Leu
11-118504710-C-T,missense_variant,p.Arg2940Trp
11-118504716-C-T,missense_variant,p.Pro2942Ser
11-118504723-T-C,missense_variant,p.Val2944Ala
11-118504732-A-C,missense_variant,p.Gln2947Pro
11-118504733-G-A,synonymous_variant,p.Gln2947Gln
11-118504749-G-C,missense_variant,p.Ala2953Pro
11-118504756-T-C,missense_variant,p.Ile2955Thr
11-118504786-TCAC-T,inframe_deletion,p.Thr2966del
11-118504793-A-G,synonymous_variant,p.Glu2967Glu
11-118504801-T-C,missense_variant,p.Val2970Ala
11-118504835-C-G,missense_variant,p.Ser2981Arg
11-118504835-C-T,synonymous_variant,p.Ser2981Ser
11-118504836-C-A,missense_variant,p.Pro2982Thr
11-118504841-A-G,synonymous_variant,p.Gly2983Gly
11-118504842-G-GT,frameshift_variant,p.Asp2985ArgfsTer5
11-118504844-A-G,synonymous_variant,p.Val2984Val
11-118504847-TC-T,frameshift_variant,p.Pro2986GlnfsTer7
11-118504850-A-T,synonymous_variant,p.Pro2986Pro
11-118504852-C-T,missense_variant,p.Thr2987Ile
11-118504853-T-A,synonymous_variant,p.Thr2987Thr
11-118504855-C-G,missense_variant,p.Pro2988Arg
11-118504857-G-A,missense_variant,p.Glu2989Lys
11-118504865-C-T,synonymous_variant,p.His2991His
11-118504866-A-G,missense_variant,p.Met2992Val
11-118504868-G-A,missense_variant,p.Met2992Ile
11-118504877-T-C,synonymous_variant,p.Asp2995Asp
11-118504880-T-C,synonymous_variant,p.His2996His
11-118504895-C-G,missense_variant,p.His3001Gln
11-118504913-C-T,synonymous_variant,p.Ile3007Ile
11-118504916-T-C,synonymous_variant,p.Ser3008Ser
11-118504926-T-G,missense_variant,p.Cys3012Gly
11-118504931-T-A,synonymous_variant,p.Gly3013Gly
11-118504936-T-C,missense_variant,p.Val3015Ala
11-118504937-A-G,synonymous_variant,p.Val3015Val
11-118504951-G-C,missense_variant,p.Gly3020Ala
11-118504961-G-A,synonymous_variant,p.Gln3023Gln
11-118504965-T-A,missense_variant,p.Leu3025Ile
11-118504973-G-A,synonymous_variant,p.Arg3027Arg
11-118504976-C-T,synonymous_variant,p.Asn3028Asn
11-118504981-G-A,missense_variant,p.Ser3030Asn
11-118504991-C-A,synonymous_variant,p.Gly3033Gly
11-118505002-C-G,missense_variant,p.Pro3037Arg
11-118505012-A-T,synonymous_variant,p.Pro3040Pro
11-118505015-T-C,synonymous_variant,p.Thr3041Thr
11-118505026-A-G,missense_variant,p.Gln3045Arg
11-118505032-A-G,missense_variant,p.Gln3047Arg
11-118505036-G-A,synonymous_variant,p.Lys3048Lys
11-118505039-T-C,synonymous_variant,p.Tyr3049Tyr
11-118505041-T-C,missense_variant,p.Val3050Ala
11-118505048-T-C,synonymous_variant,p.Asn3052Asn
11-118505051-T-C,synonymous_variant,p.Ser3053Ser
11-118505054-T-C,synonymous_variant,p.Thr3054Thr
11-118505057-T-C,synonymous_variant,p.Asp3055Asp
11-118505069-G-A,synonymous_variant,p.Pro3059Pro
11-118505071-C-T,missense_variant,p.Ser3060Phe
11-118505081-C-T,synonymous_variant,p.Ser3063Ser
11-118505083-A-G,missense_variant,p.Asn3064Ser
11-118505084-T-C,synonymous_variant,p.Asn3064Asn
11-118505087-A-C,synonymous_variant,p.Ala3065Ala
11-118505096-G-T,missense_variant,p.Gln3068His
11-118505111-C-T,synonymous_variant,p.His3073His
11-118505117-G-A,synonymous_variant,p.Lys3075Lys
11-118505138-A-T,synonymous_variant,p.Ile3082Ile
11-118505139-G-A,missense_variant,p.Val3083Ile
11-118505141-T-A,synonymous_variant,p.Val3083Val
11-118505150-G-T,missense_variant,p.Gln3086His
11-118505155-T-TAAAGTG,protein_altering_variant,p.Met3088delinsIleLysTrp
11-118505158-A-T,missense_variant,p.Gln3089Leu
11-118505160-CCACTTT-C,inframe_deletion,p.Pro3090_Tyr3092delinsHis
11-118505165-T-C,synonymous_variant,p.Leu3091Leu
11-118505174-C-G,synonymous_variant,p.Leu3094Leu
11-118505177-A-G,synonymous_variant,p.Gln3095Gln
11-118505188-A-ATTTTTTGGGTCACTCCATTTGGAAGAGTT,frameshift_variant,p.Gly3100PhefsTer12
11-118505210-A-G,synonymous_variant,p.Gln3106Gln
11-118505211-T-C,synonymous_variant,p.Leu3107Leu
11-118505219-T-C,synonymous_variant,p.Ser3109Ser
11-118505223-G-A,missense_variant,p.Val3111Ile
11-118505226-A-G,missense_variant,p.Ser3112Gly
11-118505227-G-T,missense_variant,p.Ser3112Ile
11-118505232-A-G,missense_variant,p.Thr3114Ala
11-118505233-C-T,missense_variant,p.Thr3114Ile
11-118505234-A-C,synonymous_variant,p.Thr3114Thr
11-118505235-C-T,missense_variant,p.Pro3115Ser
11-118505239-G-A,missense_variant,p.Ser3116Asn
11-118505241-G-A,missense_variant,p.Val3117Met
11-118505247-G-GGTCCCAATACTGAAGTATTTGTCTCCATCACACTGGGTGT,frameshift_variant,p.Glu3119GlyfsTer48
11-118505265-T-C,synonymous_variant,p.Leu3125Leu
11-118505270-A-C,synonymous_variant,p.Gly3126Gly
11-118505270-A-G,synonymous_variant,p.Gly3126Gly
11-118505271-C-T,missense_variant,p.Pro3127Ser
11-118505279-A-C,synonymous_variant,p.Gly3129Gly
11-118505280-G-A,missense_variant,p.Gly3130Ser
11-118505283-G-A,missense_variant,p.Gly3131Ser
11-118505292-C-T,missense_variant,p.Leu3134Phe
11-118505294-T-A,synonymous_variant,p.Leu3134Leu
11-118505297-C-G,synonymous_variant,p.Thr3135Thr
11-118505298-A-G,missense_variant,p.Thr3136Ala
11-118505301-G-A,missense_variant,p.Gly3137Arg
11-118505314-G-A,missense_variant,p.Ser3141Asn
11-118505322-A-G,missense_variant,p.Thr3144Ala
11-118505329-A-T,missense_variant,p.Gln3146Leu
11-118505330-A-G,synonymous_variant,p.Gln3146Gln
11-118505334-T-C,synonymous_variant,p.Leu3148Leu
11-118505336-G-T,missense_variant,p.Leu3148Phe
11-118505343-T-C,missense_variant,p.Ser3151Pro
11-118505345-T-G,synonymous_variant,p.Ser3151Ser
11-118505358-T-C,synonymous_variant,p.Leu3156Leu
11-118505363-A-C,synonymous_variant,p.Leu3157Leu
11-118505364-C-A,missense_variant,p.Pro3158Thr
11-118505365-C-A,missense_variant,p.Pro3158His
11-118505370-T-C,missense_variant,p.Ser3160Pro
11-118505373-C-G,missense_variant,p.His3161Asp
11-118505375-T-C,synonymous_variant,p.His3161His
11-118505381-G-A,synonymous_variant,p.Gln3163Gln
11-118505387-A-C,missense_variant,p.Leu3165Phe
11-118505395-T-G,missense_variant,p.Phe3168Cys
11-118505402-A-G,synonymous_variant,p.Ala3170Ala
11-118505406-A-G,missense_variant,p.Thr3172Ala
11-118505409-C-G,missense_variant,p.Gln3173Glu
11-118505411-A-G,synonymous_variant,p.Gln3173Gln
11-118505417-T-C,synonymous_variant,p.Ser3175Ser
11-118505423-A-G,synonymous_variant,p.Pro3177Pro
11-118505424-C-A,missense_variant,p.Pro3178Thr
11-118505426-A-T,synonymous_variant,p.Pro3178Pro
11-118505437-A-G,missense_variant,p.Asn3182Ser
11-118505438-T-C,synonymous_variant,p.Asn3182Asn
11-118505444-T-G,synonymous_variant,p.Pro3184Pro
11-118505445-T-C,missense_variant,p.Ser3185Pro
11-118505451-C-CTGCTTGTTGGGGATCCGGAGGAGGCTGAACCCCAATAAGCAGGCCTGAAGGAGGAT,stop_gained,p.Ile3189ValfsTer11
11-118505453-G-A,synonymous_variant,p.Leu3187Leu
11-118505458-T-C,missense_variant,p.Ile3189Thr
11-118505459-T-C,synonymous_variant,p.Ile3189Ile
11-118505465-T-C,synonymous_variant,p.Val3191Val
11-118505466-C-CCGGAGG,protein_altering_variant,p.Gln3192delinsProGluGlu
11-118505469-C-G,missense_variant,p.Pro3193Ala
11-118505473-C-T,missense_variant,p.Pro3194Leu
11-118505476-C-T,missense_variant,p.Pro3195Leu
11-118505477-G-A,synonymous_variant,p.Pro3195Pro
11-118505480-T-A,missense_variant,p.Asp3196Glu
11-118505482-C-T,missense_variant,p.Pro3197Leu
11-118505486-A-G,synonymous_variant,p.Gln3198Gln
11-118505489-T-G,synonymous_variant,p.Leu3199Leu
11-118505493-G-A,missense_variant,p.Val3201Ile
11-118505502-T-G,missense_variant,p.Ser3204Ala
11-118505532-G-C,missense_variant,p.Val3214Leu
11-118505536-C-A,missense_variant,p.Ala3215Asp
11-118505544-T-C,missense_variant,p.Ser3218Pro
11-118505557-A-G,missense_variant,p.Lys3222Arg
11-118505560-A-T,missense_variant,p.Lys3223Ile
11-118505565-C-T,missense_variant,p.Pro3225Ser
11-118505575-G-A,missense_variant,p.Arg3228His
11-118505579-A-G,synonymous_variant,p.Leu3229Leu
11-118505584-C-A,missense_variant,p.Thr3231Asn
11-118505587-G-A,missense_variant,p.Arg3232Gln
11-118505603-T-C,synonymous_variant,p.Leu3237Leu
11-118505606-T-C,synonymous_variant,p.Ala3238Ala
11-118505608-C-T,missense_variant,p.Pro3239Leu
11-118505616-A-G,missense_variant,p.Thr3242Ala
11-118505624-A-C,synonymous_variant,p.Ser3244Ser
11-118505639-T-C,synonymous_variant,p.Ser3249Ser
11-118505643-G-A,missense_variant,p.Val3251Met
11-118505647-T-C,missense_variant,p.Val3252Ala
11-118505654-T-C,synonymous_variant,p.Asn3254Asn
11-118505660-A-C,synonymous_variant,p.Thr3256Thr
11-118505661-T-C,synonymous_variant,p.Leu3257Leu
11-118505674-C-T,missense_variant,p.Thr3261Ile
11-118505676-C-T,missense_variant,p.Pro3262Ser
11-118505680-C-G,missense_variant,p.Ser3263Cys
11-118505690-T-A,synonymous_variant,p.Pro3266Pro
11-118505691-A-G,missense_variant,p.Asn3267Asp
11-118505691-A-T,missense_variant,p.Asn3267Tyr
11-118505699-A-C,synonymous_variant,p.Pro3269Pro
11-118505701-G-C,missense_variant,p.Ser3270Thr
11-118505701-G-A,missense_variant,p.Ser3270Asn
11-118505702-T-C,synonymous_variant,p.Ser3270Ser
11-118505721-C-T,missense_variant,p.Leu3277Phe
11-118505727-A-G,missense_variant,p.Thr3279Ala
11-118505728-C-T,missense_variant,p.Thr3279Ile
11-118505732-A-G,synonymous_variant,p.Ser3280Ser
11-118505738-C-G,missense_variant,p.His3282Gln
11-118505740-G-A,missense_variant,p.Arg3283Gln
11-118505740-G-T,missense_variant,p.Arg3283Leu
11-118505741-A-C,synonymous_variant,p.Arg3283Arg
11-118505756-C-T,synonymous_variant,p.Ile3288Ile
11-118505762-A-G,synonymous_variant,p.Lys3290Lys
11-118505765-A-G,synonymous_variant,p.Arg3291Arg
11-118505776-GCAT-G,inframe_deletion,p.Ile3296del
11-118505778-A-G,missense_variant,p.Ile3296Val
11-118505794-C-A,missense_variant,p.Pro3301Gln
11-118505794-C-T,missense_variant,p.Pro3301Leu
11-118505795-G-A,synonymous_variant,p.Pro3301Pro
11-118505796-G-A,missense_variant,p.Ala3302Thr
11-118505799-C-A,missense_variant,p.Pro3303Thr
11-118505801-C-T,synonymous_variant,p.Pro3303Pro
11-118505803-T-G,missense_variant,p.Leu3304Arg
11-118505808-C-A,missense_variant,p.Pro3306Thr
11-118505813-G-A,synonymous_variant,p.Gln3307Gln
11-118505822-A-G,synonymous_variant,p.Gly3310Gly
11-118505827-C-G,missense_variant,p.Thr3312Ser
11-118505831-T-C,synonymous_variant,p.Ala3313Ala
11-118505831-T-G,synonymous_variant,p.Ala3313Ala
11-118505835-A-C,missense_variant,p.Thr3315Pro
11-118505837-A-G,synonymous_variant,p.Thr3315Thr
11-118505839-C-T,missense_variant,p.Ala3316Val
11-118505840-G-A,synonymous_variant,p.Ala3316Ala
11-118505843-A-G,synonymous_variant,p.Ala3317Ala
11-118505845-G-GTTCAGGCCGAGCGCGGCGCGCAGCTTCTCGATGTCTTCCGTGGTGGCGAGGTCGCCCGCGATGAGCGCGGC,stop_gained,p.Thr3319SerfsTer21
11-118505847-A-G,missense_variant,p.Thr3319Ala
11-118505849-A-G,synonymous_variant,p.Thr3319Thr
11-118505850-TCAA-T,inframe_deletion,p.Thr3321del
11-118505852-A-C,synonymous_variant,p.Ser3320Ser
11-118505853-A-G,missense_variant,p.Thr3321Ala
11-118505869-C-T,missense_variant,p.Thr3326Ile
11-118505901-T-C,synonymous_variant,p.Leu3337Leu
11-118505915-C-T,synonymous_variant,p.Ser3341Ser
11-118505958-A-G,missense_variant,p.Thr3356Ala
11-118505968-C-T,missense_variant,p.Ala3359Val
11-118505969-G-A,synonymous_variant,p.Ala3359Ala
11-118505974-T-C,missense_variant,p.Val3361Ala
11-118505978-A-T,synonymous_variant,p.Pro3362Pro
11-118505984-C-T,synonymous_variant,p.His3364His
11-118505985-G-A,missense_variant,p.Val3365Ile
11-118505995-C-T,missense_variant,p.Thr3368Ile
11-118506005-G-A,synonymous_variant,p.Arg3371Arg
11-118506006-T-A,missense_variant,p.Leu3372Met
11-118506022-A-G,missense_variant,p.Asp3377Gly
11-118506025-T-C,missense_variant,p.Ile3378Thr
11-118506043-T-G,missense_variant,p.Leu3384Arg
11-118506062-G-T,missense_variant,p.Gln3390His
11-118506064-A-G,missense_variant,p.Gln3391Arg
11-118506065-G-C,missense_variant,p.Gln3391His
11-118506072-G-C,missense_variant,p.Gly3394Arg
11-118506073-G-A,missense_variant,p.Gly3394Glu
11-118506074-G-A,synonymous_variant,p.Gly3394Gly
11-118506079-A-G,missense_variant,p.Gln3396Arg
11-118506090-G-A,missense_variant,p.Val3400Met
11-118506092-G-T,synonymous_variant,p.Val3400Val
11-118506101-G-A,synonymous_variant,p.Pro3403Pro
11-118506101-G-T,synonymous_variant,p.Pro3403Pro
11-118506102-C-A,missense_variant,p.Pro3404Thr
11-118506117-T-C,missense_variant,p.Phe3409Leu
11-118506125-A-G,synonymous_variant,p.Gln3411Gln
11-118506128-G-T,synonymous_variant,p.Leu3412Leu
11-118506142-C-T,missense_variant,p.Thr3417Ile
11-118506149-T-C,synonymous_variant,p.Ser3419Ser
11-118506159-A-G,missense_variant,p.Ile3423Val
11-118506166-C-T,missense_variant,p.Ala3425Val
11-118506167-G-A,synonymous_variant,p.Ala3425Ala
11-118506168-G-A,missense_variant,p.Ala3426Thr
11-118506170-A-G,synonymous_variant,p.Ala3426Ala
11-118506180-T-G,missense_variant,p.Cys3430Gly
11-118506182-TG-T,frameshift_variant,p.Val3431CysfsTer10
11-118506196-C-T,missense_variant,p.Thr3435Ile
11-118506205-C-T,missense_variant,p.Thr3438Met
11-118506207-G-A,missense_variant,p.Gly3439Ser
11-118506208-G-C,missense_variant,p.Gly3439Ala
11-118506210-A-G,missense_variant,p.Ile3440Val
11-118506219-G-A,missense_variant,p.Ala3443Thr
11-118506220-C-T,missense_variant,p.Ala3443Val
11-118506223-CA-C,frameshift_variant,p.Pro3445LeufsTer14
11-118506225-CCTT-C,inframe_deletion,p.Ser3446del
11-118506226-CTT-C,frameshift_variant,p.Ser3446TrpfsTer28
11-118506230-T-A,synonymous_variant,p.Ser3446Ser
11-118506231-G-GAA,frameshift_variant,p.Gly3447GlufsTer13
11-118506233-G-GT,frameshift_variant,p.Glu3448Ter
11-118506242-C-G,missense_variant,p.Asp3450Glu
11-118506243-G-A,missense_variant,p.Glu3451Lys
11-118506252-C-A,missense_variant,p.Gln3454Lys
11-118506252-C-G,missense_variant,p.Gln3454Glu
11-118506260-G-C,missense_variant,p.Gln3456His
11-118506267-A-G,missense_variant,p.Asn3459Asp
11-118506272-G-C,missense_variant,p.Gln3460His
11-118506276-C-T,missense_variant,p.Leu3462Phe
11-118506284-C-G,missense_variant,p.Ser3464Arg
11-118506288-A-G,missense_variant,p.Thr3466Ala
11-118506291-G-A,missense_variant,p.Gly3467Arg
11-118506293-G-T,synonymous_variant,p.Gly3467Gly
11-118506305-C-T,synonymous_variant,p.Ser3471Ser
11-118506309-C-T,missense_variant,p.Arg3473Cys
11-118506310-G-A,missense_variant,p.Arg3473His
11-118506316-T-C,missense_variant,p.Leu3475Pro
11-118506327-T-G,missense_variant,p.Ser3479Ala
11-118506333-C-A,missense_variant,p.Pro3481Thr
11-118506335-C-T,synonymous_variant,p.Pro3481Pro
11-118506339-G-C,missense_variant,p.Val3483Leu
11-118506350-T-C,synonymous_variant,p.Phe3486Phe
11-118506365-C-T,synonymous_variant,p.Asp3491Asp
11-118506366-G-A,missense_variant,p.Ala3492Thr
11-118506367-C-T,missense_variant,p.Ala3492Val
11-118506382-G-A,missense_variant,p.Gly3497Glu
11-118506386-G-A,synonymous_variant,p.Leu3498Leu
11-118506388-A-G,missense_variant,p.Glu3499Gly
11-118506404-ATCC-A,inframe_deletion,p.Ser3506del
11-118506413-T-C,synonymous_variant,p.Ala3507Ala
11-118506417-C-A,missense_variant,p.Gln3509Lys
11-118506422-C-T,synonymous_variant,p.Ala3510Ala
11-118506426-C-G,missense_variant,p.Pro3512Ala
11-118506439-G-A,missense_variant,p.Gly3516Glu
11-118506444-T-C,missense_variant,p.Ser3518Pro
11-118506446-T-C,synonymous_variant,p.Ser3518Ser
11-118506454-C-T,missense_variant,p.Ser3521Phe
11-118506466-G-A,missense_variant,p.Gly3525Glu
11-118506471-C-T,missense_variant,p.Arg3527Trp
11-118506472-G-A,missense_variant,p.Arg3527Gln
11-118506473-G-T,synonymous_variant,p.Arg3527Arg
11-118506476-A-C,synonymous_variant,p.Ser3528Ser
11-118506483-C-G,missense_variant,p.Pro3531Ala
11-118506493-C-T,missense_variant,p.Pro3534Leu
11-118506494-G-A,synonymous_variant,p.Pro3534Pro
11-118506501-A-G,missense_variant,p.Thr3537Ala
11-118506503-T-C,synonymous_variant,p.Thr3537Thr
11-118506515-A-G,synonymous_variant,p.Pro3541Pro
11-118506521-C-A,synonymous_variant,p.Thr3543Thr
11-118506538-C-T,missense_variant,p.Pro3549Leu
11-118506540-C-T,synonymous_variant,p.Leu3550Leu
11-118506544-A-T,missense_variant,p.Asp3551Val
11-118506549-G-A,missense_variant,p.Gly3553Arg
11-118506573-T-A,missense_variant,p.Ser3561Thr
11-118506578-T-A,missense_variant,p.His3562Gln
11-118506582-C-T,missense_variant,p.Arg3564Trp
11-118506583-G-A,missense_variant,p.Arg3564Gln
11-118506597-G-C,missense_variant,p.Glu3569Gln
11-118506605-C-T,synonymous_variant,p.His3571His
11-118506607-T-G,missense_variant,p.Ile3572Ser
11-118506610-C-T,missense_variant,p.Pro3573Leu
11-118506611-A-C,synonymous_variant,p.Pro3573Pro
11-118506622-C-A,missense_variant,p.Thr3577Lys
11-118506622-C-T,missense_variant,p.Thr3577Met
11-118506623-G-A,synonymous_variant,p.Thr3577Thr
11-118506626-A-G,synonymous_variant,p.Thr3578Thr
11-118506630-C-G,missense_variant,p.Leu3580Val
11-118506633-A-T,missense_variant,p.Thr3581Ser
11-118506638-A-T,synonymous_variant,p.Ser3582Ser
11-118506653-G-A,splice_region_variant,c.10754+7G>A
11-118506657-CA-C,intron_variant,c.10754+14del
11-118506662-A-G,intron_variant,c.10754+16A>G
11-118506663-C-T,intron_variant,c.10754+17C>T
11-118506667-C-T,intron_variant,c.10754+21C>T
11-118506671-G-A,intron_variant,c.10754+25G>A
11-118506674-G-A,intron_variant,c.10754+28G>A
11-118506687-T-G,intron_variant,c.10754+41T>G
11-118506692-G-A,intron_variant,c.10754+46G>A
11-118506694-T-G,intron_variant,c.10754+48T>G
11-118507479-C-T,intron_variant,c.10755-50C>T
11-118507480-A-G,intron_variant,c.10755-49A>G
11-118507481-T-TA,intron_variant,c.10755-47dup
11-118507493-G-T,intron_variant,c.10755-36G>T
11-118507511-C-G,stop_gained,p.Tyr129Ter
11-118507522-G-C,missense_variant,p.Cys133Ser
11-118507528-G-A,splice_acceptor_variant,c.10755-1G>A
11-118507566-A-C,missense_variant,p.Ser3598Arg
11-118507572-G-A,missense_variant,p.Glu3600Lys
11-118507577-G-C,missense_variant,p.Gln3601His
11-118507579-C-G,missense_variant,p.Ser3602Cys
11-118507586-G-A,synonymous_variant,p.Gln3604Gln
11-118507598-G-A,synonymous_variant,p.Gly3608Gly
11-118507606-C-T,missense_variant,p.Ala3611Val
11-118507610-G-C,splice_donor_variant,c.10835+1G>C
11-118507632-T-C,intron_variant,c.10835+23T>C
11-118507644-C-T,intron_variant,c.10835+35C>T
11-118507655-C-A,intron_variant,c.10835+46C>A
11-118507674-G-A,intron_variant,c.10835+65G>A
11-118509090-T-C,intron_variant,c.10836-46T>C
11-118509096-A-G,intron_variant,c.10836-40A>G
11-118509108-T-C,intron_variant,c.10836-28T>C
11-118509117-A-G,intron_variant,c.10836-19A>G
11-118509121-T-G,intron_variant,c.10836-15T>G
11-118509142-C-T,synonymous_variant,p.Val3614Val
11-118509145-T-C,synonymous_variant,p.Ala3615Ala
11-118509150-T-C,missense_variant,p.Leu3617Pro
11-118509154-G-A,synonymous_variant,p.Pro3618Pro
11-118509163-G-C,missense_variant,p.Gln3621His
11-118509164-G-T,missense_variant,p.Val3622Leu
11-118509168-C-T,missense_variant,p.Thr3623Ile
11-118509175-T-C,synonymous_variant,p.Asn3625Asn
11-118509226-A-G,intron_variant,c.10900+26A>G
11-118509236-A-G,intron_variant,c.10900+36A>G
11-118509242-G-C,intron_variant,c.10900+42G>C
11-118509245-A-G,intron_variant,c.10900+45A>G
11-118509904-T-G,intron_variant,c.10901-44T>G
11-118509922-A-C,intron_variant,c.10901-26A>C
11-118509923-C-T,intron_variant,c.10901-25C>T
11-118509943-A-G,splice_region_variant,c.10901-5A>G
11-118509982-C-T,synonymous_variant,p.Phe3645Phe
11-118510022-C-T,missense_variant,p.Arg3659Trp
11-118510023-G-A,missense_variant,p.Arg3659Gln
11-118510024-G-A,synonymous_variant,p.Arg3659Arg
11-118510031-A-G,missense_variant,p.Ser3662Gly
11-118510036-T-A,synonymous_variant,p.Ile3663Ile
11-118510049-C-A,missense_variant,p.Pro3668Thr
11-118510053-A-G,missense_variant,p.Lys3669Arg
11-118510060-A-C,synonymous_variant,p.Gly3671Gly
11-118510077-C-T,missense_variant,p.Ser3677Phe
11-118510085-G-A,missense_variant,p.Asp3680Asn
11-118510105-A-G,synonymous_variant,p.Ala3686Ala
11-118510125-G-A,splice_region_variant,c.11071+7G>A
11-118510128-T-C,intron_variant,c.11071+10T>C
11-118510147-C-A,intron_variant,c.11071+29C>A
11-118510151-A-T,intron_variant,c.11071+33A>T
11-118510154-A-AACAGGGCTTCTGCTGAT,intron_variant,c.11071+36_11071+37insACAGGGCTTCTGCTGAT
11-118510154-A-AACAGGGCTTCTGCTGATG,intron_variant,c.11071+36_11071+37insACAGGGCTTCTGCTGATG
11-118510154-A-AACAGGGCTTCTGCTGATGG,intron_variant,c.11071+36_11071+37insACAGGGCTTCTGCTGATGG
11-118510157-C-T,intron_variant,c.11071+39C>T
11-118510159-T-C,intron_variant,c.11071+41T>C
11-118510159-T-TAGCTGAAACAGG,intron_variant,c.11071+41_11071+42insAGCTGAAACAGG
11-118510159-TG-T,intron_variant,c.11071+42del
11-118510161-T-C,intron_variant,c.11071+43T>C
11-118510163-T-C,intron_variant,c.11071+45T>C
11-118510165-A-T,intron_variant,c.11071+47A>T
11-118510182-C-G,intron_variant,c.11071+64C>G
11-118511884-T-A,intron_variant,c.11072-67T>A
11-118511885-C-G,intron_variant,c.11072-66C>G
11-118511890-G-T,intron_variant,c.11072-61G>T
11-118511907-C-T,intron_variant,c.11072-44C>T
11-118511908-G-A,intron_variant,c.11072-43G>A
11-118511911-C-A,intron_variant,c.11072-40C>A
11-118511926-A-AC,intron_variant,c.11072-24dup
11-118511927-C-T,intron_variant,c.11072-24C>T
11-118511928-G-A,intron_variant,c.11072-23G>A
11-118511930-G-T,intron_variant,c.11072-21G>T
11-118511948-C-T,splice_region_variant,c.11072-3C>T
11-118511963-C-T,missense_variant,p.Ser3695Leu
11-118511991-A-G,synonymous_variant,p.Arg3704Arg
11-118511992-T-A,missense_variant,p.Ser3705Thr
11-118511995-A-T,missense_variant,p.Asn3706Tyr
11-118511997-T-C,synonymous_variant,p.Asn3706Asn
11-118512015-C-T,synonymous_variant,p.Leu3712Leu
11-118512043-T-C,intron_variant,c.11146+18T>C
11-118512054-T-C,intron_variant,c.11146+29T>C
11-118512060-A-C,intron_variant,c.11146+35A>C
11-118512089-G-A,intron_variant,c.11146+64G>A
11-118519570-TC-T,intron_variant,c.11147-46del
11-118519575-T-C,intron_variant,c.11147-43T>C
11-118519580-T-C,intron_variant,c.11147-38T>C
11-118519582-C-T,intron_variant,c.11147-36C>T
11-118519583-G-A,intron_variant,c.11147-35G>A
11-118519587-C-T,intron_variant,c.11147-31C>T
11-118519608-ATTC-A,splice_region_variant,c.11147-5_11147-3del
11-118519620-G-A,missense_variant,p.Val3717Ile
11-118519625-C-T,synonymous_variant,p.Asn3718Asn
11-118519626-G-A,missense_variant,p.Gly3719Ser
11-118519634-G-A,synonymous_variant,p.Arg3721Arg
11-118519658-A-G,synonymous_variant,p.Ala3729Ala
11-118519670-C-G,synonymous_variant,p.Leu3733Leu
11-118519672-T-C,missense_variant,p.Ile3734Thr
11-118519682-G-C,synonymous_variant,p.Leu3737Leu
11-118519701-C-A,synonymous_variant,p.Arg3744Arg
11-118519702-G-A,missense_variant,p.Arg3744Gln
11-118519703-A-G,synonymous_variant,p.Arg3744Arg
11-118519717-G-A,missense_variant,p.Arg3749His
11-118519722-C-T,missense_variant,p.His3751Tyr
11-118519731-G-A,missense_variant,p.Glu3754Lys
11-118519752-T-C,synonymous_variant,p.Leu3761Leu
11-118519763-C-T,synonymous_variant,p.His3764His
11-118519766-C-T,synonymous_variant,p.Gly3765Gly
11-118519781-A-G,synonymous_variant,p.Glu3770Glu
11-118519790-C-G,splice_region_variant,c.11319C>G
11-118519801-C-T,intron_variant,c.11321+9C>T
11-118519802-C-G,intron_variant,c.11321+10C>G
11-118519806-T-A,intron_variant,c.11321+14T>A
11-118519810-CTGT-C,intron_variant,c.11321+19_11321+21del
11-118519814-C-CACA,intron_variant,c.11321+23_11321+24insCAA
11-118519814-C-T,intron_variant,c.11321+22C>T
11-118519816-G-A,intron_variant,c.11321+24G>A
11-118519818-A-G,intron_variant,c.11321+26A>G
11-118519822-T-TG,intron_variant,c.11321+30_11321+31insG
11-118519823-T-A,intron_variant,c.11321+31T>A
11-118519831-G-A,intron_variant,c.11321+39G>A
11-118519845-A-C,intron_variant,c.11321+53A>C
11-118519908-T-A,intron_variant,c.11322-49T>A
11-118519909-G-A,intron_variant,c.11322-48G>A
11-118519915-T-A,intron_variant,c.11322-42T>A
11-118519915-T-TTTAGAGAAATGCTTTAA,intron_variant,c.11322-41_11322-40insTAGAGAAATGCTTTAAT
11-118519915-T-TTAAAACATATTTAGAGAAATGCTTTAA,intron_variant,c.11322-38_11322-37insACATATTTAGAGAAATGCTTTAATAAA
11-118519920-G-A,intron_variant,c.11322-37G>A
11-118519923-T-TA,intron_variant,c.11322-34_11322-33insA
11-118519925-TCTC-T,intron_variant,c.11322-31_11322-29del
11-118519928-C-G,intron_variant,c.11322-29C>G
11-118519930-A-AGAG,intron_variant,c.11322-27_11322-26insGAG
11-118519932-AT-A,intron_variant,c.11322-24del
11-118519937-T-C,intron_variant,c.11322-20T>C
11-118519947-T-C,intron_variant,c.11322-10T>C
11-118519951-C-A,splice_region_variant,c.11322-6C>A
11-118519961-T-G,missense_variant,p.Ser3776Ala
11-118519962-C-T,missense_variant,p.Ser3776Leu
11-118519963-AGC-A,frameshift_variant,p.Ala3777IlefsTer2
11-118519964-G-A,missense_variant,p.Ala3777Thr
11-118519966-ATTTG-A,frameshift_variant,p.Phe3778ThrfsTer28
11-118519966-A-G,synonymous_variant,p.Ala3777Ala
11-118519976-T-TCAAA,frameshift_variant,p.Phe3781SerfsTer3
11-118519977-T-TGC,frameshift_variant,p.Phe3781LeufsTer27
11-118519979-A-G,missense_variant,p.Asn3782Asp
11-118520002-T-G,synonymous_variant,p.Arg3789Arg
11-118520025-A-G,missense_variant,p.Asn3797Ser
11-118520026-T-C,synonymous_variant,p.Asn3797Asn
11-118520029-T-G,missense_variant,p.Asp3798Glu
11-118520032-A-G,synonymous_variant,p.Glu3799Glu
11-118520035-A-G,synonymous_variant,p.Glu3800Glu
11-118520041-G-A,synonymous_variant,p.Glu3802Glu
11-118520073-T-G,intron_variant,c.11429+9T>G
11-118520078-G-A,intron_variant,c.11429+14G>A
11-118520079-G-A,intron_variant,c.11429+15G>A
11-118520080-G-A,intron_variant,c.11429+16G>A
11-118520081-G-A,intron_variant,c.11429+17G>A
11-118520081-G-C,intron_variant,c.11429+17G>C
11-118520083-G-A,intron_variant,c.11429+19G>A
11-118520087-T-TTTCTAATGACTGCTCCC,intron_variant,c.11429+23_11429+24insTTCTAATGACTGCTCCC
11-118520105-CCT-C,intron_variant,c.11429+45_11429+46del
11-118520106-C-T,intron_variant,c.11429+42C>T
11-118520110-C-A,intron_variant,c.11429+46C>A
11-118520129-C-G,intron_variant,c.11429+65C>G
11-118520132-C-T,intron_variant,c.11429+68C>T
11-118520747-A-T,intron_variant,c.11430-55A>T
11-118520758-T-A,intron_variant,c.11430-44T>A
11-118520759-A-G,intron_variant,c.11430-43A>G
11-118520771-A-G,intron_variant,c.11430-31A>G
11-118520772-A-G,intron_variant,c.11430-30A>G
11-118520775-T-C,intron_variant,c.11430-27T>C
11-118520776-C-T,intron_variant,c.11430-26C>T
11-118520777-G-A,intron_variant,c.11430-25G>A
11-118520777-G-C,intron_variant,c.11430-25G>C
11-118520778-T-A,intron_variant,c.11430-24T>A
11-118520785-T-A,intron_variant,c.11430-17T>A
11-118520796-T-G,splice_region_variant,c.11430-6T>G
11-118520799-T-C,splice_region_variant,c.11430-3T>C
11-118520814-C-T,synonymous_variant,p.Ser3814Ser
11-118520821-C-T,synonymous_variant,p.Leu3817Leu
11-118520838-C-T,synonymous_variant,p.Arg3822Arg
11-118520843-G-A,missense_variant,p.Arg3824Gln
11-118520877-T-G,synonymous_variant,p.Gly3835Gly
11-118520880-C-T,synonymous_variant,p.Val3836Val
11-118520891-A-G,splice_region_variant,c.11513+6A>G
11-118520892-C-A,splice_region_variant,c.11513+7C>A
11-118520892-C-T,splice_region_variant,c.11513+7C>T
11-118520900-C-G,intron_variant,c.11513+15C>G
11-118520901-TAGAA-T,intron_variant,c.11513+21_11513+24del
11-118520905-A-ATTCT,intron_variant,c.11513+20_11513+21insTTCT
11-118520912-A-T,intron_variant,c.11513+27A>T
11-118520913-C-T,intron_variant,c.11513+28C>T
11-118520916-A-G,intron_variant,c.11513+31A>G
11-118520920-C-T,intron_variant,c.11513+35C>T
11-118520921-G-A,intron_variant,c.11513+36G>A
11-118520921-G-T,intron_variant,c.11513+36G>T
11-118520926-C-A,intron_variant,c.11513+41C>A
11-118520933-T-C,intron_variant,c.11513+48T>C
11-118520958-G-A,intron_variant,c.11513+73G>A
11-118521232-G-A,intron_variant,c.11514-56G>A
11-118521232-G-T,intron_variant,c.11514-56G>T
11-118521243-T-G,intron_variant,c.11514-45T>G
11-118521257-G-T,intron_variant,c.11514-31G>T
11-118521272-T-G,intron_variant,c.11514-16T>G
11-118521294-C-A,synonymous_variant,p.Pro3840Pro
11-118521360-C-T,synonymous_variant,p.Ala3862Ala
11-118521366-C-T,synonymous_variant,p.Asn3864Asn
11-118521367-G-A,missense_variant,p.Val3865Ile
11-118521369-C-A,synonymous_variant,p.Val3865Val
11-118521375-C-T,synonymous_variant,p.Arg3867Arg
11-118521383-A-T,missense_variant,p.Gln3870Leu
11-118521409-G-A,missense_variant,p.Asp3879Asn
11-118521411-C-T,synonymous_variant,p.Asp3879Asp
11-118521438-C-T,intron_variant,c.11643+21C>T
11-118521443-A-G,intron_variant,c.11643+26A>G
11-118521471-C-T,intron_variant,c.11643+54C>T
11-118521483-C-T,intron_variant,c.11643+66C>T
11-118521484-T-C,intron_variant,c.11643+67T>C
11-118521493-A-G,intron_variant,c.11643+76A>G
11-118521828-T-C,intron_variant,c.11644-69T>C
11-118521830-G-A,intron_variant,c.11644-67G>A
11-118521832-G-A,intron_variant,c.11644-65G>A
11-118521842-T-G,intron_variant,c.11644-55T>G
11-118521851-G-A,intron_variant,c.11644-46G>A
11-118521858-A-C,intron_variant,c.11644-39A>C
11-118521858-A-G,intron_variant,c.11644-39A>G
11-118521919-G-A,missense_variant,p.Arg3889Gln
11-118521952-T-C,missense_variant,p.Met3900Thr
11-118521965-T-C,synonymous_variant,p.Ala3904Ala
11-118521986-G-A,synonymous_variant,p.Ser3911Ser
11-118522018-A-T,missense_variant,p.Asn3922Ile
11-118522022-T-C,synonymous_variant,p.Ile3923Ile
11-118522025-T-C,synonymous_variant,p.Asp3924Asp
11-118522043-C-T,synonymous_variant,p.Val3930Val
11-118522058-T-C,synonymous_variant,p.Arg3935Arg
11-118522073-A-G,synonymous_variant,p.Gly3940Gly
11-118522086-T-TA,stop_gained,p.Tyr3945Ter
11-118522088-C-T,synonymous_variant,p.Tyr3945Tyr
11-118522125-C-T,synonymous_variant,p.Leu3958Leu
11-118522127-G-A,synonymous_variant,p.Leu3958Leu
11-118522142-C-T,synonymous_variant,p.Gly3963Gly
11-118522143-G-A,missense_variant,p.Ala3964Thr
11-118522156-G-A,missense_variant,p.Arg3968Gln
11-118522157-G-C,synonymous_variant,p.Arg3968Arg
11-118522158-A-G,missense_variant,p.Lys3969Glu
11-118522176-T-G,3_prime_UTR_variant,c.*4T>G
11-118522179-T-A,3_prime_UTR_variant,c.*7T>A
11-118522184-TC-T,3_prime_UTR_variant,c.*17del
11-118522189-CA-C,3_prime_UTR_variant,c.*18del
11-118522191-G-C,3_prime_UTR_variant,c.*19G>C
11-118522200-TGC-T,3_prime_UTR_variant,c.*29_*30del
11-118522203-A-ATC,3_prime_UTR_variant,c.*31_*32insTC
11-118522207-AG-A,3_prime_UTR_variant,c.*37del
11-118522209-G-C,3_prime_UTR_variant,c.*37G>C
11-118522211-G-GA,3_prime_UTR_variant,c.*39_*40insA
11-118522216-C-T,3_prime_UTR_variant,c.*44C>T
11-118522216-CA-C,3_prime_UTR_variant,c.*45del
11-118522221-A-G,3_prime_UTR_variant,c.*49A>G
11-118522222-A-C,3_prime_UTR_variant,c.*50A>C
11-118522228-C-T,3_prime_UTR_variant,c.*56C>T
11-118522229-G-T,3_prime_UTR_variant,c.*57G>T
11-118522238-C-A,3_prime_UTR_variant,c.*66C>A
