variant_id,consequence,hgvs
1-15847996-C-T,5_prime_UTR_variant,c.-72C>T
1-15848018-A-T,5_prime_UTR_variant,c.-50A>T
1-15848031-G-A,5_prime_UTR_variant,c.-37G>A
1-15848032-G-A,5_prime_UTR_variant,c.-36G>A
1-15848034-G-A,5_prime_UTR_variant,c.-34G>A
1-15848035-C-G,5_prime_UTR_variant,c.-33C>G
1-15848037-A-C,5_prime_UTR_variant,c.-31A>C
1-15848039-C-T,5_prime_UTR_variant,c.-29C>T
1-15848041-G-C,5_prime_UTR_variant,c.-27G>C
1-15848043-G-A,5_prime_UTR_variant,c.-25G>A
1-15848043-G-T,5_prime_UTR_variant,c.-25G>T
1-15848048-T-G,5_prime_UTR_variant,c.-20T>G
1-15848053-G-A,5_prime_UTR_variant,c.-15G>A
1-15848053-G-C,5_prime_UTR_variant,c.-15G>C
1-15848058-G-A,5_prime_UTR_variant,c.-10G>A
1-15848061-GC-G,5_prime_UTR_variant,c.-4del
1-15848061-G-T,5_prime_UTR_variant,c.-7G>T
1-15848065-A-G,5_prime_UTR_variant,c.-3A>G
1-15848067-C-T,5_prime_UTR_variant,c.-1C>T
1-15848085-G-A,synonymous_variant,p.Arg6Arg
1-15848088-T-C,synonymous_variant,p.His7His
1-15848109-C-A,synonymous_variant,p.Pro14Pro
1-15848109-C-G,synonymous_variant,p.Pro14Pro
1-15848115-C-T,synonymous_variant,p.Asn16Asn
1-15848123-A-G,missense_variant,p.Glu19Gly
1-15848142-T-C,synonymous_variant,p.His25His
1-15848159-C-T,intron_variant,c.83+9C>T
1-15848162-G-C,intron_variant,c.83+12G>C
1-15848163-A-G,intron_variant,c.83+13A>G
1-15848166-C-G,intron_variant,c.83+16C>G
1-15848168-C-T,intron_variant,c.83+18C>T
1-15848169-G-C,intron_variant,c.83+19G>C
1-15848170-C-A,intron_variant,c.83+20C>A
1-15848170-C-G,intron_variant,c.83+20C>G
1-15848176-C-T,intron_variant,c.83+26C>T
1-15848180-C-A,intron_variant,c.83+30C>A
1-15848181-G-T,intron_variant,c.83+31G>T
1-15848182-C-G,intron_variant,c.83+32C>G
1-15848187-C-T,intron_variant,c.83+37C>T
1-15848188-G-T,intron_variant,c.83+38G>T
1-15848191-C-T,intron_variant,c.83+41C>T
1-15848192-G-A,intron_variant,c.83+42G>A
1-15848196-C-G,intron_variant,c.83+46C>G
1-15848200-C-T,intron_variant,c.83+50C>T
1-15848221-C-T,intron_variant,c.83+71C>T
1-15872744-CA-C,intron_variant,c.84-64delA
1-15872756-A-T,intron_variant,c.84-60A>T
1-15872780-G-C,intron_variant,c.84-36G>C
1-15872784-T-C,intron_variant,c.84-32T>C
1-15872784-T-G,intron_variant,c.84-32T>G
1-15872788-G-C,intron_variant,c.84-28G>C
1-15872795-C-T,intron_variant,c.84-21C>T
1-15872796-G-A,intron_variant,c.84-20G>A
1-15872806-T-A,intron_variant,c.84-10T>A
1-15872808-T-G,splice_region_variant,c.84-8T>G
1-15872812-C-A,splice_region_variant,c.84-4C>A
1-15872812-C-T,splice_region_variant,c.84-4C>T
1-15872817-T-C,missense_variant,p.Tyr29His
1-15872821-G-A,missense_variant,p.Gly30Asp
1-15872822-C-T,synonymous_variant,p.Gly30Gly
1-15872823-C-T,missense_variant,p.Arg31Cys
1-15872825-C-T,synonymous_variant,p.Arg31Arg
1-15872826-G-A,missense_variant,p.Val32Met
1-15872828-G-A,synonymous_variant,p.Val32Val
1-15872835-G-A,missense_variant,p.Val35Ile
1-15872846-T-C,synonymous_variant,p.Leu38Leu
1-15872849-C-T,synonymous_variant,p.Pro39Pro
1-15872858-A-T,synonymous_variant,p.Gly42Gly
1-15872876-T-A,synonymous_variant,p.Ala48Ala
1-15872876-T-C,synonymous_variant,p.Ala48Ala
1-15872879-C-G,synonymous_variant,p.Ala49Ala
1-15872909-A-G,synonymous_variant,p.Ala59Ala
1-15872915-A-G,synonymous_variant,p.Lys61Lys
1-15872918-T-A,synonymous_variant,p.Ala62Ala
1-15872918-T-C,synonymous_variant,p.Ala62Ala
1-15872918-T-G,synonymous_variant,p.Ala62Ala
1-15872927-G-A,synonymous_variant,p.Ser65Ser
1-15872927-G-T,synonymous_variant,p.Ser65Ser
1-15872934-A-G,missense_variant,p.Lys68Glu
1-15872939-G-A,start_lost,p.Met1?
1-15872942-T-A,synonymous_variant,p.Gly70Gly
1-15872942-T-C,synonymous_variant,p.Gly70Gly
1-15872945-C-T,synonymous_variant,p.Asp71Asp
1-15872957-C-G,synonymous_variant,p.Arg75Arg
1-15872957-C-T,synonymous_variant,p.Arg75Arg
1-15872972-A-G,synonymous_variant,p.Glu80Glu
1-15872978-C-A,synonymous_variant,p.Gly82Gly
1-15872984-C-T,synonymous_variant,p.Ile84Ile
1-15872987-G-A,synonymous_variant,p.Pro85Pro
1-15872987-G-C,synonymous_variant,p.Pro85Pro
1-15872989-G-C,missense_variant,p.Ser86Thr
1-15872990-T-C,synonymous_variant,p.Ser86Ser
1-15872996-T-C,synonymous_variant,p.Ala88Ala
1-15872998-G-A,missense_variant,p.Arg89Gln
1-15873025-C-T,missense_variant,p.Ala98Val
1-15873031-G-A,missense_variant,p.Arg100His
1-15873033-A-G,missense_variant,p.Ser101Gly
1-15873050-G-T,synonymous_variant,p.Gly106Gly
1-15873054-A-C,synonymous_variant,p.Arg108Arg
1-15873065-T-C,synonymous_variant,p.Gly111Gly
1-15873065-T-G,synonymous_variant,p.Gly111Gly
1-15873067-G-C,missense_variant,p.Gly112Ala
1-15873068-A-G,synonymous_variant,p.Gly112Gly
1-15873071-G-A,synonymous_variant,p.Gly113Gly
1-15873072-C-T,missense_variant,p.Pro114Ser
1-15873073-C-T,missense_variant,p.Pro114Leu
1-15873074-T-C,synonymous_variant,p.Pro114Pro
1-15873075-G-A,missense_variant,p.Ala115Thr
1-15873080-T-TAAGCA,frameshift_variant,p.Gly117LysfsTer251
1-15873080-T-C,synonymous_variant,p.Tyr116Tyr
1-15873082-G-GCCC,inframe_insertion,p.Pro120dup
1-15873083-T-C,synonymous_variant,p.Gly117Gly
1-15873084-C-A,missense_variant,p.Pro118Thr
1-15873086-C-A,synonymous_variant,p.Pro118Pro
1-15873087-C-T,missense_variant,p.Pro119Ser
1-15873089-A-G,synonymous_variant,p.Pro119Pro
1-15873092-G-A,synonymous_variant,p.Pro120Pro
1-15873095-A-G,synonymous_variant,p.Ser121Ser
1-15873103-C-T,missense_variant,p.Ala124Val
1-15873105-C-T,stop_gained,p.Arg125Ter
1-15873106-G-A,missense_variant,p.Arg125Gln
1-15873107-A-G,synonymous_variant,p.Arg125Arg
1-15873118-A-G,missense_variant,p.Tyr129Cys
1-15873122-G-C,missense_variant,p.Glu130Asp
1-15873124-G-A,missense_variant,p.Arg131Gln
1-15873125-G-A,synonymous_variant,p.Arg131Arg
1-15873147-AG-A,intron_variant,c.404+13delG
1-15873155-G-C,intron_variant,c.404+19G>C
1-15873171-T-C,intron_variant,c.404+35T>C
1-15873178-T-C,intron_variant,c.404+42T>C
1-15873180-T-C,intron_variant,c.404+44T>C
1-15873192-G-C,intron_variant,c.404+56G>C
1-15873199-A-G,intron_variant,c.404+63A>G
1-15873202-T-TA,intron_variant,c.404+66_404+67insA
1-15873203-T-A,intron_variant,c.404+67T>A
1-15873204-T-A,intron_variant,c.404+68T>A
1-15873209-G-C,intron_variant,c.404+73G>C
1-15873211-C-T,intron_variant,c.404+75C>T
1-15873212-C-T,intron_variant,c.404+76C>T
1-15874042-C-T,5_prime_UTR_variant,c.-73C>T
1-15874043-A-G,5_prime_UTR_variant,c.-72A>G
1-15874045-T-A,5_prime_UTR_variant,c.-70T>A
1-15874047-G-A,5_prime_UTR_variant,c.-68G>A
1-15874051-G-A,5_prime_UTR_variant,c.-64G>A
1-15874057-T-A,5_prime_UTR_variant,c.-58T>A
1-15874061-G-T,5_prime_UTR_variant,c.-54G>T
1-15874062-G-A,5_prime_UTR_variant,c.-53G>A
1-15874064-T-A,5_prime_UTR_variant,c.-51T>A
1-15874067-T-A,5_prime_UTR_variant,c.-48T>A
1-15874078-C-CCAG,5_prime_UTR_variant,c.-35_-33dup
1-15874084-A-G,5_prime_UTR_variant,c.-31A>G
1-15874087-T-C,5_prime_UTR_variant,c.-28T>C
1-15874097-T-A,5_prime_UTR_variant,c.-18T>A
1-15874109-A-G,5_prime_UTR_variant,c.-6A>G
1-15874116-T-C,start_lost,p.Met1?
1-15874135-A-G,synonymous_variant,p.Leu7Leu
1-15874137-TTGTC-T,frameshift_variant,p.Val9AlafsTer30
1-15874143-G-A,missense_variant,p.Cys10Tyr
1-15874144-C-A,stop_gained,p.Cys10Ter
1-15874150-CA-C,frameshift_variant,p.Lys13ArgfsTer27
1-15874160-G-A,missense_variant,p.Val16Ile
1-15874170-T-A,missense_variant,p.Phe19Tyr
1-15874172-G-C,missense_variant,p.Glu20Gln
1-15874181-A-G,missense_variant,p.Ser23Gly
1-15874184-TTGTC-T,frameshift_variant,p.Ser25GlyfsTer14
1-15874185-T-TCA,frameshift_variant,p.Leu24PhefsTer17
1-15874194-C-T,missense_variant,p.Thr27Ile
1-15874196-A-G,missense_variant,p.Thr28Ala
1-15874198-T-A,synonymous_variant,p.Thr28Thr
1-15874200-G-A,missense_variant,p.Cys29Tyr
1-15874206-A-G,missense_variant,p.Gln31Arg
1-15874211-A-ATT,frameshift_variant,p.Asn33IlefsTer8
1-15874212-A-ATTT,inframe_insertion,p.Asn33_Tyr34insPhe
1-15874212-A-ATTTT,frameshift_variant,p.Tyr34PhefsTer17
1-15874212-A-T,missense_variant,p.Asn33Ile
1-15874215-A-T,missense_variant,p.Tyr34Phe
1-15874220-G-A,missense_variant,p.Val36Ile
1-15874224-G-T,missense_variant,p.Trp37Leu
1-15874229-C-A,missense_variant,p.Leu39Ile
1-15874229-C-T,synonymous_variant,p.Leu39Leu
1-15874234-A-AT,frameshift_variant,p.Ser44PhefsTer6
1-15874234-A-ATT,frameshift_variant,p.Ser44PhefsTer10
1-15874234-AT-A,frameshift_variant,p.Ser44LeufsTer9
1-15874234-ATT-A,frameshift_variant,p.Ser44LeufsTer5
1-15874234-ATTT-A,inframe_deletion,p.Phe43del
1-15874240-T-C,synonymous_variant,p.Phe42Phe
1-15874244-T-C,missense_variant,p.Ser44Pro
1-15874248-G-GT,frameshift_variant,p.Gly46TrpfsTer4
1-15874249-T-C,synonymous_variant,p.Cys45Cys
1-15874256-T-TC,frameshift_variant,p.Lys49Ter
1-15874258-T-A,synonymous_variant,p.Ser48Ser
1-15874258-T-TA,frameshift_variant,p.Tyr50IlefsTer9
1-15874280-C-G,missense_variant,p.Pro56Ala
1-15874280-C-T,missense_variant,p.Pro56Ser
1-15874291-G-C,missense_variant,p.Lys59Asn
1-15874296-A-AT,frameshift_variant,p.Tyr62LeufsTer4
1-15874299-AC-A,frameshift_variant,p.His64IlefsTer261
1-15874303-C-T,synonymous_variant,p.Pro63Pro
1-15874304-C-T,missense_variant,p.His64Tyr
1-15874305-A-G,missense_variant,p.His64Arg
1-15874306-T-A,missense_variant,p.His64Gln
1-15874313-G-T,missense_variant,p.Gly67Cys
1-15874318-A-G,synonymous_variant,p.Gln68Gln
1-15874339-C-T,synonymous_variant,p.His75His
1-15874354-A-G,synonymous_variant,p.Arg80Arg
1-15874360-T-C,synonymous_variant,p.Asn82Asn
1-15874366-T-A,missense_variant,p.Asp84Glu
1-15874370-A-G,missense_variant,p.Arg86Gly
1-15874375-G-A,synonymous_variant,p.Ser87Ser
1-15874375-G-C,synonymous_variant,p.Ser87Ser
1-15874378-T-G,missense_variant,p.Cys88Trp
1-15874390-G-A,stop_gained,p.Trp92Ter
1-15874404-G-A,intron_variant,c.404+1268G>A
1-15874410-A-C,intron_variant,c.404+1274A>C
1-15874418-A-G,intron_variant,c.404+1282A>G
1-15874420-A-G,intron_variant,c.404+1284A>G
1-15874424-G-A,intron_variant,c.404+1288G>A
1-15874433-C-T,intron_variant,c.404+1297C>T
1-15874438-C-T,intron_variant,c.404+1302C>T
1-15874452-CT-C,intron_variant,c.404+1323delT
1-15874462-C-G,intron_variant,c.404+1326C>G
1-15876153-T-A,intron_variant,c.405-49T>A
1-15876155-T-G,intron_variant,c.405-47T>G
1-15876159-T-C,intron_variant,c.405-43T>C
1-15876159-T-G,intron_variant,c.405-43T>G
1-15876160-TGC-T,intron_variant,c.405-41_405-40del
1-15876161-G-T,intron_variant,c.405-41G>T
1-15876162-C-CTCCTT,intron_variant,c.405-37_405-33dup
1-15876163-T-C,intron_variant,c.405-39T>C
1-15876164-C-T,intron_variant,c.405-38C>T
1-15876165-C-CCG,intron_variant,c.405-37_405-36insCG
1-15876165-C-CTG,intron_variant,c.405-36_405-35insGT
1-15876168-T-G,intron_variant,c.405-34T>G
1-15876169-C-CTGAT,intron_variant,c.405-31_405-28dup
1-15876170-T-TGATG,intron_variant,c.405-29_405-28insGGAT
1-15876171-G-A,intron_variant,c.405-31G>A
1-15876177-A-T,intron_variant,c.405-25A>T
1-15876179-A-G,intron_variant,c.405-23A>G
1-15876180-T-G,intron_variant,c.405-22T>G
1-15876184-T-TC,intron_variant,c.405-13dup
1-15876184-T-TCC,intron_variant,c.405-14_405-13dup
1-15876185-C-A,intron_variant,c.405-17C>A
1-15876185-C-T,intron_variant,c.405-17C>T
1-15876187-C-CT,intron_variant,c.405-15_405-14insT
1-15876189-C-T,intron_variant,c.405-13C>T
1-15876192-C-T,intron_variant,c.405-10C>T
1-15876215-A-G,missense_variant,p.Arg140Gly
1-15876220-G-A,synonymous_variant,p.Glu141Glu
1-15876222-G-A,missense_variant,p.Arg142His
1-15876257-C-T,missense_variant,p.Arg154Trp
1-15876261-G-T,missense_variant,p.Gly155Val
1-15876264-C-T,missense_variant,p.Thr156Met
1-15876273-T-G,missense_variant,p.Phe159Cys
1-15876278-C-T,missense_variant,p.Arg161Trp
1-15876280-G-T,synonymous_variant,p.Arg161Arg
1-15876281-AC-A,frameshift_variant,p.Thr162LysfsTer204
1-15876284-A-T,stop_gained,p.Arg163Ter
1-15876286-A-G,synonymous_variant,p.Arg163Arg
1-15876286-A-T,missense_variant,p.Arg163Ser
1-15876288-A-T,missense_variant,p.His164Leu
1-15876289-T-TG,frameshift_variant,p.Tyr165ValfsTer7
1-15876291-A-C,missense_variant,p.Tyr165Ser
1-15876293-G-A,missense_variant,p.Asp166Asn
1-15876295-T-A,missense_variant,p.Asp166Glu
1-15876301-T-C,synonymous_variant,p.Asp168Asp
1-15876306-A-G,missense_variant,p.Tyr170Cys
1-15876322-G-A,synonymous_variant,p.Glu175Glu
1-15876323-C-T,missense_variant,p.Arg176Trp
1-15876324-G-A,missense_variant,p.Arg176Gln
1-15876324-G-C,missense_variant,p.Arg176Pro
1-15876327-C-G,missense_variant,p.Thr177Ser
1-15876330-T-C,missense_variant,p.Leu178Ser
1-15876337-T-C,synonymous_variant,p.His180His
1-15876343-C-G,synonymous_variant,p.Leu182Leu
1-15876345-A-G,missense_variant,p.Tyr183Cys
1-15876348-A-G,missense_variant,p.Tyr184Cys
1-15876349-C-T,synonymous_variant,p.Tyr184Tyr
1-15876350-G-A,missense_variant,p.Ala185Thr
1-15876351-C-A,missense_variant,p.Ala185Asp
1-15876363-G-A,missense_variant,p.Arg189Gln
1-15876366-G-C,missense_variant,p.Ser190Thr
1-15876369-C-T,missense_variant,p.Pro191Leu
1-15876373-T-C,synonymous_variant,p.Asn192Asn
1-15876374-C-T,missense_variant,p.Arg193Cys
1-15876375-G-A,missense_variant,p.Arg193His
1-15876376-C-T,synonymous_variant,p.Arg193Arg
1-15876378-T-C,missense_variant,p.Phe194Ser
1-15876388-T-C,synonymous_variant,p.His197His
1-15876394-C-T,synonymous_variant,p.Pro199Pro
1-15876395-C-G,missense_variant,p.Arg200Gly
1-15876397-A-T,synonymous_variant,p.Arg200Arg
1-15876399-A-G,missense_variant,p.Tyr201Cys
1-15876400-T-C,synonymous_variant,p.Tyr201Tyr
1-15876400-T-TC,frameshift_variant,p.Glu202ArgfsTer3
1-15876404-C-G,missense_variant,p.Pro203Ala
1-15876411-C-G,missense_variant,p.Ala205Gly
1-15876412-T-C,synonymous_variant,p.Ala205Ala
1-15876414-G-A,missense_variant,p.Arg206His
1-15876415-C-G,synonymous_variant,p.Arg206Arg
1-15876415-C-T,synonymous_variant,p.Arg206Arg
1-15876418-G-A,synonymous_variant,p.Glu207Glu
1-15876427-A-C,synonymous_variant,p.Thr210Thr
1-15876428-C-T,synonymous_variant,p.Leu211Leu
1-15876432-C-CCTGTGTACCACACTGGGCAGTGTAAACTGCT,stop_gained,p.Ser213CysfsTer8
1-15876433-CAG-C,frameshift_variant,p.Ser213CysfsTer10
1-15876438-TG-T,frameshift_variant,p.Val215TyrfsTer151
1-15876442-A-AC,frameshift_variant,p.His216ProfsTer8
1-15876446-A-ACT,frameshift_variant,p.Arg217ThrfsTer150
1-15876449-G-GC,frameshift_variant,p.Asp218AlafsTer6
1-15876449-G-GCAGTGTA,stop_gained,p.Asp218AlafsTer3
1-15876449-GATATCTA-G,frameshift_variant,p.Asp218AlafsTer146
1-15876453-T-C,missense_variant,p.Ile219Thr
1-15876460-G-T,missense_variant,p.Arg221Ser
1-15876466-T-C,synonymous_variant,p.Asp223Asp
1-15876468-T-C,missense_variant,p.Ile224Thr
1-15876472-C-A,synonymous_variant,p.Thr225Thr
1-15876473-C-T,missense_variant,p.Arg226Trp
1-15876474-G-A,missense_variant,p.Arg226Gln
1-15876474-G-C,missense_variant,p.Arg226Pro
1-15876483-G-A,missense_variant,p.Arg229Gln
1-15876483-GAGGCAGAAGGCC-G,inframe_deletion,p.Gly230_Pro233del
1-15876484-A-C,synonymous_variant,p.Arg229Arg
1-15876490-A-G,synonymous_variant,p.Arg231Arg
1-15876492-G-T,missense_variant,p.Arg232Met
1-15876494-C-G,missense_variant,p.Pro233Ala
1-15876496-A-C,synonymous_variant,p.Pro233Pro
1-15876499-G-A,synonymous_variant,p.Glu234Glu
1-15876500-C-T,missense_variant,p.Arg235Trp
1-15876501-G-A,missense_variant,p.Arg235Gln
1-15876501-G-T,missense_variant,p.Arg235Leu
1-15876502-G-T,synonymous_variant,p.Arg235Arg
1-15876508-C-A,stop_gained,p.Tyr237Ter
1-15876513-A-G,missense_variant,p.His239Arg
1-15876523-T-C,synonymous_variant,p.Ser242Ser
1-15876526-G-C,synonymous_variant,p.Arg243Arg
1-15876529-A-G,synonymous_variant,p.Ser244Ser
1-15876532-A-G,synonymous_variant,p.Pro245Pro
1-15876534-A-G,missense_variant,p.His246Arg
1-15876535-T-C,synonymous_variant,p.His246His
1-15876538-A-G,synonymous_variant,p.Ser247Ser
1-15876547-T-C,synonymous_variant,p.Ser250Ser
1-15876548-A-C,synonymous_variant,p.Arg251Arg
1-15876550-A-G,synonymous_variant,p.Arg251Arg
1-15876552-A-C,missense_variant,p.Asn252Thr
1-15876553-T-C,synonymous_variant,p.Asn252Asn
1-15876559-T-C,synonymous_variant,p.Ser254Ser
1-15876568-A-G,synonymous_variant,p.Arg257Arg
1-15876577-C-T,synonymous_variant,p.Ser260Ser
1-15876581-G-A,missense_variant,p.Ala262Thr
1-15876583-A-G,synonymous_variant,p.Ala262Ala
1-15876591-C-A,missense_variant,p.Pro265His
1-15876594-C-T,missense_variant,p.Thr266Ile
1-15876596-A-G,missense_variant,p.Arg267Gly
1-15876601-C-T,synonymous_variant,p.Ser268Ser
1-15876607-C-T,synonymous_variant,p.Ser270Ser
1-15876613-C-G,missense_variant,p.Ser272Arg
1-15876622-A-G,synonymous_variant,p.Arg275Arg
1-15876640-T-C,synonymous_variant,p.Ser281Ser
1-15876640-T-G,missense_variant,p.Ser281Arg
1-15876647-A-G,missense_variant,p.Ile284Val
1-15876648-TCAG-T,inframe_deletion,p.Ser289del
1-15876651-G-A,missense_variant,p.Ser285Asn
1-15876656-A-G,missense_variant,p.Ser287Gly
1-15876659-A-G,missense_variant,p.Ser288Gly
1-15876664-T-G,missense_variant,p.Ser289Arg
1-15876665-A-G,missense_variant,p.Thr290Ala
1-15876676-C-G,missense_variant,p.Asp293Glu
1-15876682-G-A,splice_region_variant,c.881+4G>A
1-15876691-C-T,intron_variant,c.881+13C>T
1-15876692-CT-C,intron_variant,c.881+18del
1-15876695-T-TTGTTTAAAGCTAGCTCATC,intron_variant,c.881+21_881+22insTAAAGCTAGCTCATCTGTT
1-15876700-A-G,intron_variant,c.881+22A>G
1-15876701-T-C,intron_variant,c.881+23T>C
1-15876702-A-G,intron_variant,c.881+24A>G
1-15876706-G-A,intron_variant,c.881+28G>A
1-15876708-T-A,intron_variant,c.881+30T>A
1-15876713-T-G,intron_variant,c.881+35T>G
1-15876724-A-C,intron_variant,c.881+46A>C
1-15876725-A-G,intron_variant,c.881+47A>G
1-15909270-C-T,intron_variant,c.882-51C>T
1-15909271-A-G,intron_variant,c.882-50A>G
1-15909276-C-T,intron_variant,c.882-45C>T
1-15909278-G-C,intron_variant,c.882-43G>C
1-15909278-G-T,intron_variant,c.882-43G>T
1-15909279-T-C,intron_variant,c.882-42T>C
1-15909290-A-T,intron_variant,c.882-31A>T
1-15909302-T-C,intron_variant,c.882-19T>C
1-15909302-T-G,intron_variant,c.882-19T>G
1-15909303-GT-G,intron_variant,c.882-16delT
1-15909305-T-C,intron_variant,c.882-16T>C
1-15909306-G-T,intron_variant,c.882-15G>T
1-15909319-A-G,splice_acceptor_variant,c.882-2A>G
1-15909329-C-G,missense_variant,p.Ser297Cys
1-15909330-C-T,synonymous_variant,p.Ser297Ser
1-15909347-A-G,missense_variant,p.Asp303Gly
1-15909347-A-T,missense_variant,p.Asp303Val
1-15909354-T-C,synonymous_variant,p.Ser305Ser
1-15909375-T-C,synonymous_variant,p.Ser312Ser
1-15909385-C-T,missense_variant,p.Pro316Ser
1-15909399-C-T,synonymous_variant,p.Ser320Ser
1-15909401-A-G,missense_variant,p.Gln321Arg
1-15909428-A-G,missense_variant,p.Glu330Gly
1-15909433-C-T,missense_variant,p.Arg332Cys
1-15909441-T-C,synonymous_variant,p.Ser334Ser
1-15909458-A-G,missense_variant,p.Gln340Arg
1-15909477-T-A,synonymous_variant,p.Ser346Ser
1-15909500-G-A,intron_variant,c.1042+19G>A
1-15909501-T-A,intron_variant,c.1042+20T>A
1-15909502-C-T,intron_variant,c.1042+21C>T
1-15909503-C-T,intron_variant,c.1042+22C>T
1-15909504-T-A,intron_variant,c.1042+23T>A
1-15909508-C-T,intron_variant,c.1042+27C>T
1-15909509-T-A,intron_variant,c.1042+28T>A
1-15909511-T-A,intron_variant,c.1042+30T>A
1-15909512-G-T,intron_variant,c.1042+31G>T
1-15909513-T-TAGTA,intron_variant,c.1042+32_1042+33insAGTA
1-15909515-CTACT-C,intron_variant,c.1042+35_1042+38del
1-15909520-A-G,intron_variant,c.1042+39A>G
1-15909522-T-A,intron_variant,c.1042+41T>A
1-15909527-A-AAAGGAC,intron_variant,c.1042+47_1042+48insAGGACA
1-15909528-ATG-A,intron_variant,c.1042+48_1042+49del
1-15909529-T-A,intron_variant,c.1042+48T>A
1-15909532-G-A,intron_variant,c.1042+51G>A
1-15911053-A-G,intron_variant,c.1043-48A>G
1-15911054-T-C,intron_variant,c.1043-47T>C
1-15911055-A-T,intron_variant,c.1043-46A>T
1-15911068-G-T,intron_variant,c.1043-33G>T
1-15911074-A-G,intron_variant,c.1043-27A>G
1-15911075-T-C,intron_variant,c.1043-26T>C
1-15911081-G-GT,intron_variant,c.1043-20_1043-19insT
1-15911082-G-GT,intron_variant,c.1043-11dup
1-15911082-G-T,intron_variant,c.1043-19G>T
1-15911087-T-G,intron_variant,c.1043-14T>G
1-15911090-T-G,intron_variant,c.1043-11T>G
1-15911092-G-T,intron_variant,c.1043-9G>T
1-15911094-A-C,splice_region_variant,c.1043-7A>C
1-15911120-C-G,synonymous_variant,p.Gly354Gly
1-15911141-A-G,synonymous_variant,p.Lys361Lys
1-15911150-A-G,synonymous_variant,p.Lys364Lys
1-15911153-A-G,synonymous_variant,p.Val365Val
1-15911175-A-G,missense_variant,p.Thr373Ala
1-15911183-A-G,synonymous_variant,p.Glu375Glu
1-15911189-G-A,synonymous_variant,p.Arg377Arg
1-15911191-A-G,missense_variant,p.Tyr378Cys
1-15911192-T-G,stop_gained,p.Tyr378Ter
1-15911196-C-T,synonymous_variant,p.Leu380Leu
1-15911207-T-G,missense_variant,p.Phe383Leu
1-15911219-G-A,synonymous_variant,p.Glu387Glu
1-15911234-C-A,synonymous_variant,p.Ala392Ala
1-15911234-C-G,synonymous_variant,p.Ala392Ala
1-15911264-T-C,synonymous_variant,p.Phe402Phe
1-15911279-A-C,missense_variant,p.Glu407Asp
1-15911292-A-G,missense_variant,p.Ile412Val
1-15911297-T-G,synonymous_variant,p.Gly413Gly
1-15911299-C-T,missense_variant,p.Pro414Leu
1-15911300-A-G,splice_region_variant,c.1242A>G
1-15911304-A-G,splice_region_variant,c.1243+3A>G
1-15911312-A-G,intron_variant,c.1243+11A>G
1-15911328-G-T,intron_variant,c.1243+27G>T
1-15911341-C-A,intron_variant,c.1243+40C>A
1-15911341-C-T,intron_variant,c.1243+40C>T
1-15911344-A-G,intron_variant,c.1243+43A>G
1-15911345-C-CTGCAACACAAACAG,intron_variant,c.1243+46_1243+47insCAACACAAACAGTG
1-15911345-C-G,intron_variant,c.1243+44C>G
1-15911345-CTGTT-C,intron_variant,c.1243+48_1243+51delTTGT
1-15911346-T-TGCAACACAAACA,intron_variant,c.1243+46_1243+47insCAACACAAACAG
1-15911349-T-G,intron_variant,c.1243+48T>G
1-15911374-G-A,intron_variant,c.1243+73G>A
1-15916069-T-C,intron_variant,c.1244-59T>C
1-15916074-A-G,intron_variant,c.1244-54A>G
1-15916079-C-CAT,intron_variant,c.1244-48_1244-47dup
1-15916080-A-G,intron_variant,c.1244-48A>G
1-15916085-AAT-A,intron_variant,c.1244-41_1244-40del
1-15916089-C-G,intron_variant,c.1244-39C>G
1-15916091-G-C,intron_variant,c.1244-37G>C
1-15916092-T-C,intron_variant,c.1244-36T>C
1-15916092-TC-T,intron_variant,c.1244-35delC
1-15916096-C-T,intron_variant,c.1244-32C>T
1-15916096-CT-C,intron_variant,c.1244-31delT
1-15916098-C-T,intron_variant,c.1244-30C>T
1-15916106-T-C,intron_variant,c.1244-22T>C
1-15916108-G-T,intron_variant,c.1244-20G>T
1-15916110-C-T,intron_variant,c.1244-18C>T
1-15916114-C-T,intron_variant,c.1244-14C>T
1-15916117-T-C,intron_variant,c.1244-11T>C
1-15916125-C-A,splice_region_variant,c.1244-3C>A
1-15916153-C-T,synonymous_variant,p.Arg423Arg
1-15916156-C-T,synonymous_variant,p.Pro424Pro
1-15916185-C-G,missense_variant,p.Pro434Arg
1-15916186-C-T,synonymous_variant,p.Pro434Pro
1-15916188-A-G,missense_variant,p.Lys435Arg
1-15916201-T-C,synonymous_variant,p.Thr439Thr
1-15916204-C-T,synonymous_variant,p.Leu440Leu
1-15916209-T-C,missense_variant,p.Ile442Thr
1-15916213-C-T,synonymous_variant,p.Gly443Gly
1-15916222-A-G,synonymous_variant,p.Glu446Glu
1-15916228-C-G,synonymous_variant,p.Thr448Thr
1-15916228-C-T,synonymous_variant,p.Thr448Thr
1-15916240-T-C,synonymous_variant,p.His452His
1-15916243-C-T,synonymous_variant,p.Asp453Asp
1-15916247-C-T,missense_variant,p.Arg455Cys
1-15916253-A-G,missense_variant,p.Ile457Val
1-15916264-C-T,synonymous_variant,p.Arg460Arg
1-15916287-G-GT,intron_variant,c.1395+8_1395+9insT
1-15916288-C-G,intron_variant,c.1395+9C>G
1-15916292-T-TTTTTTA,intron_variant,c.1395+13_1395+14insTTTTTA
1-15916293-A-G,intron_variant,c.1395+14A>G
1-15916295-T-G,intron_variant,c.1395+16T>G
1-15916296-A-G,intron_variant,c.1395+17A>G
1-15916325-C-A,intron_variant,c.1395+46C>A
1-15916338-G-A,intron_variant,c.1395+59G>A
1-15918867-G-A,intron_variant,c.1396-59G>A
1-15918893-AT-A,intron_variant,c.1396-32del
1-15918905-T-C,intron_variant,c.1396-21T>C
1-15918908-A-C,intron_variant,c.1396-18A>C
1-15918916-G-T,intron_variant,c.1396-10G>T
1-15918918-T-G,splice_region_variant,c.1396-8T>G
1-15918919-T-G,splice_region_variant,c.1396-7T>G
1-15918958-T-A,synonymous_variant,p.Pro476Pro
1-15918961-G-A,synonymous_variant,p.Gln477Gln
1-15918966-C-T,missense_variant,p.Ala479Val
1-15918976-A-G,synonymous_variant,p.Gln482Gln
1-15918985-T-C,synonymous_variant,p.Asp485Asp
1-15918987-T-C,missense_variant,p.Ile486Thr
1-15918994-C-T,synonymous_variant,p.Ser488Ser
1-15918995-G-A,missense_variant,p.Val489Ile
1-15919007-A-G,missense_variant,p.Ile493Val
1-15919024-G-A,synonymous_variant,p.Gly498Gly
1-15919043-C-T,missense_variant,p.Arg505Cys
1-15919057-T-C,splice_region_variant,c.1521+6T>C
1-15919064-G-A,intron_variant,c.1521+13G>A
1-15919088-T-C,intron_variant,c.1521+37T>C
1-15919115-G-GT,intron_variant,c.1521+74dupT
1-15919115-GT-G,intron_variant,c.1521+74delT
1-15919120-T-C,intron_variant,c.1521+69T>C
1-15919355-A-G,intron_variant,c.1522-49A>G
1-15919356-A-G,intron_variant,c.1522-48A>G
1-15919363-T-C,intron_variant,c.1522-41T>C
1-15919364-T-TG,intron_variant,c.1522-39dup
1-15919367-GA-G,intron_variant,c.1522-35del
1-15919370-C-T,intron_variant,c.1522-34C>T
1-15919377-A-G,intron_variant,c.1522-27A>G
1-15919381-G-A,intron_variant,c.1522-23G>A
1-15919381-G-T,intron_variant,c.1522-23G>T
1-15919388-T-C,intron_variant,c.1522-16T>C
1-15919389-G-A,intron_variant,c.1522-15G>A
1-15919390-C-T,intron_variant,c.1522-14C>T
1-15919393-T-C,intron_variant,c.1522-11T>C
1-15919395-T-C,intron_variant,c.1522-9T>C
1-15919396-A-C,splice_region_variant,c.1522-8A>C
1-15919427-T-C,synonymous_variant,p.Pro515Pro
1-15919433-C-T,synonymous_variant,p.Asn517Asn
1-15919436-C-T,synonymous_variant,p.Cys518Cys
1-15919437-G-A,missense_variant,p.Val519Met
1-15919443-C-T,synonymous_variant,p.Leu521Leu
1-15919451-G-T,synonymous_variant,p.Gly523Gly
1-15919458-T-A,missense_variant,p.Ser526Thr
1-15919460-G-A,synonymous_variant,p.Ser526Ser
1-15919463-T-C,synonymous_variant,p.Asn527Asn
1-15919464-G-A,missense_variant,p.Val528Met
1-15919466-G-T,synonymous_variant,p.Val528Val
1-15919467-T-A,missense_variant,p.Ser529Thr
1-15919469-A-G,synonymous_variant,p.Ser529Ser
1-15919484-A-T,synonymous_variant,p.Thr534Thr
1-15919487-A-C,synonymous_variant,p.Arg535Arg
1-15919498-G-A,missense_variant,p.Arg539Gln
1-15919498-G-T,missense_variant,p.Arg539Leu
1-15919499-A-T,synonymous_variant,p.Arg539Arg
1-15919500-T-C,missense_variant,p.Tyr540His
1-15919502-T-C,synonymous_variant,p.Tyr540Tyr
1-15919505-G-A,synonymous_variant,p.Gly541Gly
1-15919506-C-T,missense_variant,p.Pro542Ser
1-15919509-G-T,missense_variant,p.Val543Leu
1-15919514-A-G,synonymous_variant,p.Val544Val
1-15919522-G-T,splice_region_variant,c.1635+5G>T
1-15919523-C-T,splice_region_variant,c.1635+6C>T
1-15919524-G-A,splice_region_variant,c.1635+7G>A
1-15919536-T-TA,intron_variant,c.1635+20dup
1-15919538-T-C,intron_variant,c.1635+21T>C
1-15919540-T-A,intron_variant,c.1635+23T>A
1-15919547-G-C,intron_variant,c.1635+30G>C
1-15919549-C-T,intron_variant,c.1635+32C>T
1-15919552-C-G,intron_variant,c.1635+35C>G
1-15919559-A-G,intron_variant,c.1635+42A>G
1-15919562-C-T,intron_variant,c.1635+45C>T
1-15919563-G-A,intron_variant,c.1635+46G>A
1-15920805-GT-G,intron_variant,c.1636-63delT
1-15920812-C-A,intron_variant,c.1636-58C>A
1-15920825-C-G,intron_variant,c.1636-45C>G
1-15920830-G-A,intron_variant,c.1636-40G>A
1-15920830-G-C,intron_variant,c.1636-40G>C
1-15920838-T-C,intron_variant,c.1636-32T>C
1-15920839-C-T,intron_variant,c.1636-31C>T
1-15920842-A-T,intron_variant,c.1636-28A>T
1-15920843-C-A,intron_variant,c.1636-27C>A
1-15920849-TTTTG-T,intron_variant,c.1636-9_1636-6del
1-15920850-T-C,intron_variant,c.1636-20T>C
1-15920853-G-C,intron_variant,c.1636-17G>C
1-15920862-T-C,splice_region_variant,c.1636-8T>C
1-15920862-T-G,splice_region_variant,c.1636-8T>G
1-15920881-C-T,synonymous_variant,p.Asp549Asp
1-15920881-C-G,missense_variant,p.Asp549Glu
1-15920882-C-A,missense_variant,p.Arg550Ser
1-15920883-G-A,missense_variant,p.Arg550His
1-15920891-G-A,missense_variant,p.Gly553Ser
1-15920898-C-T,missense_variant,p.Ala555Val
1-15920908-C-T,synonymous_variant,p.Leu558Leu
1-15920917-A-G,synonymous_variant,p.Glu561Glu
1-15920934-C-A,missense_variant,p.Ala567Glu
1-15920953-A-G,synonymous_variant,p.Lys573Lys
1-15920962-A-G,synonymous_variant,p.Lys576Lys
1-15920965-C-T,synonymous_variant,p.Ile577Ile
1-15920971-G-A,synonymous_variant,p.Gly579Gly
1-15920980-T-A,synonymous_variant,p.Ile582Ile
1-15920986-G-A,splice_region_variant,c.1749+3G>A
1-15920986-G-T,splice_region_variant,c.1749+3G>T
1-15920997-C-CCTCCAAAACAAAGCCAGAAACAAATTGTG,intron_variant,c.1749+14_1749+15insCTCCAAAACAAAGCCAGAAACAAATTGTG
1-15920998-T-C,intron_variant,c.1749+15T>C
1-15920999-TTAAA-T,intron_variant,c.1749+17_1749+20del
1-15921003-A-G,intron_variant,c.1749+20A>G
1-15921004-CAGAAG-C,intron_variant,c.1749+22_1749+26del
1-15921009-G-A,intron_variant,c.1749+26G>A
1-15921009-G-C,intron_variant,c.1749+26G>C
1-15921023-T-C,intron_variant,c.1749+40T>C
1-15921029-A-G,intron_variant,c.1749+46A>G
1-15921051-C-T,intron_variant,c.1749+68C>T
1-15922226-A-G,intron_variant,c.1750-23A>G
1-15922231-CTCT-C,intron_variant,c.1750-16_1750-14delCTT
1-15922233-C-CT,intron_variant,c.1750-5dup
1-15922233-C-CTT,intron_variant,c.1750-6_1750-5dup
1-15922233-C-T,intron_variant,c.1750-16C>T
1-15922233-CT-C,intron_variant,c.1750-5del
1-15922233-CTT-C,intron_variant,c.1750-6_1750-5del
1-15922235-T-G,intron_variant,c.1750-14T>G
1-15922244-T-A,splice_region_variant,c.1750-5T>A
1-15922245-A-T,splice_region_variant,c.1750-4A>T
1-15922264-C-T,missense_variant,p.Arg589Trp
1-15922272-T-C,synonymous_variant,p.Ser591Ser
1-15922302-A-G,synonymous_variant,p.Lys601Lys
1-15922317-C-T,synonymous_variant,p.Ile606Ile
1-15922341-C-T,synonymous_variant,p.Ala614Ala
1-15922342-G-A,missense_variant,p.Glu615Lys
1-15922352-A-G,splice_region_variant,c.1850+3A>G
1-15922363-A-C,intron_variant,c.1850+14A>C
1-15922368-C-A,intron_variant,c.1850+19C>A
1-15922371-G-T,intron_variant,c.1850+22G>T
1-15922372-T-C,intron_variant,c.1850+23T>C
1-15922378-T-A,intron_variant,c.1850+29T>A
1-15922379-T-C,intron_variant,c.1850+30T>C
1-15922381-A-G,intron_variant,c.1850+32A>G
1-15922382-G-C,intron_variant,c.1850+33G>C
1-15922394-T-A,intron_variant,c.1850+45T>A
1-15928027-G-A,intron_variant,c.1851-64G>A
1-15928041-A-G,intron_variant,c.1851-50A>G
1-15928047-G-A,intron_variant,c.1851-44G>A
1-15928050-G-C,intron_variant,c.1851-41G>C
1-15928072-C-A,intron_variant,c.1851-19C>A
1-15928072-C-G,intron_variant,c.1851-19C>G
1-15928073-T-A,intron_variant,c.1851-18T>A
1-15928076-G-A,intron_variant,c.1851-15G>A
1-15928077-T-C,intron_variant,c.1851-14T>C
1-15928079-A-AT,intron_variant,c.1851-6dup
1-15928083-T-G,splice_region_variant,c.1851-8T>G
1-15928112-C-T,synonymous_variant,p.Tyr624Tyr
1-15928117-A-G,missense_variant,p.Tyr626Cys
1-15928121-C-T,synonymous_variant,p.Asn627Asn
1-15928128-C-T,missense_variant,p.Arg630Cys
1-15928135-A-G,missense_variant,p.Tyr632Cys
1-15928138-A-G,missense_variant,p.Tyr633Cys
1-15928143-A-C,missense_variant,p.Ser635Arg
1-15928150-G-A,missense_variant,p.Arg637Gln
1-15928166-T-C,synonymous_variant,p.Tyr642Tyr
1-15928189-A-G,missense_variant,p.Tyr650Cys
1-15928198-G-C,missense_variant,p.Arg653Pro
1-15928207-A-G,missense_variant,p.Glu656Gly
1-15928209-T-A,missense_variant,p.Phe657Ile
1-15928225-A-G,missense_variant,p.Glu662Gly
1-15928234-A-G,missense_variant,p.Gln665Arg
1-15928242-T-G,missense_variant,p.Tyr668Asp
1-15928243-A-G,missense_variant,p.Tyr668Cys
1-15928246-A-G,missense_variant,p.Tyr669Cys
1-15928255-G-A,missense_variant,p.Arg672Gln
1-15928258-A-G,missense_variant,p.Tyr673Cys
1-15928262-C-T,synonymous_variant,p.Tyr674Tyr
1-15928263-G-A,missense_variant,p.Asp675Asn
1-15928272-C-T,missense_variant,p.Arg678Trp
1-15928277-A-G,synonymous_variant,p.Glu679Glu
1-15928283-G-A,synonymous_variant,p.Arg681Arg
1-15928289-C-T,synonymous_variant,p.Tyr683Tyr
1-15928291-G-C,missense_variant,p.Arg684Thr
1-15928303-A-G,missense_variant,p.Tyr688Cys
1-15928308-C-G,missense_variant,p.Gln690Glu
1-15928313-T-C,synonymous_variant,p.Asp691Asp
1-15928318-G-A,missense_variant,p.Arg693Lys
1-15928352-A-G,synonymous_variant,p.Arg704Arg
1-15928354-A-G,missense_variant,p.Glu705Gly
1-15928356-C-T,missense_variant,p.Arg706Cys
1-15928357-G-A,missense_variant,p.Arg706His
1-15928365-T-C,missense_variant,p.Phe709Leu
1-15928370-G-C,missense_variant,p.Glu710Asp
1-15928371-T-G,missense_variant,p.Ser711Ala
1-15928377-C-T,missense_variant,p.Arg713Trp
1-15928391-T-C,synonymous_variant,p.His717His
1-15928402-C-A,missense_variant,p.Pro721Gln
1-15928402-C-T,missense_variant,p.Pro721Leu
1-15928403-G-C,synonymous_variant,p.Pro721Pro
1-15928411-G-A,missense_variant,p.Arg724Gln
1-15928412-A-C,synonymous_variant,p.Arg724Arg
1-15928414-G-C,missense_variant,p.Ser725Thr
1-15928417-A-G,missense_variant,p.Gln726Arg
1-15928418-A-G,synonymous_variant,p.Gln726Gln
1-15928424-T-A,synonymous_variant,p.Pro728Pro
1-15928427-T-G,synonymous_variant,p.Val729Val
1-15928436-A-G,synonymous_variant,p.Arg732Arg
1-15928437-C-T,missense_variant,p.Arg733Cys
1-15928438-G-A,missense_variant,p.Arg733His
1-15928440-C-T,missense_variant,p.Pro734Ser
1-15928451-T-C,synonymous_variant,p.Pro737Pro
1-15928452-G-A,missense_variant,p.Gly738Arg
1-15928453-G-A,missense_variant,p.Gly738Glu
1-15928453-G-C,missense_variant,p.Gly738Ala
1-15928457-G-A,synonymous_variant,p.Ala739Ala
1-15928463-C-G,synonymous_variant,p.Pro741Pro
1-15928463-C-T,synonymous_variant,p.Pro741Pro
1-15928470-G-T,missense_variant,p.Ala744Ser
1-15928483-C-T,missense_variant,p.Pro748Leu
1-15928495-A-C,missense_variant,p.Glu752Ala
1-15928502-G-A,synonymous_variant,p.Arg754Arg
1-15928524-C-T,missense_variant,p.Arg762Trp
1-15928525-G-A,missense_variant,p.Arg762Gln
1-15928526-G-A,synonymous_variant,p.Arg762Arg
1-15928537-G-A,missense_variant,p.Cys766Tyr
1-15928539-A-G,missense_variant,p.Ser767Gly
1-15928547-C-G,synonymous_variant,p.Leu769Leu
1-15928559-A-G,synonymous_variant,p.Arg773Arg
1-15928560-T-C,missense_variant,p.Tyr774His
1-15928562-T-C,synonymous_variant,p.Tyr774Tyr
1-15928563-G-A,missense_variant,p.Glu775Lys
1-15928564-A-C,missense_variant,p.Glu775Ala
1-15928574-C-T,synonymous_variant,p.Asp778Asp
1-15928577-G-A,synonymous_variant,p.Lys779Lys
1-15928581-C-T,missense_variant,p.Arg781Cys
1-15928582-G-A,missense_variant,p.Arg781His
1-15928591-G-A,missense_variant,p.Arg784His
1-15928595-T-C,synonymous_variant,p.Tyr785Tyr
1-15928626-A-C,missense_variant,p.Thr796Pro
1-15928626-A-T,missense_variant,p.Thr796Ser
1-15928635-C-T,missense_variant,p.Pro799Ser
1-15928636-C-T,missense_variant,p.Pro799Leu
1-15928637-G-A,synonymous_variant,p.Pro799Pro
1-15928646-G-GGA,frameshift_variant,p.Arg807AspfsTer3
1-15928646-GGA-G,frameshift_variant,p.Arg806ThrfsTer14
1-15928648-A-G,missense_variant,p.Glu803Gly
1-15928660-G-A,missense_variant,p.Arg807His
1-15928660-G-C,missense_variant,p.Arg807Pro
1-15928662-T-G,missense_variant,p.Leu808Val
1-15928669-G-A,missense_variant,p.Arg810Gln
1-15928704-C-G,missense_variant,p.Gln822Glu
1-15928710-C-T,missense_variant,p.Arg824Cys
1-15928711-G-T,missense_variant,p.Arg824Leu
1-15928721-G-T,missense_variant,p.Lys827Asn
1-15928722-G-A,missense_variant,p.Val828Ile
1-15928723-T-C,missense_variant,p.Val828Ala
1-15928727-C-T,synonymous_variant,p.His829His
1-15928728-T-C,missense_variant,p.Ser830Pro
1-15928738-C-T,missense_variant,p.Ser833Phe
1-15928746-T-C,missense_variant,p.Ser836Pro
1-15928753-C-T,missense_variant,p.Thr838Met
1-15928754-G-A,synonymous_variant,p.Thr838Thr
1-15928771-G-A,missense_variant,p.Arg844Gln
1-15928786-A-G,missense_variant,p.Glu849Gly
1-15928803-A-T,missense_variant,p.Asn855Tyr
1-15928805-T-C,synonymous_variant,p.Asn855Asn
1-15928810-T-C,missense_variant,p.Leu857Pro
1-15928831-A-G,missense_variant,p.Lys864Arg
1-15928839-A-G,missense_variant,p.Ile867Val
1-15928843-C-T,missense_variant,p.Ala868Val
1-15928851-C-T,missense_variant,p.Arg871Cys
1-15928852-G-A,missense_variant,p.Arg871His
1-15928852-G-T,missense_variant,p.Arg871Leu
1-15928864-T-C,missense_variant,p.Met875Thr
1-15928866-C-G,missense_variant,p.Pro876Ala
1-15928898-A-G,synonymous_variant,p.Lys886Lys
1-15928905-A-G,missense_variant,p.Lys889Glu
1-15928905-A-C,missense_variant,p.Lys889Gln
1-15928906-A-G,missense_variant,p.Lys889Arg
1-15928910-C-G,synonymous_variant,p.Val890Val
1-15928915-A-G,missense_variant,p.Asp892Gly
1-15928920-A-G,missense_variant,p.Thr894Ala
1-15928942-C-T,missense_variant,p.Ala901Val
1-15928945-A-G,missense_variant,p.Lys902Arg
1-15928952-T-A,missense_variant,p.Asp904Glu
1-15928954-A-G,missense_variant,p.Asn905Ser
1-15928961-T-C,synonymous_variant,p.Thr907Thr
1-15928970-T-A,synonymous_variant,p.Ser910Ser
1-15928980-G-C,missense_variant,p.Asp914His
1-15928992-C-G,missense_variant,p.Gln918Glu
1-15928996-T-C,missense_variant,p.Val919Ala
1-15929005-C-T,missense_variant,p.Thr922Met
1-15929006-G-A,synonymous_variant,p.Thr922Thr
1-15929018-A-G,synonymous_variant,p.Lys926Lys
1-15929031-A-G,missense_variant,p.Lys931Glu
1-15929042-A-G,synonymous_variant,p.Ser934Ser
1-15929047-G-C,missense_variant,p.Arg936Thr
1-15929048-A-G,synonymous_variant,p.Arg936Arg
1-15929049-A-G,missense_variant,p.Met937Val
1-15929058-C-T,missense_variant,p.Pro940Ser
1-15929067-A-G,missense_variant,p.Lys943Glu
1-15929073-C-T,missense_variant,p.Leu945Phe
1-15929083-A-G,missense_variant,p.His948Arg
1-15929084-T-C,synonymous_variant,p.His948His
1-15929089-A-C,missense_variant,p.Glu950Ala
1-15929104-A-C,missense_variant,p.Glu955Ala
1-15929113-T-G,missense_variant,p.Leu958Arg
1-15929123-G-A,synonymous_variant,p.Arg961Arg
1-15929125-A-C,missense_variant,p.Lys962Thr
1-15929127-C-T,missense_variant,p.His963Tyr
1-15929135-G-A,synonymous_variant,p.Lys965Lys
1-15929143-A-G,missense_variant,p.Gln968Arg
1-15929144-G-A,synonymous_variant,p.Gln968Gln
1-15929149-C-T,missense_variant,p.Ala970Val
1-15929156-G-C,synonymous_variant,p.Gly972Gly
1-15929158-T-G,missense_variant,p.Val973Gly
1-15929160-A-G,missense_variant,p.Ser974Gly
1-15929200-G-A,missense_variant,p.Arg987His
1-15929212-C-T,missense_variant,p.Ser991Phe
1-15929215-A-G,missense_variant,p.Asn992Ser
1-15929238-C-A,missense_variant,p.Pro1000Thr
1-15929243-G-A,synonymous_variant,p.Glu1001Glu
1-15929249-G-A,synonymous_variant,p.Lys1003Lys
1-15929259-C-A,missense_variant,p.Pro1007Thr
1-15929262-G-A,missense_variant,p.Glu1008Lys
1-15929269-A-T,missense_variant,p.Glu1010Val
1-15929275-C-T,missense_variant,p.Ala1012Val
1-15929277-C-T,missense_variant,p.Arg1013Cys
1-15929278-G-A,missense_variant,p.Arg1013His
1-15929279-C-T,synonymous_variant,p.Arg1013Arg
1-15929280-G-A,missense_variant,p.Val1014Met
1-15929288-A-C,synonymous_variant,p.Ser1016Ser
1-15929289-A-G,missense_variant,p.Lys1017Glu
1-15929303-C-T,synonymous_variant,p.Asp1021Asp
1-15929304-G-A,missense_variant,p.Val1022Met
1-15929304-G-C,missense_variant,p.Val1022Leu
1-15929308-C-T,missense_variant,p.Ser1023Phe
1-15929309-C-T,synonymous_variant,p.Ser1023Ser
1-15929310-T-G,missense_variant,p.Ser1024Ala
1-15929311-C-T,missense_variant,p.Ser1024Phe
1-15929313-A-G,missense_variant,p.Arg1025Gly
1-15929318-G-C,missense_variant,p.Glu1026Asp
1-15929322-A-C,missense_variant,p.Ile1028Leu
1-15929325-C-T,synonymous_variant,p.Leu1029Leu
1-15929325-C-A,missense_variant,p.Leu1029Met
1-15929333-G-A,synonymous_variant,p.Arg1031Arg
1-15929351-A-C,missense_variant,p.Arg1037Ser
1-15929366-A-G,synonymous_variant,p.Lys1042Lys
1-15929374-T-G,missense_variant,p.Leu1045Arg
1-15929375-TAAAAG-T,frameshift_variant,p.Lys1046ArgfsTer3
1-15929391-A-C,missense_variant,p.Lys1051Gln
1-15929394-A-G,missense_variant,p.Ile1052Val
1-15929396-C-T,synonymous_variant,p.Ile1052Ile
1-15929398-A-C,missense_variant,p.Lys1053Thr
1-15929398-A-G,missense_variant,p.Lys1053Arg
1-15929406-A-G,missense_variant,p.Arg1056Gly
1-15929426-C-T,synonymous_variant,p.Ser1062Ser
1-15929430-A-G,missense_variant,p.Lys1064Glu
1-15929431-A-T,missense_variant,p.Lys1064Ile
1-15929435-C-G,missense_variant,p.Asp1065Glu
1-15929441-G-A,synonymous_variant,p.Gln1067Gln
1-15929449-C-T,missense_variant,p.Ala1070Val
1-15929464-G-C,missense_variant,p.Gly1075Ala
1-15929507-A-G,synonymous_variant,p.Gly1089Gly
1-15929510-A-C,missense_variant,p.Glu1090Asp
1-15929511-C-G,missense_variant,p.Leu1091Val
1-15929512-T-C,missense_variant,p.Leu1091Pro
1-15929520-G-C,missense_variant,p.Glu1094Gln
1-15929523-T-A,missense_variant,p.Ser1095Thr
1-15929527-T-C,missense_variant,p.Val1096Ala
1-15929537-A-G,synonymous_variant,p.Gln1099Gln
1-15929559-A-G,missense_variant,p.Ile1107Val
1-15929579-C-G,synonymous_variant,p.Leu1113Leu
1-15929581-A-G,missense_variant,p.Lys1114Arg
1-15929582-A-T,missense_variant,p.Lys1114Asn
1-15929603-T-G,missense_variant,p.Asp1121Glu
1-15929611-C-T,missense_variant,p.Pro1124Leu
1-15929624-C-T,synonymous_variant,p.Asp1128Asp
1-15929625-G-A,missense_variant,p.Val1129Ile
1-15929638-A-G,missense_variant,p.Tyr1133Cys
1-15929645-T-G,missense_variant,p.Ser1135Arg
1-15929646-C-T,missense_variant,p.Leu1136Phe
1-15929647-T-C,missense_variant,p.Leu1136Pro
1-15929648-T-C,synonymous_variant,p.Leu1136Leu
1-15929650-G-A,missense_variant,p.Arg1137His
1-15929667-C-T,missense_variant,p.Arg1143Cys
1-15929668-G-A,missense_variant,p.Arg1143His
1-15929670-A-C,missense_variant,p.Lys1144Gln
1-15929678-C-G,synonymous_variant,p.Gly1146Gly
1-15929692-A-G,missense_variant,p.His1151Arg
1-15929700-A-T,missense_variant,p.Asn1154Tyr
1-15929701-A-T,missense_variant,p.Asn1154Ile
1-15929708-A-ATGT,inframe_insertion,p.Glu1156_Glu1157insCys
1-15929720-C-T,synonymous_variant,p.Gly1160Gly
1-15929729-C-T,synonymous_variant,p.Ile1163Ile
1-15929738-G-A,synonymous_variant,p.Thr1166Thr
1-15929750-A-G,synonymous_variant,p.Arg1170Arg
1-15929757-A-G,missense_variant,p.Met1173Val
1-15929770-G-T,missense_variant,p.Arg1177Leu
1-15929786-G-C,missense_variant,p.Met1182Ile
1-15929789-A-G,synonymous_variant,p.Glu1183Glu
1-15929796-A-G,missense_variant,p.Ile1186Val
1-15929804-G-A,synonymous_variant,p.Lys1188Lys
1-15929805-T-C,missense_variant,p.Ser1189Pro
1-15929807-T-G,synonymous_variant,p.Ser1189Ser
1-15929810-G-A,synonymous_variant,p.Glu1190Glu
1-15929815-T-C,missense_variant,p.Phe1192Ser
1-15929822-T-C,synonymous_variant,p.Ser1194Ser
1-15929825-T-A,synonymous_variant,p.Pro1195Pro
1-15929837-A-G,synonymous_variant,p.Val1199Val
1-15929855-T-A,synonymous_variant,p.Arg1205Arg
1-15929858-C-T,synonymous_variant,p.Ser1206Ser
1-15929861-C-T,synonymous_variant,p.Leu1207Leu
1-15929867-C-T,synonymous_variant,p.His1209His
1-15929888-A-G,synonymous_variant,p.Gln1216Gln
1-15929903-C-T,synonymous_variant,p.Asp1221Asp
1-15929904-TCTC-T,inframe_deletion,p.Pro1224del
1-15929915-C-A,missense_variant,p.Ser1225Arg
1-15929920-A-T,missense_variant,p.Lys1227Met
1-15929927-G-A,synonymous_variant,p.Arg1229Arg
1-15929935-A-G,missense_variant,p.His1232Arg
1-15929940-G-A,missense_variant,p.Asp1234Asn
1-15929948-T-C,synonymous_variant,p.Asp1236Asp
1-15929950-T-A,missense_variant,p.Ile1237Asn
1-15929952-T-G,missense_variant,p.Cys1238Gly
1-15929962-G-C,missense_variant,p.Arg1241Pro
1-15930012-A-T,missense_variant,p.Thr1258Ser
1-15930013-C-G,missense_variant,p.Thr1258Ser
1-15930019-G-T,missense_variant,p.Gly1260Val
1-15930023-T-C,synonymous_variant,p.Ser1261Ser
1-15930024-C-T,missense_variant,p.Pro1262Ser
1-15930027-A-C,missense_variant,p.Ser1263Arg
1-15930034-G-C,missense_variant,p.Arg1265Pro
1-15930036-C-G,missense_variant,p.His1266Asp
1-15930039-G-T,missense_variant,p.Gly1267Cys
1-15930040-G-A,missense_variant,p.Gly1267Asp
1-15930043-C-T,missense_variant,p.Ser1268Phe
1-15930044-C-A,synonymous_variant,p.Ser1268Ser
1-15930052-A-C,missense_variant,p.Glu1271Ala
1-15930063-C-T,missense_variant,p.Pro1275Ser
1-15930068-A-G,missense_variant,p.Ile1276Met
1-15930070-G-C,missense_variant,p.Gly1277Ala
1-15930086-G-A,synonymous_variant,p.Leu1282Leu
1-15930096-G-T,missense_variant,p.Gly1286Trp
1-15930103-C-A,missense_variant,p.Pro1288His
1-15930124-T-A,missense_variant,p.Leu1295His
1-15930126-C-G,missense_variant,p.Pro1296Ala
1-15930128-C-T,synonymous_variant,p.Pro1296Pro
1-15930130-A-G,missense_variant,p.Tyr1297Cys
1-15930133-C-T,missense_variant,p.Ser1298Phe
1-15930145-T-G,missense_variant,p.Val1302Gly
1-15930146-C-T,synonymous_variant,p.Val1302Val
1-15930150-G-A,missense_variant,p.Glu1304Lys
1-15930156-T-C,missense_variant,p.Ser1306Pro
1-15930165-T-C,missense_variant,p.Phe1309Leu
1-15930175-A-T,missense_variant,p.Tyr1312Phe
1-15930181-C-G,missense_variant,p.Ser1314Cys
1-15930191-A-G,synonymous_variant,p.Arg1317Arg
1-15930193-A-C,missense_variant,p.Glu1318Ala
1-15930196-A-C,missense_variant,p.Gln1319Pro
1-15930198-A-T,missense_variant,p.Met1320Leu
1-15930201-G-A,missense_variant,p.Ala1321Thr
1-15930201-G-T,missense_variant,p.Ala1321Ser
1-15930208-T-C,missense_variant,p.Met1323Thr
1-15930214-A-T,missense_variant,p.Lys1325Ile
1-15930234-A-C,missense_variant,p.Asn1332His
1-15930255-C-T,missense_variant,p.Arg1339Cys
1-15930256-G-A,missense_variant,p.Arg1339His
1-15930257-T-C,synonymous_variant,p.Arg1339Arg
1-15930263-C-T,synonymous_variant,p.Asp1341Asp
1-15930277-A-G,missense_variant,p.Gln1346Arg
1-15930280-A-T,missense_variant,p.Asp1347Val
1-15930282-G-T,missense_variant,p.Ala1348Ser
1-15930292-T-G,missense_variant,p.Phe1351Cys
1-15930293-T-C,synonymous_variant,p.Phe1351Phe
1-15930298-T-G,missense_variant,p.Val1353Gly
1-15930310-A-G,missense_variant,p.Asn1357Ser
1-15930329-T-G,missense_variant,p.Asp1363Glu
1-15930333-C-T,missense_variant,p.Leu1365Phe
1-15930337-G-A,missense_variant,p.Arg1366Gln
1-15930351-C-A,synonymous_variant,p.Arg1371Arg
1-15930354-G-A,missense_variant,p.Asp1372Asn
1-15930354-G-T,missense_variant,p.Asp1372Tyr
1-15930389-C-T,synonymous_variant,p.Asp1383Asp
1-15930390-G-A,missense_variant,p.Glu1384Lys
1-15930396-G-A,missense_variant,p.Gly1386Ser
1-15930401-A-G,synonymous_variant,p.Glu1387Glu
1-15930403-A-G,missense_variant,p.His1388Arg
1-15930409-C-T,missense_variant,p.Ser1390Phe
1-15930416-A-C,synonymous_variant,p.Ser1392Ser
1-15930425-C-T,synonymous_variant,p.Ala1395Ala
1-15930427-C-G,missense_variant,p.Ser1396Cys
1-15930431-A-G,synonymous_variant,p.Ala1397Ala
1-15930436-A-G,missense_variant,p.Tyr1399Cys
1-15930446-T-A,synonymous_variant,p.Ser1402Ser
1-15930455-T-G,synonymous_variant,p.Ser1405Ser
1-15930457-T-C,missense_variant,p.Phe1406Ser
1-15930459-T-C,synonymous_variant,p.Leu1407Leu
1-15930461-A-G,synonymous_variant,p.Leu1407Leu
1-15930462-T-TCCC,inframe_insertion,p.Leu1407_Leu1408insSer
1-15930464-G-C,missense_variant,p.Leu1408Phe
1-15930465-AGGG-A,inframe_deletion,p.Arg1409_Asp1410delinsAsn
1-15930469-A-T,missense_variant,p.Asp1410Val
1-15930479-C-T,synonymous_variant,p.Asp1413Asp
1-15930483-C-T,synonymous_variant,p.Leu1415Leu
1-15930486-C-T,missense_variant,p.Arg1416Cys
1-15930487-G-A,missense_variant,p.Arg1416His
1-15930492-C-T,stop_gained,p.Arg1418Ter
1-15930503-ACT-A,frameshift_variant,p.Ser1423Ter
1-15930506-C-T,synonymous_variant,p.Leu1422Leu
1-15930524-G-A,synonymous_variant,p.Arg1428Arg
1-15930527-C-A,missense_variant,p.Asn1429Lys
1-15930536-C-G,stop_gained,p.Tyr1432Ter
1-15930542-T-C,synonymous_variant,p.Phe1434Phe
1-15930548-G-A,synonymous_variant,p.Leu1436Leu
1-15930551-T-C,synonymous_variant,p.Asp1437Asp
1-15930558-A-G,missense_variant,p.Ile1440Val
1-15930572-T-A,synonymous_variant,p.Thr1444Thr
1-15930575-A-G,synonymous_variant,p.Lys1445Lys
1-15930602-C-G,synonymous_variant,p.Leu1454Leu
1-15930603-T-G,missense_variant,p.Ser1455Ala
1-15930613-G-A,missense_variant,p.Arg1458His
1-15930615-G-A,missense_variant,p.Glu1459Lys
1-15930644-C-T,synonymous_variant,p.Asp1468Asp
1-15930651-T-C,missense_variant,p.Phe1471Leu
1-15930664-G-A,missense_variant,p.Arg1475Gln
1-15930669-A-G,missense_variant,p.Asn1477Asp
1-15930677-TAAAG-T,frameshift_variant,p.Glu1481ArgfsTer14
1-15930687-G-A,missense_variant,p.Val1483Ile
1-15930697-C-T,missense_variant,p.Ala1486Val
1-15930716-C-T,synonymous_variant,p.Ser1492Ser
1-15930723-A-G,missense_variant,p.Met1495Val
1-15930761-A-G,synonymous_variant,p.Lys1507Lys
1-15930782-C-T,synonymous_variant,p.Asp1514Asp
1-15930786-AAAG-A,inframe_deletion,p.Glu1519del
1-15930790-A-T,missense_variant,p.Glu1517Val
1-15930826-G-T,missense_variant,p.Arg1529Leu
1-15930827-T-G,synonymous_variant,p.Arg1529Arg
1-15930878-A-C,synonymous_variant,p.Leu1546Leu
1-15930880-A-G,missense_variant,p.Glu1547Gly
1-15930891-G-A,missense_variant,p.Glu1551Lys
1-15930892-A-T,missense_variant,p.Glu1551Val
1-15930898-C-T,missense_variant,p.Ser1553Phe
1-15930903-T-A,missense_variant,p.Phe1555Ile
1-15930907-T-C,missense_variant,p.Ile1556Thr
1-15930920-C-G,missense_variant,p.Ile1560Met
1-15930922-A-G,missense_variant,p.Tyr1561Cys
1-15930937-C-T,missense_variant,p.Ser1566Phe
1-15930941-G-C,missense_variant,p.Glu1567Asp
1-15930960-G-A,missense_variant,p.Asp1574Asn
1-15930974-A-G,synonymous_variant,p.Glu1578Glu
1-15930981-G-T,missense_variant,p.Val1581Phe
1-15930992-T-C,synonymous_variant,p.His1584His
1-15930997-G-C,missense_variant,p.Arg1586Thr
1-15931014-C-A,synonymous_variant,p.Arg1592Arg
1-15931015-G-A,missense_variant,p.Arg1592Gln
1-15931017-A-G,missense_variant,p.Met1593Val
1-15931023-C-A,missense_variant,p.Gln1595Lys
1-15931025-GAAAGAA-G,inframe_deletion,p.Glu1599_Lys1600del
1-15931028-A-C,missense_variant,p.Lys1596Asn
1-15931035-G-GAAA,inframe_insertion,p.Lys1600dup
1-15931042-A-G,missense_variant,p.Asp1601Gly
1-15931044-C-G,missense_variant,p.Gln1602Glu
1-15931045-A-G,missense_variant,p.Gln1602Arg
1-15931049-A-G,synonymous_variant,p.Lys1603Lys
1-15931055-A-G,synonymous_variant,p.Lys1605Lys
1-15931061-T-G,synonymous_variant,p.Val1607Val
1-15931066-A-G,missense_variant,p.Lys1609Arg
1-15931073-A-T,missense_variant,p.Glu1611Asp
1-15931077-A-T,missense_variant,p.Thr1613Ser
1-15931079-A-T,synonymous_variant,p.Thr1613Thr
1-15931080-G-C,missense_variant,p.Glu1614Gln
1-15931081-A-T,missense_variant,p.Glu1614Val
1-15931083-A-T,missense_variant,p.Asn1615Tyr
1-15931087-A-T,missense_variant,p.His1616Leu
1-15931090-C-CTGTTT,frameshift_variant,p.Lys1618ValfsTer16
1-15931091-C-T,synonymous_variant,p.Pro1617Pro
1-15931111-C-T,missense_variant,p.Pro1624Leu
1-15931112-T-G,synonymous_variant,p.Pro1624Pro
1-15931139-T-G,synonymous_variant,p.Thr1633Thr
1-15931148-C-A,synonymous_variant,p.Ser1636Ser
1-15931148-C-T,synonymous_variant,p.Ser1636Ser
1-15931149-G-T,missense_variant,p.Val1637Phe
1-15931150-T-C,missense_variant,p.Val1637Ala
1-15931159-C-T,missense_variant,p.Pro1640Leu
1-15931161-A-G,missense_variant,p.Ser1641Gly
1-15931166-C-T,synonymous_variant,p.Val1642Val
1-15931172-C-T,synonymous_variant,p.Val1644Val
1-15931173-G-A,missense_variant,p.Val1645Ile
1-15931173-G-C,missense_variant,p.Val1645Leu
1-15931176-A-T,missense_variant,p.Thr1646Ser
1-15931181-A-G,synonymous_variant,p.Leu1647Leu
1-15931182-G-C,missense_variant,p.Glu1648Gln
1-15931185-T-A,missense_variant,p.Ser1649Thr
1-15931192-C-T,missense_variant,p.Pro1651Leu
1-15931226-G-A,synonymous_variant,p.Thr1662Thr
1-15931232-G-A,synonymous_variant,p.Glu1664Glu
1-15931234-C-T,missense_variant,p.Ala1665Val
1-15931249-A-G,missense_variant,p.Glu1670Gly
1-15931274-C-T,synonymous_variant,p.Thr1678Thr
1-15931275-G-A,missense_variant,p.Val1679Ile
1-15931279-CA-C,frameshift_variant,p.Glu1681LysfsTer20
1-15931282-A-ATGCAGGCTTTGCTTCTTCTG,frameshift_variant,p.Glu1681AspfsTer27
1-15931283-A-T,missense_variant,p.Glu1681Asp
1-15931285-A-C,missense_variant,p.Glu1682Ala
1-15931287-GCAAA-G,frameshift_variant,p.Ala1683GlyfsTer17
1-15931293-C-CTTTG,frameshift_variant,p.Pro1685LeufsTer5
1-15931296-G-T,missense_variant,p.Ala1686Ser
1-15931297-C-T,missense_variant,p.Ala1686Val
1-15931298-A-T,synonymous_variant,p.Ala1686Ala
1-15931300-C-T,missense_variant,p.Ser1687Phe
1-15931343-C-G,missense_variant,p.Asp1701Glu
1-15931343-C-T,synonymous_variant,p.Asp1701Asp
1-15931346-G-A,synonymous_variant,p.Leu1702Leu
1-15931357-C-T,missense_variant,p.Ala1706Val
1-15931364-C-T,synonymous_variant,p.Pro1708Pro
1-15931368-A-G,missense_variant,p.Lys1710Glu
1-15931390-C-T,missense_variant,p.Ala1717Val
1-15931391-G-A,synonymous_variant,p.Ala1717Ala
1-15931398-G-A,missense_variant,p.Glu1720Lys
1-15931403-A-G,synonymous_variant,p.Glu1721Glu
1-15931415-T-G,synonymous_variant,p.Gly1725Gly
1-15931422-C-T,missense_variant,p.Pro1728Ser
1-15931423-C-T,missense_variant,p.Pro1728Leu
1-15931424-G-A,synonymous_variant,p.Pro1728Pro
1-15931425-C-T,missense_variant,p.Pro1729Ser
1-15931430-T-C,synonymous_variant,p.Tyr1730Tyr
1-15931431-C-T,synonymous_variant,p.Leu1731Leu
1-15931436-T-C,synonymous_variant,p.Asp1732Asp
1-15931439-C-T,synonymous_variant,p.Ala1733Ala
1-15931449-A-C,missense_variant,p.Thr1737Pro
1-15931452-C-T,missense_variant,p.Pro1738Ser
1-15931454-C-G,synonymous_variant,p.Pro1738Pro
1-15931454-C-T,synonymous_variant,p.Pro1738Pro
1-15931459-C-T,missense_variant,p.Ala1740Val
1-15931462-C-T,missense_variant,p.Ser1741Leu
1-15931463-G-A,synonymous_variant,p.Ser1741Ser
1-15931471-A-C,missense_variant,p.Gln1744Pro
1-15931474-C-T,missense_variant,p.Ala1745Val
1-15931478-G-A,synonymous_variant,p.Glu1746Glu
1-15931479-A-G,missense_variant,p.Ser1747Gly
1-15931484-C-T,synonymous_variant,p.Asn1748Asn
1-15931501-A-G,missense_variant,p.Asp1754Gly
1-15931502-C-T,synonymous_variant,p.Asp1754Asp
1-15931508-C-G,synonymous_variant,p.Thr1756Thr
1-15931509-C-A,missense_variant,p.Gln1757Lys
1-15931514-A-G,synonymous_variant,p.Pro1758Pro
1-15931524-C-G,missense_variant,p.Pro1762Ala
1-15931531-A-C,missense_variant,p.Gln1764Pro
1-15931538-T-G,synonymous_variant,p.Ser1766Ser
1-15931542-G-A,missense_variant,p.Glu1768Lys
1-15931549-A-G,missense_variant,p.Asn1770Ser
1-15931558-A-C,missense_variant,p.Lys1773Thr
1-15931562-C-T,synonymous_variant,p.Ala1774Ala
1-15931563-G-A,missense_variant,p.Glu1775Lys
1-15931568-G-A,synonymous_variant,p.Lys1776Lys
1-15931574-C-T,synonymous_variant,p.Asp1778Asp
1-15931575-G-A,missense_variant,p.Ala1779Thr
1-15931597-A-C,missense_variant,p.Asp1786Ala
1-15931600-C-G,missense_variant,p.Ala1787Gly
1-15931604-C-A,missense_variant,p.Asn1788Lys
1-15931614-G-A,missense_variant,p.Glu1792Lys
1-15931623-C-T,missense_variant,p.Pro1795Ser
1-15931631-T-G,synonymous_variant,p.Ser1797Ser
1-15931635-C-T,missense_variant,p.Pro1799Ser
1-15931643-T-C,synonymous_variant,p.Ala1801Ala
1-15931650-G-T,missense_variant,p.Asp1804Tyr
1-15931652-T-G,missense_variant,p.Asp1804Glu
1-15931663-A-T,missense_variant,p.Asp1808Val
1-15931670-A-G,synonymous_variant,p.Pro1810Pro
1-15931707-C-T,missense_variant,p.Arg1823Cys
1-15931708-G-A,missense_variant,p.Arg1823His
1-15931729-C-T,missense_variant,p.Ala1830Val
1-15931740-A-G,missense_variant,p.Ser1834Gly
1-15931746-G-A,missense_variant,p.Val1836Met
1-15931751-G-A,synonymous_variant,p.Glu1837Glu
1-15931754-G-C,missense_variant,p.Lys1838Asn
1-15931757-C-T,synonymous_variant,p.Pro1839Pro
1-15931758-G-A,missense_variant,p.Val1840Ile
1-15931773-G-A,missense_variant,p.Glu1845Lys
1-15931777-G-A,missense_variant,p.Arg1846Lys
1-15931785-C-T,missense_variant,p.Arg1849Trp
1-15931796-C-A,synonymous_variant,p.Leu1852Leu
1-15931800-C-T,missense_variant,p.Arg1854Trp
1-15931801-G-A,missense_variant,p.Arg1854Gln
1-15931807-A-C,missense_variant,p.Asn1856Thr
1-15931807-A-G,missense_variant,p.Asn1856Ser
1-15931815-C-T,missense_variant,p.Arg1859Trp
1-15931816-G-C,missense_variant,p.Arg1859Pro
1-15931823-A-G,synonymous_variant,p.Glu1861Glu
1-15931826-A-T,synonymous_variant,p.Ala1862Ala
1-15931829-G-C,missense_variant,p.Gln1863His
1-15931854-G-A,missense_variant,p.Ala1872Thr
1-15931872-A-T,missense_variant,p.Thr1878Ser
1-15931876-C-CAGCAGAGT,frameshift_variant,p.Ser1880AlafsTer28
1-15931879-C-T,missense_variant,p.Ser1880Phe
1-15931880-T-C,synonymous_variant,p.Ser1880Ser
1-15931882-A-G,missense_variant,p.Lys1881Arg
1-15931886-C-G,missense_variant,p.Asn1882Lys
1-15931887-T-A,missense_variant,p.Ser1883Thr
1-15931889-T-C,synonymous_variant,p.Ser1883Ser
1-15931904-A-T,missense_variant,p.Glu1888Asp
1-15931909-C-T,missense_variant,p.Pro1890Leu
1-15931910-C-T,synonymous_variant,p.Pro1890Pro
1-15931911-G-A,missense_variant,p.Glu1891Lys
1-15931933-G-A,missense_variant,p.Arg1898Gln
1-15931941-C-T,missense_variant,p.Arg1901Cys
1-15931945-G-A,missense_variant,p.Arg1902Gln
1-15931952-A-C,synonymous_variant,p.Val1904Val
1-15931958-C-T,synonymous_variant,p.Ser1906Ser
1-15931964-T-C,synonymous_variant,p.Tyr1908Tyr
1-15931965-G-GCAA,inframe_insertion,p.Thr1910dup
1-15931971-A-G,missense_variant,p.Met1911Val
1-15931973-G-A,missense_variant,p.Met1911Ile
1-15931985-A-G,synonymous_variant,p.Glu1915Glu
1-15931986-A-G,missense_variant,p.Asn1916Asp
1-15931987-A-G,missense_variant,p.Asn1916Ser
1-15931988-C-A,missense_variant,p.Asn1916Lys
1-15931990-G-A,missense_variant,p.Arg1917His
1-15931996-C-G,missense_variant,p.Pro1919Arg
1-15931997-T-A,synonymous_variant,p.Pro1919Pro
1-15931998-G-A,missense_variant,p.Val1920Ile
1-15932001-A-G,missense_variant,p.Lys1921Glu
1-15932003-A-G,synonymous_variant,p.Lys1921Lys
1-15932009-C-T,synonymous_variant,p.Pro1923Pro
1-15932010-G-A,missense_variant,p.Val1924Ile
1-15932020-C-A,missense_variant,p.Pro1927Gln
1-15932021-A-C,synonymous_variant,p.Pro1927Pro
1-15932022-A-C,synonymous_variant,p.Arg1928Arg
1-15932022-A-G,missense_variant,p.Arg1928Gly
1-15932024-A-G,synonymous_variant,p.Arg1928Arg
1-15932025-G-A,missense_variant,p.Val1929Met
1-15932029-C-G,missense_variant,p.Thr1930Ser
1-15932029-C-T,missense_variant,p.Thr1930Ile
1-15932033-A-G,synonymous_variant,p.Arg1931Arg
1-15932040-T-C,synonymous_variant,p.Leu1934Leu
1-15932047-G-A,missense_variant,p.Arg1936Gln
1-15932048-A-G,synonymous_variant,p.Arg1936Arg
1-15932058-G-A,missense_variant,p.Glu1940Lys
1-15932061-G-A,missense_variant,p.Ala1941Thr
1-15932063-T-G,synonymous_variant,p.Ala1941Ala
1-15932066-A-T,synonymous_variant,p.Ala1942Ala
1-15932068-C-T,missense_variant,p.Ala1943Val
1-15932069-G-A,synonymous_variant,p.Ala1943Ala
1-15932070-G-T,missense_variant,p.Val1944Phe
1-15932071-T-C,missense_variant,p.Val1944Ala
1-15932077-C-T,missense_variant,p.Thr1946Ile
1-15932081-C-T,synonymous_variant,p.Thr1947Thr
1-15932082-C-T,missense_variant,p.Pro1948Ser
1-15932083-C-T,missense_variant,p.Pro1948Leu
1-15932085-C-T,missense_variant,p.Arg1949Trp
1-15932091-G-A,missense_variant,p.Gly1951Arg
1-15932099-T-C,synonymous_variant,p.Pro1953Pro
1-15932110-G-A,missense_variant,p.Arg1957His
1-15932112-C-T,missense_variant,p.Arg1958Trp
1-15932115-C-A,synonymous_variant,p.Arg1959Arg
1-15932116-G-A,missense_variant,p.Arg1959Gln
1-15932120-C-G,synonymous_variant,p.Ala1960Ala
1-15932120-C-T,synonymous_variant,p.Ala1960Ala
1-15932121-G-A,missense_variant,p.Asp1961Asn
1-15932123-TGAA-T,inframe_deletion,p.Glu1965del
1-15932126-AGAG-A,inframe_deletion,p.Glu1965del
1-15932138-C-T,synonymous_variant,p.Asn1966Asn
1-15932146-A-G,missense_variant,p.Lys1969Arg
1-15932148-G-A,missense_variant,p.Glu1970Lys
1-15932157-G-C,missense_variant,p.Glu1973Gln
1-15932161-C-T,missense_variant,p.Thr1974Ile
1-15932163-C-T,missense_variant,p.Leu1975Phe
1-15932165-C-G,synonymous_variant,p.Leu1975Leu
1-15932170-C-T,missense_variant,p.Pro1977Leu
1-15932171-A-G,synonymous_variant,p.Pro1977Pro
1-15932180-A-G,synonymous_variant,p.Gly1980Gly
1-15932188-C-T,missense_variant,p.Ser1983Leu
1-15932189-G-A,synonymous_variant,p.Ser1983Ser
1-15932189-G-T,synonymous_variant,p.Ser1983Ser
1-15932195-G-A,synonymous_variant,p.Arg1985Arg
1-15932212-C-A,missense_variant,p.Ala1991Asp
1-15932216-T-G,synonymous_variant,p.Gly1992Gly
1-15932221-G-T,missense_variant,p.Gly1994Val
1-15932237-G-A,synonymous_variant,p.Lys1999Lys
1-15932251-C-T,missense_variant,p.Pro2004Leu
1-15932252-G-A,synonymous_variant,p.Pro2004Pro
1-15932261-T-A,missense_variant,p.Asp2007Glu
1-15932268-C-T,missense_variant,p.Arg2010Cys
1-15932269-G-A,missense_variant,p.Arg2010His
1-15932277-G-A,missense_variant,p.Ala2013Thr
1-15932278-C-A,missense_variant,p.Ala2013Asp
1-15932278-C-T,missense_variant,p.Ala2013Val
1-15932291-G-A,synonymous_variant,p.Val2017Val
1-15932298-C-G,missense_variant,p.Gln2020Glu
1-15932304-G-A,missense_variant,p.Gly2022Ser
1-15932305-G-A,missense_variant,p.Gly2022Asp
1-15932306-C-T,synonymous_variant,p.Gly2022Gly
1-15932307-G-A,missense_variant,p.Val2023Met
1-15932332-A-G,missense_variant,p.Lys2031Arg
1-15932332-A-T,missense_variant,p.Lys2031Met
1-15932334-G-A,missense_variant,p.Ala2032Thr
1-15932340-G-A,missense_variant,p.Glu2034Lys
1-15932350-C-T,missense_variant,p.Ala2037Val
1-15932367-C-T,missense_variant,p.Arg2043Cys
1-15932371-A-C,missense_variant,p.Asp2044Ala
1-15932371-A-T,missense_variant,p.Asp2044Val
1-15932375-A-C,missense_variant,p.Arg2045Ser
1-15932376-A-ATCTTTTCTGTC,frameshift_variant,p.Lys2046IlefsTer22
1-15932377-A-G,missense_variant,p.Lys2046Arg
1-15932378-A-C,missense_variant,p.Lys2046Asn
1-15932379-G-C,missense_variant,p.Asp2047His
1-15932380-A-ATCTT,frameshift_variant,p.Ala2048LeufsTer10
1-15932382-G-T,missense_variant,p.Ala2048Ser
1-15932383-C-T,missense_variant,p.Ala2048Val
1-15932386-G-T,missense_variant,p.Gly2049Val
1-15932398-A-C,missense_variant,p.Asn2053Thr
1-15932399-C-A,missense_variant,p.Asn2053Lys
1-15932401-C-T,missense_variant,p.Pro2054Leu
1-15932405-T-A,synonymous_variant,p.Pro2055Pro
1-15932410-C-G,missense_variant,p.Thr2057Ser
1-15932412-G-A,missense_variant,p.Ala2058Thr
1-15932412-G-C,missense_variant,p.Ala2058Pro
1-15932420-T-G,synonymous_variant,p.Val2060Val
1-15932425-T-C,missense_variant,p.Val2062Ala
1-15932432-G-A,synonymous_variant,p.Glu2064Glu
1-15932438-A-T,missense_variant,p.Lys2066Asn
1-15932439-C-A,missense_variant,p.Pro2067Thr
1-15932440-C-T,missense_variant,p.Pro2067Leu
1-15932441-G-A,synonymous_variant,p.Pro2067Pro
1-15932445-C-T,missense_variant,p.Pro2069Ser
1-15932453-A-G,synonymous_variant,p.Lys2071Lys
1-15932455-A-G,missense_variant,p.Asn2072Ser
1-15932457-T-C,missense_variant,p.Ser2073Pro
1-15932458-C-A,missense_variant,p.Ser2073Tyr
1-15932472-G-A,missense_variant,p.Gly2078Arg
1-15932473-G-C,missense_variant,p.Gly2078Ala
1-15932482-G-A,missense_variant,p.Arg2081Gln
1-15932495-A-G,synonymous_variant,p.Leu2085Leu
1-15932511-G-T,missense_variant,p.Ala2091Ser
1-15932543-T-C,synonymous_variant,p.Ser2101Ser
1-15932547-A-C,synonymous_variant,p.Arg2103Arg
1-15932548-G-C,missense_variant,p.Arg2103Thr
1-15932549-G-A,synonymous_variant,p.Arg2103Arg
1-15932549-G-C,missense_variant,p.Arg2103Ser
1-15932549-G-T,missense_variant,p.Arg2103Ser
1-15932553-G-A,missense_variant,p.Ala2105Thr
1-15932556-G-GA,frameshift_variant,p.Ala2106AspfsTer17
1-15932557-C-T,missense_variant,p.Ala2106Val
1-15932564-G-T,missense_variant,p.Gln2108His
1-15932568-G-A,missense_variant,p.Gly2110Arg
1-15932573-G-C,missense_variant,p.Glu2111Asp
1-15932574-A-C,synonymous_variant,p.Arg2112Arg
1-15932589-G-C,missense_variant,p.Val2117Leu
1-15932599-C-T,missense_variant,p.Ser2120Phe
1-15932601-C-T,missense_variant,p.Pro2121Ser
1-15932602-C-T,missense_variant,p.Pro2121Leu
1-15932608-A-T,missense_variant,p.Lys2123Ile
1-15932620-C-T,missense_variant,p.Pro2127Leu
1-15932621-C-T,synonymous_variant,p.Pro2127Pro
1-15932623-A-C,missense_variant,p.Gln2128Pro
1-15932631-G-A,missense_variant,p.Asp2131Asn
1-15932632-A-G,missense_variant,p.Asp2131Gly
1-15932632-A-T,missense_variant,p.Asp2131Val
1-15932634-G-A,missense_variant,p.Gly2132Ser
1-15932648-G-A,synonymous_variant,p.Gln2136Gln
1-15932656-G-C,missense_variant,p.Ser2139Thr
1-15932660-T-C,synonymous_variant,p.Asp2140Asp
1-15932664-G-T,missense_variant,p.Val2142Phe
1-15932670-C-A,missense_variant,p.Pro2144Thr
1-15932681-A-G,synonymous_variant,p.Glu2147Glu
1-15932682-C-G,missense_variant,p.Pro2148Ala
1-15932683-C-G,missense_variant,p.Pro2148Arg
1-15932696-C-T,synonymous_variant,p.Asp2152Asp
1-15932707-C-G,missense_variant,p.Ser2156Cys
1-15932710-G-T,missense_variant,p.Gly2157Val
1-15932712-C-G,missense_variant,p.Pro2158Ala
1-15932713-C-T,missense_variant,p.Pro2158Leu
1-15932714-G-A,synonymous_variant,p.Pro2158Pro
1-15932721-G-A,missense_variant,p.Glu2161Lys
1-15932736-G-T,missense_variant,p.Ala2166Ser
1-15932745-A-T,missense_variant,p.Met2169Leu
1-15932762-C-T,synonymous_variant,p.Ala2174Ala
1-15932763-G-T,missense_variant,p.Val2175Leu
1-15932770-A-G,missense_variant,p.His2177Arg
1-15932774-C-T,synonymous_variant,p.Ile2178Ile
1-15932775-G-A,missense_variant,p.Ala2179Thr
1-15932790-G-T,missense_variant,p.Ala2184Ser
1-15932792-C-G,synonymous_variant,p.Ala2184Ala
1-15932792-C-T,synonymous_variant,p.Ala2184Ala
1-15932796-G-C,missense_variant,p.Ala2186Pro
1-15932809-A-G,missense_variant,p.Tyr2190Cys
1-15932816-A-G,synonymous_variant,p.Ala2192Ala
1-15932821-C-T,missense_variant,p.Ala2194Val
1-15932823-C-T,missense_variant,p.Pro2195Ser
1-15932826-G-A,missense_variant,p.Glu2196Lys
1-15932838-C-T,missense_variant,p.Pro2200Ser
1-15932858-T-C,synonymous_variant,p.Pro2206Pro
1-15932860-C-T,missense_variant,p.Ala2207Val
1-15932873-T-C,synonymous_variant,p.Ser2211Ser
1-15932880-G-A,missense_variant,p.Glu2214Lys
1-15932883-C-A,missense_variant,p.Leu2215Met
1-15932890-C-T,missense_variant,p.Ala2217Val
1-15932891-G-A,synonymous_variant,p.Ala2217Ala
1-15932891-G-C,synonymous_variant,p.Ala2217Ala
1-15932897-C-T,synonymous_variant,p.Ile2219Ile
1-15932911-A-G,missense_variant,p.Asn2224Ser
1-15932916-A-ATTGCTGGGAAGT,inframe_insertion,p.Ile2226_Ser2227insAlaGlyLysPhe
1-15932918-T-G,missense_variant,p.Ile2226Met
1-15932923-G-GCTCCCCAGAAATGTCATTGATGAT,inframe_insertion,p.Gly2228_Glu2229insSerProGluMetSerLeuMetMet
1-15932932-A-C,missense_variant,p.Glu2231Ala
1-15932934-A-G,missense_variant,p.Asn2232Asp
1-15932939-C-A,missense_variant,p.Phe2233Leu
1-15932939-C-T,synonymous_variant,p.Phe2233Phe
1-15932944-C-A,missense_variant,p.Ala2235Glu
1-15932949-C-G,missense_variant,p.Pro2237Ala
1-15932959-C-G,missense_variant,p.Pro2240Arg
1-15932959-C-T,missense_variant,p.Pro2240Leu
1-15932976-G-T,missense_variant,p.Asp2246Tyr
1-15932985-C-T,missense_variant,p.Pro2249Ser
1-15932988-C-G,missense_variant,p.Pro2250Ala
1-15932988-C-T,missense_variant,p.Pro2250Ser
1-15932989-C-G,missense_variant,p.Pro2250Arg
1-15932990-C-T,synonymous_variant,p.Pro2250Pro
1-15932991-G-A,missense_variant,p.Ala2251Thr
1-15932993-A-C,synonymous_variant,p.Ala2251Ala
1-15932996-T-A,synonymous_variant,p.Gly2252Gly
1-15933003-G-T,missense_variant,p.Ala2255Ser
1-15933005-G-A,synonymous_variant,p.Ala2255Ala
1-15933005-G-T,synonymous_variant,p.Ala2255Ala
1-15933012-C-CGCATCGGAATCCACCAGCGCGACCCGGCATGTCAGTCGGACCCACGCGTCCATGGCTCATTGCTCCCCGGCGATGTCGATCTCGACGCGCCGGTTCGGCTGCAGGCAACGCAGCAGGGCCGG,frameshift_variant,p.Pro2258ArgfsTer136
1-15933012-C-CGCATCGGAATCCACCAGCGCGACCCGGCATGTCAGTCGGACCCACGCGTCCATGGCTCATTGCTCCCCGGCGATGTCGATCTCGACGCGCCGGTTCGGCTGCAGGCAACGCAGCAGGGCCGGCGAG,protein_altering_variant,p.Pro2258delinsArgIleGlyIleHisGlnArgAspProAlaCysGlnSerAspProArgValHisGlySerLeuLeuProGlyAspValAspLeuAspAlaProValArgLeuGlnAlaThrGlnGlnGlyArgArgAla
1-15933014-T-TCATTGCTCCCCGGCGATGTCGA,frameshift_variant,p.Ser2259HisfsTer9
1-15933018-G-A,missense_variant,p.Glu2260Lys
1-15933036-G-A,missense_variant,p.Asp2266Asn
1-15933041-G-A,synonymous_variant,p.Glu2267Glu
1-15933075-A-G,missense_variant,p.Thr2279Ala
1-15933078-G-C,missense_variant,p.Glu2280Gln
1-15933083-T-A,synonymous_variant,p.Ser2281Ser
1-15933094-C-T,missense_variant,p.Pro2285Leu
1-15933105-C-T,missense_variant,p.Pro2289Ser
1-15933115-C-T,missense_variant,p.Ser2292Leu
1-15933119-C-T,synonymous_variant,p.Ala2293Ala
1-15933120-G-A,missense_variant,p.Gly2294Ser
1-15933120-G-C,missense_variant,p.Gly2294Arg
1-15933131-T-C,synonymous_variant,p.Asp2297Asp
1-15933134-C-A,synonymous_variant,p.Thr2298Thr
1-15933141-G-A,missense_variant,p.Ala2301Thr
1-15933148-G-A,missense_variant,p.Gly2303Glu
1-15933152-TAGC-T,inframe_deletion,p.Ser2306del
1-15933164-C-T,synonymous_variant,p.Thr2308Thr
1-15933166-C-T,missense_variant,p.Ser2309Leu
1-15933187-A-G,missense_variant,p.Lys2316Arg
1-15933190-G-A,missense_variant,p.Gly2317Glu
1-15933191-G-T,synonymous_variant,p.Gly2317Gly
1-15933201-G-C,missense_variant,p.Val2321Leu
1-15933219-C-T,missense_variant,p.Arg2327Trp
1-15933220-G-A,missense_variant,p.Arg2327Gln
1-15933220-G-C,missense_variant,p.Arg2327Pro
1-15933231-G-C,missense_variant,p.Gly2331Arg
1-15933233-G-T,synonymous_variant,p.Gly2331Gly
1-15933234-C-T,missense_variant,p.Arg2332Cys
1-15933235-G-A,missense_variant,p.Arg2332His
1-15933242-A-G,synonymous_variant,p.Lys2334Lys
1-15933250-G-A,missense_variant,p.Arg2337Gln
1-15933258-C-T,missense_variant,p.Arg2340Cys
1-15933262-A-G,missense_variant,p.Lys2341Arg
1-15933263-G-A,synonymous_variant,p.Lys2341Lys
1-15933270-A-T,missense_variant,p.Thr2344Ser
1-15933272-A-C,synonymous_variant,p.Thr2344Thr
1-15933274-A-G,missense_variant,p.Asn2345Ser
1-15933295-T-C,missense_variant,p.Val2352Ala
1-15933301-G-A,missense_variant,p.Ser2354Asn
1-15933308-C-G,synonymous_variant,p.Val2356Val
1-15933312-G-C,missense_variant,p.Glu2358Gln
1-15933315-T-C,missense_variant,p.Ser2359Pro
1-15933317-C-T,synonymous_variant,p.Ser2359Ser
1-15933318-A-G,missense_variant,p.Asn2360Asp
1-15933318-A-T,missense_variant,p.Asn2360Tyr
1-15933319-A-G,missense_variant,p.Asn2360Ser
1-15933333-G-A,missense_variant,p.Glu2365Lys
1-15933354-G-A,missense_variant,p.Gly2372Arg
1-15933356-G-A,synonymous_variant,p.Gly2372Gly
1-15933369-C-G,missense_variant,p.His2377Asp
1-15933369-C-T,missense_variant,p.His2377Tyr
1-15933373-C-G,missense_variant,p.Pro2378Arg
1-15933374-C-A,synonymous_variant,p.Pro2378Pro
1-15933374-C-G,synonymous_variant,p.Pro2378Pro
1-15933374-C-T,synonymous_variant,p.Pro2378Pro
1-15933375-G-A,missense_variant,p.Glu2379Lys
1-15933378-G-A,missense_variant,p.Ala2380Thr
1-15933385-A-C,missense_variant,p.Gln2382Pro
1-15933389-A-T,missense_variant,p.Glu2383Asp
1-15933390-G-A,missense_variant,p.Glu2384Lys
1-15933406-A-C,missense_variant,p.Lys2389Thr
1-15933407-A-T,missense_variant,p.Lys2389Asn
1-15933416-C-T,synonymous_variant,p.Ser2392Ser
1-15933418-C-T,missense_variant,p.Thr2393Ile
1-15933420-C-T,missense_variant,p.Pro2394Ser
1-15933426-C-G,missense_variant,p.Gln2396Glu
1-15933431-A-G,synonymous_variant,p.Ser2397Ser
1-15933443-C-T,synonymous_variant,p.Asp2401Asp
1-15933444-C-G,missense_variant,p.Leu2402Val
1-15933448-G-A,missense_variant,p.Ser2403Asn
1-15933454-T-C,missense_variant,p.Ile2405Thr
1-15933456-C-T,missense_variant,p.Pro2406Ser
1-15933461-C-A,synonymous_variant,p.Ser2407Ser
1-15933465-G-C,missense_variant,p.Glu2409Gln
1-15933466-A-T,missense_variant,p.Glu2409Val
1-15933469-A-T,missense_variant,p.Asn2410Ile
1-15933472-C-CTTGG,frameshift_variant,p.Ser2412TrpfsTer8
1-15933472-C-T,missense_variant,p.Ser2411Leu
1-15933473-G-A,synonymous_variant,p.Ser2411Ser
1-15933473-GTCCC-G,frameshift_variant,p.Ser2412LysfsTer47
1-15933485-C-T,synonymous_variant,p.Ile2415Ile
1-15933488-T-A,missense_variant,p.Ser2416Arg
1-15933489-G-T,missense_variant,p.Val2417Phe
1-15933500-G-A,synonymous_variant,p.Arg2420Arg
1-15933507-A-G,missense_variant,p.Thr2423Ala
1-15933511-A-G,missense_variant,p.Lys2424Arg
1-15933514-C-T,missense_variant,p.Ala2425Val
1-15933515-A-G,synonymous_variant,p.Ala2425Ala
1-15933517-C-T,missense_variant,p.Ser2426Phe
1-15933522-C-T,missense_variant,p.Pro2428Ser
1-15933525-C-T,missense_variant,p.Pro2429Ser
1-15933526-C-G,missense_variant,p.Pro2429Arg
1-15933526-C-T,missense_variant,p.Pro2429Leu
1-15933527-A-G,synonymous_variant,p.Pro2429Pro
1-15933536-C-G,synonymous_variant,p.Pro2432Pro
1-15933537-C-T,missense_variant,p.Pro2433Ser
1-15933538-C-G,missense_variant,p.Pro2433Arg
1-15933538-C-T,missense_variant,p.Pro2433Leu
1-15933543-C-T,missense_variant,p.Pro2435Ser
1-15933545-C-G,synonymous_variant,p.Pro2435Pro
1-15933556-C-T,missense_variant,p.Pro2439Leu
1-15933560-G-A,synonymous_variant,p.Val2440Val
1-15933562-A-G,missense_variant,p.Asp2441Gly
1-15933563-TGAG-T,inframe_deletion,p.Glu2443del
1-15933574-A-T,missense_variant,p.Gln2445Leu
1-15933575-A-G,synonymous_variant,p.Gln2445Gln
1-15933588-G-A,missense_variant,p.Val2450Met
1-15933594-T-G,missense_variant,p.Ser2452Ala
1-15933598-T-C,missense_variant,p.Ile2453Thr
1-15933613-C-T,missense_variant,p.Pro2458Leu
1-15933614-G-A,synonymous_variant,p.Pro2458Pro
1-15933636-A-G,missense_variant,p.Ser2466Gly
1-15933638-C-T,synonymous_variant,p.Ser2466Ser
1-15933643-C-T,missense_variant,p.Pro2468Leu
1-15933644-C-T,synonymous_variant,p.Pro2468Pro
1-15933645-A-G,missense_variant,p.Ile2469Val
1-15933660-T-A,missense_variant,p.Ser2474Thr
1-15933665-A-G,synonymous_variant,p.Val2475Val
1-15933669-G-C,missense_variant,p.Ala2477Pro
1-15933670-C-T,missense_variant,p.Ala2477Val
1-15933674-A-T,synonymous_variant,p.Ala2478Ala
1-15933678-C-T,missense_variant,p.Leu2480Phe
1-15933692-C-T,synonymous_variant,p.Val2484Val
1-15933693-G-A,missense_variant,p.Ala2485Thr
1-15933698-T-G,synonymous_variant,p.Ser2486Ser
1-15933700-G-A,missense_variant,p.Gly2487Glu
1-15933701-G-A,synonymous_variant,p.Gly2487Gly
1-15933704-G-A,synonymous_variant,p.Gly2488Gly
1-15933713-CCAG-C,inframe_deletion,p.Gln2492del
1-15933718-G-C,missense_variant,p.Ser2493Thr
1-15933723-C-G,missense_variant,p.Pro2495Ala
1-15933728-T-C,synonymous_variant,p.Thr2496Thr
1-15933732-G-A,missense_variant,p.Val2498Met
1-15933732-G-C,missense_variant,p.Val2498Leu
1-15933745-T-A,missense_variant,p.Ile2502Asn
1-15933748-C-G,missense_variant,p.Thr2503Arg
1-15933765-C-T,missense_variant,p.Arg2509Trp
1-15933766-G-T,missense_variant,p.Arg2509Leu
1-15933769-C-T,missense_variant,p.Ala2510Val
1-15933777-A-G,missense_variant,p.Thr2513Ala
1-15933780-C-T,missense_variant,p.Pro2514Ser
1-15933787-C-T,missense_variant,p.Pro2516Leu
1-15933790-C-T,missense_variant,p.Ala2517Val
1-15933793-T-G,missense_variant,p.Leu2518Arg
1-15933814-C-T,missense_variant,p.Ser2525Phe
1-15933828-A-G,missense_variant,p.Ser2530Gly
1-15933835-G-A,missense_variant,p.Ser2532Asn
1-15933835-G-T,missense_variant,p.Ser2532Ile
1-15933847-A-G,missense_variant,p.Lys2536Arg
1-15933848-G-A,synonymous_variant,p.Lys2536Lys
1-15933854-C-T,synonymous_variant,p.Leu2538Leu
1-15933855-A-C,missense_variant,p.Met2539Leu
1-15933860-C-T,synonymous_variant,p.Asp2540Asp
1-15933864-A-G,missense_variant,p.Lys2542Glu
1-15933868-A-G,missense_variant,p.Tyr2543Cys
1-15933876-G-A,missense_variant,p.Ala2546Thr
1-15933887-C-T,synonymous_variant,p.Val2549Val
1-15933889-C-T,missense_variant,p.Thr2550Ile
1-15933892-C-G,missense_variant,p.Ser2551Cys
1-15933897-A-G,missense_variant,p.Ser2553Gly
1-15933902-C-T,synonymous_variant,p.Val2554Val
1-15933916-C-T,missense_variant,p.Ala2559Val
1-15933926-C-G,synonymous_variant,p.Val2562Val
1-15933933-G-T,missense_variant,p.Ala2565Ser
1-15933935-C-T,synonymous_variant,p.Ala2565Ala
1-15933949-A-G,missense_variant,p.Glu2570Gly
1-15933954-C-T,missense_variant,p.Pro2572Ser
1-15933955-C-T,missense_variant,p.Pro2572Leu
1-15933956-G-A,synonymous_variant,p.Pro2572Pro
1-15933957-C-A,missense_variant,p.Pro2573Thr
1-15933959-C-T,synonymous_variant,p.Pro2573Pro
1-15933961-C-T,missense_variant,p.Pro2574Leu
1-15933962-G-A,synonymous_variant,p.Pro2574Pro
1-15933981-C-A,missense_variant,p.Pro2581Thr
1-15933981-C-G,missense_variant,p.Pro2581Ala
1-15933991-A-G,missense_variant,p.Glu2584Gly
1-15934018-A-G,missense_variant,p.Asn2593Ser
1-15934024-A-T,missense_variant,p.Glu2595Val
1-15934036-C-T,missense_variant,p.Ser2599Leu
1-15934037-G-A,synonymous_variant,p.Ser2599Ser
1-15934084-C-T,missense_variant,p.Ala2615Val
1-15934097-C-T,synonymous_variant,p.Thr2619Thr
1-15934111-G-A,missense_variant,p.Arg2624Gln
1-15934115-G-A,missense_variant,p.Met2625Ile
1-15934121-C-T,synonymous_variant,p.Val2627Val
1-15934130-C-T,synonymous_variant,p.Asp2630Asp
1-15934131-C-T,synonymous_variant,p.Leu2631Leu
1-15934142-A-C,synonymous_variant,p.Ser2634Ser
1-15934145-G-A,synonymous_variant,p.Gln2635Gln
1-15934154-C-T,synonymous_variant,p.Thr2638Thr
1-15934155-T-C,synonymous_variant,p.Leu2639Leu
1-15934160-A-C,synonymous_variant,p.Ala2640Ala
1-15934165-C-G,missense_variant,p.Pro2642Arg
1-15934168-C-T,missense_variant,p.Ala2643Val
1-15934181-C-G,synonymous_variant,p.Leu2647Leu
1-15934185-G-C,missense_variant,p.Gly2649Arg
1-15934187-T-C,synonymous_variant,p.Gly2649Gly
1-15934196-C-T,synonymous_variant,p.Ser2652Ser
1-15934197-G-A,missense_variant,p.Ala2653Thr
1-15934217-C-T,synonymous_variant,p.Asn2659Asn
1-15934232-G-A,synonymous_variant,p.Pro2664Pro
1-15934232-G-C,synonymous_variant,p.Pro2664Pro
1-15934253-C-T,synonymous_variant,p.Pro2671Pro
1-15934254-G-A,missense_variant,p.Val2672Met
1-15934256-G-A,synonymous_variant,p.Val2672Val
1-15934257-A-G,missense_variant,p.Lys2673Glu
1-15934296-C-T,missense_variant,p.Pro2686Ser
1-15934299-G-C,missense_variant,p.Ala2687Pro
1-15934301-T-C,synonymous_variant,p.Ala2687Ala
1-15934307-C-T,synonymous_variant,p.Pro2689Pro
1-15934308-G-A,missense_variant,p.Val2690Met
1-15934313-C-T,synonymous_variant,p.Asn2691Asn
1-15934319-G-A,synonymous_variant,p.Leu2693Leu
1-15934328-TGTGAATGTTCTTACGGGGCCA-T,inframe_deletion,p.Gly2702_Thr2708del
1-15934342-C-G,missense_variant,p.Thr2701Arg
1-15934343-G-A,synonymous_variant,p.Thr2701Thr
1-15934346-G-A,synonymous_variant,p.Gly2702Gly
1-15934348-C-T,missense_variant,p.Pro2703Leu
1-15934350-G-A,missense_variant,p.Val2704Met
1-15934359-C-T,missense_variant,p.Leu2707Phe
1-15934368-C-T,missense_variant,p.Pro2710Ser
1-15934369-C-T,missense_variant,p.Pro2710Leu
1-15934372-T-C,missense_variant,p.Val2711Ala
1-15934377-G-A,missense_variant,p.Ala2713Thr
1-15934380-A-G,missense_variant,p.Thr2714Ala
1-15934381-C-T,missense_variant,p.Thr2714Met
1-15934388-C-A,synonymous_variant,p.Gly2716Gly
1-15934394-GAATGCCGCCCCAGGCACAGTC-G,inframe_deletion,p.Pro2722_Ala2728del
1-15934395-A-G,missense_variant,p.Asn2719Asp
1-15934397-T-C,synonymous_variant,p.Asn2719Asn
1-15934400-C-T,synonymous_variant,p.Ala2720Ala
1-15934401-G-A,missense_variant,p.Ala2721Thr
1-15934403-C-T,synonymous_variant,p.Ala2721Ala
1-15934404-C-T,missense_variant,p.Pro2722Ser
1-15934417-A-G,missense_variant,p.Asn2726Ser
1-15934421-C-T,synonymous_variant,p.Ala2727Ala
1-15934422-G-A,missense_variant,p.Ala2728Thr
1-15934426-C-T,missense_variant,p.Ala2729Val
1-15934427-G-A,synonymous_variant,p.Ala2729Ala
1-15934429-G-A,missense_variant,p.Ser2730Asn
1-15934439-T-TGCCACAGCAAGTGCAGTGACC,inframe_insertion,p.Ala2734_Thr2740dup
1-15934452-G-T,missense_variant,p.Ala2738Ser
1-15934453-C-T,missense_variant,p.Ala2738Val
1-15934459-C-T,missense_variant,p.Thr2740Ile
1-15934460-C-G,synonymous_variant,p.Thr2740Thr
1-15934461-G-A,missense_variant,p.Val2741Ile
1-15934461-G-C,missense_variant,p.Val2741Leu
1-15934468-C-A,missense_variant,p.Ala2743Glu
1-15934468-C-T,missense_variant,p.Ala2743Val
1-15934475-G-A,synonymous_variant,p.Ala2745Ala
1-15934479-A-C,missense_variant,p.Thr2747Pro
1-15934501-C-T,missense_variant,p.Thr2754Met
1-15934502-G-A,synonymous_variant,p.Thr2754Thr
1-15934503-G-A,missense_variant,p.Ala2755Thr
1-15934504-C-G,missense_variant,p.Ala2755Gly
1-15934505-CACA-C,inframe_deletion,p.Thr2757del
1-15934507-C-G,missense_variant,p.Thr2756Arg
1-15934514-C-A,synonymous_variant,p.Gly2758Gly
1-15934516-C-T,missense_variant,p.Thr2759Met
1-15934517-G-A,synonymous_variant,p.Thr2759Thr
1-15934524-A-C,missense_variant,p.Met2762Leu
1-15934524-A-G,missense_variant,p.Met2762Val
1-15934527-G-T,missense_variant,p.Ala2763Ser
1-15934528-C-T,missense_variant,p.Ala2763Val
1-15934532-G-A,synonymous_variant,p.Gly2764Gly
1-15934540-T-C,missense_variant,p.Ile2767Thr
1-15934547-G-A,synonymous_variant,p.Pro2769Pro
1-15934547-G-T,synonymous_variant,p.Pro2769Pro
1-15934549-C-T,missense_variant,p.Ser2770Leu
1-15934550-A-G,synonymous_variant,p.Ser2770Ser
1-15934560-A-C,missense_variant,p.Lys2774Gln
1-15934569-G-C,missense_variant,p.Ala2777Pro
1-15934570-C-T,missense_variant,p.Ala2777Val
1-15934571-G-A,synonymous_variant,p.Ala2777Ala
1-15934576-C-G,missense_variant,p.Ala2779Gly
1-15934586-C-T,synonymous_variant,p.Asn2782Asn
1-15934590-C-T,missense_variant,p.Arg2784Trp
1-15934591-G-A,missense_variant,p.Arg2784Gln
1-15934593-T-A,missense_variant,p.Phe2785Ile
1-15934595-C-T,synonymous_variant,p.Phe2785Phe
1-15934599-C-G,missense_variant,p.Pro2787Ala
1-15934608-A-G,missense_variant,p.Met2790Val
1-15934613-TGTGATCGAC-T,inframe_deletion,p.Val2792_Asp2794del
1-15934619-C-T,synonymous_variant,p.Ile2793Ile
1-15934622-C-T,synonymous_variant,p.Asp2794Asp
1-15934626-C-A,missense_variant,p.Arg2796Ser
1-15934626-C-G,missense_variant,p.Arg2796Gly
1-15934626-C-T,missense_variant,p.Arg2796Cys
1-15934627-G-A,missense_variant,p.Arg2796His
1-15934630-C-T,missense_variant,p.Pro2797Leu
1-15934631-G-A,synonymous_variant,p.Pro2797Pro
1-15934632-G-T,missense_variant,p.Ala2798Ser
1-15934633-C-T,missense_variant,p.Ala2798Val
1-15934637-C-T,synonymous_variant,p.Asp2799Asp
1-15934638-G-A,missense_variant,p.Ala2800Thr
1-15934639-C-T,missense_variant,p.Ala2800Val
1-15934640-G-A,synonymous_variant,p.Ala2800Ala
1-15934643-C-T,synonymous_variant,p.Gly2801Gly
1-15934645-C-T,missense_variant,p.Ser2802Leu
1-15934645-CAG-C,frameshift_variant,p.Ala2804GlyfsTer8
1-15934652-G-A,synonymous_variant,p.Ala2804Ala
1-15934652-G-C,synonymous_variant,p.Ala2804Ala
1-15934661-T-G,synonymous_variant,p.Arg2807Arg
1-15934667-C-T,synonymous_variant,p.Asn2809Asn
1-15934671-T-G,missense_variant,p.Ser2811Ala
1-15934680-G-T,missense_variant,p.Val2814Phe
1-15934688-C-T,synonymous_variant,p.Leu2816Leu
1-15934706-G-A,synonymous_variant,p.Gln2822Gln
1-15934712-C-T,synonymous_variant,p.Thr2824Thr
1-15934713-G-A,missense_variant,p.Glu2825Lys
1-15934720-C-T,missense_variant,p.Pro2827Leu
1-15934726-G-A,missense_variant,p.Arg2829Gln
1-15934727-G-C,synonymous_variant,p.Arg2829Arg
1-15934732-G-C,missense_variant,p.Ser2831Thr
1-15934733-C-T,synonymous_variant,p.Ser2831Ser
1-15934747-A-C,missense_variant,p.Gln2836Pro
1-15934756-C-T,missense_variant,p.Pro2839Leu
1-15934757-G-A,synonymous_variant,p.Pro2839Pro
1-15934761-A-G,missense_variant,p.Ser2841Gly
1-15934763-T-C,synonymous_variant,p.Ser2841Ser
1-15934767-A-G,missense_variant,p.Met2843Val
1-15934773-A-G,missense_variant,p.Ile2845Val
1-15934774-T-C,missense_variant,p.Ile2845Thr
1-15934777-A-ACTGCTGAAATTCAATGTCC,stop_gained,p.Glu2846AspfsTer3
1-15934777-AATTT-A,frameshift_variant,p.Glu2846AspfsTer42
1-15934783-A-T,missense_variant,p.Gln2848Leu
1-15934784-G-A,synonymous_variant,p.Gln2848Gln
1-15934785-C-CTGAA,frameshift_variant,p.Gln2849LeufsTer12
1-15934786-A-G,missense_variant,p.Gln2849Arg
1-15934787-G-T,missense_variant,p.Gln2849His
1-15934791-G-A,missense_variant,p.Val2851Met
1-15934795-C-G,missense_variant,p.Ser2852Cys
1-15934812-C-G,missense_variant,p.Pro2858Ala
1-15934818-T-A,missense_variant,p.Ser2860Thr
1-15934818-T-G,missense_variant,p.Ser2860Ala
1-15934831-C-T,missense_variant,p.Ser2864Leu
1-15934838-T-A,synonymous_variant,p.Pro2866Pro
1-15934858-C-T,missense_variant,p.Ala2873Val
1-15934873-C-T,missense_variant,p.Ala2878Val
1-15934874-G-A,synonymous_variant,p.Ala2878Ala
1-15934876-A-G,missense_variant,p.Asn2879Ser
1-15934877-C-T,synonymous_variant,p.Asn2879Asn
1-15934878-G-A,missense_variant,p.Val2880Met
1-15934881-GCC-G,frameshift_variant,p.Ala2881AspfsTer13
1-15934883-C-T,synonymous_variant,p.Ala2881Ala
1-15934884-ACCC-A,inframe_deletion,p.Thr2882_His2883delinsAsn
1-15934889-T-TGGG,inframe_insertion,p.His2883_Ser2884insGly
1-15934890-T-TGG,frameshift_variant,p.Ser2884TrpfsTer6
1-15934894-C-T,missense_variant,p.Thr2885Met
1-15934895-G-A,synonymous_variant,p.Thr2885Thr
1-15934908-G-A,missense_variant,p.Ala2890Thr
1-15934910-C-T,synonymous_variant,p.Ala2890Ala
1-15934914-A-T,missense_variant,p.Thr2892Ser
1-15934918-A-T,missense_variant,p.Tyr2893Phe
1-15934919-T-C,synonymous_variant,p.Tyr2893Tyr
1-15934923-G-A,missense_variant,p.Ala2895Thr
1-15934929-C-T,missense_variant,p.Pro2897Ser
1-15934932-G-A,missense_variant,p.Val2898Met
1-15934932-G-T,missense_variant,p.Val2898Leu
1-15934940-G-A,synonymous_variant,p.Ser2900Ser
1-15934952-C-T,synonymous_variant,p.Ala2904Ala
1-15934953-G-A,missense_variant,p.Asp2905Asn
1-15934964-C-A,synonymous_variant,p.Ser2908Ser
1-15934976-C-T,synonymous_variant,p.Pro2912Pro
1-15934985-T-C,synonymous_variant,p.Ile2915Ile
1-15934986-C-T,missense_variant,p.His2916Tyr
1-15934989-C-T,missense_variant,p.Leu2917Phe
1-15934994-G-A,synonymous_variant,p.Ser2918Ser
1-15935003-G-A,synonymous_variant,p.Thr2921Thr
1-15935009-C-T,synonymous_variant,p.Val2923Val
1-15935013-C-G,missense_variant,p.Gln2925Glu
1-15935031-G-A,missense_variant,p.Val2931Ile
1-15935031-G-T,missense_variant,p.Val2931Phe
1-15935051-C-T,synonymous_variant,p.Asn2937Asn
1-15935055-C-A,missense_variant,p.Pro2939Thr
1-15935055-C-T,missense_variant,p.Pro2939Ser
1-15935057-C-G,synonymous_variant,p.Pro2939Pro
1-15935063-G-A,synonymous_variant,p.Val2941Val
1-15935064-C-T,synonymous_variant,p.Leu2942Leu
1-15935075-C-T,synonymous_variant,p.Asn2945Asn
1-15935085-C-G,missense_variant,p.Leu2949Val
1-15935092-C-G,missense_variant,p.Pro2951Arg
1-15935092-C-T,missense_variant,p.Pro2951Leu
1-15935093-A-C,synonymous_variant,p.Pro2951Pro
1-15935102-C-G,synonymous_variant,p.Val2954Val
1-15935109-A-G,missense_variant,p.Asn2957Asp
1-15935129-C-A,synonymous_variant,p.Pro2963Pro
1-15935129-C-T,synonymous_variant,p.Pro2963Pro
1-15935135-C-G,synonymous_variant,p.Thr2965Thr
1-15935144-C-T,synonymous_variant,p.Ile2968Ile
1-15935165-G-A,synonymous_variant,p.Pro2975Pro
1-15935171-C-T,synonymous_variant,p.Asn2977Asn
1-15935182-C-T,missense_variant,p.Thr2981Met
1-15935183-G-A,synonymous_variant,p.Thr2981Thr
1-15935185-T-A,missense_variant,p.Leu2982His
1-15935186-C-A,synonymous_variant,p.Leu2982Leu
1-15935188-C-T,missense_variant,p.Thr2983Met
1-15935189-G-A,synonymous_variant,p.Thr2983Thr
1-15935190-C-T,missense_variant,p.Pro2984Ser
1-15935199-C-T,missense_variant,p.Pro2987Ser
1-15935200-C-G,missense_variant,p.Pro2987Arg
1-15935200-C-T,missense_variant,p.Pro2987Leu
1-15935207-T-G,synonymous_variant,p.Ala2989Ala
1-15935208-C-G,missense_variant,p.Leu2990Val
1-15935216-C-A,missense_variant,p.Ser2992Arg
1-15935237-C-T,synonymous_variant,p.Asn2999Asn
1-15935240-T-C,synonymous_variant,p.His3000His
1-15935246-C-T,synonymous_variant,p.Pro3002Pro
1-15935248-C-T,missense_variant,p.Ser3003Leu
1-15935256-A-G,missense_variant,p.Ser3006Gly
1-15935271-C-G,missense_variant,p.Arg3011Gly
1-15935272-G-A,missense_variant,p.Arg3011Gln
1-15935279-C-T,synonymous_variant,p.Val3013Val
1-15935280-T-A,missense_variant,p.Ser3014Thr
1-15935295-G-A,missense_variant,p.Ala3019Thr
1-15935296-C-G,missense_variant,p.Ala3019Gly
1-15935301-C-T,synonymous_variant,p.Leu3021Leu
1-15935313-TCTC-T,inframe_deletion,p.Pro3026del
1-15935314-C-G,missense_variant,p.Ser3025Cys
1-15935317-C-T,missense_variant,p.Pro3026Leu
1-15935319-C-A,synonymous_variant,p.Arg3027Arg
1-15935320-G-A,missense_variant,p.Arg3027Gln
1-15935325-A-G,missense_variant,p.Ser3029Gly
1-15935327-T-G,missense_variant,p.Ser3029Arg
1-15935330-A-C,synonymous_variant,p.Gly3030Gly
1-15935331-C-T,missense_variant,p.Pro3031Ser
1-15935333-C-T,synonymous_variant,p.Pro3031Pro
1-15935352-A-G,missense_variant,p.Arg3038Gly
1-15935365-C-T,missense_variant,p.Pro3042Leu
1-15935368-G-A,missense_variant,p.Ser3043Asn
1-15935370-A-G,missense_variant,p.Ser3044Gly
1-15935379-T-C,missense_variant,p.Ser3047Pro
1-15935383-C-T,missense_variant,p.Thr3048Met
1-15935384-G-A,synonymous_variant,p.Thr3048Thr
1-15935386-C-T,missense_variant,p.Ala3049Val
1-15935387-G-A,synonymous_variant,p.Ala3049Ala
1-15935390-C-G,synonymous_variant,p.Leu3050Leu
1-15935393-C-T,synonymous_variant,p.Ser3051Ser
1-15935399-C-T,synonymous_variant,p.Asn3053Asn
1-15935412-C-G,missense_variant,p.Leu3058Val
1-15935415-G-A,missense_variant,p.Ala3059Thr
1-15935417-T-A,synonymous_variant,p.Ala3059Ala
1-15935426-C-T,synonymous_variant,p.Ile3062Ile
1-15935429-A-G,synonymous_variant,p.Pro3063Pro
1-15935429-A-T,synonymous_variant,p.Pro3063Pro
1-15935435-C-T,synonymous_variant,p.Pro3065Pro
1-15935438-G-A,synonymous_variant,p.Gln3066Gln
1-15935447-C-T,synonymous_variant,p.Ser3069Ser
1-15935453-C-T,synonymous_variant,p.Ile3071Ile
1-15935457-C-T,missense_variant,p.Pro3073Ser
1-15935459-A-G,synonymous_variant,p.Pro3073Pro
1-15935469-GTCA-G,inframe_deletion,p.Ile3078del
1-15935472-A-G,missense_variant,p.Ile3078Val
1-15935480-A-G,synonymous_variant,p.Pro3080Pro
1-15935483-C-T,synonymous_variant,p.Pro3081Pro
1-15935490-A-G,missense_variant,p.Ile3084Val
1-15935495-C-T,synonymous_variant,p.Thr3085Thr
1-15935510-G-C,synonymous_variant,p.Leu3090Leu
1-15935511-A-G,missense_variant,p.Ser3091Gly
1-15935517-C-G,missense_variant,p.Leu3093Val
1-15935519-C-G,synonymous_variant,p.Leu3093Leu
1-15935519-C-T,synonymous_variant,p.Leu3093Leu
1-15935522-C-G,synonymous_variant,p.Ser3094Ser
1-15935531-G-T,missense_variant,p.Glu3097Asp
1-15935537-A-G,synonymous_variant,p.Arg3099Arg
1-15935542-A-G,missense_variant,p.Asn3101Ser
1-15935543-C-A,missense_variant,p.Asn3101Lys
1-15935544-A-G,missense_variant,p.Thr3102Ala
1-15935546-T-G,synonymous_variant,p.Thr3102Thr
1-15935551-C-T,missense_variant,p.Thr3104Met
1-15935553-C-T,synonymous_variant,p.Leu3105Leu
1-15935561-T-C,synonymous_variant,p.Ser3107Ser
1-15935573-C-T,synonymous_variant,p.Ser3111Ser
1-15935585-A-G,synonymous_variant,p.Glu3115Glu
1-15935586-G-A,missense_variant,p.Ala3116Thr
1-15935587-C-T,missense_variant,p.Ala3116Val
1-15935588-G-A,synonymous_variant,p.Ala3116Ala
1-15935595-TCTC-T,inframe_deletion,p.Pro3120del
1-15935601-C-T,missense_variant,p.Arg3121Trp
1-15935606-T-C,synonymous_variant,p.Ala3122Ala
1-15935608-C-T,missense_variant,p.Pro3123Leu
1-15935609-G-A,synonymous_variant,p.Pro3123Pro
1-15935609-G-C,synonymous_variant,p.Pro3123Pro
1-15935610-C-A,missense_variant,p.Leu3124Met
1-15935610-C-T,synonymous_variant,p.Leu3124Leu
1-15935613-C-T,stop_gained,p.Gln3125Ter
1-15935614-A-G,missense_variant,p.Gln3125Arg
1-15935618-C-T,synonymous_variant,p.Pro3126Pro
1-15935624-A-G,synonymous_variant,p.Gln3128Gln
1-15935626-T-C,missense_variant,p.Ile3129Thr
1-15935631-G-A,missense_variant,p.Val3131Ile
1-15935640-C-T,missense_variant,p.Pro3134Ser
1-15935646-C-T,missense_variant,p.Arg3136Cys
1-15935647-G-A,missense_variant,p.Arg3136His
1-15935659-C-T,missense_variant,p.Pro3140Leu
1-15935660-G-A,synonymous_variant,p.Pro3140Pro
1-15935669-C-A,synonymous_variant,p.Ala3143Ala
1-15935683-C-T,missense_variant,p.Pro3148Leu
1-15935693-C-T,synonymous_variant,p.Ala3151Ala
1-15935708-C-G,synonymous_variant,p.Pro3156Pro
1-15935709-G-A,missense_variant,p.Glu3157Lys
1-15935715-G-C,missense_variant,p.Glu3159Gln
1-15935723-T-C,synonymous_variant,p.His3161His
1-15935737-T-C,missense_variant,p.Val3166Ala
1-15935738-C-T,synonymous_variant,p.Val3166Val
1-15935739-G-A,missense_variant,p.Ala3167Thr
1-15935740-C-A,missense_variant,p.Ala3167Asp
1-15935742-C-G,missense_variant,p.Arg3168Gly
1-15935743-G-A,missense_variant,p.Arg3168Gln
1-15935773-T-C,missense_variant,p.Leu3178Pro
1-15935794-G-T,missense_variant,p.Arg3185Leu
1-15935798-G-C,synonymous_variant,p.Leu3186Leu
1-15935799-C-T,missense_variant,p.His3187Tyr
1-15935801-C-T,synonymous_variant,p.His3187His
1-15935810-T-C,synonymous_variant,p.Thr3190Thr
1-15935811-G-A,missense_variant,p.Val3191Met
1-15935818-G-A,missense_variant,p.Arg3193Gln
1-15935832-A-G,missense_variant,p.Met3198Val
1-15935833-T-C,missense_variant,p.Met3198Thr
1-15935851-C-T,missense_variant,p.Thr3204Met
1-15935855-A-G,synonymous_variant,p.Ala3205Ala
1-15935858-C-G,synonymous_variant,p.Val3206Val
1-15935858-C-T,synonymous_variant,p.Val3206Val
1-15935859-A-T,missense_variant,p.Ser3207Cys
1-15935860-G-A,missense_variant,p.Ser3207Asn
1-15935861-C-T,synonymous_variant,p.Ser3207Ser
1-15935862-G-A,missense_variant,p.Glu3208Lys
1-15935868-C-T,missense_variant,p.Pro3210Ser
1-15935869-C-T,missense_variant,p.Pro3210Leu
1-15935871-A-C,synonymous_variant,p.Arg3211Arg
1-15935876-C-A,synonymous_variant,p.Ala3212Ala
1-15935876-C-T,synonymous_variant,p.Ala3212Ala
1-15935877-G-A,missense_variant,p.Ala3213Thr
1-15935878-C-T,missense_variant,p.Ala3213Val
1-15935879-G-A,synonymous_variant,p.Ala3213Ala
1-15935894-G-A,synonymous_variant,p.Lys3218Lys
1-15935895-G-A,missense_variant,p.Val3219Met
1-15935897-G-A,synonymous_variant,p.Val3219Val
1-15935900-A-C,synonymous_variant,p.Pro3220Pro
1-15935901-C-G,missense_variant,p.Pro3221Ala
1-15935903-A-G,synonymous_variant,p.Pro3221Pro
1-15935904-G-C,missense_variant,p.Ala3222Pro
1-15935909-C-T,synonymous_variant,p.Ser3223Ser
1-15935915-C-T,synonymous_variant,p.Ala3225Ala
1-15935929-G-T,missense_variant,p.Gly3230Val
1-15935930-G-A,synonymous_variant,p.Gly3230Gly
1-15935933-G-A,synonymous_variant,p.Lys3231Lys
1-15935936-A-C,missense_variant,p.Glu3232Asp
1-15935947-C-T,missense_variant,p.Thr3236Ile
1-15935948-A-G,synonymous_variant,p.Thr3236Thr
1-15935949-C-G,missense_variant,p.Pro3237Ala
1-15935953-A-T,missense_variant,p.Asp3238Val
1-15935963-T-TG,frameshift_variant,p.Ala3242GlyfsTer25
1-15935963-T-TGC,frameshift_variant,p.Thr3244ProfsTer41
1-15935964-G-GC,frameshift_variant,p.Thr3244HisfsTer23
1-15935964-G-GCC,frameshift_variant,p.Thr3244ProfsTer41
1-15935964-G-GCCCCCCC,frameshift_variant,p.Thr3244ProfsTer25
1-15935964-G-GCCCCCCCC,frameshift_variant,p.Thr3244ProfsTer43
1-15935964-G-GCCCCCCCCCCCCC,frameshift_variant,p.Thr3244ProfsTer27
1-15935964-G-GGC,frameshift_variant,p.Ala3242GlyfsTer43
1-15935964-G-GGCC,protein_altering_variant,p.Ala3242delinsGlyPro
1-15935964-GCCCCCA-G,inframe_deletion,p.Thr3246_Pro3247del
1-15935965-C-CG,frameshift_variant,p.Thr3244HisfsTer23
1-15935965-C-G,missense_variant,p.Ala3242Gly
1-15935966-C-CG,frameshift_variant,p.Pro3243AlafsTer24
1-15935966-C-G,synonymous_variant,p.Ala3242Ala
1-15935967-C-CG,frameshift_variant,p.Pro3243ArgfsTer24
1-15935969-C-T,synonymous_variant,p.Pro3243Pro
1-15935969-CA-C,frameshift_variant,p.Thr3244ProfsTer40
1-15935970-A-AC,frameshift_variant,p.Thr3246HisfsTer21
1-15935970-A-C,missense_variant,p.Thr3244Pro
1-15935970-A-G,missense_variant,p.Thr3244Ala
1-15935975-C-A,synonymous_variant,p.Pro3245Pro
1-15935975-CA-C,frameshift_variant,p.Thr3246ProfsTer38
1-15935976-A-C,missense_variant,p.Thr3246Pro
1-15935976-A-G,missense_variant,p.Thr3246Ala
1-15935977-C-T,missense_variant,p.Thr3246Ile
1-15935979-CCTG-C,inframe_deletion,p.Ala3248del
1-15935980-C-CCG,frameshift_variant,p.Ala3248ValfsTer37
1-15935980-CTG-C,frameshift_variant,p.Ala3248ProfsTer18
1-15935981-T-A,synonymous_variant,p.Pro3247Pro
1-15935981-T-C,synonymous_variant,p.Pro3247Pro
1-15935981-T-G,synonymous_variant,p.Pro3247Pro
1-15935982-G-C,missense_variant,p.Ala3248Pro
1-15935982-G-GC,frameshift_variant,p.Val3250ArgfsTer17
1-15935982-G-GCCC,inframe_insertion,p.Pro3249dup
1-15935982-G-GCCCCCCCCC,inframe_insertion,p.Pro3249_Val3250insProProPro
1-15935982-G-GGC,frameshift_variant,p.Ala3248GlyfsTer37
1-15935983-C-G,missense_variant,p.Ala3248Gly
1-15935984-C-CCCCCCCCCCCCCGCG,inframe_insertion,p.Pro3249_Val3250insProProProAlaPro
1-15935984-C-CCCCCCCCG,frameshift_variant,p.Val3250ProfsTer37
1-15935985-C-CCCCCCCCCCCCCGG,frameshift_variant,p.Val3250ProfsTer39
1-15935985-C-CCCCCCCCCCCCGGG,frameshift_variant,p.Val3250ProfsTer39
1-15935985-C-G,missense_variant,p.Pro3249Ala
1-15935986-C-CCCCCCCCCCCCG,inframe_insertion,p.Pro3249_Val3250insProProProArg
1-15935986-C-CCCCCCCCCCG,frameshift_variant,p.Val3250ProfsTer20
1-15935986-C-CCCCCCCG,frameshift_variant,p.Val3250ProfsTer19
1-15935987-C-CCCCCCCCCCA,frameshift_variant,p.Val3250ProfsTer20
1-15935987-C-CCCCCCCCCCG,frameshift_variant,p.Val3250ProfsTer20
1-15935987-C-CCCCCCCCCCGA,frameshift_variant,p.Val3250ProfsTer38
1-15935987-C-CCCCCCCCCCGCCCGG,inframe_insertion,p.Pro3249_Val3250insProProProAlaArg
1-15935987-C-CCCCCCCCCCGCGCCCG,frameshift_variant,p.Val3250ProfsTer22
1-15935987-C-CCCCCCCCCCGG,frameshift_variant,p.Val3250ProfsTer38
1-15935987-C-CCCCCCCCCCGGCCG,frameshift_variant,p.Val3250ProfsTer39
1-15935987-C-CCCCCCCCCCGGGCCCGG,frameshift_variant,p.Val3250ProfsTer40
1-15935987-C-CCCCCCCCCCGGGCCG,inframe_insertion,p.Pro3249_Val3250insProProProGlyPro
1-15935987-C-CCCCCCCCCCGGGCGCGG,frameshift_variant,p.Val3250ProfsTer40
1-15935987-C-CCCCCCCCCG,inframe_insertion,p.Pro3249_Val3250insProProPro
1-15935987-C-CCCCCCCCCGG,frameshift_variant,p.Val3250ProfsTer20
1-15935987-C-CCCCCCCCCGGGCCCGG,frameshift_variant,p.Val3250ProfsTer22
1-15935987-C-CCCCCCCCCGGGGCCG,inframe_insertion,p.Pro3249_Val3250insProProProGlyPro
1-15935987-C-CCCCCCCCG,frameshift_variant,p.Val3250ProfsTer37
1-15935987-C-CCCCCGCCCG,inframe_insertion,p.Pro3249_Val3250insProArgPro
1-15935987-C-CCGCCCCGG,frameshift_variant,p.Val3250ArgfsTer37
1-15935987-C-CGTCCCT,inframe_insertion,p.Val3254_Pro3255dup
1-15935987-C-G,synonymous_variant,p.Pro3249Pro
1-15935987-C-T,synonymous_variant,p.Pro3249Pro
1-15935987-CGT-C,frameshift_variant,p.Val3250ProfsTer16
1-15935987-CGTCCCT-C,inframe_deletion,p.Val3254_Pro3255del
1-15935988-G-A,missense_variant,p.Val3250Ile
1-15935988-G-C,missense_variant,p.Val3250Leu
1-15935989-T-C,missense_variant,p.Val3250Ala
1-15935989-T-G,missense_variant,p.Val3250Gly
1-15935989-T-TCCCCCC,inframe_insertion,p.Pro3251_Val3252insProPro
1-15935990-C-CCCCG,frameshift_variant,p.Val3252AlafsTer16
1-15935990-C-CCG,frameshift_variant,p.Pro3251ArgfsTer34
1-15935992-CTGT-C,inframe_deletion,p.Val3252del
1-15935993-T-C,synonymous_variant,p.Pro3251Pro
1-15935993-T-G,synonymous_variant,p.Pro3251Pro
1-15935994-G-C,missense_variant,p.Val3252Leu
1-15935995-T-C,missense_variant,p.Val3252Ala
1-15935995-T-G,missense_variant,p.Val3252Gly
1-15935995-T-TCCCTGTCCCCCTTCCTGC,inframe_insertion,p.Val3254_Pro3259dup
1-15935996-C-G,synonymous_variant,p.Val3252Val
1-15935998-CTG-C,frameshift_variant,p.Val3254ProfsTer12
1-15935998-CTGT-C,inframe_deletion,p.Val3254del
1-15935999-T-C,synonymous_variant,p.Pro3253Pro
1-15936000-G-C,missense_variant,p.Val3254Leu
1-15936001-T-C,missense_variant,p.Val3254Ala
1-15936006-CTT-C,frameshift_variant,p.Leu3256ProfsTer10
1-15936007-T-C,missense_variant,p.Leu3256Pro
1-15936007-T-TTCCTGCCCCTGC,inframe_insertion,p.Ala3260_Pro3263dup
1-15936008-T-C,synonymous_variant,p.Leu3256Leu
1-15936011-T-C,synonymous_variant,p.Pro3257Pro
1-15936012-G-C,missense_variant,p.Ala3258Pro
1-15936014-CCCTGCT-C,inframe_deletion,p.Ala3262_Pro3263del
1-15936015-C-T,missense_variant,p.Pro3259Ser
1-15936020-T-C,synonymous_variant,p.Ala3260Ala
1-15936043-G-A,missense_variant,p.Arg3268His
1-15936050-C-T,synonymous_variant,p.Leu3270Leu
1-15936051-A-G,missense_variant,p.Thr3271Ala
1-15936056-T-C,synonymous_variant,p.Val3272Val
1-15936058-C-A,missense_variant,p.Thr3273Asn
1-15936062-C-T,synonymous_variant,p.Pro3274Pro
1-15936072-C-T,missense_variant,p.Leu3278Phe
1-15936079-G-A,missense_variant,p.Gly3280Glu
1-15936087-C-T,synonymous_variant,p.Leu3283Leu
1-15936110-C-T,synonymous_variant,p.Thr3290Thr
1-15936119-G-A,synonymous_variant,p.Val3293Val
1-15936125-T-C,synonymous_variant,p.Ile3295Ile
1-15936137-C-T,synonymous_variant,p.Ser3299Ser
1-15936143-G-A,synonymous_variant,p.Glu3301Glu
1-15936147-T-C,missense_variant,p.Phe3303Leu
1-15936155-G-A,synonymous_variant,p.Glu3305Glu
1-15936160-G-A,missense_variant,p.Arg3307Gln
1-15936160-G-C,missense_variant,p.Arg3307Pro
1-15936164-C-T,synonymous_variant,p.Tyr3308Tyr
1-15936165-G-A,missense_variant,p.Gly3309Ser
1-15936166-G-A,missense_variant,p.Gly3309Asp
1-15936170-C-T,synonymous_variant,p.Asp3310Asp
1-15936174-C-T,missense_variant,p.Arg3312Cys
1-15936175-G-A,missense_variant,p.Arg3312His
1-15936191-G-A,synonymous_variant,p.Pro3317Pro
1-15936191-G-T,synonymous_variant,p.Pro3317Pro
1-15936207-A-G,missense_variant,p.Thr3323Ala
1-15936218-C-T,synonymous_variant,p.Pro3326Pro
1-15936219-G-A,missense_variant,p.Ala3327Thr
1-15936220-C-T,missense_variant,p.Ala3327Val
1-15936222-G-A,missense_variant,p.Ala3328Thr
1-15936224-T-C,synonymous_variant,p.Ala3328Ala
1-15936228-T-C,missense_variant,p.Ser3330Pro
1-15936237-C-T,synonymous_variant,p.Leu3333Leu
1-15936239-G-A,synonymous_variant,p.Leu3333Leu
1-15936241-C-T,missense_variant,p.Pro3334Leu
1-15936244-C-G,missense_variant,p.Ser3335Cys
1-15936246-C-A,synonymous_variant,p.Arg3336Arg
1-15936246-C-T,missense_variant,p.Arg3336Trp
1-15936247-G-A,missense_variant,p.Arg3336Gln
1-15936249-A-G,missense_variant,p.Thr3337Ala
1-15936255-A-G,missense_variant,p.Thr3339Ala
1-15936258-G-A,missense_variant,p.Ala3340Thr
1-15936260-T-A,synonymous_variant,p.Ala3340Ala
1-15936269-GAGCC-G,splice_region_variant,c.10026+10_10026+13del
1-15936273-C-G,splice_region_variant,c.10026+7C>G
1-15936281-T-A,intron_variant,c.10026+15T>A
1-15936290-A-T,intron_variant,c.10026+24A>T
1-15936301-G-C,intron_variant,c.10026+35G>C
1-15936302-G-C,intron_variant,c.10026+36G>C
1-15936311-T-C,intron_variant,c.10026+45T>C
1-15936312-G-A,intron_variant,c.10026+46G>A
1-15936315-G-A,intron_variant,c.10026+49G>A
1-15936316-G-T,intron_variant,c.10026+50G>T
1-15937096-T-C,intron_variant,c.10027-67T>C
1-15937107-A-G,intron_variant,c.10027-56A>G
1-15937118-C-T,intron_variant,c.10027-45C>T
1-15937127-C-T,intron_variant,c.10027-36C>T
1-15937128-T-C,intron_variant,c.10027-35T>C
1-15937130-ACT-A,intron_variant,c.10027-30_10027-29del
1-15937132-T-C,intron_variant,c.10027-31T>C
1-15937147-T-G,intron_variant,c.10027-16T>G
1-15937154-C-T,intron_variant,c.10027-9C>T
1-15937165-C-T,splice_region_variant,c.10029C>T
1-15937165-CCCT-C,inframe_deletion,p.Pro3346del
1-15937170-C-A,missense_variant,p.Pro3345His
1-15937170-C-G,missense_variant,p.Pro3345Arg
1-15937172-C-A,missense_variant,p.Pro3346Thr
1-15937194-C-T,missense_variant,p.Pro3353Leu
1-15937196-C-T,missense_variant,p.Pro3354Ser
1-15937213-C-T,synonymous_variant,p.Ser3359Ser
1-15937225-C-G,synonymous_variant,p.Ala3363Ala
1-15937229-C-T,missense_variant,p.Pro3365Ser
1-15937238-C-T,missense_variant,p.Pro3368Ser
1-15937244-C-A,missense_variant,p.Pro3370Thr
1-15937245-C-T,missense_variant,p.Pro3370Leu
1-15937246-G-A,synonymous_variant,p.Pro3370Pro
1-15937248-C-T,missense_variant,p.Pro3371Leu
1-15937258-C-T,synonymous_variant,p.Leu3374Leu
1-15937259-G-A,missense_variant,p.Gly3375Ser
1-15937267-C-T,synonymous_variant,p.Pro3377Pro
1-15937268-G-A,missense_variant,p.Gly3378Ser
1-15937281-G-A,missense_variant,p.Ser3382Asn
1-15937293-C-T,missense_variant,p.Pro3386Leu
1-15937297-A-G,synonymous_variant,p.Gln3387Gln
1-15937298-G-A,missense_variant,p.Val3388Met
1-15937302-C-G,missense_variant,p.Ser3389Cys
1-15937315-G-A,synonymous_variant,p.Lys3393Lys
1-15937317-G-T,missense_variant,p.Gly3394Val
1-15937318-G-C,synonymous_variant,p.Gly3394Gly
1-15937326-C-T,missense_variant,p.Thr3397Met
1-15937329-G-A,missense_variant,p.Gly3398Glu
1-15937333-A-C,synonymous_variant,p.Val3399Val
1-15937340-C-G,missense_variant,p.Pro3402Ala
1-15937343-C-T,missense_variant,p.Arg3403Cys
1-15937349-C-T,missense_variant,p.Pro3405Ser
1-15937354-T-C,synonymous_variant,p.Ala3406Ala
1-15937357-A-G,synonymous_variant,p.Gly3407Gly
1-15937363-A-C,synonymous_variant,p.Ala3409Ala
1-15937368-G-T,missense_variant,p.Arg3411Met
1-15937369-G-A,synonymous_variant,p.Arg3411Arg
1-15937386-C-G,missense_variant,p.Thr3417Ser
1-15937388-C-G,missense_variant,p.Gln3418Glu
1-15937390-G-A,synonymous_variant,p.Gln3418Gln
1-15937390-G-T,missense_variant,p.Gln3418His
1-15937405-A-G,synonymous_variant,p.Gln3423Gln
1-15937411-A-C,missense_variant,p.Glu3425Asp
1-15937418-C-T,missense_variant,p.Pro3428Ser
1-15937419-C-T,missense_variant,p.Pro3428Leu
1-15937420-G-A,synonymous_variant,p.Pro3428Pro
1-15937422-C-G,missense_variant,p.Thr3429Ser
1-15937423-T-G,synonymous_variant,p.Thr3429Thr
1-15937424-T-A,missense_variant,p.Ser3430Thr
1-15937432-C-A,synonymous_variant,p.Pro3432Pro
1-15937436-C-T,missense_variant,p.Pro3434Ser
1-15937438-T-C,synonymous_variant,p.Pro3434Pro
1-15937440-T-C,missense_variant,p.Val3435Ala
1-15937451-A-G,missense_variant,p.Met3439Val
1-15937469-G-C,missense_variant,p.Val3445Leu
1-15937485-A-C,missense_variant,p.Gln3450Pro
1-15937503-C-T,missense_variant,p.Pro3456Leu
1-15937507-G-A,synonymous_variant,p.Leu3457Leu
1-15937511-G-A,missense_variant,p.Val3459Ile
1-15937519-A-C,synonymous_variant,p.Thr3461Thr
1-15937527-G-C,missense_variant,p.Gly3464Ala
1-15937531-C-T,synonymous_variant,p.Pro3465Pro
1-15937532-A-G,missense_variant,p.Ser3466Gly
1-15937537-C-T,synonymous_variant,p.Thr3467Thr
1-15937546-A-T,synonymous_variant,p.Gly3470Gly
1-15937549-G-A,synonymous_variant,p.Leu3471Leu
1-15937551-T-C,missense_variant,p.Val3472Ala
1-15937570-C-T,synonymous_variant,p.Phe3478Phe
1-15937572-A-G,missense_variant,p.Gln3479Arg
1-15937573-G-A,synonymous_variant,p.Gln3479Gln
1-15937575-C-T,missense_variant,p.Pro3480Leu
1-15937583-A-G,missense_variant,p.Lys3483Glu
1-15937592-T-G,missense_variant,p.Ser3486Ala
1-15937599-C-T,missense_variant,p.Pro3488Leu
1-15937611-C-G,missense_variant,p.Ser3492Cys
1-15937621-C-T,synonymous_variant,p.Pro3495Pro
1-15937622-G-A,missense_variant,p.Val3496Met
1-15937636-A-G,synonymous_variant,p.Gln3500Gln
1-15937643-A-G,missense_variant,p.Lys3503Glu
1-15937660-G-T,intron_variant,c.10509+15G>T
1-15937663-C-T,intron_variant,c.10509+18C>T
1-15937673-T-C,intron_variant,c.10509+28T>C
1-15937675-G-T,intron_variant,c.10509+30G>T
1-15937678-C-T,intron_variant,c.10509+33C>T
1-15937693-A-G,intron_variant,c.10509+48A>G
1-15937714-C-T,intron_variant,c.10509+69C>T
1-15937763-C-T,intron_variant,c.10510-49C>T
1-15937766-A-T,intron_variant,c.10510-46A>T
1-15937767-G-A,intron_variant,c.10510-45G>A
1-15937767-G-GTTCT,intron_variant,c.10510-45_10510-44insTTCT
1-15937768-C-T,intron_variant,c.10510-44C>T
1-15937769-G-A,intron_variant,c.10510-43G>A
1-15937769-G-C,intron_variant,c.10510-43G>C
1-15937770-AGGG-A,intron_variant,c.10510-40_10510-38del
1-15937773-G-A,intron_variant,c.10510-39G>A
1-15937776-C-T,intron_variant,c.10510-36C>T
1-15937777-A-T,intron_variant,c.10510-35A>T
1-15937780-A-C,intron_variant,c.10510-32A>C
1-15937787-TTCC-T,intron_variant,c.10510-23_10510-21del
1-15937789-C-T,intron_variant,c.10510-23C>T
1-15937792-G-GTC,intron_variant,c.10510-19_10510-18insCT
1-15937802-C-T,intron_variant,c.10510-10C>T
1-15937804-G-A,splice_region_variant,c.10510-8G>A
1-15937835-C-T,synonymous_variant,p.Gly3511Gly
1-15937838-G-C,synonymous_variant,p.Leu3512Leu
1-15937844-C-T,synonymous_variant,p.Ala3514Ala
1-15937853-T-C,synonymous_variant,p.Asn3517Asn
1-15937854-GAC-G,frameshift_variant,p.Thr3519SerfsTer23
1-15937859-A-G,synonymous_variant,p.Thr3519Thr
1-15937880-C-T,synonymous_variant,p.Phe3526Phe
1-15937881-G-A,missense_variant,p.Val3527Ile
1-15937895-C-T,synonymous_variant,p.Asn3531Asn
1-15937896-G-A,missense_variant,p.Val3532Ile
1-15937907-T-C,synonymous_variant,p.His3535His
1-15937908-C-T,missense_variant,p.Arg3536Trp
1-15937910-G-T,synonymous_variant,p.Arg3536Arg
1-15937914-C-T,synonymous_variant,p.Leu3538Leu
1-15937922-T-C,synonymous_variant,p.Leu3540Leu
1-15937923-T-A,missense_variant,p.Ser3541Thr
1-15937924-C-G,missense_variant,p.Ser3541Cys
1-15937931-A-C,synonymous_variant,p.Gly3543Gly
1-15937933-G-A,missense_variant,p.Gly3544Glu
1-15937933-G-T,missense_variant,p.Gly3544Val
1-15937940-A-T,synonymous_variant,p.Pro3546Pro
1-15937943-A-G,synonymous_variant,p.Leu3547Leu
1-15937954-A-G,missense_variant,p.Gln3551Arg
1-15937956-A-C,synonymous_variant,p.Arg3552Arg
1-15937958-G-A,synonymous_variant,p.Arg3552Arg
1-15937967-G-A,synonymous_variant,p.Leu3555Leu
1-15937973-A-C,synonymous_variant,p.Ala3557Ala
1-15937974-A-G,missense_variant,p.Thr3558Ala
1-15937974-A-T,missense_variant,p.Thr3558Ser
1-15937975-C-T,missense_variant,p.Thr3558Met
1-15937976-G-A,synonymous_variant,p.Thr3558Thr
1-15937985-A-G,synonymous_variant,p.Glu3561Glu
1-15937992-G-A,missense_variant,p.Ala3564Thr
1-15937995-C-G,missense_variant,p.Arg3565Gly
1-15937996-G-A,missense_variant,p.Arg3565Gln
1-15938003-G-A,missense_variant,p.Met3567Ile
1-15938005-C-T,missense_variant,p.Thr3568Met
1-15938007-G-GT,splice_donor_variant,c.10704+2dup
1-15938015-CTCA-C,intron_variant,c.10704+10_10704+12del
1-15938018-A-AGG,intron_variant,c.10704+13_10704+14dup
1-15938018-A-C,intron_variant,c.10704+12A>C
1-15938021-C-T,intron_variant,c.10704+15C>T
1-15938027-T-TG,intron_variant,c.10704+22dup
1-15938028-G-C,intron_variant,c.10704+22G>C
1-15938028-G-GGGGC,intron_variant,c.10704+22_10704+23insGGGC
1-15938029-A-G,intron_variant,c.10704+23A>G
1-15938030-G-GTTGCT,intron_variant,c.10704+24_10704+25insTTGCT
1-15938033-A-C,intron_variant,c.10704+27A>C
1-15938033-A-G,intron_variant,c.10704+27A>G
1-15938034-C-T,intron_variant,c.10704+28C>T
1-15938036-G-A,intron_variant,c.10704+30G>A
1-15938036-GC-G,intron_variant,c.10704+34del
1-15938037-C-G,intron_variant,c.10704+31C>G
1-15938038-C-G,intron_variant,c.10704+32C>G
1-15938039-C-A,intron_variant,c.10704+33C>A
1-15938039-C-T,intron_variant,c.10704+33C>T
1-15938044-T-C,intron_variant,c.10704+38T>C
1-15938047-A-C,intron_variant,c.10704+41A>C
1-15938047-A-G,intron_variant,c.10704+41A>G
1-15938051-A-C,intron_variant,c.10704+45A>C
1-15938053-G-A,intron_variant,c.10704+47G>A
1-15938058-C-T,intron_variant,c.10704+52C>T
1-15938080-A-G,intron_variant,c.10704+74A>G
1-15938657-G-A,intron_variant,c.10705-61G>A
1-15938662-T-C,intron_variant,c.10705-56T>C
1-15938664-G-C,intron_variant,c.10705-54G>C
1-15938668-G-T,intron_variant,c.10705-50G>T
1-15938680-G-A,intron_variant,c.10705-38G>A
1-15938687-C-T,intron_variant,c.10705-31C>T
1-15938691-C-G,intron_variant,c.10705-27C>G
1-15938697-G-A,intron_variant,c.10705-21G>A
1-15938701-G-T,intron_variant,c.10705-17G>T
1-15938722-A-G,missense_variant,p.Glu3570Gly
1-15938735-T-C,synonymous_variant,p.Cys3574Cys
1-15938736-C-T,synonymous_variant,p.Leu3575Leu
1-15938759-C-T,synonymous_variant,p.Gly3582Gly
1-15938771-G-A,synonymous_variant,p.Glu3586Glu
1-15938774-T-C,synonymous_variant,p.Asp3587Asp
1-15938780-G-A,synonymous_variant,p.Val3589Val
1-15938789-C-T,synonymous_variant,p.Thr3592Thr
1-15938799-A-G,missense_variant,p.Lys3596Glu
1-15938810-C-A,missense_variant,p.Phe3599Leu
1-15938816-T-G,synonymous_variant,p.Thr3601Thr
1-15938819-C-T,synonymous_variant,p.Tyr3602Tyr
1-15938822-G-A,synonymous_variant,p.Leu3603Leu
1-15938827-C-T,missense_variant,p.Ala3605Val
1-15938837-G-A,synonymous_variant,p.Ala3608Ala
1-15938846-C-T,synonymous_variant,p.Ile3611Ile
1-15938851-A-G,missense_variant,p.Asn3613Ser
1-15938853-G-A,missense_variant,p.Val3614Ile
1-15938853-G-C,missense_variant,p.Val3614Leu
1-15938870-C-T,synonymous_variant,p.Ser3619Ser
1-15938872-A-G,missense_variant,p.Asn3620Ser
1-15938879-C-T,splice_region_variant,c.10863+3C>T
1-15938897-C-T,intron_variant,c.10863+21C>T
1-15938905-T-G,intron_variant,c.10863+29T>G
1-15938906-G-A,intron_variant,c.10863+30G>A
1-15938908-A-G,intron_variant,c.10863+32A>G
1-15938909-C-T,intron_variant,c.10863+33C>T
1-15938910-A-AC,intron_variant,c.10863+37dup
1-15938911-C-A,intron_variant,c.10863+35C>A
1-15938920-G-A,intron_variant,c.10863+44G>A
1-15938927-A-G,intron_variant,c.10863+51A>G
1-15939230-C-T,intron_variant,c.10864-66C>T
1-15939233-A-G,intron_variant,c.10864-63A>G
1-15939252-G-A,intron_variant,c.10864-44G>A
1-15939255-G-A,intron_variant,c.10864-41G>A
1-15939258-G-A,intron_variant,c.10864-38G>A
1-15939264-C-T,intron_variant,c.10864-32C>T
1-15939275-T-C,intron_variant,c.10864-21T>C
1-15939281-C-G,intron_variant,c.10864-15C>G
1-15939283-A-G,intron_variant,c.10864-13A>G
1-15939301-C-A,synonymous_variant,p.Ala3623Ala
1-15939301-C-G,synonymous_variant,p.Ala3623Ala
1-15939304-C-T,synonymous_variant,p.Tyr3624Tyr
1-15939322-G-A,synonymous_variant,p.Pro3630Pro
1-15939326-T-G,missense_variant,p.Cys3632Gly
1-15939328-T-C,synonymous_variant,p.Cys3632Cys
1-15939335-T-G,missense_variant,p.Ser3635Ala
1-15939337-T-C,synonymous_variant,p.Ser3635Ser
1-15939352-C-T,synonymous_variant,p.Ser3640Ser
1-15939353-C-T,missense_variant,p.Arg3641Cys
1-15939354-G-A,missense_variant,p.Arg3641His
1-15939362-CCT-C,frameshift_variant,p.Pro3644ArgfsTer24
1-15939366-A-G,missense_variant,p.Asp3645Gly
1-15939380-A-T,missense_variant,p.Ile3650Phe
1-15939388-C-T,synonymous_variant,p.Asn3652Asn
1-15939409-T-A,synonymous_variant,p.Ile3659Ile
1-15939410-G-A,missense_variant,p.Val3660Ile
1-15939447-C-T,3_prime_UTR_variant,c.*20C>T
1-15939450-A-G,3_prime_UTR_variant,c.*23A>G
1-15939453-G-C,3_prime_UTR_variant,c.*26G>C
1-15939455-A-T,3_prime_UTR_variant,c.*28A>T
1-15939469-C-A,3_prime_UTR_variant,c.*42C>A
1-15939470-T-C,3_prime_UTR_variant,c.*43T>C
1-15939472-C-T,3_prime_UTR_variant,c.*45C>T
1-15939476-AAAAAC-A,3_prime_UTR_variant,c.*53_*57del
