variant_id,consequence,hgvs
16-30700772-A-T,5_prime_UTR_variant,c.-53A>T
16-30700777-A-G,5_prime_UTR_variant,c.-48A>G
16-30700779-C-G,5_prime_UTR_variant,c.-46C>G
16-30700786-A-G,5_prime_UTR_variant,c.-39A>G
16-30700787-T-C,5_prime_UTR_variant,c.-38T>C
16-30700793-A-T,5_prime_UTR_variant,c.-32A>T
16-30700798-T-C,5_prime_UTR_variant,c.-27T>C
16-30700802-A-G,5_prime_UTR_variant,c.-23A>G
16-30700803-G-A,5_prime_UTR_variant,c.-22G>A
16-30700805-G-A,5_prime_UTR_variant,c.-20G>A
16-30700809-G-T,5_prime_UTR_variant,c.-16G>T
16-30700810-C-T,5_prime_UTR_variant,c.-15C>T
16-30700837-C-T,missense_variant,p.Pro5Ser
16-30700839-C-T,synonymous_variant,p.Pro5Pro
16-30700842-C-G,synonymous_variant,p.Ser6Ser
16-30700843-C-T,missense_variant,p.Pro7Ser
16-30700844-C-T,missense_variant,p.Pro7Leu
16-30700849-C-G,missense_variant,p.His9Asp
16-30700849-C-T,missense_variant,p.His9Tyr
16-30700857-G-C,missense_variant,p.Gln11His
16-30700864-G-A,missense_variant,p.Val14Ile
16-30700869-A-G,synonymous_variant,p.Leu15Leu
16-30700872-G-A,synonymous_variant,p.Gln16Gln
16-30700875-A-G,synonymous_variant,p.Thr17Thr
16-30700881-T-G,splice_region_variant,c.54+3T>G
16-30700882-T-G,splice_region_variant,c.54+4T>G
16-30700905-C-G,intron_variant,c.54+27C>G
16-30700908-C-T,intron_variant,c.54+30C>T
16-30700921-G-T,intron_variant,c.54+43G>T
16-30700925-G-A,intron_variant,c.54+47G>A
16-30700937-G-A,intron_variant,c.54+59G>A
16-30700951-G-A,intron_variant,c.54+73G>A
16-30700951-G-T,intron_variant,c.54+73G>T
16-30704013-C-T,intron_variant,c.55-51C>T
16-30704016-A-AG,intron_variant,c.55-47dupG
16-30704016-A-G,intron_variant,c.55-48A>G
16-30704019-A-G,intron_variant,c.55-45A>G
16-30704022-G-T,intron_variant,c.55-42G>T
16-30704023-T-C,intron_variant,c.55-41T>C
16-30704025-C-T,intron_variant,c.55-39C>T
16-30704026-G-A,intron_variant,c.55-38G>A
16-30704031-A-G,intron_variant,c.55-33A>G
16-30704040-C-T,intron_variant,c.55-24C>T
16-30704042-C-T,intron_variant,c.55-22C>T
16-30704044-A-G,intron_variant,c.55-20A>G
16-30704047-A-G,intron_variant,c.55-17A>G
16-30704050-T-G,intron_variant,c.55-14T>G
16-30704052-C-T,intron_variant,c.55-12C>T
16-30704055-C-CT,intron_variant,c.55-5dup
16-30704055-C-T,intron_variant,c.55-9C>T
16-30704065-T-A,missense_variant,p.Met19Lys
16-30704071-C-T,missense_variant,p.Ser21Leu
16-30704072-G-A,synonymous_variant,p.Ser21Ser
16-30704075-C-T,synonymous_variant,p.Asp22Asp
16-30704076-G-A,missense_variant,p.Gly23Ser
16-30704092-A-G,missense_variant,p.Asn28Ser
16-30704095-C-T,missense_variant,p.Pro29Leu
16-30704099-G-A,synonymous_variant,p.Val30Val
16-30704110-C-T,missense_variant,p.Ser34Leu
16-30704123-A-G,synonymous_variant,p.Pro38Pro
16-30704124-G-T,missense_variant,p.Ala39Ser
16-30704133-G-A,missense_variant,p.Gly42Arg
16-30704136-G-A,missense_variant,p.Ala43Thr
16-30704141-C-T,synonymous_variant,p.Gly44Gly
16-30704153-G-A,synonymous_variant,p.Pro48Pro
16-30704153-G-C,synonymous_variant,p.Pro48Pro
16-30704156-G-A,synonymous_variant,p.Gln49Gln
16-30704156-G-T,missense_variant,p.Gln49His
16-30704159-C-A,missense_variant,p.His50Gln
16-30704159-C-T,synonymous_variant,p.His50His
16-30704160-A-G,missense_variant,p.Ile51Val
16-30704161-T-C,missense_variant,p.Ile51Thr
16-30704163-G-A,missense_variant,p.Ala52Thr
16-30704167-A-C,missense_variant,p.Gln53Pro
16-30704172-T-G,missense_variant,p.Ser55Ala
16-30704177-A-G,synonymous_variant,p.Ser56Ser
16-30704177-A-T,synonymous_variant,p.Ser56Ser
16-30704178-C-T,synonymous_variant,p.Leu57Leu
16-30704180-G-T,synonymous_variant,p.Leu57Leu
16-30704182-A-C,missense_variant,p.Asp58Ala
16-30704190-C-G,missense_variant,p.Pro61Ala
16-30704195-C-G,synonymous_variant,p.Gly62Gly
16-30704195-C-T,synonymous_variant,p.Gly62Gly
16-30704198-C-A,synonymous_variant,p.Pro63Pro
16-30704198-C-G,synonymous_variant,p.Pro63Pro
16-30704202-G-A,missense_variant,p.Asp65Asn
16-30704202-G-T,missense_variant,p.Asp65Tyr
16-30704212-C-T,missense_variant,p.Thr68Ile
16-30704217-C-T,missense_variant,p.Pro70Ser
16-30704219-C-G,synonymous_variant,p.Pro70Pro
16-30704221-T-G,missense_variant,p.Leu71Arg
16-30704228-G-A,synonymous_variant,p.Gly73Gly
16-30704229-T-C,missense_variant,p.Phe74Leu
16-30704233-G-C,missense_variant,p.Ser75Thr
16-30704238-T-C,missense_variant,p.Ser77Pro
16-30704250-G-C,missense_variant,p.Asp81His
16-30704253-C-T,synonymous_variant,p.Leu82Leu
16-30704259-A-G,missense_variant,p.Asn84Asp
16-30704262-A-G,missense_variant,p.Lys85Glu
16-30704268-C-A,missense_variant,p.Pro87Thr
16-30704270-G-A,synonymous_variant,p.Pro87Pro
16-30704272-A-C,missense_variant,p.Lys88Thr
16-30704279-G-C,missense_variant,p.Glu90Asp
16-30704280-A-G,missense_variant,p.Lys91Glu
16-30704286-C-A,missense_variant,p.His93Asn
16-30704287-A-G,missense_variant,p.His93Arg
16-30704287-A-T,missense_variant,p.His93Leu
16-30704291-C-T,synonymous_variant,p.Ala94Ala
16-30704303-A-G,synonymous_variant,p.Glu98Glu
16-30704304-C-G,missense_variant,p.Gln99Glu
16-30704319-C-T,splice_region_variant,c.306+4C>T
16-30704332-C-G,intron_variant,c.306+17C>G
16-30704341-A-G,intron_variant,c.306+26A>G
16-30704342-T-C,intron_variant,c.306+27T>C
16-30704344-C-A,intron_variant,c.306+29C>A
16-30704344-C-G,intron_variant,c.306+29C>G
16-30704345-T-G,intron_variant,c.306+30T>G
16-30704351-G-C,intron_variant,c.306+36G>C
16-30704353-T-TTACGGAAGATAACTCCCAAGA,intron_variant,c.306+38_306+39insTACGGAAGATAACTCCCAAGA
16-30704355-T-C,intron_variant,c.306+40T>C
16-30704356-C-A,intron_variant,c.306+41C>A
16-30704356-C-T,intron_variant,c.306+41C>T
16-30704357-T-G,intron_variant,c.306+42T>G
16-30704358-T-C,intron_variant,c.306+43T>C
16-30704360-C-T,intron_variant,c.306+45C>T
16-30704361-G-A,intron_variant,c.306+46G>A
16-30704368-C-T,intron_variant,c.306+53C>T
16-30704369-C-A,intron_variant,c.306+54C>A
16-30704390-A-G,intron_variant,c.306+75A>G
16-30707118-C-T,intron_variant,c.307-65C>T
16-30707135-T-A,intron_variant,c.307-48T>A
16-30707138-AGT-A,intron_variant,c.307-38_307-37del
16-30707148-T-C,intron_variant,c.307-35T>C
16-30707149-A-G,intron_variant,c.307-34A>G
16-30707159-A-G,intron_variant,c.307-24A>G
16-30707165-C-A,intron_variant,c.307-18C>A
16-30707165-C-T,intron_variant,c.307-18C>T
16-30707171-C-G,intron_variant,c.307-12C>G
16-30707175-C-T,splice_region_variant,c.307-8C>T
16-30707176-T-C,splice_region_variant,c.307-7T>C
16-30707177-G-C,splice_region_variant,c.307-6G>C
16-30707188-C-T,synonymous_variant,p.Ala104Ala
16-30707192-A-G,missense_variant,p.Ile106Val
16-30707194-C-T,synonymous_variant,p.Ile106Ile
16-30707216-C-T,missense_variant,p.Arg114Trp
16-30707217-G-C,missense_variant,p.Arg114Pro
16-30707221-G-C,missense_variant,p.Lys115Asn
16-30707236-A-C,synonymous_variant,p.Ser120Ser
16-30707236-A-G,synonymous_variant,p.Ser120Ser
16-30707245-G-A,synonymous_variant,p.Arg123Arg
16-30707246-C-T,synonymous_variant,p.Leu124Leu
16-30707253-A-G,missense_variant,p.Lys126Arg
16-30707254-G-A,synonymous_variant,p.Lys126Lys
16-30707255-G-A,missense_variant,p.Val127Met
16-30707260-A-G,synonymous_variant,p.Pro128Pro
16-30707260-A-T,synonymous_variant,p.Pro128Pro
16-30707265-C-T,missense_variant,p.Pro130Leu
16-30707266-C-T,synonymous_variant,p.Pro130Pro
16-30707269-T-C,synonymous_variant,p.Pro131Pro
16-30707272-C-T,synonymous_variant,p.Arg132Arg
16-30707278-A-G,synonymous_variant,p.Lys134Lys
16-30707279-G-A,missense_variant,p.Gly135Ser
16-30707281-T-C,synonymous_variant,p.Gly135Gly
16-30707285-T-C,missense_variant,p.Trp137Arg
16-30707292-A-G,missense_variant,p.Tyr139Cys
16-30707294-T-C,synonymous_variant,p.Leu140Leu
16-30707299-C-T,synonymous_variant,p.Cys141Cys
16-30707300-G-A,missense_variant,p.Glu142Lys
16-30707302-A-G,synonymous_variant,p.Glu142Glu
16-30707323-T-C,synonymous_variant,p.Ala149Ala
16-30707326-C-T,synonymous_variant,p.Asp150Asp
16-30707329-T-C,synonymous_variant,p.Phe151Phe
16-30707339-C-T,missense_variant,p.Arg155Cys
16-30707344-T-C,synonymous_variant,p.Arg156Arg
16-30707355-G-T,missense_variant,p.Gly160Val
16-30707359-G-T,synonymous_variant,p.Val161Val
16-30707360-G-T,missense_variant,p.Ala162Ser
16-30707365-G-A,synonymous_variant,p.Arg163Arg
16-30707365-G-T,synonymous_variant,p.Arg163Arg
16-30707367-A-AG,frameshift_variant,c.492+1dup
16-30707371-A-G,splice_region_variant,c.492+3A>G
16-30707372-G-A,splice_region_variant,c.492+4G>A
16-30707372-G-T,splice_region_variant,c.492+4G>T
16-30707377-T-G,intron_variant,c.492+9T>G
16-30707379-C-A,intron_variant,c.492+11C>A
16-30707379-C-T,intron_variant,c.492+11C>T
16-30707380-G-A,intron_variant,c.492+12G>A
16-30707389-T-G,intron_variant,c.492+21T>G
16-30707390-C-A,intron_variant,c.492+22C>A
16-30707393-T-A,intron_variant,c.492+25T>A
16-30707401-C-T,intron_variant,c.492+33C>T
16-30707415-T-C,intron_variant,c.492+47T>C
16-30707422-C-T,intron_variant,c.492+54C>T
16-30707520-G-A,intron_variant,c.493-52G>A
16-30707522-T-C,intron_variant,c.493-50T>C
16-30707528-A-C,intron_variant,c.493-44A>C
16-30707534-G-C,intron_variant,c.493-38G>C
16-30707537-T-A,intron_variant,c.493-35T>A
16-30707541-G-A,intron_variant,c.493-31G>A
16-30707541-G-C,intron_variant,c.493-31G>C
16-30707543-G-A,intron_variant,c.493-29G>A
16-30707550-C-T,intron_variant,c.493-22C>T
16-30707552-C-T,intron_variant,c.493-20C>T
16-30707558-C-T,intron_variant,c.493-14C>T
16-30707562-A-G,intron_variant,c.493-10A>G
16-30707565-C-G,splice_region_variant,c.493-7C>G
16-30707572-G-C,missense_variant,p.Val165Leu
16-30707577-G-A,synonymous_variant,p.Val166Val
16-30707580-C-G,synonymous_variant,p.Arg167Arg
16-30707589-C-G,missense_variant,p.Ile170Met
16-30707598-C-T,synonymous_variant,p.His173His
16-30707608-C-T,missense_variant,p.Arg177Trp
16-30707610-G-T,synonymous_variant,p.Arg177Arg
16-30707612-A-T,missense_variant,p.Gln178Leu
16-30707616-A-G,synonymous_variant,p.Lys179Lys
16-30707622-A-C,missense_variant,p.Glu181Asp
16-30707622-A-G,synonymous_variant,p.Glu181Glu
16-30707623-C-A,synonymous_variant,p.Arg182Arg
16-30707625-G-C,synonymous_variant,p.Arg182Arg
16-30707628-C-A,synonymous_variant,p.Ala183Ala
16-30707631-G-C,synonymous_variant,p.Arg184Arg
16-30707634-G-A,synonymous_variant,p.Arg185Arg
16-30707637-G-A,synonymous_variant,p.Glu186Glu
16-30707643-G-A,synonymous_variant,p.Gln188Gln
16-30707644-G-A,missense_variant,p.Ala189Thr
16-30707646-C-T,synonymous_variant,p.Ala189Ala
16-30707649-G-A,synonymous_variant,p.Lys190Lys
16-30707654-G-A,missense_variant,p.Arg192His
16-30707655-T-C,synonymous_variant,p.Arg192Arg
16-30707661-T-C,synonymous_variant,p.Ile194Ile
16-30707666-C-G,missense_variant,p.Ser196Cys
16-30707687-G-A,missense_variant,p.Arg203Lys
16-30707703-T-C,synonymous_variant,p.Asn208Asn
16-30707719-A-G,splice_region_variant,c.633+7A>G
16-30707721-T-C,intron_variant,c.633+9T>C
16-30707723-G-A,intron_variant,c.633+11G>A
16-30707725-G-T,intron_variant,c.633+13G>T
16-30707736-G-A,intron_variant,c.633+24G>A
16-30707745-C-T,intron_variant,c.633+33C>T
16-30707748-G-A,intron_variant,c.633+36G>A
16-30707754-G-C,intron_variant,c.633+42G>C
16-30707756-T-C,intron_variant,c.633+44T>C
16-30707768-G-A,intron_variant,c.633+56G>A
16-30707773-A-G,intron_variant,c.633+61A>G
16-30709448-A-G,intron_variant,c.634-65A>G
16-30709463-A-G,intron_variant,c.634-50A>G
16-30709472-A-G,intron_variant,c.634-41A>G
16-30709473-T-G,intron_variant,c.634-40T>G
16-30709478-A-G,intron_variant,c.634-35A>G
16-30709480-C-T,intron_variant,c.634-33C>T
16-30709483-G-A,intron_variant,c.634-30G>A
16-30709488-G-A,intron_variant,c.634-25G>A
16-30709490-A-G,intron_variant,c.634-23A>G
16-30709493-C-A,intron_variant,c.634-20C>A
16-30709502-A-G,intron_variant,c.634-11A>G
16-30709505-T-C,splice_region_variant,c.634-8T>C
16-30709519-C-A,missense_variant,p.Gln214Lys
16-30709530-A-G,synonymous_variant,p.Gln217Gln
16-30709540-C-T,missense_variant,p.Leu221Phe
16-30709557-A-G,synonymous_variant,p.Lys226Lys
16-30709588-G-C,missense_variant,p.Val237Leu
16-30709598-C-G,missense_variant,p.Thr240Ser
16-30709611-G-A,synonymous_variant,p.Ser244Ser
16-30709611-G-T,synonymous_variant,p.Ser244Ser
16-30709625-A-G,missense_variant,p.Gln249Arg
16-30709629-C-T,synonymous_variant,p.Ser250Ser
16-30709632-C-T,synonymous_variant,p.Leu251Leu
16-30709634-A-T,missense_variant,p.Asn252Ile
16-30709647-C-T,synonymous_variant,p.Thr256Thr
16-30709649-C-T,missense_variant,p.Ser257Phe
16-30709653-C-T,synonymous_variant,p.Ser258Ser
16-30709669-C-CCTTGCCTCGGCTCTTCCT,inframe_insertion,p.Cys265_Ser270dup
16-30709675-C-T,missense_variant,p.Leu266Phe
16-30709679-G-T,missense_variant,p.Gly267Val
16-30709698-C-T,synonymous_variant,p.Ser273Ser
16-30709702-C-T,missense_variant,p.Pro275Ser
16-30709708-C-T,missense_variant,p.Pro277Ser
16-30709711-C-A,missense_variant,p.Pro278Thr
16-30709712-C-G,missense_variant,p.Pro278Arg
16-30709721-G-A,missense_variant,p.Arg281His
16-30709722-C-T,synonymous_variant,p.Arg281Arg
16-30709725-G-A,synonymous_variant,p.Leu282Leu
16-30709727-A-T,missense_variant,p.Asp283Val
16-30709734-A-C,missense_variant,p.Glu285Asp
16-30709747-C-T,intron_variant,c.856+12C>T
16-30709766-C-G,intron_variant,c.856+31C>G
16-30709815-G-GC,intron_variant,c.857-33dup
16-30709825-T-C,intron_variant,c.857-26T>C
16-30709836-G-A,intron_variant,c.857-15G>A
16-30709854-G-A,missense_variant,p.Gly287Glu
16-30709861-T-C,synonymous_variant,p.Phe289Phe
16-30709862-C-G,missense_variant,p.Gln290Glu
16-30709864-A-G,synonymous_variant,p.Gln290Gln
16-30709872-A-G,missense_variant,p.Glu293Gly
16-30709873-GGAT-G,inframe_deletion,p.Asp294del
16-30709880-G-A,missense_variant,p.Glu296Lys
16-30709889-G-A,missense_variant,p.Asp299Asn
16-30709897-A-G,synonymous_variant,p.Glu301Glu
16-30709900-G-A,synonymous_variant,p.Thr302Thr
16-30709906-A-G,synonymous_variant,p.Glu304Glu
16-30709908-T-C,missense_variant,p.Val305Ala
16-30709940-G-A,missense_variant,p.Ala316Thr
16-30709941-C-T,missense_variant,p.Ala316Val
16-30709944-A-G,missense_variant,p.Gln317Arg
16-30709945-G-A,synonymous_variant,p.Gln317Gln
16-30709945-G-C,missense_variant,p.Gln317His
16-30709946-A-G,missense_variant,p.Arg318Gly
16-30709947-G-A,missense_variant,p.Arg318Lys
16-30709950-G-T,missense_variant,p.Arg319Leu
16-30709955-A-G,missense_variant,p.Ile321Val
16-30709961-C-T,synonymous_variant,p.Leu323Leu
16-30709963-G-C,synonymous_variant,p.Leu323Leu
16-30709963-G-T,synonymous_variant,p.Leu323Leu
16-30709969-C-A,synonymous_variant,p.Arg325Arg
16-30709970-C-G,missense_variant,p.Arg326Gly
16-30709970-C-T,missense_variant,p.Arg326Cys
16-30709971-G-T,missense_variant,p.Arg326Leu
16-30709982-T-C,synonymous_variant,p.Leu330Leu
16-30709987-A-C,synonymous_variant,p.Pro331Pro
16-30709988-C-T,synonymous_variant,p.Leu332Leu
16-30709997-C-T,synonymous_variant,p.Leu335Leu
16-30709999-G-A,synonymous_variant,p.Leu335Leu
16-30710002-C-T,synonymous_variant,p.Leu336Leu
16-30710003-C-T,missense_variant,p.Arg337Cys
16-30710008-C-T,synonymous_variant,p.Ser338Ser
16-30710011-T-C,synonymous_variant,p.Leu339Leu
16-30710024-T-C,synonymous_variant,p.Leu344Leu
16-30710026-G-A,synonymous_variant,p.Leu344Leu
16-30710028-A-G,missense_variant,p.Glu345Gly
16-30710032-G-C,synonymous_variant,p.Gly346Gly
16-30710033-C-T,missense_variant,p.Pro347Ser
16-30710037-C-T,missense_variant,p.Ser348Phe
16-30710047-T-G,synonymous_variant,p.Ser351Ser
16-30710048-C-A,missense_variant,p.Gln352Lys
16-30710049-A-G,missense_variant,p.Gln352Arg
16-30710050-A-G,synonymous_variant,p.Gln352Gln
16-30710051-A-G,missense_variant,p.Thr353Ala
16-30710052-C-T,missense_variant,p.Thr353Ile
16-30710053-C-T,synonymous_variant,p.Thr353Thr
16-30710058-C-T,missense_variant,p.Ser355Leu
16-30710059-A-G,synonymous_variant,p.Ser355Ser
16-30710067-A-G,missense_variant,p.Asp358Gly
16-30710079-G-A,missense_variant,p.Arg362Gln
16-30710092-A-G,synonymous_variant,p.Glu366Glu
16-30710097-G-A,missense_variant,p.Gly368Asp
16-30710100-C-T,missense_variant,p.Ala369Val
16-30710104-A-G,synonymous_variant,p.Glu370Glu
16-30710110-G-A,synonymous_variant,p.Glu372Glu
16-30710110-G-T,missense_variant,p.Glu372Asp
16-30710112-C-T,missense_variant,p.Pro373Leu
16-30710115-C-T,missense_variant,p.Pro374Leu
16-30710120-G-A,missense_variant,p.Val376Met
16-30710134-G-C,splice_region_variant,c.1134+6G>C
16-30710144-G-A,intron_variant,c.1134+16G>A
16-30710158-CAG-C,intron_variant,c.1134+33_1134+34del
16-30710161-A-G,intron_variant,c.1134+33A>G
16-30710169-CAG-C,intron_variant,c.1134+44_1134+45del
16-30710197-C-T,intron_variant,c.1134+69C>T
16-30710198-G-C,intron_variant,c.1134+70G>C
16-30710201-C-T,intron_variant,c.1134+73C>T
16-30710708-CTACTGTAACCT-C,intron_variant,c.1135-43_1135-33del
16-30710713-G-A,intron_variant,c.1135-41G>A
16-30710717-C-T,intron_variant,c.1135-37C>T
16-30710718-C-T,intron_variant,c.1135-36C>T
16-30710722-G-A,intron_variant,c.1135-32G>A
16-30710722-G-C,intron_variant,c.1135-32G>C
16-30710726-C-T,intron_variant,c.1135-28C>T
16-30710731-C-CT,intron_variant,c.1135-17dup
16-30710740-C-A,intron_variant,c.1135-14C>A
16-30710740-C-T,intron_variant,c.1135-14C>T
16-30710748-A-G,splice_region_variant,c.1135-6A>G
16-30710752-A-G,splice_acceptor_variant,c.1135-2A>G
16-30710754-A-G,missense_variant,p.Ile379Val
16-30710758-A-C,missense_variant,p.Lys380Thr
16-30710762-C-T,synonymous_variant,p.Pro381Pro
16-30710781-C-G,missense_variant,p.Gln388Glu
16-30710782-A-T,missense_variant,p.Gln388Leu
16-30710785-G-A,missense_variant,p.Arg389His
16-30710786-C-T,synonymous_variant,p.Arg389Arg
16-30710807-A-G,synonymous_variant,p.Pro396Pro
16-30710822-A-T,missense_variant,p.Glu401Asp
16-30710824-A-G,missense_variant,p.Glu402Gly
16-30710836-A-G,missense_variant,p.Asn406Ser
16-30710837-C-T,synonymous_variant,p.Asn406Asn
16-30710842-A-G,missense_variant,p.Glu408Gly
16-30710843-G-C,missense_variant,p.Glu408Asp
16-30710850-C-T,splice_region_variant,c.1228+3C>T
16-30710856-T-C,intron_variant,c.1228+9T>C
16-30710861-G-A,intron_variant,c.1228+14G>A
16-30710869-C-T,intron_variant,c.1228+22C>T
16-30710871-A-C,intron_variant,c.1228+24A>C
16-30710871-A-G,intron_variant,c.1228+24A>G
16-30710872-T-C,intron_variant,c.1228+25T>C
16-30710876-C-T,intron_variant,c.1228+29C>T
16-30710877-C-A,intron_variant,c.1228+30C>A
16-30710884-C-G,intron_variant,c.1228+37C>G
16-30710891-T-A,intron_variant,c.1228+44T>A
16-30710894-A-G,intron_variant,c.1228+47A>G
16-30710929-G-C,intron_variant,c.1229-70G>C
16-30710947-C-T,intron_variant,c.1229-52C>T
16-30710952-G-T,intron_variant,c.1229-47G>T
16-30710957-T-C,intron_variant,c.1229-42T>C
16-30710960-C-T,intron_variant,c.1229-39C>T
16-30710965-A-G,intron_variant,c.1229-34A>G
16-30710968-C-T,intron_variant,c.1229-31C>T
16-30710970-T-A,intron_variant,c.1229-29T>A
16-30710971-A-G,intron_variant,c.1229-28A>G
16-30710973-T-G,intron_variant,c.1229-26T>G
16-30710981-C-T,intron_variant,c.1229-18C>T
16-30710986-G-T,intron_variant,c.1229-13G>T
16-30710988-C-G,intron_variant,c.1229-11C>G
16-30710989-T-G,intron_variant,c.1229-10T>G
16-30710990-C-T,intron_variant,c.1229-9C>T
16-30711000-G-A,splice_region_variant,c.1230G>A
16-30711018-T-C,synonymous_variant,p.Thr416Thr
16-30711018-T-G,synonymous_variant,p.Thr416Thr
16-30711027-T-C,synonymous_variant,p.Ala419Ala
16-30711030-G-A,synonymous_variant,p.Glu420Glu
16-30711033-A-G,synonymous_variant,p.Glu421Glu
16-30711035-A-G,missense_variant,p.Gln422Arg
16-30711043-G-A,missense_variant,p.Gly425Arg
16-30711048-G-A,synonymous_variant,p.Glu426Glu
16-30711054-T-C,synonymous_variant,p.Asp428Asp
16-30711062-T-C,missense_variant,p.Met431Thr
16-30711071-G-A,missense_variant,p.Ser434Asn
16-30711083-G-A,missense_variant,p.Arg438Gln
16-30711093-CATTT-C,splice_region_variant,c.1318+7_1318+10del
16-30711100-C-T,intron_variant,c.1318+12C>T
16-30711104-C-T,intron_variant,c.1318+16C>T
16-30711105-A-G,intron_variant,c.1318+17A>G
16-30711113-A-G,intron_variant,c.1318+25A>G
16-30711117-A-AGAC,intron_variant,c.1318+29_1318+30insGAC
16-30711118-T-A,intron_variant,c.1318+30T>A
16-30711121-A-AAGTGGATG,intron_variant,c.1318+33_1318+34insAGTGGATG
16-30711124-T-C,intron_variant,c.1318+36T>C
16-30711125-G-A,intron_variant,c.1318+37G>A
16-30711127-T-TACTGCACACCGCAGACACCAA,intron_variant,c.1318+39_1318+40insACTGCACACCGCAGACACCAA
16-30711133-C-A,intron_variant,c.1318+45C>A
16-30711133-C-T,intron_variant,c.1318+45C>T
16-30711134-G-A,intron_variant,c.1318+46G>A
16-30711134-G-C,intron_variant,c.1318+46G>C
16-30711520-C-T,intron_variant,c.1319-51C>T
16-30711530-C-A,intron_variant,c.1319-41C>A
16-30711535-C-A,intron_variant,c.1319-36C>A
16-30711548-A-G,intron_variant,c.1319-23A>G
16-30711551-G-C,intron_variant,c.1319-20G>C
16-30711576-C-T,missense_variant,p.Leu442Phe
16-30711582-A-G,missense_variant,p.Met444Val
16-30711591-C-T,synonymous_variant,p.Leu447Leu
16-30711599-G-A,synonymous_variant,p.Gln449Gln
16-30711601-A-G,missense_variant,p.Gln450Arg
16-30711602-G-A,synonymous_variant,p.Gln450Gln
16-30711602-G-C,missense_variant,p.Gln450His
16-30711606-G-A,missense_variant,p.Ala452Thr
16-30711618-G-T,missense_variant,p.Ala456Ser
16-30711621-C-T,missense_variant,p.Pro457Ser
16-30711625-G-A,missense_variant,p.Gly458Asp
16-30711626-C-T,synonymous_variant,p.Gly458Gly
16-30711637-G-A,missense_variant,p.Ser462Asn
16-30711637-G-T,missense_variant,p.Ser462Ile
16-30711637-GTGAAGATGAGGA-G,inframe_deletion,p.Asp466_Glu469del
16-30711659-G-A,synonymous_variant,p.Glu469Glu
16-30711666-G-A,missense_variant,p.Ala472Thr
16-30711667-C-G,missense_variant,p.Ala472Gly
16-30711669-A-G,missense_variant,p.Asn473Asp
16-30711673-G-T,missense_variant,p.Ser474Ile
16-30711688-C-T,missense_variant,p.Pro479Leu
16-30711696-C-A,missense_variant,p.Pro482Thr
16-30711697-C-G,missense_variant,p.Pro482Arg
16-30711698-C-T,synonymous_variant,p.Pro482Pro
16-30711699-G-A,missense_variant,p.Val483Met
16-30711703-A-T,missense_variant,p.Glu484Val
16-30711705-G-A,missense_variant,p.Ala485Thr
16-30711706-C-T,missense_variant,p.Ala485Val
16-30711707-G-A,synonymous_variant,p.Ala485Ala
16-30711711-G-C,missense_variant,p.Glu487Gln
16-30711716-T-G,synonymous_variant,p.Pro488Pro
16-30711726-G-A,missense_variant,p.Asp492Asn
16-30711728-T-G,missense_variant,p.Asp492Glu
16-30711728-T-A,missense_variant,p.Asp492Glu
16-30711729-A-G,missense_variant,p.Ser493Gly
16-30711730-G-A,missense_variant,p.Ser493Asn
16-30711749-A-C,splice_region_variant,c.1492+5A>C
16-30711749-A-G,splice_region_variant,c.1492+5A>G
16-30711752-T-G,splice_region_variant,c.1492+8T>G
16-30711775-G-A,intron_variant,c.1492+31G>A
16-30711783-G-A,intron_variant,c.1492+39G>A
16-30711783-G-T,intron_variant,c.1492+39G>T
16-30711786-A-T,intron_variant,c.1492+42A>T
16-30711787-T-C,intron_variant,c.1492+43T>C
16-30711790-G-GAAGAGCAGGTATGATGAGC,intron_variant,c.1493-43_1493-25dup
16-30711797-A-G,intron_variant,c.1493-38A>G
16-30711803-G-A,intron_variant,c.1493-32G>A
16-30711805-T-C,intron_variant,c.1493-30T>C
16-30711809-C-T,intron_variant,c.1493-26C>T
16-30711810-A-G,intron_variant,c.1493-25A>G
16-30711816-C-T,intron_variant,c.1493-19C>T
16-30711817-C-T,intron_variant,c.1493-18C>T
16-30711826-A-G,intron_variant,c.1493-9A>G
16-30711827-C-A,splice_region_variant,c.1493-8C>A
16-30711827-C-T,splice_region_variant,c.1493-8C>T
16-30711828-C-G,splice_region_variant,c.1493-7C>G
16-30711829-C-G,splice_region_variant,c.1493-6C>G
16-30711835-A-T,missense_variant,p.Asp498Val
16-30711838-CTG-C,frameshift_variant,p.Val500GlyfsTer5
16-30711849-C-T,missense_variant,p.Arg503Trp
16-30711850-G-A,missense_variant,p.Arg503Gln
16-30711853-G-A,missense_variant,p.Ser504Asn
16-30711860-T-TGAGGAAGATGAACATTCAGAG,inframe_insertion,p.Asp509_Glu515dup
16-30711873-C-T,missense_variant,p.His511Tyr
16-30711879-G-C,missense_variant,p.Glu513Gln
16-30711887-A-G,synonymous_variant,p.Glu515Glu
16-30711888-G-A,missense_variant,p.Glu516Lys
16-30711901-G-A,missense_variant,p.Ser520Asn
16-30711908-A-G,synonymous_variant,p.Ala522Ala
16-30711912-G-GACTCTTC,frameshift_variant,p.Glu524AspfsTer6
16-30711914-G-GACTCA,frameshift_variant,p.Glu525ThrfsTer56
16-30711915-G-A,missense_variant,p.Glu525Lys
16-30711916-A-ATTC,protein_altering_variant,p.Glu525delinsAspSer
16-30711916-A-G,missense_variant,p.Glu525Gly
16-30711917-A-C,missense_variant,p.Glu525Asp
16-30711922-A-G,missense_variant,p.Glu527Gly
16-30711923-G-T,missense_variant,p.Glu527Asp
16-30711924-T-G,missense_variant,p.Ser528Ala
16-30711931-A-G,missense_variant,p.Glu530Gly
16-30711935-TGAG-T,inframe_deletion,p.Glu532del
16-30711946-A-G,missense_variant,p.Gln535Arg
16-30711947-A-G,synonymous_variant,p.Gln535Gln
16-30711950-A-G,synonymous_variant,p.Ser536Ser
16-30711953-G-C,missense_variant,p.Gln537His
16-30711956-C-T,synonymous_variant,p.Ser538Ser
16-30711961-C-T,missense_variant,p.Ala540Val
16-30711965-T-C,synonymous_variant,p.Asp541Asp
16-30711968-AGAG-A,inframe_deletion,p.Glu545del
16-30711972-G-A,missense_variant,p.Glu544Lys
16-30711973-A-C,missense_variant,p.Glu544Ala
16-30711974-G-A,synonymous_variant,p.Glu544Glu
16-30711975-G-A,missense_variant,p.Glu545Lys
16-30711977-A-T,missense_variant,p.Glu545Asp
16-30711978-G-A,missense_variant,p.Asp546Asn
16-30711983-T-G,missense_variant,p.Asp547Glu
16-30712011-A-G,missense_variant,p.Arg557Gly
16-30712022-G-A,synonymous_variant,p.Glu560Glu
16-30712050-CCT-C,frameshift_variant,p.Pro571TyrfsTer15
16-30712055-T-TGG,frameshift_variant,p.Thr572GlyfsTer8
16-30712056-A-G,missense_variant,p.Thr572Ala
16-30712057-C-G,missense_variant,p.Thr572Ser
16-30712058-TCC-T,frameshift_variant,p.Pro573ArgfsTer13
16-30712062-G-GGA,frameshift_variant,p.Pro575GlyfsTer5
16-30712067-C-T,synonymous_variant,p.Pro575Pro
16-30712068-A-C,missense_variant,p.Thr576Pro
16-30712071-A-G,missense_variant,p.Thr577Ala
16-30712079-T-A,synonymous_variant,p.Gly579Gly
16-30712085-G-A,synonymous_variant,p.Lys581Lys
16-30712094-T-C,synonymous_variant,p.Ile584Ile
16-30712094-T-G,missense_variant,p.Ile584Met
16-30712100-C-T,synonymous_variant,p.Asp586Asp
16-30712103-T-G,missense_variant,p.Ile587Met
16-30712109-A-G,synonymous_variant,p.Ala589Ala
16-30712112-A-T,synonymous_variant,p.Ala590Ala
16-30712141-C-T,missense_variant,p.Thr600Met
16-30712150-C-T,missense_variant,p.Thr603Met
16-30712151-G-A,synonymous_variant,p.Thr603Thr
16-30712154-C-T,synonymous_variant,p.Thr604Thr
16-30712178-C-G,intron_variant,c.1815+21C>G
16-30712180-C-T,intron_variant,c.1815+23C>T
16-30712180-CCTTTCTCATGTCTTGA-C,intron_variant,c.1815+36_1815+51del
16-30712188-A-G,intron_variant,c.1815+31A>G
16-30712189-T-C,intron_variant,c.1815+32T>C
16-30712195-G-C,intron_variant,c.1815+38G>C
16-30712206-G-A,intron_variant,c.1815+49G>A
16-30712221-G-A,intron_variant,c.1816-41G>A
16-30712222-C-T,intron_variant,c.1816-40C>T
16-30712232-A-G,intron_variant,c.1816-30A>G
16-30712241-C-T,intron_variant,c.1816-21C>T
16-30712242-C-T,intron_variant,c.1816-20C>T
16-30712244-A-G,intron_variant,c.1816-18A>G
16-30712245-T-C,intron_variant,c.1816-17T>C
16-30712251-C-T,intron_variant,c.1816-11C>T
16-30712252-T-C,intron_variant,c.1816-10T>C
16-30712269-C-T,missense_variant,p.Thr608Met
16-30712270-G-A,synonymous_variant,p.Thr608Thr
16-30712274-A-G,missense_variant,p.Ile610Val
16-30712280-C-T,synonymous_variant,p.Leu612Leu
16-30712309-C-T,synonymous_variant,p.Tyr621Tyr
16-30712318-T-C,synonymous_variant,p.Ile624Ile
16-30712324-A-G,synonymous_variant,p.Leu626Leu
16-30712327-C-T,synonymous_variant,p.Asp627Asp
16-30712341-T-C,missense_variant,p.Met632Thr
16-30712385-C-G,missense_variant,p.Leu647Val
16-30712405-C-G,synonymous_variant,p.Thr653Thr
16-30712408-C-T,synonymous_variant,p.Ile654Ile
16-30712414-G-C,synonymous_variant,p.Leu656Leu
16-30712426-G-A,synonymous_variant,p.Leu660Leu
16-30712427-G-C,missense_variant,p.Ala661Pro
16-30712428-C-CT,frameshift_variant,p.Cys662LeufsTer2
16-30712431-G-C,missense_variant,p.Cys662Ser
16-30712433-G-C,missense_variant,p.Glu663Gln
16-30712434-AG-A,frameshift_variant,p.Gly665ValfsTer7
16-30712436-A-C,missense_variant,p.Lys664Gln
16-30712438-A-G,splice_region_variant,c.1992A>G
16-30712439-G-C,missense_variant,p.Gly665Arg
16-30712440-G-C,splice_donor_variant,c.1993+1G>C
16-30712441-T-C,splice_donor_variant,c.1993+2T>C
16-30712451-A-G,intron_variant,c.1993+12A>G
16-30712464-T-C,intron_variant,c.1993+25T>C
16-30712467-TC-T,intron_variant,c.1993+33del
16-30712472-C-T,intron_variant,c.1993+33C>T
16-30712474-A-G,intron_variant,c.1993+35A>G
16-30712476-T-G,intron_variant,c.1993+37T>G
16-30712478-T-A,intron_variant,c.1993+39T>A
16-30712482-T-G,intron_variant,c.1993+43T>G
16-30712483-C-A,intron_variant,c.1993+44C>A
16-30712485-C-T,intron_variant,c.1993+46C>T
16-30712486-T-A,intron_variant,c.1993+47T>A
16-30712630-A-G,intron_variant,c.1994-49A>G
16-30712634-C-T,intron_variant,c.1994-45C>T
16-30712644-A-T,intron_variant,c.1994-35A>T
16-30712647-T-A,intron_variant,c.1994-32T>A
16-30712653-C-T,intron_variant,c.1994-26C>T
16-30712655-A-G,intron_variant,c.1994-24A>G
16-30712662-A-AT,intron_variant,c.1994-10dup
16-30712663-T-A,intron_variant,c.1994-16T>A
16-30712674-A-G,splice_region_variant,c.1994-5A>G
16-30712679-G-A,missense_variant,p.Gly665Asp
16-30712698-A-G,synonymous_variant,p.Leu671Leu
16-30712707-T-C,synonymous_variant,p.Val674Val
16-30712716-C-T,synonymous_variant,p.Ser677Ser
16-30712725-G-A,synonymous_variant,p.Leu680Leu
16-30712741-T-C,synonymous_variant,p.Leu686Leu
16-30712749-G-T,synonymous_variant,p.Arg688Arg
16-30712817-TTC-T,splice_region_variant,c.2130+3_2130+4del
16-30712819-C-T,splice_region_variant,c.2130+4C>T
16-30712821-A-AT,splice_region_variant,c.2130+7dup
16-30712821-A-T,splice_region_variant,c.2130+6A>T
16-30712824-T-A,intron_variant,c.2130+9T>A
16-30712826-T-TACTCTCCTCCCTCC,intron_variant,c.2130+11_2130+12insACTCTCCTCCCTCC
16-30712828-A-G,intron_variant,c.2130+13A>G
16-30712829-T-C,intron_variant,c.2130+14T>C
16-30712833-G-A,intron_variant,c.2130+18G>A
16-30712835-C-T,intron_variant,c.2130+20C>T
16-30712839-T-C,intron_variant,c.2130+24T>C
16-30712845-C-CCT,intron_variant,c.2130+31_2130+32insTC
16-30712851-A-G,intron_variant,c.2130+36A>G
16-30712852-T-C,intron_variant,c.2130+37T>C
16-30712857-C-T,intron_variant,c.2130+42C>T
16-30712862-AT-A,intron_variant,c.2130+52del
16-30712877-C-A,intron_variant,c.2130+62C>A
16-30713136-GTTTAGCATGTCT-G,intron_variant,c.2131-70_2131-59delTTAGCATGTCTT
16-30713151-CCTTTGCTCTCTTCT-C,intron_variant,c.2131-56_2131-43delCTTTGCTCTCTTCT
16-30713152-C-T,intron_variant,c.2131-56C>T
16-30713160-T-A,intron_variant,c.2131-48T>A
16-30713161-C-G,intron_variant,c.2131-47C>G
16-30713164-C-G,intron_variant,c.2131-44C>G
16-30713178-A-G,intron_variant,c.2131-30A>G
16-30713180-C-G,intron_variant,c.2131-28C>G
16-30713181-T-C,intron_variant,c.2131-27T>C
16-30713182-G-A,intron_variant,c.2131-26G>A
16-30713183-C-T,intron_variant,c.2131-25C>T
16-30713194-CTT-C,intron_variant,c.2131-12_2131-11del
16-30713195-T-C,intron_variant,c.2131-13T>C
16-30713198-G-C,intron_variant,c.2131-10G>C
16-30713199-A-T,intron_variant,c.2131-9A>T
16-30713200-TC-T,splice_region_variant,c.2131-5del
16-30713231-T-C,synonymous_variant,p.Phe718Phe
16-30713237-G-A,synonymous_variant,p.Val720Val
16-30713243-C-A,synonymous_variant,p.Ile722Ile
16-30713249-T-C,synonymous_variant,p.Ser724Ser
16-30713264-G-A,synonymous_variant,p.Leu729Leu
16-30713273-C-T,synonymous_variant,p.His732His
16-30713285-T-C,synonymous_variant,p.Arg736Arg
16-30713291-G-A,synonymous_variant,p.Lys738Lys
16-30713299-G-A,missense_variant,p.Arg741His
16-30713321-G-A,synonymous_variant,p.Ala748Ala
16-30713321-G-T,synonymous_variant,p.Ala748Ala
16-30713326-A-T,missense_variant,p.Asn750Ile
16-30713335-A-G,missense_variant,p.Asn753Ser
16-30713345-A-C,synonymous_variant,p.Ser756Ser
16-30713348-G-A,synonymous_variant,p.Gln757Gln
16-30713361-C-T,missense_variant,p.Leu762Phe
16-30713363-C-G,synonymous_variant,p.Leu762Leu
16-30713363-C-T,synonymous_variant,p.Leu762Leu
16-30713369-C-T,synonymous_variant,p.Asn764Asn
16-30713380-G-A,splice_region_variant,c.2300+3G>A
16-30713382-A-T,splice_region_variant,c.2300+5A>T
16-30713383-G-T,splice_region_variant,c.2300+6G>T
16-30713385-T-TG,intron_variant,c.2300+10dup
16-30713394-G-C,intron_variant,c.2300+17G>C
16-30713399-C-T,intron_variant,c.2300+22C>T
16-30713400-A-G,intron_variant,c.2300+23A>G
16-30713404-G-C,intron_variant,c.2300+27G>C
16-30713406-G-C,intron_variant,c.2300+29G>C
16-30713407-G-A,intron_variant,c.2300+30G>A
16-30713414-T-A,intron_variant,c.2300+37T>A
16-30713418-C-T,intron_variant,c.2300+41C>T
16-30713422-A-G,intron_variant,c.2300+45A>G
16-30713469-T-C,intron_variant,c.2301-50T>C
16-30713476-C-T,intron_variant,c.2301-43C>T
16-30713478-T-TG,intron_variant,c.2301-40dupG
16-30713481-T-C,intron_variant,c.2301-38T>C
16-30713486-A-G,intron_variant,c.2301-33A>G
16-30713487-T-C,intron_variant,c.2301-32T>C
16-30713488-ACT-A,intron_variant,c.2301-24_2301-23delCT
16-30713489-C-T,intron_variant,c.2301-30C>T
16-30713500-T-A,intron_variant,c.2301-19T>A
16-30713501-C-T,intron_variant,c.2301-18C>T
16-30713503-C-T,intron_variant,c.2301-16C>T
16-30713507-G-A,intron_variant,c.2301-12G>A
16-30713513-T-C,splice_region_variant,c.2301-6T>C
16-30713517-AGCCAGAGACGCCT-A,splice_acceptor_variant,c.2302_2314del
16-30713519-C-T,splice_region_variant,c.2301C>T
16-30713534-C-T,synonymous_variant,p.Leu772Leu
16-30713540-A-G,synonymous_variant,p.Thr774Thr
16-30713546-T-A,synonymous_variant,p.Thr776Thr
16-30713546-T-C,synonymous_variant,p.Thr776Thr
16-30713549-C-G,synonymous_variant,p.Pro777Pro
16-30713555-G-A,synonymous_variant,p.Gln779Gln
16-30713558-C-T,synonymous_variant,p.Asn780Asn
16-30713560-G-A,missense_variant,p.Ser781Asn
16-30713561-C-T,synonymous_variant,p.Ser781Ser
16-30713570-G-A,synonymous_variant,p.Glu784Glu
16-30713573-G-C,synonymous_variant,p.Leu785Leu
16-30713592-T-C,synonymous_variant,p.Leu792Leu
16-30713606-C-T,synonymous_variant,p.Val796Val
16-30713620-G-A,missense_variant,p.Arg801His
16-30713630-G-A,synonymous_variant,p.Lys804Lys
16-30713633-G-A,synonymous_variant,p.Glu805Glu
16-30713645-T-C,synonymous_variant,p.Asn809Asn
16-30713678-G-A,synonymous_variant,p.Glu820Glu
16-30713680-A-G,missense_variant,p.Tyr821Cys
16-30713681-T-C,synonymous_variant,p.Tyr821Tyr
16-30713682-A-G,missense_variant,p.Asn822Asp
16-30713696-C-G,synonymous_variant,p.Val826Val
16-30713699-A-G,synonymous_variant,p.Lys827Lys
16-30713702-C-T,synonymous_variant,p.Arg828Arg
16-30713705-C-G,synonymous_variant,p.Leu829Leu
16-30713705-C-T,synonymous_variant,p.Leu829Leu
16-30713717-G-T,splice_region_variant,c.2493+6G>T
16-30713718-C-G,splice_region_variant,c.2493+7C>G
16-30713720-T-C,intron_variant,c.2493+9T>C
16-30713722-C-T,intron_variant,c.2493+11C>T
16-30713724-A-C,intron_variant,c.2493+13A>C
16-30713724-A-G,intron_variant,c.2493+13A>G
16-30713733-C-A,intron_variant,c.2493+22C>A
16-30713733-C-CA,intron_variant,c.2493+23dup
16-30713733-C-T,intron_variant,c.2493+22C>T
16-30713734-A-G,intron_variant,c.2493+23A>G
16-30713737-G-A,intron_variant,c.2493+26G>A
16-30713738-T-C,intron_variant,c.2493+27T>C
16-30713742-G-A,intron_variant,c.2493+31G>A
16-30713743-G-T,intron_variant,c.2493+32G>T
16-30713746-A-G,intron_variant,c.2493+35A>G
16-30713747-T-A,intron_variant,c.2493+36T>A
16-30713749-G-GTTCCTTACCATTCCCAA,intron_variant,c.2493+39_2493+40insTCCTTACCATTCCCAAT
16-30713750-TAAGGA-T,intron_variant,c.2493+41_2493+45del
16-30713750-T-C,intron_variant,c.2493+39T>C
16-30713752-A-G,intron_variant,c.2493+41A>G
16-30713755-A-ATCCTT,intron_variant,c.2493+44_2493+45insTCCTT
16-30713756-A-G,intron_variant,c.2493+45A>G
16-30713757-C-A,intron_variant,c.2493+46C>A
16-30713758-C-T,intron_variant,c.2493+47C>T
16-30713761-T-TCCCAATAC,intron_variant,c.2493+52_2493+53insCAATACCC
16-30713761-T-TCCCAATA,intron_variant,c.2493+52_2493+53insCAATACC
16-30713762-C-CCCAATA,intron_variant,c.2493+52_2493+53insCAATAC
16-30713778-G-A,intron_variant,c.2493+67G>A
16-30716006-T-A,intron_variant,c.2494-60T>A
16-30716018-T-C,intron_variant,c.2494-48T>C
16-30716019-C-T,intron_variant,c.2494-47C>T
16-30716023-G-T,intron_variant,c.2494-43G>T
16-30716024-C-A,intron_variant,c.2494-42C>A
16-30716044-C-T,intron_variant,c.2494-22C>T
16-30716050-C-T,intron_variant,c.2494-16C>T
16-30716084-C-T,synonymous_variant,p.Leu838Leu
16-30716099-G-A,missense_variant,p.Val843Met
16-30716110-G-A,synonymous_variant,p.Glu846Glu
16-30716119-G-A,missense_variant,p.Met849Ile
16-30716122-C-T,synonymous_variant,p.Pro850Pro
16-30716124-A-G,missense_variant,p.Lys851Arg
16-30716131-C-T,synonymous_variant,p.Tyr853Tyr
16-30716132-G-C,missense_variant,p.Glu854Gln
16-30716134-G-A,synonymous_variant,p.Glu854Glu
16-30716141-A-T,missense_variant,p.Ile857Phe
16-30716144-C-T,missense_variant,p.Arg858Cys
16-30716145-G-A,missense_variant,p.Arg858His
16-30716146-C-T,synonymous_variant,p.Arg858Arg
16-30716150-A-C,synonymous_variant,p.Arg860Arg
16-30716152-G-C,missense_variant,p.Arg860Ser
16-30716161-G-A,synonymous_variant,p.Lys863Lys
16-30716162-C-T,missense_variant,p.Arg864Cys
16-30716164-T-C,synonymous_variant,p.Arg864Arg
16-30716167-A-G,synonymous_variant,p.Gln865Gln
16-30716169-G-A,missense_variant,p.Arg866His
16-30716192-G-T,missense_variant,p.Ala874Ser
16-30716193-C-T,missense_variant,p.Ala874Val
16-30716199-C-G,missense_variant,p.Thr876Ser
16-30716202-C-T,missense_variant,p.Thr877Ile
16-30716203-G-A,splice_donor_variant,c.2630+1G>A
16-30716214-A-C,intron_variant,c.2630+12A>C
16-30716215-G-C,intron_variant,c.2630+13G>C
16-30716217-A-AG,intron_variant,c.2630+18dup
16-30716218-G-C,intron_variant,c.2630+16G>C
16-30716219-G-T,intron_variant,c.2630+17G>T
16-30716220-G-A,intron_variant,c.2630+18G>A
16-30716223-G-A,intron_variant,c.2630+21G>A
16-30716225-C-T,intron_variant,c.2630+23C>T
16-30716234-T-C,intron_variant,c.2630+32T>C
16-30716236-G-A,intron_variant,c.2630+34G>A
16-30716236-G-T,intron_variant,c.2630+34G>T
16-30716238-G-A,intron_variant,c.2630+36G>A
16-30716239-A-AT,intron_variant,c.2630+39dup
16-30716240-T-G,intron_variant,c.2630+38T>G
16-30716246-T-C,intron_variant,c.2630+44T>C
16-30716251-G-T,intron_variant,c.2631-42G>T
16-30716252-T-G,intron_variant,c.2631-41T>G
16-30716253-G-A,intron_variant,c.2631-40G>A
16-30716262-G-A,intron_variant,c.2631-31G>A
16-30716264-C-A,intron_variant,c.2631-29C>A
16-30716264-C-T,intron_variant,c.2631-29C>T
16-30716265-G-A,intron_variant,c.2631-28G>A
16-30716283-C-G,intron_variant,c.2631-10C>G
16-30716283-C-T,intron_variant,c.2631-10C>T
16-30716288-C-T,splice_region_variant,c.2631-5C>T
16-30716310-C-G,missense_variant,p.Ala883Gly
16-30716313-C-T,missense_variant,p.Thr884Ile
16-30716314-A-G,synonymous_variant,p.Thr884Thr
16-30716317-C-A,synonymous_variant,p.Gly885Gly
16-30716318-C-A,missense_variant,p.His886Asn
16-30716327-A-G,missense_variant,p.Ser889Gly
16-30716329-C-T,synonymous_variant,p.Ser889Ser
16-30716339-A-G,missense_variant,p.Ile893Val
16-30716353-G-T,synonymous_variant,p.Leu897Leu
16-30716354-A-C,synonymous_variant,p.Arg898Arg
16-30716356-A-G,synonymous_variant,p.Arg898Arg
16-30716362-T-C,synonymous_variant,p.Val900Val
16-30716363-T-A,missense_variant,p.Cys901Ser
16-30716375-A-G,missense_variant,p.Asn905Asp
16-30716377-T-C,synonymous_variant,p.Asn905Asn
16-30716379-T-G,missense_variant,p.Leu906Arg
16-30716383-C-T,synonymous_variant,p.Phe907Phe
16-30716384-G-A,missense_variant,p.Asp908Asn
16-30716395-G-T,synonymous_variant,p.Pro911Pro
16-30716415-C-G,missense_variant,p.Thr918Ser
16-30716422-C-T,synonymous_variant,p.Gly920Gly
16-30716436-C-T,missense_variant,p.Thr925Ile
16-30716437-C-T,synonymous_variant,p.Thr925Thr
16-30716438-G-T,missense_variant,p.Ala926Ser
16-30716439-C-G,missense_variant,p.Ala926Gly
16-30716446-G-C,synonymous_variant,p.Leu928Leu
16-30716450-C-T,synonymous_variant,p.Leu930Leu
16-30716454-GGGCCAC-G,inframe_deletion,p.Ala932_Thr933del
16-30716460-C-T,missense_variant,p.Thr933Met
16-30716461-G-A,synonymous_variant,p.Thr933Thr
16-30716467-C-A,synonymous_variant,p.Val935Val
16-30716471-C-T,missense_variant,p.Pro937Ser
16-30716473-C-T,synonymous_variant,p.Pro937Pro
16-30716482-A-G,splice_region_variant,c.2817+3A>G
16-30716499-T-C,intron_variant,c.2817+20T>C
16-30716500-A-G,intron_variant,c.2817+21A>G
16-30716502-G-A,intron_variant,c.2817+23G>A
16-30716516-A-G,intron_variant,c.2817+37A>G
16-30716518-C-T,intron_variant,c.2817+39C>T
16-30716522-A-G,intron_variant,c.2817+43A>G
16-30716524-T-G,intron_variant,c.2817+45T>G
16-30716530-A-T,intron_variant,c.2817+51A>T
16-30716532-C-G,intron_variant,c.2817+53C>G
16-30720097-A-G,intron_variant,c.2818-65A>G
16-30720112-A-C,intron_variant,c.2818-50A>C
16-30720113-G-A,intron_variant,c.2818-49G>A
16-30720115-A-T,intron_variant,c.2818-47A>T
16-30720127-T-C,intron_variant,c.2818-35T>C
16-30720128-C-G,intron_variant,c.2818-34C>G
16-30720139-CTG-C,intron_variant,c.2818-20_2818-19del
16-30720147-T-G,intron_variant,c.2818-15T>G
16-30720148-C-T,intron_variant,c.2818-14C>T
16-30720162-C-T,missense_variant,p.Arg940Trp
16-30720163-G-A,missense_variant,p.Arg940Gln
16-30720165-A-G,missense_variant,p.Ile941Val
16-30720178-G-A,missense_variant,p.Arg945Gln
16-30720178-G-C,missense_variant,p.Arg945Pro
16-30720179-A-G,synonymous_variant,p.Arg945Arg
16-30720188-T-C,synonymous_variant,p.Leu948Leu
16-30720195-C-T,synonymous_variant,p.Leu951Leu
16-30720200-A-G,synonymous_variant,p.Glu952Glu
16-30720205-G-A,missense_variant,p.Arg954His
16-30720213-C-A,synonymous_variant,p.Arg957Arg
16-30720224-A-T,synonymous_variant,p.Ala960Ala
16-30720225-G-A,missense_variant,p.Asp961Asn
16-30720227-C-T,synonymous_variant,p.Asp961Asp
16-30720228-A-G,missense_variant,p.Thr962Ala
16-30720230-A-T,synonymous_variant,p.Thr962Thr
16-30720236-G-A,synonymous_variant,p.Leu964Leu
16-30720237-C-A,missense_variant,p.Pro965Thr
16-30720237-C-T,missense_variant,p.Pro965Ser
16-30720238-C-A,missense_variant,p.Pro965His
16-30720238-C-T,missense_variant,p.Pro965Leu
16-30720240-C-T,missense_variant,p.Arg966Trp
16-30720241-G-A,missense_variant,p.Arg966Gln
16-30720245-C-T,synonymous_variant,p.His967His
16-30720246-C-T,missense_variant,p.Arg968Cys
16-30720247-G-A,missense_variant,p.Arg968His
16-30720251-C-T,synonymous_variant,p.Leu969Leu
16-30720254-T-C,synonymous_variant,p.Ser970Ser
16-30720256-G-A,missense_variant,p.Arg971His
16-30720257-C-T,synonymous_variant,p.Arg971Arg
16-30720258-C-T,missense_variant,p.Arg972Trp
16-30720259-G-C,missense_variant,p.Arg972Pro
16-30720261-G-C,missense_variant,p.Val973Leu
16-30720263-A-T,synonymous_variant,p.Val973Val
16-30720266-G-A,synonymous_variant,p.Leu974Leu
16-30720267-T-C,synonymous_variant,p.Leu975Leu
16-30720272-A-G,synonymous_variant,p.Glu976Glu
16-30720275-G-A,synonymous_variant,p.Val977Val
16-30720278-T-C,synonymous_variant,p.Ala978Ala
16-30720309-C-G,missense_variant,p.Pro989Ala
16-30720311-A-T,synonymous_variant,p.Pro989Pro
16-30720328-A-G,missense_variant,p.Asn995Ser
16-30720335-C-T,splice_region_variant,c.2987+4C>T
16-30720336-A-C,splice_region_variant,c.2987+5A>C
16-30720339-G-T,splice_region_variant,c.2987+8G>T
16-30720340-A-G,intron_variant,c.2987+9A>G
16-30720341-C-T,intron_variant,c.2987+10C>T
16-30720343-A-G,intron_variant,c.2987+12A>G
16-30720349-T-C,intron_variant,c.2987+18T>C
16-30720350-G-T,intron_variant,c.2987+19G>T
16-30720353-G-A,intron_variant,c.2987+22G>A
16-30720354-G-A,intron_variant,c.2987+23G>A
16-30720355-G-T,intron_variant,c.2987+24G>T
16-30720357-T-TG,intron_variant,c.2987+28dup
16-30720375-G-C,intron_variant,c.2987+44G>C
16-30720388-CAGAGGGGCCTGGGGTGGGAAGAAA-C,intron_variant,c.2987+62_2987+85delGGGCCTGGGGTGGGAAGAAAAGAG
16-30720662-A-G,intron_variant,c.2988-51A>G
16-30720663-C-T,intron_variant,c.2988-50C>T
16-30720665-C-T,intron_variant,c.2988-48C>T
16-30720674-C-T,intron_variant,c.2988-39C>T
16-30720675-CT-C,intron_variant,c.2988-36del
16-30720678-C-T,intron_variant,c.2988-35C>T
16-30720690-A-G,intron_variant,c.2988-23A>G
16-30720691-C-T,intron_variant,c.2988-22C>T
16-30720693-C-T,intron_variant,c.2988-20C>T
16-30720695-CTT-C,intron_variant,c.2988-17_2988-16del
16-30720696-T-A,intron_variant,c.2988-17T>A
16-30720697-T-C,intron_variant,c.2988-16T>C
16-30720715-T-C,missense_variant,p.Met997Thr
16-30720717-C-T,synonymous_variant,p.Leu998Leu
16-30720719-G-A,synonymous_variant,p.Leu998Leu
16-30720737-A-G,synonymous_variant,p.Gln1004Gln
16-30720744-C-T,missense_variant,p.Arg1007Trp
16-30720745-G-A,missense_variant,p.Arg1007Gln
16-30720750-G-C,missense_variant,p.Val1009Leu
16-30720752-G-A,synonymous_variant,p.Val1009Val
16-30720759-G-T,missense_variant,p.Val1012Leu
16-30720767-C-T,synonymous_variant,p.Asn1014Asn
16-30720770-A-G,synonymous_variant,p.Pro1015Pro
16-30720776-G-A,synonymous_variant,p.Ala1017Ala
16-30720792-C-G,missense_variant,p.Pro1023Ala
16-30720794-A-T,synonymous_variant,p.Pro1023Pro
16-30720799-G-A,missense_variant,p.Arg1025Gln
16-30720805-C-T,missense_variant,p.Pro1027Leu
16-30720821-C-G,synonymous_variant,p.Leu1032Leu
16-30720822-T-C,missense_variant,p.Ser1033Pro
16-30720827-C-T,synonymous_variant,p.Ala1034Ala
16-30720846-G-A,missense_variant,p.Val1041Ile
16-30720849-C-T,missense_variant,p.Pro1042Ser
16-30720854-A-C,missense_variant,p.Gln1043His
16-30720854-A-G,synonymous_variant,p.Gln1043Gln
16-30720861-C-T,missense_variant,p.Pro1046Ser
16-30720869-A-C,synonymous_variant,p.Ser1048Ser
16-30720893-C-T,synonymous_variant,p.Ala1056Ala
16-30720894-G-A,missense_variant,p.Gly1057Arg
16-30720897-C-A,missense_variant,p.Pro1058Thr
16-30720897-C-T,missense_variant,p.Pro1058Ser
16-30720901-C-T,missense_variant,p.Pro1059Leu
16-30720905-T-C,synonymous_variant,p.Leu1060Leu
16-30720907-T-C,missense_variant,p.Ile1061Thr
16-30720908-T-C,synonymous_variant,p.Ile1061Ile
16-30720919-G-A,missense_variant,p.Arg1065Gln
16-30720937-T-C,missense_variant,p.Leu1071Pro
16-30720938-C-T,synonymous_variant,p.Leu1071Leu
16-30720948-C-G,missense_variant,p.Leu1075Val
16-30720957-A-G,missense_variant,p.Asn1078Asp
16-30720963-G-T,missense_variant,p.Gly1080Cys
16-30720969-C-G,missense_variant,p.Leu1082Val
16-30720971-C-T,synonymous_variant,p.Leu1082Leu
16-30720972-C-T,missense_variant,p.Pro1083Ser
16-30720974-C-A,synonymous_variant,p.Pro1083Pro
16-30720974-C-G,synonymous_variant,p.Pro1083Pro
16-30720996-C-G,intron_variant,c.3253+18C>G
16-30720998-AGGATGAT-A,intron_variant,c.3253+22_3253+28delGATGATG
16-30721002-T-C,intron_variant,c.3253+24T>C
16-30721007-C-A,intron_variant,c.3253+29C>A
16-30721007-C-G,intron_variant,c.3253+29C>G
16-30721007-C-T,intron_variant,c.3253+29C>T
16-30721008-G-A,intron_variant,c.3253+30G>A
16-30721023-G-C,intron_variant,c.3253+45G>C
16-30721152-A-C,intron_variant,c.3254-37A>C
16-30721154-G-A,intron_variant,c.3254-35G>A
16-30721155-G-A,intron_variant,c.3254-34G>A
16-30721189-T-C,missense_variant,p.Val1085Ala
16-30721198-C-A,missense_variant,p.Ser1088Tyr
16-30721201-C-T,missense_variant,p.Pro1089Leu
16-30721202-C-G,synonymous_variant,p.Pro1089Pro
16-30721202-C-T,synonymous_variant,p.Pro1089Pro
16-30721209-G-T,missense_variant,p.Val1092Phe
16-30721213-T-G,missense_variant,p.Leu1093Arg
16-30721217-T-C,synonymous_variant,p.Ser1094Ser
16-30721220-G-C,synonymous_variant,p.Gly1095Gly
16-30721222-C-A,missense_variant,p.Thr1096Asn
16-30721227-C-T,missense_variant,p.Arg1098Trp
16-30721228-G-C,missense_variant,p.Arg1098Pro
16-30721233-C-T,missense_variant,p.Pro1100Ser
16-30721237-C-A,missense_variant,p.Thr1101Lys
16-30721237-C-T,missense_variant,p.Thr1101Met
16-30721256-G-A,synonymous_variant,p.Lys1107Lys
16-30721274-A-G,synonymous_variant,p.Pro1113Pro
16-30721278-C-G,missense_variant,p.Arg1115Gly
16-30721279-G-T,missense_variant,p.Arg1115Leu
16-30721289-A-G,synonymous_variant,p.Pro1118Pro
16-30721296-C-T,missense_variant,p.Pro1121Ser
16-30721300-C-T,missense_variant,p.Pro1122Leu
16-30721323-C-T,missense_variant,p.Pro1130Ser
16-30721325-C-G,synonymous_variant,p.Pro1130Pro
16-30721330-C-T,missense_variant,p.Thr1132Ile
16-30721331-A-G,synonymous_variant,p.Thr1132Thr
16-30721334-G-A,synonymous_variant,p.Val1133Val
16-30721343-C-T,synonymous_variant,p.Gly1136Gly
16-30721344-T-C,missense_variant,p.Tyr1137His
16-30721348-C-T,missense_variant,p.Thr1138Ile
16-30721353-C-T,missense_variant,p.Pro1140Ser
16-30721376-T-C,synonymous_variant,p.Thr1147Thr
16-30721385-C-T,synonymous_variant,p.Thr1150Thr
16-30721388-G-A,synonymous_variant,p.Thr1151Thr
16-30721399-C-T,missense_variant,p.Thr1155Ile
16-30721403-C-A,synonymous_variant,p.Thr1156Thr
16-30721416-G-A,missense_variant,p.Ala1161Thr
16-30721421-G-A,synonymous_variant,p.Pro1162Pro
16-30721423-C-T,missense_variant,p.Thr1163Ile
16-30721425-C-T,missense_variant,p.Pro1164Ser
16-30721448-A-G,synonymous_variant,p.Leu1171Leu
16-30721454-C-T,synonymous_variant,p.Pro1173Pro
16-30721455-G-A,missense_variant,p.Asp1174Asn
16-30721456-A-G,missense_variant,p.Asp1174Gly
16-30721458-A-G,missense_variant,p.Met1175Val
16-30721467-C-T,missense_variant,p.Arg1178Cys
16-30721474-C-T,missense_variant,p.Pro1180Leu
16-30721498-GT-G,intron_variant,c.3541+23del
16-30721508-T-G,intron_variant,c.3541+32T>G
16-30721518-G-A,intron_variant,c.3541+42G>A
16-30721518-G-C,intron_variant,c.3541+42G>C
16-30721531-C-T,intron_variant,c.3541+55C>T
16-30721548-T-G,intron_variant,c.3541+72T>G
16-30722072-G-C,intron_variant,c.3542-50G>C
16-30722072-GTGT-G,intron_variant,c.3542-47_3542-45del
16-30722074-G-A,intron_variant,c.3542-48G>A
16-30722075-T-G,intron_variant,c.3542-47T>G
16-30722078-AGC-A,intron_variant,c.3542-43_3542-42del
16-30722084-A-G,intron_variant,c.3542-38A>G
16-30722088-G-T,intron_variant,c.3542-34G>T
16-30722090-C-G,intron_variant,c.3542-32C>G
16-30722094-T-C,intron_variant,c.3542-28T>C
16-30722098-C-T,intron_variant,c.3542-24C>T
16-30722104-G-T,intron_variant,c.3542-18G>T
16-30722108-TTC-T,intron_variant,c.3542-10_3542-9del
16-30722117-T-C,splice_region_variant,c.3542-5T>C
16-30722126-C-T,synonymous_variant,p.Gly1182Gly
16-30722130-G-A,missense_variant,p.Val1184Met
16-30722139-A-G,missense_variant,p.Ile1187Val
16-30722141-C-T,synonymous_variant,p.Ile1187Ile
16-30722142-G-A,missense_variant,p.Gly1188Arg
16-30722150-A-G,synonymous_variant,p.Leu1190Leu
16-30722156-A-C,synonymous_variant,p.Ser1192Ser
16-30722159-G-A,synonymous_variant,p.Leu1193Leu
16-30722167-G-A,missense_variant,p.Arg1196His
16-30722179-A-G,missense_variant,p.Asn1200Ser
16-30722181-G-A,missense_variant,p.Ala1201Thr
16-30722207-C-T,synonymous_variant,p.Phe1209Phe
16-30722234-G-T,missense_variant,p.Leu1218Phe
16-30722250-C-T,missense_variant,p.Arg1224Cys
16-30722251-G-A,missense_variant,p.Arg1224His
16-30722255-G-C,missense_variant,p.Gln1225His
16-30722256-C-G,missense_variant,p.Leu1226Val
16-30722259-G-A,missense_variant,p.Ala1227Thr
16-30722267-G-A,synonymous_variant,p.Gly1229Gly
16-30722275-G-A,missense_variant,p.Arg1232His
16-30722278-C-T,missense_variant,p.Pro1233Leu
16-30722279-G-A,synonymous_variant,p.Pro1233Pro
16-30722281-T-C,missense_variant,p.Leu1234Pro
16-30722300-AC-A,intron_variant,c.3706+19delC
16-30722301-C-T,intron_variant,c.3706+15C>T
16-30722303-C-G,intron_variant,c.3706+17C>G
16-30722304-CCT-C,intron_variant,c.3706+19_3706+20del
16-30722305-CT-C,intron_variant,c.3706+20del
16-30722311-T-C,intron_variant,c.3706+25T>C
16-30722321-C-T,intron_variant,c.3706+35C>T
16-30722324-C-T,intron_variant,c.3706+38C>T
16-30722326-C-G,intron_variant,c.3706+40C>G
16-30722330-C-T,intron_variant,c.3706+44C>T
16-30722331-C-T,intron_variant,c.3706+45C>T
16-30722333-GTC-G,intron_variant,c.3706+51_3706+52delCT
16-30722336-T-C,intron_variant,c.3706+50T>C
16-30722337-CTT-C,intron_variant,c.3706+53_3706+54del
16-30722339-T-C,intron_variant,c.3706+53T>C
16-30722344-T-A,intron_variant,c.3706+58T>A
16-30722497-C-G,intron_variant,c.3707-66C>G
16-30722515-C-T,intron_variant,c.3707-48C>T
16-30722516-A-C,intron_variant,c.3707-47A>C
16-30722518-G-C,intron_variant,c.3707-45G>C
16-30722529-C-G,intron_variant,c.3707-34C>G
16-30722530-T-C,intron_variant,c.3707-33T>C
16-30722530-T-TTC,intron_variant,c.3707-23_3707-22dup
16-30722530-TTC-T,intron_variant,c.3707-23_3707-22del
16-30722530-TTCTC-T,intron_variant,c.3707-25_3707-22del
16-30722532-C-G,intron_variant,c.3707-31C>G
16-30722534-C-T,intron_variant,c.3707-29C>T
16-30722538-C-T,intron_variant,c.3707-25C>T
16-30722538-CTCTT-C,intron_variant,c.3707-21_3707-18del
16-30722544-C-A,intron_variant,c.3707-19C>A
16-30722566-A-G,missense_variant,p.Asn1237Ser
16-30722571-G-T,missense_variant,p.Val1239Leu
16-30722576-C-G,missense_variant,p.His1240Gln
16-30722576-C-T,synonymous_variant,p.His1240His
16-30722577-C-A,missense_variant,p.Leu1241Ile
16-30722577-C-T,missense_variant,p.Leu1241Phe
16-30722579-C-G,synonymous_variant,p.Leu1241Leu
16-30722585-A-G,synonymous_variant,p.Ser1243Ser
16-30722594-G-T,synonymous_variant,p.Gly1246Gly
16-30722600-C-T,synonymous_variant,p.His1248His
16-30722603-T-C,synonymous_variant,p.His1249His
16-30722611-G-A,missense_variant,p.Ser1252Asn
16-30722623-A-G,missense_variant,p.His1256Arg
16-30722624-T-G,missense_variant,p.His1256Gln
16-30722631-C-T,missense_variant,p.Leu1259Phe
16-30722633-C-T,synonymous_variant,p.Leu1259Leu
16-30722642-C-T,synonymous_variant,p.Ala1262Ala
16-30722650-C-T,missense_variant,p.Pro1265Leu
16-30722651-G-A,synonymous_variant,p.Pro1265Pro
16-30722663-T-C,synonymous_variant,p.Pro1269Pro
16-30722665-C-T,missense_variant,p.Thr1270Ile
16-30722696-C-T,synonymous_variant,p.Pro1280Pro
16-30722703-A-T,missense_variant,p.Thr1283Ser
16-30722707-C-G,missense_variant,p.Pro1284Arg
16-30722711-C-T,synonymous_variant,p.Ala1285Ala
16-30722713-C-G,missense_variant,p.Pro1286Arg
16-30722714-T-C,synonymous_variant,p.Pro1286Pro
16-30722720-C-T,synonymous_variant,p.Gly1288Gly
16-30722724-A-G,missense_variant,p.Ser1290Gly
16-30722730-C-G,missense_variant,p.Pro1292Ala
16-30722732-G-A,synonymous_variant,p.Pro1292Pro
16-30722746-A-C,missense_variant,p.Gln1297Pro
16-30722755-C-T,splice_region_variant,c.3892+7C>T
16-30722757-C-T,intron_variant,c.3892+9C>T
16-30722757-C-G,intron_variant,c.3892+9C>G
16-30722767-C-A,intron_variant,c.3892+19C>A
16-30722767-C-CTACT,intron_variant,c.3892+22_3892+25dup
16-30722767-C-G,intron_variant,c.3892+19C>G
16-30722777-C-T,intron_variant,c.3892+29C>T
16-30722783-G-T,intron_variant,c.3892+35G>T
16-30722786-C-T,intron_variant,c.3892+38C>T
16-30722790-G-A,intron_variant,c.3892+42G>A
16-30722797-C-T,intron_variant,c.3892+49C>T
16-30722806-G-A,intron_variant,c.3892+58G>A
16-30722892-C-T,intron_variant,c.3893-71C>T
16-30722896-A-G,intron_variant,c.3893-67A>G
16-30722913-G-A,intron_variant,c.3893-50G>A
16-30722916-C-T,intron_variant,c.3893-47C>T
16-30722918-T-C,intron_variant,c.3893-45T>C
16-30722919-T-C,intron_variant,c.3893-44T>C
16-30722926-T-A,intron_variant,c.3893-37T>A
16-30722934-C-T,intron_variant,c.3893-29C>T
16-30722939-T-C,intron_variant,c.3893-24T>C
16-30722941-TCAGTGTAGCTTCCTCTTG-T,splice_region_variant,c.3893-16_3894delTAGCTTCCTCTTGCAGTG
16-30722944-G-A,intron_variant,c.3893-19G>A
16-30722944-G-C,intron_variant,c.3893-19G>C
16-30722945-T-C,intron_variant,c.3893-18T>C
16-30722968-C-T,missense_variant,p.Pro1300Ser
16-30722972-C-T,missense_variant,p.Thr1301Ile
16-30722976-G-A,missense_variant,p.Met1302Ile
16-30722979-G-A,synonymous_variant,p.Val1303Val
16-30722992-G-A,missense_variant,p.Val1308Met
16-30723004-G-T,missense_variant,p.Val1312Leu
16-30723014-A-G,missense_variant,p.Gln1315Arg
16-30723015-A-G,synonymous_variant,p.Gln1315Gln
16-30723016-G-C,missense_variant,p.Ala1316Pro
16-30723018-C-T,synonymous_variant,p.Ala1316Ala
16-30723022-C-T,missense_variant,p.Arg1318Trp
16-30723036-T-G,synonymous_variant,p.Thr1322Thr
16-30723040-G-A,missense_variant,p.Val1324Ile
16-30723048-A-G,synonymous_variant,p.Pro1326Pro
16-30723062-C-G,missense_variant,p.Pro1331Arg
16-30723064-C-T,missense_variant,p.Arg1332Trp
16-30723065-G-A,missense_variant,p.Arg1332Gln
16-30723067-C-A,missense_variant,p.Pro1333Thr
16-30723068-C-T,missense_variant,p.Pro1333Leu
16-30723071-C-T,missense_variant,p.Pro1334Leu
16-30723072-G-A,synonymous_variant,p.Pro1334Pro
16-30723086-C-G,missense_variant,p.Pro1339Arg
16-30723098-A-C,missense_variant,p.Asn1343Thr
16-30723100-C-T,missense_variant,p.Pro1344Ser
16-30723101-C-A,missense_variant,p.Pro1344Gln
16-30723104-G-A,missense_variant,p.Arg1345His
16-30723110-C-T,missense_variant,p.Thr1347Met
16-30723111-G-A,synonymous_variant,p.Thr1347Thr
16-30723111-G-C,synonymous_variant,p.Thr1347Thr
16-30723118-C-G,missense_variant,p.Pro1350Ala
16-30723125-G-A,missense_variant,p.Arg1352Gln
16-30723126-G-T,synonymous_variant,p.Arg1352Arg
16-30723129-A-C,synonymous_variant,p.Leu1353Leu
16-30723130-C-T,missense_variant,p.Pro1354Ser
16-30723133-A-G,missense_variant,p.Thr1355Ala
16-30723135-A-G,synonymous_variant,p.Thr1355Thr
16-30723146-G-T,missense_variant,p.Gly1359Val
16-30723149-C-G,missense_variant,p.Thr1360Ser
16-30723149-C-T,missense_variant,p.Thr1360Ile
16-30723152-C-T,missense_variant,p.Ala1361Val
16-30723153-T-C,synonymous_variant,p.Ala1361Ala
16-30723156-A-G,synonymous_variant,p.Arg1362Arg
16-30723158-C-G,missense_variant,p.Ala1363Gly
16-30723165-G-A,missense_variant,p.Met1365Ile
16-30723165-G-T,missense_variant,p.Met1365Ile
16-30723168-C-A,synonymous_variant,p.Pro1366Pro
16-30723171-A-G,synonymous_variant,p.Thr1367Thr
16-30723172-C-T,missense_variant,p.Pro1368Ser
16-30723175-A-G,missense_variant,p.Thr1369Ala
16-30723180-G-T,synonymous_variant,p.Leu1370Leu
16-30723185-G-C,missense_variant,p.Arg1372Thr
16-30723189-T-C,synonymous_variant,p.Pro1373Pro
16-30723189-T-G,synonymous_variant,p.Pro1373Pro
16-30723190-C-T,missense_variant,p.Leu1374Phe
16-30723205-C-T,missense_variant,p.His1379Tyr
16-30723207-C-T,synonymous_variant,p.His1379His
16-30723216-A-G,synonymous_variant,p.Ser1382Ser
16-30723218-C-G,missense_variant,p.Pro1383Arg
16-30723222-A-C,missense_variant,p.Glu1384Asp
16-30723226-A-G,missense_variant,p.Ser1386Gly
16-30723227-G-A,missense_variant,p.Ser1386Asn
16-30723244-C-T,intron_variant,c.4159+15C>T
16-30723253-G-A,intron_variant,c.4159+24G>A
16-30723254-A-T,intron_variant,c.4159+25A>T
16-30723257-TCC-T,intron_variant,c.4159+29_4159+30del
16-30723258-C-G,intron_variant,c.4159+29C>G
16-30723260-T-TTC,intron_variant,c.4159+32_4159+33insCT
16-30723268-A-G,intron_variant,c.4159+39A>G
16-30723272-G-A,intron_variant,c.4159+43G>A
16-30723276-C-T,intron_variant,c.4159+47C>T
16-30723284-G-A,intron_variant,c.4159+55G>A
16-30723285-G-A,intron_variant,c.4159+56G>A
16-30723522-G-C,intron_variant,c.4160-62G>C
16-30723524-CAG-C,intron_variant,c.4160-59_4160-58delAG
16-30723538-G-T,intron_variant,c.4160-46G>T
16-30723554-C-G,intron_variant,c.4160-30C>G
16-30723569-C-T,intron_variant,c.4160-15C>T
16-30723573-T-C,intron_variant,c.4160-11T>C
16-30723591-C-A,synonymous_variant,p.Ala1389Ala
16-30723591-C-T,synonymous_variant,p.Ala1389Ala
16-30723594-C-T,synonymous_variant,p.Pro1390Pro
16-30723613-A-G,missense_variant,p.Ile1397Val
16-30723619-TCTC-T,inframe_deletion,p.Pro1400del
16-30723623-C-G,missense_variant,p.Pro1400Arg
16-30723627-C-G,synonymous_variant,p.Leu1401Leu
16-30723628-C-T,missense_variant,p.His1402Tyr
16-30723631-G-A,missense_variant,p.Val1403Met
16-30723634-C-T,missense_variant,p.Pro1404Ser
16-30723636-A-G,synonymous_variant,p.Pro1404Pro
16-30723639-C-T,synonymous_variant,p.Ser1405Ser
16-30723642-C-A,synonymous_variant,p.Ser1406Ser
16-30723646-C-G,missense_variant,p.Pro1408Ala
16-30723652-C-T,missense_variant,p.Pro1410Ser
16-30723659-C-T,missense_variant,p.Ser1412Phe
16-30723662-C-T,missense_variant,p.Ser1413Phe
16-30723665-C-T,missense_variant,p.Pro1414Leu
16-30723667-A-C,missense_variant,p.Met1415Leu
16-30723667-A-G,missense_variant,p.Met1415Val
16-30723668-T-C,missense_variant,p.Met1415Thr
16-30723677-C-G,missense_variant,p.Pro1418Arg
16-30723680-A-C,missense_variant,p.Asn1419Thr
16-30723680-A-G,missense_variant,p.Asn1419Ser
16-30723692-T-G,missense_variant,p.Leu1423Arg
16-30723715-G-A,missense_variant,p.Val1431Ile
16-30723717-C-G,synonymous_variant,p.Val1431Val
16-30723726-A-G,synonymous_variant,p.Pro1434Pro
16-30723739-C-A,missense_variant,p.Leu1439Ile
16-30723753-C-T,synonymous_variant,p.Val1443Val
16-30723755-C-T,missense_variant,p.Pro1444Leu
16-30723756-C-G,synonymous_variant,p.Pro1444Pro
16-30723760-A-G,missense_variant,p.Thr1446Ala
16-30723761-C-T,missense_variant,p.Thr1446Ile
16-30723766-C-T,missense_variant,p.Pro1448Ser
16-30723774-A-T,synonymous_variant,p.Pro1450Pro
16-30723775-G-C,missense_variant,p.Ala1451Pro
16-30723779-C-T,missense_variant,p.Ser1452Leu
16-30723791-C-A,missense_variant,p.Thr1456Asn
16-30723793-A-G,missense_variant,p.Ile1457Val
16-30723796-C-A,missense_variant,p.Pro1458Thr
16-30723801-C-T,synonymous_variant,p.Ile1459Ile
16-30723804-A-G,synonymous_variant,p.Ser1460Ser
16-30723810-C-T,synonymous_variant,p.Pro1462Pro
16-30723814-A-C,missense_variant,p.Thr1464Pro
16-30723825-T-A,synonymous_variant,p.Ala1467Ala
16-30723827-C-T,missense_variant,p.Ser1468Leu
16-30723828-G-T,synonymous_variant,p.Ser1468Ser
16-30723830-G-T,missense_variant,p.Gly1469Val
16-30723837-T-C,synonymous_variant,p.Ala1471Ala
16-30723838-C-T,synonymous_variant,p.Leu1472Leu
16-30723839-T-A,missense_variant,p.Leu1472Gln
16-30723841-T-C,synonymous_variant,p.Leu1473Leu
16-30723843-G-T,missense_variant,p.Leu1473Phe
16-30723864-G-C,missense_variant,p.Leu1480Phe
16-30723868-C-T,missense_variant,p.Pro1482Ser
16-30723874-G-T,missense_variant,p.Val1484Phe
16-30723878-C-T,missense_variant,p.Pro1485Leu
16-30723881-C-T,missense_variant,p.Ala1486Val
16-30723882-G-A,synonymous_variant,p.Ala1486Ala
16-30723887-C-T,missense_variant,p.Pro1488Leu
16-30723891-A-G,synonymous_variant,p.Gly1489Gly
16-30723897-C-G,synonymous_variant,p.Pro1491Pro
16-30723900-C-T,synonymous_variant,p.Ser1492Ser
16-30723907-C-T,missense_variant,p.Pro1495Ser
16-30723912-T-C,synonymous_variant,p.Ser1496Ser
16-30723917-C-G,missense_variant,p.Ala1498Gly
16-30723917-C-T,missense_variant,p.Ala1498Val
16-30723919-T-G,missense_variant,p.Ser1499Ala
16-30723922-C-G,missense_variant,p.Pro1500Ala
16-30723923-C-T,missense_variant,p.Pro1500Leu
16-30723924-G-A,synonymous_variant,p.Pro1500Pro
16-30723928-G-A,missense_variant,p.Ala1502Thr
16-30723951-G-A,synonymous_variant,p.Leu1509Leu
16-30723961-C-G,missense_variant,p.Pro1513Ala
16-30723966-C-T,synonymous_variant,p.Ser1514Ser
16-30723967-C-A,missense_variant,p.Leu1515Met
16-30723977-C-T,missense_variant,p.Ser1518Phe
16-30723982-A-G,missense_variant,p.Thr1520Ala
16-30723987-T-A,synonymous_variant,p.Pro1521Pro
16-30723987-T-C,synonymous_variant,p.Pro1521Pro
16-30723994-C-A,missense_variant,p.Pro1524Thr
16-30724009-C-T,missense_variant,p.Pro1529Ser
16-30724011-C-T,synonymous_variant,p.Pro1529Pro
16-30724012-A-G,missense_variant,p.Thr1530Ala
16-30724013-C-T,missense_variant,p.Thr1530Ile
16-30724017-T-A,synonymous_variant,p.Ser1531Ser
16-30724020-A-C,synonymous_variant,p.Ser1532Ser
16-30724022-A-G,missense_variant,p.His1533Arg
16-30724027-C-G,missense_variant,p.Pro1535Ala
16-30724027-C-T,missense_variant,p.Pro1535Ser
16-30724029-A-G,synonymous_variant,p.Pro1535Pro
16-30724041-A-AACC,inframe_insertion,p.Thr1540dup
16-30724042-A-C,missense_variant,p.Thr1540Pro
16-30724042-A-G,missense_variant,p.Thr1540Ala
16-30724045-G-A,missense_variant,p.Val1541Met
16-30724052-C-T,missense_variant,p.Pro1543Leu
16-30724066-G-C,missense_variant,p.Val1548Leu
16-30724068-C-T,synonymous_variant,p.Val1548Val
16-30724076-C-T,missense_variant,p.Pro1551Leu
16-30724082-C-T,missense_variant,p.Ser1553Leu
16-30724087-C-T,synonymous_variant,p.Leu1555Leu
16-30724089-G-A,synonymous_variant,p.Leu1555Leu
16-30724093-A-G,missense_variant,p.Ser1557Gly
16-30724103-C-T,missense_variant,p.Pro1560Leu
16-30724104-G-A,synonymous_variant,p.Pro1560Pro
16-30724126-G-C,missense_variant,p.Ala1568Pro
16-30724144-G-T,missense_variant,p.Ala1574Ser
16-30724147-C-T,missense_variant,p.Pro1575Ser
16-30724150-G-C,missense_variant,p.Ala1576Pro
16-30724153-T-C,missense_variant,p.Ser1577Pro
16-30724156-T-A,missense_variant,p.Ser1578Thr
16-30724157-C-T,missense_variant,p.Ser1578Phe
16-30724160-C-G,missense_variant,p.Ala1579Gly
16-30724168-G-T,missense_variant,p.Ala1582Ser
16-30724176-C-G,synonymous_variant,p.Ala1584Ala
16-30724179-C-G,synonymous_variant,p.Thr1585Thr
16-30724180-C-T,missense_variant,p.Pro1586Ser
16-30724191-T-C,synonymous_variant,p.Pro1589Pro
16-30724197-G-A,synonymous_variant,p.Ala1591Ala
16-30724198-G-C,missense_variant,p.Ala1592Pro
16-30724211-C-T,missense_variant,p.Ala1596Val
16-30724212-A-G,synonymous_variant,p.Ala1596Ala
16-30724213-A-C,missense_variant,p.Ile1597Leu
16-30724219-G-C,missense_variant,p.Ala1599Pro
16-30724221-T-C,synonymous_variant,p.Ala1599Ala
16-30724238-C-G,missense_variant,p.Pro1605Arg
16-30724246-C-G,missense_variant,p.Pro1608Ala
16-30724246-C-T,missense_variant,p.Pro1608Ser
16-30724249-C-T,missense_variant,p.Leu1609Phe
16-30724253-C-A,missense_variant,p.Pro1610Gln
16-30724253-C-T,missense_variant,p.Pro1610Leu
16-30724254-G-A,synonymous_variant,p.Pro1610Pro
16-30724255-G-T,missense_variant,p.Val1611Phe
16-30724268-C-T,missense_variant,p.Ser1615Leu
16-30724269-G-A,synonymous_variant,p.Ser1615Ser
16-30724272-A-G,synonymous_variant,p.Pro1616Pro
16-30724274-G-T,missense_variant,p.Gly1617Val
16-30724277-C-T,missense_variant,p.Ala1618Val
16-30724295-C-T,missense_variant,p.Ser1624Leu
16-30724296-A-G,synonymous_variant,p.Ser1624Ser
16-30724299-A-G,synonymous_variant,p.Ser1625Ser
16-30724307-C-T,missense_variant,p.Pro1628Leu
16-30724308-G-A,synonymous_variant,p.Pro1628Pro
16-30724319-T-C,missense_variant,p.Met1632Thr
16-30724322-C-T,missense_variant,p.Ala1633Val
16-30724328-C-T,missense_variant,p.Ser1635Leu
16-30724329-G-A,synonymous_variant,p.Ser1635Ser
16-30724331-C-T,missense_variant,p.Ser1636Phe
16-30724334-C-T,missense_variant,p.Thr1637Ile
16-30724344-C-G,synonymous_variant,p.Thr1640Thr
16-30724364-C-T,missense_variant,p.Pro1647Leu
16-30724365-G-A,synonymous_variant,p.Pro1647Pro
16-30724365-G-C,synonymous_variant,p.Pro1647Pro
16-30724369-C-G,missense_variant,p.Pro1649Ala
16-30724372-G-C,missense_variant,p.Ala1650Pro
16-30724380-C-T,synonymous_variant,p.Thr1652Thr
16-30724397-C-T,missense_variant,p.Ser1658Leu
16-30724414-C-A,missense_variant,p.Leu1664Ile
16-30724424-C-T,missense_variant,p.Pro1667Leu
16-30724430-C-T,missense_variant,p.Pro1669Leu
16-30724431-G-A,synonymous_variant,p.Pro1669Pro
16-30724442-C-T,missense_variant,p.Pro1673Leu
16-30724443-G-A,synonymous_variant,p.Pro1673Pro
16-30724444-A-C,missense_variant,p.Ser1674Arg
16-30724448-C-T,missense_variant,p.Pro1675Leu
16-30724454-C-T,missense_variant,p.Ser1677Phe
16-30724457-C-T,missense_variant,p.Thr1678Met
16-30724460-A-G,missense_variant,p.Gln1679Arg
16-30724461-G-C,missense_variant,p.Gln1679His
16-30724464-A-G,synonymous_variant,p.Thr1680Thr
16-30724466-T-G,missense_variant,p.Leu1681Arg
16-30724473-A-G,synonymous_variant,p.Leu1683Leu
16-30724490-C-G,missense_variant,p.Pro1689Arg
16-30724492-A-G,missense_variant,p.Thr1690Ala
16-30724493-C-G,missense_variant,p.Thr1690Ser
16-30724498-G-A,missense_variant,p.Gly1692Arg
16-30724511-C-T,missense_variant,p.Pro1696Leu
16-30724523-T-A,missense_variant,p.Leu1700His
16-30724524-C-G,synonymous_variant,p.Leu1700Leu
16-30724535-C-T,missense_variant,p.Thr1704Met
16-30724536-G-A,synonymous_variant,p.Thr1704Thr
16-30724536-G-T,synonymous_variant,p.Thr1704Thr
16-30724541-A-G,missense_variant,p.Asn1706Ser
16-30724544-C-T,missense_variant,p.Pro1707Leu
16-30724545-C-T,synonymous_variant,p.Pro1707Pro
16-30724548-G-A,synonymous_variant,p.Gln1708Gln
16-30724551-A-T,synonymous_variant,p.Gly1709Gly
16-30724552-C-A,missense_variant,p.Pro1710Thr
16-30724561-A-G,missense_variant,p.Thr1713Ala
16-30724569-A-G,synonymous_variant,p.Thr1715Thr
16-30724574-C-T,missense_variant,p.Ser1717Leu
16-30724575-A-G,synonymous_variant,p.Ser1717Ser
16-30724578-A-G,synonymous_variant,p.Leu1718Leu
16-30724582-C-G,missense_variant,p.Pro1720Ala
16-30724584-AG-A,frameshift_variant,p.Ala1721HisfsTer48
16-30724585-G-C,missense_variant,p.Ala1721Pro
16-30724586-C-T,missense_variant,p.Ala1721Val
16-30724587-A-G,synonymous_variant,p.Ala1721Ala
16-30724594-C-G,missense_variant,p.Leu1724Val
16-30724596-G-A,synonymous_variant,p.Leu1724Leu
16-30724596-G-C,synonymous_variant,p.Leu1724Leu
16-30724603-A-C,missense_variant,p.Thr1727Pro
16-30724603-A-G,missense_variant,p.Thr1727Ala
16-30724603-A-T,missense_variant,p.Thr1727Ser
16-30724616-C-G,missense_variant,p.Thr1731Arg
16-30724630-C-G,missense_variant,p.Pro1736Ala
16-30724631-C-T,missense_variant,p.Pro1736Leu
16-30724640-C-G,missense_variant,p.Pro1739Arg
16-30724640-C-T,missense_variant,p.Pro1739Leu
16-30724642-C-T,synonymous_variant,p.Leu1740Leu
16-30724643-T-G,missense_variant,p.Leu1740Arg
16-30724644-G-A,synonymous_variant,p.Leu1740Leu
16-30724651-A-T,missense_variant,p.Thr1743Ser
16-30724658-C-T,missense_variant,p.Thr1745Met
16-30724662-G-C,synonymous_variant,p.Leu1746Leu
16-30724663-T-TCTCTGGCTCCAGCACCCC,inframe_insertion,p.Pro1752_Ala1757dup
16-30724664-C-G,missense_variant,p.Ser1747Cys
16-30724671-T-A,synonymous_variant,p.Ala1749Ala
16-30724672-C-T,missense_variant,p.Pro1750Ser
16-30724677-AC-A,frameshift_variant,p.Pro1753LeufsTer16
16-30724678-C-T,missense_variant,p.Pro1752Ser
16-30724679-C-A,missense_variant,p.Pro1752His
16-30724681-C-G,missense_variant,p.Pro1753Ala
16-30724682-C-T,missense_variant,p.Pro1753Leu
16-30724688-C-T,missense_variant,p.Ala1755Val
16-30724694-C-T,missense_variant,p.Ala1757Val
16-30724696-T-A,missense_variant,p.Ser1758Thr
16-30724699-C-G,missense_variant,p.Pro1759Ala
16-30724701-A-G,synonymous_variant,p.Pro1759Pro
16-30724702-G-A,missense_variant,p.Val1760Met
16-30724702-G-C,missense_variant,p.Val1760Leu
16-30724706-G-C,missense_variant,p.Gly1761Ala
16-30724710-A-G,synonymous_variant,p.Pro1762Pro
16-30724711-G-T,missense_variant,p.Ala1763Ser
16-30724720-C-T,missense_variant,p.His1766Tyr
16-30724721-A-C,missense_variant,p.His1766Pro
16-30724724-C-T,missense_variant,p.Thr1767Met
16-30724725-G-A,synonymous_variant,p.Thr1767Thr
16-30724727-T-C,missense_variant,p.Leu1768Pro
16-30724731-T-G,synonymous_variant,p.Thr1769Thr
16-30724742-C-T,missense_variant,p.Ala1773Val
16-30724743-A-G,synonymous_variant,p.Ala1773Ala
16-30724743-A-T,synonymous_variant,p.Ala1773Ala
16-30724745-C-T,missense_variant,p.Ser1774Leu
16-30724746-G-A,synonymous_variant,p.Ser1774Ser
16-30724751-C-G,missense_variant,p.Ser1776Cys
16-30724757-C-T,missense_variant,p.Ser1778Leu
16-30724758-A-G,synonymous_variant,p.Ser1778Ser
16-30724758-A-T,synonymous_variant,p.Ser1778Ser
16-30724761-C-G,synonymous_variant,p.Leu1779Leu
16-30724761-C-T,synonymous_variant,p.Leu1779Leu
16-30724762-C-G,missense_variant,p.Leu1780Val
16-30724764-G-C,synonymous_variant,p.Leu1780Leu
16-30724767-C-T,synonymous_variant,p.Ala1781Ala
16-30724770-A-G,synonymous_variant,p.Pro1782Pro
16-30724771-G-C,missense_variant,p.Ala1783Pro
16-30724776-A-G,synonymous_variant,p.Ser1784Ser
16-30724778-T-C,missense_variant,p.Val1785Ala
16-30724782-G-A,synonymous_variant,p.Gln1786Gln
16-30724809-T-C,synonymous_variant,p.Val1795Val
16-30724809-T-G,synonymous_variant,p.Val1795Val
16-30724810-C-T,missense_variant,p.Pro1796Ser
16-30724811-C-CGG,frameshift_variant,p.Thr1797ValfsTer56
16-30724813-A-G,missense_variant,p.Thr1797Ala
16-30724814-C-T,missense_variant,p.Thr1797Ile
16-30724816-C-CGCCA,frameshift_variant,p.Leu1798ArgfsTer51
16-30724816-C-G,missense_variant,p.Leu1798Val
16-30724818-G-A,synonymous_variant,p.Leu1798Leu
16-30724821-C-T,synonymous_variant,p.Gly1799Gly
16-30724823-C-T,missense_variant,p.Pro1800Leu
16-30724824-G-A,synonymous_variant,p.Pro1800Pro
16-30724825-G-A,missense_variant,p.Ala1801Thr
16-30724826-C-T,missense_variant,p.Ala1801Val
16-30724827-C-G,synonymous_variant,p.Ala1801Ala
16-30724827-C-T,synonymous_variant,p.Ala1801Ala
16-30724828-G-A,missense_variant,p.Ala1802Thr
16-30724831-G-A,missense_variant,p.Ala1803Thr
16-30724836-G-A,synonymous_variant,p.Gln1804Gln
16-30724839-C-T,synonymous_variant,p.Thr1805Thr
16-30724840-T-C,synonymous_variant,p.Leu1806Leu
16-30724844-C-T,missense_variant,p.Ala1807Val
16-30724857-C-T,synonymous_variant,p.Ala1811Ala
16-30724860-C-A,synonymous_variant,p.Ser1812Ser
16-30724862-C-G,missense_variant,p.Thr1813Arg
16-30724862-C-T,missense_variant,p.Thr1813Ile
16-30724866-G-A,synonymous_variant,p.Gln1814Gln
16-30724867-T-G,missense_variant,p.Ser1815Ala
16-30724879-C-A,missense_variant,p.Gln1819Lys
16-30724880-A-C,missense_variant,p.Gln1819Pro
16-30724887-T-C,synonymous_variant,p.Ser1821Ser
16-30724893-T-C,synonymous_variant,p.Leu1823Leu
16-30724895-T-G,missense_variant,p.Val1824Gly
16-30724901-C-G,missense_variant,p.Ser1826Trp
16-30724901-C-T,missense_variant,p.Ser1826Leu
16-30724902-G-A,synonymous_variant,p.Ser1826Ser
16-30724902-G-C,synonymous_variant,p.Ser1826Ser
16-30724902-G-T,synonymous_variant,p.Ser1826Ser
16-30724903-G-T,missense_variant,p.Ala1827Ser
16-30724911-T-C,synonymous_variant,p.Gly1829Gly
16-30724914-C-T,synonymous_variant,p.Ala1830Ala
16-30724918-C-G,missense_variant,p.Pro1832Ala
16-30724918-C-T,missense_variant,p.Pro1832Ser
16-30724925-C-A,missense_variant,p.Pro1834His
16-30724926-T-C,synonymous_variant,p.Pro1834Pro
16-30724929-C-T,synonymous_variant,p.Val1835Val
16-30724929-C-G,synonymous_variant,p.Val1835Val
16-30724940-C-A,missense_variant,p.Ser1839Tyr
16-30724942-C-T,missense_variant,p.Arg1840Trp
16-30724943-G-A,missense_variant,p.Arg1840Gln
16-30724944-G-T,synonymous_variant,p.Arg1840Arg
16-30724945-C-T,synonymous_variant,p.Leu1841Leu
16-30724947-G-A,synonymous_variant,p.Leu1841Leu
16-30724955-C-A,missense_variant,p.Ser1844Tyr
16-30724955-C-G,missense_variant,p.Ser1844Cys
16-30724968-T-C,synonymous_variant,p.Pro1848Pro
16-30724971-C-A,missense_variant,p.Asp1849Glu
16-30724971-C-G,missense_variant,p.Asp1849Glu
16-30724973-C-A,missense_variant,p.Thr1850Lys
16-30724974-A-G,synonymous_variant,p.Thr1850Thr
16-30724978-A-G,missense_variant,p.Thr1852Ala
16-30724981-T-G,missense_variant,p.Leu1853Val
16-30724983-G-A,synonymous_variant,p.Leu1853Leu
16-30724984-C-T,missense_variant,p.Arg1854Cys
16-30724985-G-A,missense_variant,p.Arg1854His
16-30724992-T-A,synonymous_variant,p.Gly1856Gly
16-30724993-C-A,missense_variant,p.Pro1857Thr
16-30724993-C-T,missense_variant,p.Pro1857Ser
16-30724998-C-T,synonymous_variant,p.Pro1858Pro
16-30725002-C-T,missense_variant,p.Pro1860Ser
16-30725006-C-T,missense_variant,p.Pro1861Leu
16-30725007-C-T,synonymous_variant,p.Pro1861Pro
16-30725021-C-T,missense_variant,p.Ser1866Leu
16-30725021-CGTT-C,inframe_deletion,p.Phe1867del
16-30725024-T-C,missense_variant,p.Phe1867Ser
16-30725025-T-C,synonymous_variant,p.Phe1867Phe
16-30725026-G-A,missense_variant,p.Gly1868Ser
16-30725028-T-TGGCCGGGA,frameshift_variant,p.Pro1870ArgfsTer100
16-30725030-G-GC,frameshift_variant,p.Arg1871ProfsTer29
16-30725031-C-T,synonymous_variant,p.Gly1869Gly
16-30725034-C-T,synonymous_variant,p.Pro1870Pro
16-30725035-C-T,missense_variant,p.Arg1871Trp
16-30725036-G-A,missense_variant,p.Arg1871Gln
16-30725037-G-A,synonymous_variant,p.Arg1871Arg
16-30725041-C-G,missense_variant,p.Arg1873Gly
16-30725042-G-A,missense_variant,p.Arg1873Gln
16-30725044-C-T,missense_variant,p.Arg1874Cys
16-30725049-G-GC,frameshift_variant,p.Pro1879ThrfsTer21
16-30725051-C-T,missense_variant,p.Pro1876Leu
16-30725052-C-A,synonymous_variant,p.Pro1876Pro
16-30725055-C-A,synonymous_variant,p.Pro1877Pro
16-30725055-C-G,synonymous_variant,p.Pro1877Pro
16-30725057-C-A,missense_variant,p.Pro1878Gln
16-30725058-A-C,synonymous_variant,p.Pro1878Pro
16-30725064-T-A,synonymous_variant,p.Pro1880Pro
16-30725076-T-C,synonymous_variant,p.Phe1884Phe
16-30725080-C-T,splice_region_variant,c.5656C>T
16-30725096-C-T,missense_variant,p.Ser1591Phe
16-30725097-C-T,synonymous_variant,p.Ser1591Ser
16-30725110-A-G,missense_variant,p.Arg1596Gly
16-30725111-G-A,missense_variant,p.Arg1596Lys
16-30725118-G-A,synonymous_variant,p.Leu1598Leu
16-30725121-T-G,missense_variant,p.Ser1599Arg
16-30725124-C-T,synonymous_variant,p.Phe1600Phe
16-30725125-T-C,missense_variant,p.Phe1601Leu
16-30725128-G-A,missense_variant,p.Gly1602Arg
16-30725130-A-C,synonymous_variant,p.Gly1602Gly
16-30725131-G-A,missense_variant,p.Val1603Met
16-30725131-G-T,missense_variant,p.Val1603Leu
16-30725132-T-A,missense_variant,p.Val1603Glu
16-30725141-G-T,missense_variant,p.Gly1606Val
16-30725169-A-C,3_prime_UTR_variant,c.*12A>C
16-30725171-C-T,3_prime_UTR_variant,c.*14C>T
16-30725183-A-G,3_prime_UTR_variant,c.*26A>G
16-30725196-A-G,3_prime_UTR_variant,c.*39A>G
16-30725197-T-C,3_prime_UTR_variant,c.*40T>C
16-30725225-C-G,3_prime_UTR_variant,c.*68C>G
16-30728922-A-C,intron_variant,c.5659-44A>C
16-30728926-T-C,intron_variant,c.5659-40T>C
16-30728927-G-C,intron_variant,c.5659-39G>C
16-30728930-G-A,intron_variant,c.5659-36G>A
16-30728955-C-G,intron_variant,c.5659-11C>G
16-30728959-C-T,splice_region_variant,c.5659-7C>T
16-30728960-C-A,splice_region_variant,c.5659-6C>A
16-30728962-C-T,splice_region_variant,c.5659-4C>T
16-30728971-C-T,synonymous_variant,p.Ser1888Ser
16-30728972-C-T,synonymous_variant,p.Leu1889Leu
16-30728977-G-A,synonymous_variant,p.Glu1890Glu
16-30728981-A-G,missense_variant,p.Lys1892Glu
16-30728985-G-A,missense_variant,p.Arg1893Gln
16-30728989-G-A,synonymous_variant,p.Lys1894Lys
16-30728990-C-T,missense_variant,p.Arg1895Trp
16-30728991-G-A,missense_variant,p.Arg1895Gln
16-30728991-G-C,missense_variant,p.Arg1895Pro
16-30728992-G-A,synonymous_variant,p.Arg1895Arg
16-30728996-CG-C,frameshift_variant,p.Ser1898LeufsTer69
16-30728997-G-A,missense_variant,p.Arg1897Gln
16-30729004-A-G,synonymous_variant,p.Glu1899Glu
16-30729005-C-T,missense_variant,p.Arg1900Cys
16-30729006-GC-G,frameshift_variant,p.Leu1901TrpfsTer66
16-30729008-C-T,synonymous_variant,p.Leu1901Leu
16-30729011-G-C,missense_variant,p.Glu1902Gln
16-30729012-A-G,missense_variant,p.Glu1902Gly
16-30729014-C-T,missense_variant,p.Arg1903Trp
16-30729015-G-A,missense_variant,p.Arg1903Gln
16-30729018-T-G,missense_variant,p.Ile1904Ser
16-30729023-C-G,missense_variant,p.Gln1906Glu
16-30729035-G-A,missense_variant,p.Ala1910Thr
16-30729036-C-G,missense_variant,p.Ala1910Gly
16-30729039-A-C,missense_variant,p.His1911Pro
16-30729049-G-C,synonymous_variant,p.Leu1914Leu
16-30729055-T-C,synonymous_variant,p.Pro1916Pro
16-30729056-G-C,missense_variant,p.Val1917Leu
16-30729058-G-T,synonymous_variant,p.Val1917Val
16-30729060-A-T,missense_variant,p.Tyr1918Phe
16-30729074-C-T,synonymous_variant,p.Leu1923Leu
16-30729087-C-T,missense_variant,p.Thr1927Ile
16-30729096-A-G,missense_variant,p.Gln1930Arg
16-30729098-C-T,missense_variant,p.Pro1931Ser
16-30729109-C-T,synonymous_variant,p.Ser1934Ser
16-30729112-C-T,synonymous_variant,p.Pro1935Pro
16-30729115-C-T,synonymous_variant,p.Ile1936Ile
16-30729116-G-A,missense_variant,p.Gly1937Ser
16-30729123-G-A,missense_variant,p.Arg1939His
16-30729126-C-T,missense_variant,p.Ser1940Phe
16-30729134-C-T,missense_variant,p.Pro1943Ser
16-30729141-A-G,missense_variant,p.His1945Arg
16-30729146-A-T,missense_variant,p.Thr1947Ser
16-30729156-C-CTAT,inframe_insertion,p.Thr1950_Tyr1951insIle
16-30729162-C-T,missense_variant,p.Thr1952Ile
16-30729163-C-T,synonymous_variant,p.Thr1952Thr
16-30729168-C-T,missense_variant,p.Ala1954Val
16-30729174-A-G,missense_variant,p.His1956Arg
16-30729175-C-G,missense_variant,p.His1956Gln
16-30729176-C-T,missense_variant,p.Arg1957Trp
16-30729177-G-A,missense_variant,p.Arg1957Gln
16-30729182-G-A,missense_variant,p.Val1959Ile
16-30729189-T-C,missense_variant,p.Phe1961Ser
16-30729194-C-T,stop_gained,p.Gln1963Ter
16-30729199-G-A,synonymous_variant,p.Gln1964Gln
16-30729201-G-A,missense_variant,p.Arg1965Gln
16-30729208-C-T,synonymous_variant,p.Asp1967Asp
16-30729222-T-C,missense_variant,p.Ile1972Thr
16-30729225-T-C,missense_variant,p.Ile1973Thr
16-30729244-A-G,intron_variant,c.5924+13A>G
16-30729246-G-A,intron_variant,c.5924+15G>A
16-30729253-T-C,intron_variant,c.5924+22T>C
16-30729257-G-A,intron_variant,c.5924+26G>A
16-30729261-G-A,intron_variant,c.5924+30G>A
16-30729266-T-C,intron_variant,c.5924+35T>C
16-30729271-GC-G,intron_variant,c.5924+42del
16-30729272-C-T,intron_variant,c.5924+41C>T
16-30729275-C-T,intron_variant,c.5924+44C>T
16-30729276-A-T,intron_variant,c.5924+45A>T
16-30729303-G-GA,intron_variant,c.5925-65dupA
16-30729324-A-C,intron_variant,c.5925-46A>C
16-30729325-T-A,intron_variant,c.5925-45T>A
16-30729328-C-T,intron_variant,c.5925-42C>T
16-30729329-A-G,intron_variant,c.5925-41A>G
16-30729332-G-A,intron_variant,c.5925-38G>A
16-30729333-T-A,intron_variant,c.5925-37T>A
16-30729334-C-T,intron_variant,c.5925-36C>T
16-30729337-ATCT-A,intron_variant,c.5925-31_5925-29del
16-30729339-C-A,intron_variant,c.5925-31C>A
16-30729342-T-A,intron_variant,c.5925-28T>A
16-30729342-T-TC,intron_variant,c.5925-28_5925-27insC
16-30729345-C-T,intron_variant,c.5925-25C>T
16-30729346-A-C,intron_variant,c.5925-24A>C
16-30729346-ACT-A,intron_variant,c.5925-23_5925-22del
16-30729349-G-A,intron_variant,c.5925-21G>A
16-30729351-C-T,intron_variant,c.5925-19C>T
16-30729352-T-TG,intron_variant,c.5925-17dup
16-30729353-G-A,intron_variant,c.5925-17G>A
16-30729353-G-GC,intron_variant,c.5925-16dup
16-30729359-TC-T,intron_variant,c.5925-9del
16-30729359-TCC-T,intron_variant,c.5925-10_5925-9del
16-30729364-TC-T,splice_region_variant,c.5925-5del
16-30729365-C-T,splice_region_variant,c.5925-5C>T
16-30729367-C-T,splice_region_variant,c.5925-3C>T
16-30729375-T-C,missense_variant,p.Ile1977Thr
16-30729382-C-T,synonymous_variant,p.Val1979Val
16-30729389-C-T,missense_variant,p.Pro1982Ser
16-30729405-C-G,missense_variant,p.Pro1987Arg
16-30729406-C-G,synonymous_variant,p.Pro1987Pro
16-30729412-C-G,synonymous_variant,p.Ser1989Ser
16-30729413-C-T,synonymous_variant,p.Leu1990Leu
16-30729417-A-G,missense_variant,p.His1991Arg
16-30729418-T-C,synonymous_variant,p.His1991His
16-30729420-C-T,missense_variant,p.Ala1992Val
16-30729428-C-T,missense_variant,p.Pro1995Ser
16-30729431-C-T,missense_variant,p.Pro1996Ser
16-30729437-T-G,missense_variant,p.Trp1998Gly
16-30729446-C-T,missense_variant,p.Pro2001Ser
16-30729447-C-T,missense_variant,p.Pro2001Leu
16-30729449-C-A,missense_variant,p.Arg2002Ser
16-30729449-C-T,missense_variant,p.Arg2002Cys
16-30729460-C-T,synonymous_variant,p.Ala2005Ala
16-30729476-GC-G,frameshift_variant,p.Ser2012LeufsTer24
16-30729479-T-C,missense_variant,p.Ser2012Pro
16-30729480-C-CG,frameshift_variant,p.Glu2013Ter
16-30729480-C-G,missense_variant,p.Ser2012Cys
16-30729490-G-T,missense_variant,p.Trp2015Cys
16-30729493-C-T,synonymous_variant,p.Pro2016Pro
16-30729493-C-A,synonymous_variant,p.Pro2016Pro
16-30729494-C-A,synonymous_variant,p.Arg2017Arg
16-30729494-C-T,missense_variant,p.Arg2017Trp
16-30729495-G-A,missense_variant,p.Arg2017Gln
16-30729501-G-A,missense_variant,p.Arg2019His
16-30729508-G-A,synonymous_variant,p.Leu2021Leu
16-30729510-A-G,missense_variant,p.His2022Arg
16-30729527-A-G,missense_variant,p.Met2028Val
16-30729530-C-T,missense_variant,p.Arg2029Cys
16-30729532-C-T,synonymous_variant,p.Arg2029Arg
16-30729541-C-T,synonymous_variant,p.Phe2032Phe
16-30729550-A-G,synonymous_variant,p.Leu2035Leu
16-30729553-A-G,synonymous_variant,p.Arg2036Arg
16-30729557-A-C,missense_variant,p.Ile2038Leu
16-30729580-T-C,splice_region_variant,c.6127+8T>C
16-30729581-G-A,intron_variant,c.6127+9G>A
16-30729581-G-C,intron_variant,c.6127+9G>C
16-30729581-G-T,intron_variant,c.6127+9G>T
16-30729584-G-A,intron_variant,c.6127+12G>A
16-30729585-G-GC,intron_variant,c.6127+15dup
16-30729591-G-A,intron_variant,c.6127+19G>A
16-30729592-T-C,intron_variant,c.6127+20T>C
16-30729592-T-G,intron_variant,c.6127+20T>G
16-30729596-A-T,intron_variant,c.6127+24A>T
16-30729599-C-A,intron_variant,c.6127+27C>A
16-30729603-ACTTCT-A,intron_variant,c.6127+37_6127+41del
16-30729605-T-TTCTC,intron_variant,c.6127+35_6127+38dup
16-30729609-C-T,intron_variant,c.6127+37C>T
16-30729609-CTTCTT-C,intron_variant,c.6127+43_6127+47del
16-30729615-T-A,intron_variant,c.6127+43T>A
16-30729623-A-AT,intron_variant,c.6127+53dup
16-30729637-A-G,intron_variant,c.6127+65A>G
16-30729643-G-C,intron_variant,c.6127+71G>C
16-30733217-T-A,intron_variant,c.6128-63T>A
16-30733233-C-T,intron_variant,c.6128-47C>T
16-30733238-C-T,intron_variant,c.6128-42C>T
16-30733239-G-A,intron_variant,c.6128-41G>A
16-30733246-A-G,intron_variant,c.6128-34A>G
16-30733251-G-A,intron_variant,c.6128-29G>A
16-30733255-C-G,intron_variant,c.6128-25C>G
16-30733256-C-T,intron_variant,c.6128-24C>T
16-30733258-G-A,intron_variant,c.6128-22G>A
16-30733270-A-C,intron_variant,c.6128-10A>C
16-30733272-C-G,splice_region_variant,c.6128-8C>G
16-30733274-C-T,splice_region_variant,c.6128-6C>T
16-30733281-A-G,splice_region_variant,c.6129A>G
16-30733284-G-A,synonymous_variant,p.Lys2044Lys
16-30733292-C-T,missense_variant,p.Thr2047Met
16-30733293-G-A,synonymous_variant,p.Thr2047Thr
16-30733295-TGGCAGTGCTGTTGC-T,frameshift_variant,p.Val2050AlafsTer40
16-30733309-C-T,missense_variant,p.Arg2053Trp
16-30733317-C-G,synonymous_variant,p.Leu2055Leu
16-30733327-G-A,missense_variant,p.Gly2059Ser
16-30733334-G-A,missense_variant,p.Arg2061Gln
16-30733335-A-G,synonymous_variant,p.Arg2061Arg
16-30733342-A-C,missense_variant,p.Ile2064Leu
16-30733344-C-T,synonymous_variant,p.Ile2064Ile
16-30733375-T-C,synonymous_variant,p.Leu2075Leu
16-30733381-C-G,missense_variant,p.Gln2077Glu
16-30733395-C-T,synonymous_variant,p.Tyr2081Tyr
16-30733404-T-C,synonymous_variant,p.His2084His
16-30733411-C-T,synonymous_variant,p.Leu2087Leu
16-30733415-G-C,missense_variant,p.Arg2088Pro
16-30733416-C-T,synonymous_variant,p.Arg2088Arg
16-30733425-A-G,synonymous_variant,p.Gly2091Gly
16-30733437-T-A,synonymous_variant,p.Val2095Val
16-30733453-A-C,splice_region_variant,c.6297+4A>C
16-30733466-C-T,intron_variant,c.6297+17C>T
16-30733479-C-T,intron_variant,c.6297+30C>T
16-30733481-C-T,intron_variant,c.6297+32C>T
16-30733487-C-T,intron_variant,c.6297+38C>T
16-30733488-G-T,intron_variant,c.6297+39G>T
16-30733505-C-T,intron_variant,c.6297+56C>T
16-30733513-TG-T,intron_variant,c.6297+67delG
16-30733554-T-C,intron_variant,c.6298-48T>C
16-30733557-G-T,intron_variant,c.6298-45G>T
16-30733559-G-A,intron_variant,c.6298-43G>A
16-30733560-GA-G,intron_variant,c.6298-41del
16-30733574-T-C,intron_variant,c.6298-28T>C
16-30733580-CT-C,intron_variant,c.6298-15del
16-30733587-T-TC,intron_variant,c.6298-12dup
16-30733588-C-T,intron_variant,c.6298-14C>T
16-30733589-C-G,intron_variant,c.6298-13C>G
16-30733598-C-G,splice_region_variant,c.6298-4C>G
16-30733606-T-C,missense_variant,p.Leu2101Ser
16-30733607-G-A,synonymous_variant,p.Leu2101Leu
16-30733616-G-A,synonymous_variant,p.Arg2104Arg
16-30733621-A-G,missense_variant,p.Asn2106Ser
16-30733629-A-G,missense_variant,p.Lys2109Glu
16-30733650-C-G,missense_variant,p.Leu2116Val
16-30733661-G-A,synonymous_variant,p.Arg2119Arg
16-30733669-G-A,missense_variant,p.Gly2122Asp
16-30733677-G-A,missense_variant,p.Val2125Met
16-30733679-G-T,synonymous_variant,p.Val2125Val
16-30733682-C-A,missense_variant,p.Asn2126Lys
16-30733688-A-G,synonymous_variant,p.Thr2128Thr
16-30733691-A-G,synonymous_variant,p.Gly2129Gly
16-30733697-C-T,synonymous_variant,p.Asp2131Asp
16-30733703-T-C,synonymous_variant,p.Val2133Val
16-30733703-T-G,synonymous_variant,p.Val2133Val
16-30733712-T-C,synonymous_variant,p.Tyr2136Tyr
16-30733712-TGACAGCGACTG-T,frameshift_variant,p.Asp2137GlufsTer25
16-30733715-C-T,synonymous_variant,p.Asp2137Asp
16-30733718-C-T,synonymous_variant,p.Ser2138Ser
16-30733727-T-C,synonymous_variant,p.Asn2141Asn
16-30733730-C-T,synonymous_variant,p.Pro2142Pro
16-30733733-C-G,synonymous_variant,p.Thr2143Thr
16-30733754-C-T,synonymous_variant,p.Asp2150Asp
16-30733757-C-T,synonymous_variant,p.Arg2151Arg
16-30733763-C-T,synonymous_variant,p.His2153His
16-30733779-C-T,missense_variant,p.Arg2159Trp
16-30733781-G-A,synonymous_variant,p.Arg2159Arg
16-30733790-C-T,synonymous_variant,p.His2162His
16-30733801-A-G,splice_region_variant,c.6494+3A>G
16-30733805-C-T,splice_region_variant,c.6494+7C>T
16-30733808-A-T,intron_variant,c.6494+10A>T
16-30733813-T-C,intron_variant,c.6494+15T>C
16-30733816-C-T,intron_variant,c.6494+18C>T
16-30733824-A-G,intron_variant,c.6494+26A>G
16-30733828-T-C,intron_variant,c.6494+30T>C
16-30733831-G-A,intron_variant,c.6494+33G>A
16-30733839-A-T,intron_variant,c.6494+41A>T
16-30733849-C-T,intron_variant,c.6495-45C>T
16-30733852-G-T,intron_variant,c.6495-42G>T
16-30733853-A-G,intron_variant,c.6495-41A>G
16-30733856-T-C,intron_variant,c.6495-38T>C
16-30733868-T-C,intron_variant,c.6495-26T>C
16-30733870-C-A,intron_variant,c.6495-24C>A
16-30733873-A-G,intron_variant,c.6495-21A>G
16-30733874-C-T,intron_variant,c.6495-20C>T
16-30733884-C-T,intron_variant,c.6495-10C>T
16-30733886-C-A,splice_region_variant,c.6495-8C>A
16-30733888-C-CG,splice_region_variant,c.6495-6_6495-5insG
16-30733889-C-A,splice_region_variant,c.6495-5C>A
16-30733889-C-G,splice_region_variant,c.6495-5C>G
16-30733900-C-T,synonymous_variant,p.Ile2167Ile
16-30733907-C-T,missense_variant,p.Arg2170Trp
16-30733908-G-A,missense_variant,p.Arg2170Gln
16-30733918-G-A,synonymous_variant,p.Glu2173Glu
16-30733934-AAGGC-A,frameshift_variant,p.Ala2180IlefsTer126
16-30733954-G-A,missense_variant,p.Met2185Ile
16-30733955-T-C,synonymous_variant,p.Leu2186Leu
16-30733960-G-A,synonymous_variant,p.Gly2187Gly
16-30733963-C-T,synonymous_variant,p.Asp2188Asp
16-30733964-A-G,missense_variant,p.Met2189Val
16-30733969-C-T,synonymous_variant,p.Ala2190Ala
16-30733975-G-A,synonymous_variant,p.Glu2192Glu
16-30733976-G-A,missense_variant,p.Gly2193Arg
16-30733990-C-T,synonymous_variant,p.Thr2197Thr
16-30733993-A-C,synonymous_variant,p.Thr2198Thr
16-30733997-T-A,missense_variant,p.Tyr2200Asn
16-30734002-C-T,synonymous_variant,p.Phe2201Phe
16-30734012-C-T,splice_region_variant,c.6609+4C>T
16-30734016-GT-G,intron_variant,c.6609+9del
16-30734018-AAGATC-A,intron_variant,c.6609+11_6609+15del
16-30734027-T-TCA,intron_variant,c.6609+19_6609+20insCA
16-30734030-C-T,intron_variant,c.6609+22C>T
16-30734033-A-G,intron_variant,c.6609+25A>G
16-30734036-C-G,intron_variant,c.6609+28C>G
16-30734038-G-GCAGTTTTCTCCTGCATA,intron_variant,c.6609+30_6609+31insCAGTTTTCTCCTGCATA
16-30734041-GA-G,intron_variant,c.6609+37del
16-30734052-C-T,intron_variant,c.6609+44C>T
16-30734053-G-A,intron_variant,c.6609+45G>A
16-30734059-A-G,intron_variant,c.6609+51A>G
16-30734067-C-G,intron_variant,c.6609+59C>G
16-30734434-C-G,intron_variant,c.6610-62C>G
16-30734442-A-G,intron_variant,c.6610-54A>G
16-30734448-G-T,intron_variant,c.6610-48G>T
16-30734449-A-G,intron_variant,c.6610-47A>G
16-30734451-T-G,intron_variant,c.6610-45T>G
16-30734452-A-G,intron_variant,c.6610-44A>G
16-30734453-G-C,intron_variant,c.6610-43G>C
16-30734460-G-C,intron_variant,c.6610-36G>C
16-30734465-C-T,intron_variant,c.6610-31C>T
16-30734467-C-CT,intron_variant,c.6610-28dup
16-30734473-C-T,intron_variant,c.6610-23C>T
16-30734473-CT-C,intron_variant,c.6610-21delT
16-30734476-C-G,intron_variant,c.6610-20C>G
16-30734489-C-G,splice_region_variant,c.6610-7C>G
16-30734490-C-T,splice_region_variant,c.6610-6C>T
16-30734491-G-A,splice_region_variant,c.6610-5G>A
16-30734491-G-C,splice_region_variant,c.6610-5G>C
16-30734506-G-A,missense_variant,p.Arg2207Gln
16-30734520-A-G,missense_variant,p.Met2212Val
16-30734521-T-C,missense_variant,p.Met2212Thr
16-30734523-C-A,missense_variant,p.Pro2213Thr
16-30734528-G-A,synonymous_variant,p.Leu2214Leu
16-30734549-C-G,synonymous_variant,p.Ser2221Ser
16-30734549-C-T,synonymous_variant,p.Ser2221Ser
16-30734550-G-A,missense_variant,p.Val2222Met
16-30734562-C-G,missense_variant,p.Pro2226Ala
16-30734562-C-T,missense_variant,p.Pro2226Ser
16-30734563-C-T,missense_variant,p.Pro2226Leu
16-30734574-G-A,missense_variant,p.Glu2230Lys
16-30734584-T-G,missense_variant,p.Val2233Gly
16-30734592-A-G,missense_variant,p.Lys2236Glu
16-30734597-G-C,missense_variant,p.Gln2237His
16-30734601-C-T,missense_variant,p.His2239Tyr
16-30734617-T-TA,splice_region_variant,c.6729+9dup
16-30734618-A-G,splice_region_variant,c.6729+3A>G
16-30734621-A-G,splice_region_variant,c.6729+6A>G
16-30734625-G-C,intron_variant,c.6729+10G>C
16-30734630-G-C,intron_variant,c.6729+15G>C
16-30734630-G-A,intron_variant,c.6729+15G>A
16-30734638-G-A,intron_variant,c.6729+23G>A
16-30734638-G-C,intron_variant,c.6729+23G>C
16-30734655-C-T,intron_variant,c.6729+40C>T
16-30734657-T-TA,intron_variant,c.6729+43dup
16-30734664-T-C,intron_variant,c.6729+49T>C
16-30736126-T-C,intron_variant,c.6730-74T>C
16-30736129-C-G,intron_variant,c.6730-71C>G
16-30736151-A-G,intron_variant,c.6730-49A>G
16-30736154-G-A,intron_variant,c.6730-46G>A
16-30736156-A-T,intron_variant,c.6730-44A>T
16-30736157-C-G,intron_variant,c.6730-43C>G
16-30736160-G-T,intron_variant,c.6730-40G>T
16-30736163-G-A,intron_variant,c.6730-37G>A
16-30736163-G-T,intron_variant,c.6730-37G>T
16-30736170-G-GGT,intron_variant,c.6730-30_6730-29insGT
16-30736175-C-A,intron_variant,c.6730-25C>A
16-30736178-T-C,intron_variant,c.6730-22T>C
16-30736180-T-C,intron_variant,c.6730-20T>C
16-30736180-TC-T,intron_variant,c.6730-19del
16-30736186-A-G,intron_variant,c.6730-14A>G
16-30736191-C-T,intron_variant,c.6730-9C>T
16-30736192-C-T,splice_region_variant,c.6730-8C>T
16-30736195-G-C,splice_region_variant,c.6730-5G>C
16-30736196-G-A,splice_region_variant,c.6730-4G>A
16-30736201-C-T,missense_variant,p.Ala2244Val
16-30736210-G-A,missense_variant,p.Arg2247Gln
16-30736217-A-G,synonymous_variant,p.Glu2249Glu
16-30736230-A-G,missense_variant,p.Ile2254Val
16-30736233-C-T,missense_variant,p.Arg2255Cys
16-30736234-G-A,missense_variant,p.Arg2255His
16-30736244-C-CTGTT,frameshift_variant,p.Gln2259CysfsTer6
16-30736246-AG-A,frameshift_variant,p.Ala2260ProfsTer47
16-30736250-C-G,synonymous_variant,p.Ala2260Ala
16-30736251-A-G,missense_variant,p.Lys2261Glu
16-30736251-A-T,stop_gained,p.Lys2261Ter
16-30736252-A-T,missense_variant,p.Lys2261Met
16-30736254-G-GC,frameshift_variant,p.Glu2263Ter
16-30736255-C-A,missense_variant,p.Ala2262Asp
16-30736257-GAACA-G,frameshift_variant,p.Glu2263GlyfsTer43
16-30736283-T-C,synonymous_variant,p.Phe2271Phe
16-30736284-A-C,missense_variant,p.Asn2272His
16-30736285-A-G,missense_variant,p.Asn2272Ser
16-30736286-T-C,synonymous_variant,p.Asn2272Asn
16-30736292-C-T,synonymous_variant,p.Asn2274Asn
16-30736293-G-A,missense_variant,p.Asp2275Asn
16-30736293-G-T,missense_variant,p.Asp2275Tyr
16-30736306-C-T,missense_variant,p.Ala2279Val
16-30736308-G-C,missense_variant,p.Gly2280Arg
16-30736322-A-G,synonymous_variant,p.Glu2284Glu
16-30736328-C-T,synonymous_variant,p.Gly2286Gly
16-30736332-C-T,missense_variant,p.Pro2288Ser
16-30736335-G-C,missense_variant,p.Gly2289Arg
16-30736343-G-A,synonymous_variant,p.Glu2291Glu
16-30736352-G-A,synonymous_variant,p.Glu2294Glu
16-30736358-C-A,synonymous_variant,p.Ser2296Ser
16-30736360-G-A,missense_variant,p.Arg2297Gln
16-30736377-G-T,missense_variant,p.Ala2303Ser
16-30736385-C-T,synonymous_variant,p.Leu2305Leu
16-30736386-G-A,missense_variant,p.Val2306Ile
16-30736388-A-G,synonymous_variant,p.Val2306Val
16-30736402-C-T,splice_region_variant,c.6924+8C>T
16-30736403-T-A,intron_variant,c.6924+9T>A
16-30736407-C-T,intron_variant,c.6924+13C>T
16-30736411-C-T,intron_variant,c.6924+17C>T
16-30736412-T-A,intron_variant,c.6924+18T>A
16-30736412-T-C,intron_variant,c.6924+18T>C
16-30736419-T-C,intron_variant,c.6924+25T>C
16-30736420-G-A,intron_variant,c.6924+26G>A
16-30736422-C-T,intron_variant,c.6924+28C>T
16-30736423-T-C,intron_variant,c.6924+29T>C
16-30736424-T-TCACC,intron_variant,c.6924+30_6924+31insCACC
16-30736425-T-C,intron_variant,c.6924+31T>C
16-30736427-CTG-C,intron_variant,c.6924+34_6924+35del
16-30736430-C-CATAG,intron_variant,c.6924+36_6924+37insATAG
16-30736433-C-A,intron_variant,c.6924+39C>A
16-30736433-C-T,intron_variant,c.6924+39C>T
16-30736434-C-T,intron_variant,c.6924+40C>T
16-30736452-C-T,intron_variant,c.6924+58C>T
16-30736467-G-A,intron_variant,c.6924+73G>A
16-30736468-G-C,intron_variant,c.6925-73G>C
16-30736477-A-C,intron_variant,c.6925-64A>C
16-30736482-G-T,intron_variant,c.6925-59G>T
16-30736495-C-T,intron_variant,c.6925-46C>T
16-30736519-T-C,intron_variant,c.6925-22T>C
16-30736526-C-T,intron_variant,c.6925-15C>T
16-30736527-G-A,intron_variant,c.6925-14G>A
16-30736528-C-A,intron_variant,c.6925-13C>A
16-30736528-C-CT,intron_variant,c.6925-12dup
16-30736528-C-T,intron_variant,c.6925-13C>T
16-30736556-C-T,missense_variant,p.Arg2314Cys
16-30736557-G-A,missense_variant,p.Arg2314His
16-30736573-C-A,missense_variant,p.Phe2319Leu
16-30736579-G-A,synonymous_variant,p.Glu2321Glu
16-30736581-C-T,missense_variant,p.Ala2322Val
16-30736585-A-C,synonymous_variant,p.Ser2323Ser
16-30736585-A-G,synonymous_variant,p.Ser2323Ser
16-30736586-C-T,synonymous_variant,p.Leu2324Leu
16-30736596-T-A,missense_variant,p.Val2327Glu
16-30736614-A-G,missense_variant,p.Lys2333Arg
16-30736615-A-G,synonymous_variant,p.Lys2333Lys
16-30736624-A-C,missense_variant,p.Glu2336Asp
16-30736640-G-C,intron_variant,c.7008+16G>C
16-30736642-T-C,intron_variant,c.7008+18T>C
16-30736644-G-C,intron_variant,c.7008+20G>C
16-30736655-T-C,intron_variant,c.7008+31T>C
16-30736664-C-T,intron_variant,c.7008+40C>T
16-30736673-T-C,intron_variant,c.7008+49T>C
16-30736675-T-C,intron_variant,c.7008+51T>C
16-30736681-T-C,intron_variant,c.7008+57T>C
16-30736684-C-CT,intron_variant,c.7008+68dupT
16-30736982-G-C,intron_variant,c.7009-67G>C
16-30737000-T-C,intron_variant,c.7009-49T>C
16-30737008-G-A,intron_variant,c.7009-41G>A
16-30737009-C-T,intron_variant,c.7009-40C>T
16-30737015-T-G,intron_variant,c.7009-34T>G
16-30737027-C-CT,intron_variant,c.7009-18dup
16-30737027-C-G,intron_variant,c.7009-22C>G
16-30737027-C-T,intron_variant,c.7009-22C>T
16-30737036-C-A,intron_variant,c.7009-13C>A
16-30737064-G-T,missense_variant,p.Ala2342Ser
16-30737068-G-C,missense_variant,p.Arg2343Pro
16-30737072-A-G,synonymous_variant,p.Lys2344Lys
16-30737076-C-T,synonymous_variant,p.Leu2346Leu
16-30737086-C-G,missense_variant,p.Ala2349Gly
16-30737087-C-T,synonymous_variant,p.Ala2349Ala
16-30737092-A-T,missense_variant,p.Glu2351Val
16-30737096-G-T,missense_variant,p.Glu2352Asp
16-30737101-T-C,missense_variant,p.Phe2354Ser
16-30737106-C-T,synonymous_variant,p.Leu2356Leu
16-30737114-A-G,synonymous_variant,p.Gln2358Gln
16-30737114-AGAG-A,inframe_deletion,p.Glu2362del
16-30737120-G-A,synonymous_variant,p.Glu2360Glu
16-30737126-G-C,missense_variant,p.Glu2362Asp
16-30737132-G-A,synonymous_variant,p.Pro2364Pro
16-30737132-G-C,synonymous_variant,p.Pro2364Pro
16-30737147-G-A,synonymous_variant,p.Glu2369Glu
16-30737148-A-G,missense_variant,p.Ser2370Gly
16-30737149-G-A,missense_variant,p.Ser2370Asn
16-30737149-G-T,missense_variant,p.Ser2370Ile
16-30737154-T-C,missense_variant,p.Cys2372Arg
16-30737159-G-A,synonymous_variant,p.Gly2373Gly
16-30737161-C-A,missense_variant,p.Thr2374Asn
16-30737165-T-A,synonymous_variant,p.Gly2375Gly
16-30737172-A-G,missense_variant,p.Thr2378Ala
16-30737173-C-G,missense_variant,p.Thr2378Ser
16-30737173-C-T,missense_variant,p.Thr2378Ile
16-30737178-C-T,missense_variant,p.Arg2380Trp
16-30737181-C-T,missense_variant,p.Arg2381Cys
16-30737182-G-T,missense_variant,p.Arg2381Leu
16-30737184-A-G,missense_variant,p.Ser2382Gly
16-30737189-A-G,synonymous_variant,p.Lys2383Lys
16-30737197-A-G,missense_variant,p.Lys2386Arg
16-30737198-A-G,synonymous_variant,p.Lys2386Lys
16-30737207-G-A,synonymous_variant,p.Glu2389Glu
16-30737213-G-A,synonymous_variant,p.Pro2391Pro
16-30737222-T-C,synonymous_variant,p.Arg2394Arg
16-30737228-T-C,synonymous_variant,p.Ser2396Ser
16-30737247-C-T,missense_variant,p.Arg2403Trp
16-30737257-C-T,missense_variant,p.Thr2406Ile
16-30737261-A-G,synonymous_variant,p.Gln2407Gln
16-30737265-G-A,missense_variant,p.Ala2409Thr
16-30737278-C-T,missense_variant,p.Pro2413Leu
16-30737280-G-C,missense_variant,p.Val2414Leu
16-30737282-C-T,synonymous_variant,p.Val2414Val
16-30737284-T-C,missense_variant,p.Ile2415Thr
16-30737288-C-T,synonymous_variant,p.Ser2416Ser
16-30737289-G-A,missense_variant,p.Ala2417Thr
16-30737292-C-T,missense_variant,p.His2418Tyr
16-30737297-A-T,missense_variant,p.Gln2419His
16-30737299-C-G,missense_variant,p.Thr2420Ser
16-30737300-T-C,synonymous_variant,p.Thr2420Thr
16-30737302-G-A,missense_variant,p.Arg2421His
16-30737303-C-A,synonymous_variant,p.Arg2421Arg
16-30737303-C-T,synonymous_variant,p.Arg2421Arg
16-30737310-A-T,missense_variant,p.Thr2424Ser
16-30737318-A-C,synonymous_variant,p.Pro2426Pro
16-30737322-C-T,missense_variant,p.Arg2428Cys
16-30737323-G-A,missense_variant,p.Arg2428His
16-30737327-C-T,synonymous_variant,p.Cys2429Cys
16-30737330-T-C,synonymous_variant,p.Ser2430Ser
16-30737332-C-T,missense_variant,p.Pro2431Leu
16-30737341-A-T,missense_variant,p.Glu2434Val
16-30737342-G-C,missense_variant,p.Glu2434Asp
16-30737343-C-T,stop_gained,p.Arg2435Ter
16-30737346-G-T,missense_variant,p.Val2436Phe
16-30737352-A-T,missense_variant,p.Arg2438Trp
16-30737352-A-C,synonymous_variant,p.Arg2438Arg
16-30737354-G-C,missense_variant,p.Arg2438Ser
16-30737354-GC-G,frameshift_variant,p.Pro2439GlnfsTer36
16-30737362-C-T,missense_variant,p.Pro2441Leu
16-30737366-G-A,synonymous_variant,p.Arg2442Arg
16-30737371-G-A,missense_variant,p.Arg2444Gln
16-30737373-C-A,missense_variant,p.Pro2445Thr
16-30737375-CACTCCAGCTTCA-C,inframe_deletion,p.Thr2446_Ser2449del
16-30737376-A-G,missense_variant,p.Thr2446Ala
16-30737392-C-T,missense_variant,p.Pro2451Leu
16-30737393-G-A,synonymous_variant,p.Pro2451Pro
16-30737393-G-T,synonymous_variant,p.Pro2451Pro
16-30737407-C-CCCTTGTTCCTGT,inframe_insertion,p.Leu2457_Val2460dup
16-30737407-C-G,missense_variant,p.Ala2456Gly
16-30737409-C-T,missense_variant,p.Leu2457Phe
16-30737410-T-C,missense_variant,p.Leu2457Pro
16-30737411-T-A,synonymous_variant,p.Leu2457Leu
16-30737412-G-A,missense_variant,p.Val2458Ile
16-30737414-T-C,synonymous_variant,p.Val2458Val
16-30737418-G-A,missense_variant,p.Val2460Ile
16-30737420-C-T,synonymous_variant,p.Val2460Val
16-30737426-T-C,synonymous_variant,p.Val2462Val
16-30737432-C-A,synonymous_variant,p.Ala2464Ala
16-30737435-A-C,synonymous_variant,p.Pro2465Pro
16-30737436-G-A,missense_variant,p.Val2466Ile
16-30737438-A-C,synonymous_variant,p.Val2466Val
16-30737448-G-A,missense_variant,p.Ala2470Thr
16-30737458-C-T,missense_variant,p.Pro2473Leu
16-30737465-C-T,synonymous_variant,p.Thr2475Thr
16-30737468-T-G,missense_variant,p.Ile2476Met
16-30737471-C-T,synonymous_variant,p.Leu2477Leu
16-30737479-A-G,missense_variant,p.His2480Arg
16-30737484-T-C,synonymous_variant,p.Leu2482Leu
16-30737491-CTCCT-C,frameshift_variant,p.Pro2486LeufsTer35
16-30737494-C-T,missense_variant,p.Pro2485Leu
16-30737499-C-A,missense_variant,p.Pro2487Thr
16-30737500-C-CCGCT,frameshift_variant,p.Pro2488AlafsTer56
16-30737502-CCTT-C,inframe_deletion,p.Ser2489del
16-30737505-T-TCTG,inframe_insertion,p.Ser2489_Gln2490insAla
16-30737513-T-A,synonymous_variant,p.Ile2491Ile
16-30737516-T-G,synonymous_variant,p.Pro2492Pro
16-30737517-C-CCCT,inframe_insertion,p.Pro2493_Cys2494insSer
16-30737520-T-C,missense_variant,p.Cys2494Arg
16-30737521-G-C,missense_variant,p.Cys2494Ser
16-30737524-C-G,missense_variant,p.Ser2495Cys
16-30737526-TCTC-T,inframe_deletion,p.Pro2497del
16-30737526-TCTCCTGCCTGCACCCCTC-T,inframe_deletion,p.Cys2505_Ala2510del
16-30737528-T-G,synonymous_variant,p.Ser2496Ser
16-30737528-T-TG,frameshift_variant,p.Pro2497AlafsTer46
16-30737533-C-T,missense_variant,p.Ala2498Val
16-30737537-C-CACCCCTCCTCCTGCCTGT,inframe_insertion,p.Cys2505_Ala2510dup
16-30737537-C-T,synonymous_variant,p.Cys2499Cys
16-30737544-C-T,missense_variant,p.Pro2502Ser
16-30737548-C-T,missense_variant,p.Pro2503Leu
16-30737551-C-T,missense_variant,p.Ala2504Val
16-30737552-C-T,synonymous_variant,p.Ala2504Ala
16-30737555-T-C,synonymous_variant,p.Cys2505Cys
16-30737558-C-T,synonymous_variant,p.Thr2506Thr
16-30737561-T-A,synonymous_variant,p.Pro2507Pro
16-30737563-C-T,missense_variant,p.Pro2508Leu
16-30737566-C-T,missense_variant,p.Pro2509Leu
16-30737576-A-C,synonymous_variant,p.Thr2512Thr
16-30737579-G-T,synonymous_variant,p.Pro2513Pro
16-30737580-C-T,missense_variant,p.Pro2514Ser
16-30737583-C-G,missense_variant,p.Pro2515Ala
16-30737584-C-T,missense_variant,p.Pro2515Leu
16-30737590-A-G,missense_variant,p.Gln2517Arg
16-30737591-A-C,missense_variant,p.Gln2517His
16-30737598-C-T,missense_variant,p.Leu2520Phe
16-30737611-C-G,missense_variant,p.Ser2524Cys
16-30737612-C-G,synonymous_variant,p.Ser2524Ser
16-30737612-C-T,synonymous_variant,p.Ser2524Ser
16-30737616-C-G,missense_variant,p.Pro2526Ala
16-30737619-C-G,missense_variant,p.Leu2527Val
16-30737621-C-G,synonymous_variant,p.Leu2527Leu
16-30737624-G-C,missense_variant,p.Leu2528Phe
16-30737631-C-G,missense_variant,p.Pro2531Ala
16-30737634-C-T,missense_variant,p.Pro2532Ser
16-30737644-C-T,missense_variant,p.Pro2535Leu
16-30737649-T-A,missense_variant,p.Ser2537Thr
16-30737656-C-T,missense_variant,p.Ser2539Leu
16-30737659-T-G,missense_variant,p.Val2540Gly
16-30737660-CACTAAT-C,inframe_deletion,p.Thr2541_Asn2542del
16-30737669-C-CAAG,inframe_insertion,p.Leu2543_Pro2544insLys
16-30737671-C-T,missense_variant,p.Pro2544Leu
16-30737672-C-T,synonymous_variant,p.Pro2544Pro
16-30737673-T-A,missense_variant,p.Leu2545Met
16-30737674-T-A,stop_gained,p.Leu2545Ter
16-30737676-G-C,missense_variant,p.Gly2546Arg
16-30737677-GCTT-G,inframe_deletion,p.Leu2547del
16-30737683-G-GATTAGT,inframe_insertion,p.Arg2548_Pro2549insLeuVal
16-30737685-C-A,missense_variant,p.Pro2549Thr
16-30737685-C-T,missense_variant,p.Pro2549Ser
16-30737687-T-C,synonymous_variant,p.Pro2549Pro
16-30737703-G-T,missense_variant,p.Ala2555Ser
16-30737704-C-T,missense_variant,p.Ala2555Val
16-30737712-T-C,synonymous_variant,p.Leu2558Leu
16-30737717-A-G,synonymous_variant,p.Ala2559Ala
16-30737721-C-T,missense_variant,p.Pro2561Ser
16-30737727-T-A,missense_variant,p.Ser2563Thr
16-30737735-G-A,synonymous_variant,p.Glu2565Glu
16-30737736-C-T,synonymous_variant,p.Leu2566Leu
16-30737745-G-A,missense_variant,p.Val2569Met
16-30737746-T-C,missense_variant,p.Val2569Ala
16-30737747-G-A,synonymous_variant,p.Val2569Val
16-30737760-ACCT-A,inframe_deletion,p.Ser2576del
16-30737762-C-G,synonymous_variant,p.Thr2574Thr
16-30737763-T-A,missense_variant,p.Ser2575Thr
16-30737773-C-G,missense_variant,p.Ser2578Cys
16-30737786-T-A,synonymous_variant,p.Pro2582Pro
16-30737793-C-T,synonymous_variant,p.Leu2585Leu
16-30737795-G-A,synonymous_variant,p.Leu2585Leu
16-30737805-G-A,missense_variant,p.Ala2589Thr
16-30737808-G-A,missense_variant,p.Val2590Met
16-30737808-G-T,missense_variant,p.Val2590Leu
16-30737816-C-A,synonymous_variant,p.Ile2592Ile
16-30737817-C-T,synonymous_variant,p.Leu2593Leu
16-30737819-G-A,synonymous_variant,p.Leu2593Leu
16-30737831-G-C,missense_variant,p.Glu2597Asp
16-30737837-C-A,missense_variant,p.Asn2599Lys
16-30737838-C-A,missense_variant,p.Leu2600Ile
16-30737838-C-G,missense_variant,p.Leu2600Val
16-30737871-T-C,synonymous_variant,p.Leu2611Leu
16-30737874-G-T,stop_gained,p.Glu2612Ter
16-30737886-A-G,missense_variant,p.Ile2616Val
16-30737890-C-T,missense_variant,p.Pro2617Leu
16-30737893-A-G,missense_variant,p.Asn2618Ser
16-30737894-T-C,synonymous_variant,p.Asn2618Asn
16-30737910-G-A,missense_variant,p.Ala2624Thr
16-30737916-G-C,missense_variant,p.Asp2626His
16-30737933-C-A,synonymous_variant,p.Thr2631Thr
16-30737936-C-T,synonymous_variant,p.Thr2632Thr
16-30737937-C-G,missense_variant,p.Leu2633Val
16-30737942-A-G,synonymous_variant,p.Thr2634Thr
16-30737966-G-T,missense_variant,p.Leu2642Phe
16-30737995-T-G,missense_variant,p.Leu2652Arg
16-30738008-C-T,synonymous_variant,p.Pro2656Pro
16-30738021-G-A,missense_variant,p.Asp2661Asn
16-30738037-A-G,missense_variant,p.Glu2666Gly
16-30738040-C-T,missense_variant,p.Pro2667Leu
16-30738046-A-C,missense_variant,p.Glu2669Ala
16-30738053-C-T,synonymous_variant,p.Asp2671Asp
16-30738058-C-T,missense_variant,p.Thr2673Ile
16-30738061-C-T,missense_variant,p.Ser2674Leu
16-30738066-G-T,stop_gained,p.Glu2676Ter
16-30738067-A-T,missense_variant,p.Glu2676Val
16-30738072-A-G,missense_variant,p.Thr2678Ala
16-30738075-G-A,missense_variant,p.Glu2679Lys
16-30738085-C-A,missense_variant,p.Thr2682Asn
16-30738088-C-T,missense_variant,p.Pro2683Leu
16-30738092-C-T,synonymous_variant,p.Thr2684Thr
16-30738095-C-T,synonymous_variant,p.Ser2685Ser
16-30738097-G-T,missense_variant,p.Ser2686Ile
16-30738099-C-G,missense_variant,p.Pro2687Ala
16-30738105-A-G,missense_variant,p.Lys2689Glu
16-30738114-G-C,missense_variant,p.Glu2692Gln
16-30738119-C-T,synonymous_variant,p.Leu2693Leu
16-30738120-G-A,missense_variant,p.Val2694Ile
16-30738127-C-T,missense_variant,p.Ala2696Val
16-30738143-A-G,synonymous_variant,p.Pro2701Pro
16-30738156-T-G,missense_variant,p.Ser2706Ala
16-30738157-C-T,missense_variant,p.Ser2706Leu
16-30738169-C-T,missense_variant,p.Ser2710Leu
16-30738170-G-A,synonymous_variant,p.Ser2710Ser
16-30738172-C-T,missense_variant,p.Pro2711Leu
16-30738181-C-A,missense_variant,p.Pro2714His
16-30738184-C-T,missense_variant,p.Ser2715Leu
16-30738185-A-C,synonymous_variant,p.Ser2715Ser
16-30738193-G-A,missense_variant,p.Arg2718Gln
16-30738194-A-G,synonymous_variant,p.Arg2718Arg
16-30738194-ACCT-A,inframe_deletion,p.Pro2720del
16-30738198-C-T,missense_variant,p.Pro2720Ser
16-30738202-G-A,missense_variant,p.Arg2721Gln
16-30738204-C-T,missense_variant,p.Arg2722Cys
16-30738218-T-C,synonymous_variant,p.Ala2726Ala
16-30738222-G-A,missense_variant,p.Val2728Met
16-30738224-G-A,synonymous_variant,p.Val2728Val
16-30738230-T-C,synonymous_variant,p.Ile2730Ile
16-30738237-C-G,missense_variant,p.Gln2733Glu
16-30738239-A-G,synonymous_variant,p.Gln2733Gln
16-30738243-A-G,missense_variant,p.Thr2735Ala
16-30738244-C-G,missense_variant,p.Thr2735Ser
16-30738249-C-T,missense_variant,p.Arg2737Trp
16-30738250-G-A,missense_variant,p.Arg2737Gln
16-30738257-A-G,synonymous_variant,p.Gly2739Gly
16-30738266-A-G,synonymous_variant,p.Pro2742Pro
16-30738278-G-A,synonymous_variant,p.Val2746Val
16-30738303-G-A,missense_variant,p.Val2755Ile
16-30738303-G-T,missense_variant,p.Val2755Leu
16-30738303-G-C,missense_variant,p.Val2755Leu
16-30738305-A-T,synonymous_variant,p.Val2755Val
16-30738312-G-A,missense_variant,p.Val2758Ile
16-30738316-A-G,missense_variant,p.Glu2759Gly
16-30738331-T-TGCG,inframe_insertion,p.Arg2768dup
16-30738331-T-TGCGGCG,inframe_insertion,p.Arg2767_Arg2768dup
16-30738332-G-A,synonymous_variant,p.Val2764Val
16-30738333-C-T,missense_variant,p.Arg2765Trp
16-30738337-G-A,missense_variant,p.Arg2766Gln
16-30738337-G-T,missense_variant,p.Arg2766Leu
16-30738340-G-A,missense_variant,p.Arg2767Gln
16-30738340-G-GGCGGCAGCA,inframe_insertion,p.Gln2769_Arg2771dup
16-30738344-G-A,synonymous_variant,p.Arg2768Arg
16-30738346-A-G,missense_variant,p.Gln2769Arg
16-30738352-G-A,missense_variant,p.Arg2771Gln
16-30738353-G-A,synonymous_variant,p.Arg2771Arg
16-30738360-G-T,missense_variant,p.Ala2774Ser
16-30738361-C-G,missense_variant,p.Ala2774Gly
16-30738361-C-T,missense_variant,p.Ala2774Val
16-30738369-C-T,synonymous_variant,p.Leu2777Leu
16-30738372-G-A,missense_variant,p.Val2778Met
16-30738372-G-C,missense_variant,p.Val2778Leu
16-30738373-T-G,missense_variant,p.Val2778Gly
16-30738380-G-A,synonymous_variant,p.Gly2780Gly
16-30738389-G-T,missense_variant,p.Glu2783Asp
16-30738390-A-C,missense_variant,p.Thr2784Pro
16-30738403-C-T,missense_variant,p.Pro2788Leu
16-30738406-G-A,missense_variant,p.Gly2789Glu
16-30738412-C-T,missense_variant,p.Pro2791Leu
16-30738413-G-A,synonymous_variant,p.Pro2791Pro
16-30738419-C-T,synonymous_variant,p.Val2793Val
16-30738420-C-T,missense_variant,p.Arg2794Cys
16-30738421-G-A,missense_variant,p.Arg2794His
16-30738426-A-G,missense_variant,p.Met2796Val
16-30738427-T-C,missense_variant,p.Met2796Thr
16-30738428-G-A,missense_variant,p.Met2796Ile
16-30738428-G-T,missense_variant,p.Met2796Ile
16-30738437-A-G,synonymous_variant,p.Pro2799Pro
16-30738445-C-T,missense_variant,p.Ser2802Phe
16-30738446-C-T,synonymous_variant,p.Ser2802Ser
16-30738447-C-G,missense_variant,p.Pro2803Ala
16-30738453-A-C,missense_variant,p.Ile2805Leu
16-30738485-C-T,synonymous_variant,p.Ser2815Ser
16-30738487-C-T,missense_variant,p.Ser2816Leu
16-30738493-C-T,missense_variant,p.Pro2818Leu
16-30738494-C-T,synonymous_variant,p.Pro2818Pro
16-30738495-A-G,missense_variant,p.Thr2819Ala
16-30738496-C-T,missense_variant,p.Thr2819Ile
16-30738499-C-T,missense_variant,p.Pro2820Leu
16-30738503-C-T,synonymous_variant,p.Pro2821Pro
16-30738506-G-C,missense_variant,p.Gln2822His
16-30738513-T-C,missense_variant,p.Phe2825Leu
16-30738517-T-C,missense_variant,p.Ile2826Thr
16-30738522-C-A,missense_variant,p.Arg2828Ser
16-30738522-C-T,missense_variant,p.Arg2828Cys
16-30738523-G-A,missense_variant,p.Arg2828His
16-30738525-C-T,missense_variant,p.Arg2829Cys
16-30738526-G-A,missense_variant,p.Arg2829His
16-30738540-G-A,missense_variant,p.Gly2834Arg
16-30738542-G-T,synonymous_variant,p.Gly2834Gly
16-30738543-G-A,missense_variant,p.Val2835Met
16-30738548-T-G,synonymous_variant,p.Thr2836Thr
16-30738550-G-T,missense_variant,p.Gly2837Val
16-30738553-G-T,missense_variant,p.Gly2838Val
16-30738554-T-G,synonymous_variant,p.Gly2838Gly
16-30738555-G-A,missense_variant,p.Gly2839Ser
16-30738558-A-T,missense_variant,p.Ser2840Cys
16-30738561-C-T,missense_variant,p.Pro2841Ser
16-30738563-C-A,synonymous_variant,p.Pro2841Pro
16-30738563-C-T,synonymous_variant,p.Pro2841Pro
16-30738564-G-A,missense_variant,p.Glu2842Lys
16-30738566-G-A,synonymous_variant,p.Glu2842Glu
16-30738571-G-C,missense_variant,p.Gly2844Ala
16-30738575-C-A,missense_variant,p.Asp2845Glu
16-30738575-C-T,synonymous_variant,p.Asp2845Asp
16-30738576-G-A,missense_variant,p.Gly2846Arg
16-30738578-A-G,synonymous_variant,p.Gly2846Gly
16-30738581-A-C,synonymous_variant,p.Ala2847Ala
16-30738584-G-A,synonymous_variant,p.Leu2848Leu
16-30738587-C-T,synonymous_variant,p.Leu2849Leu
16-30738588-G-A,missense_variant,p.Ala2850Thr
16-30738588-G-T,missense_variant,p.Ala2850Ser
16-30738591-A-G,missense_variant,p.Ile2851Val
16-30738595-C-T,missense_variant,p.Thr2852Ile
16-30738596-C-T,synonymous_variant,p.Thr2852Thr
16-30738599-A-T,synonymous_variant,p.Pro2853Pro
16-30738612-C-T,missense_variant,p.Arg2858Cys
16-30738616-G-A,missense_variant,p.Arg2859Gln
16-30738629-C-G,synonymous_variant,p.Pro2863Pro
16-30738632-C-T,synonymous_variant,p.Pro2864Pro
16-30738643-G-A,missense_variant,p.Arg2868Lys
16-30738655-A-G,missense_variant,p.Asp2872Gly
16-30738658-C-A,missense_variant,p.Ala2873Asp
16-30738663-A-C,synonymous_variant,p.Arg2875Arg
16-30738666-G-A,missense_variant,p.Gly2876Ser
16-30738667-G-A,missense_variant,p.Gly2876Asp
16-30738668-T-G,synonymous_variant,p.Gly2876Gly
16-30738669-G-A,missense_variant,p.Val2877Met
16-30738682-C-T,missense_variant,p.Pro2881Leu
16-30738683-C-T,synonymous_variant,p.Pro2881Pro
16-30738691-C-T,missense_variant,p.Thr2884Ile
16-30738694-T-C,missense_variant,p.Leu2885Ser
16-30738695-G-T,missense_variant,p.Leu2885Phe
16-30738705-A-G,missense_variant,p.Thr2889Ala
16-30738707-C-G,synonymous_variant,p.Thr2889Thr
16-30738709-A-G,missense_variant,p.Asn2890Ser
16-30738716-T-G,synonymous_variant,p.Ala2892Ala
16-30738719-C-T,synonymous_variant,p.Asp2893Asp
16-30738720-C-T,missense_variant,p.Pro2894Ser
16-30738723-G-T,missense_variant,p.Val2895Phe
16-30738724-T-G,missense_variant,p.Val2895Gly
16-30738732-C-G,missense_variant,p.Pro2898Ala
16-30738740-C-G,synonymous_variant,p.Thr2900Thr
16-30738741-C-G,missense_variant,p.Leu2901Val
16-30738741-C-T,synonymous_variant,p.Leu2901Leu
16-30738743-A-G,synonymous_variant,p.Leu2901Leu
16-30738763-T-G,missense_variant,p.Leu2908Arg
16-30738766-A-C,missense_variant,p.Glu2909Ala
16-30738767-A-G,synonymous_variant,p.Glu2909Glu
16-30738772-A-T,missense_variant,p.Gln2911Leu
16-30738780-C-T,missense_variant,p.Pro2914Ser
16-30738786-C-T,missense_variant,p.Pro2916Ser
16-30738788-C-T,synonymous_variant,p.Pro2916Pro
16-30738795-C-T,missense_variant,p.Leu2919Phe
16-30738796-T-G,missense_variant,p.Leu2919Arg
16-30738800-A-G,synonymous_variant,p.Gly2920Gly
16-30738803-C-G,synonymous_variant,p.Pro2921Pro
16-30738810-G-A,missense_variant,p.Val2924Ile
16-30738815-C-T,synonymous_variant,p.His2925His
16-30738822-A-G,missense_variant,p.Asn2928Asp
16-30738823-A-G,missense_variant,p.Asn2928Ser
16-30738824-T-G,missense_variant,p.Asn2928Lys
16-30738825-C-A,missense_variant,p.Pro2929Thr
16-30738827-C-CAT,frameshift_variant,p.Leu2930IlefsTer47
16-30738827-C-T,synonymous_variant,p.Pro2929Pro
16-30738828-C-CA,frameshift_variant,p.Leu2930HisfsTer15
16-30738831-C-T,synonymous_variant,p.Leu2931Leu
16-30738833-G-A,synonymous_variant,p.Leu2931Leu
16-30738837-C-T,missense_variant,p.Pro2933Ser
16-30738838-C-T,missense_variant,p.Pro2933Leu
16-30738847-AAAG-A,inframe_deletion,p.Arg2939del
16-30738851-A-G,synonymous_variant,p.Arg2937Arg
16-30738852-A-C,synonymous_variant,p.Arg2938Arg
16-30738853-G-A,missense_variant,p.Arg2938Lys
16-30738855-C-T,stop_gained,p.Arg2939Ter
16-30738858-G-A,missense_variant,p.Gly2940Arg
16-30738876-C-A,synonymous_variant,p.Arg2946Arg
16-30738877-G-A,missense_variant,p.Arg2946Gln
16-30738890-C-T,synonymous_variant,p.Ile2950Ile
16-30738891-C-G,missense_variant,p.Pro2951Ala
16-30738895-G-C,missense_variant,p.Gly2952Ala
16-30738899-C-T,synonymous_variant,p.Thr2953Thr
16-30738905-C-G,synonymous_variant,p.Ser2955Ser
16-30738919-G-T,missense_variant,p.Gly2960Val
16-30738926-C-T,synonymous_variant,p.Ser2962Ser
16-30738933-C-T,missense_variant,p.Arg2965Trp
16-30738934-G-A,missense_variant,p.Arg2965Gln
16-30738950-A-C,synonymous_variant,p.Pro2970Pro
16-30738951-C-T,missense_variant,p.His2971Tyr
16-30738952-A-C,missense_variant,p.His2971Pro
16-30738954-C-T,missense_variant,p.Pro2972Ser
16-30738956-A-C,synonymous_variant,p.Pro2972Pro
16-30738965-A-C,synonymous_variant,p.Leu2975Leu
16-30738967-C-A,missense_variant,p.Thr2976Asn
16-30738968-C-T,synonymous_variant,p.Thr2976Thr
16-30738972-C-G,missense_variant,p.Leu2978Val
16-30738974-C-T,synonymous_variant,p.Leu2978Leu
16-30738977-A-G,synonymous_variant,p.Pro2979Pro
16-30738995-C-T,synonymous_variant,p.Pro2985Pro
16-30738996-A-C,missense_variant,p.Thr2986Pro
16-30738998-T-C,synonymous_variant,p.Thr2986Thr
16-30739002-A-G,missense_variant,p.Thr2988Ala
16-30739003-C-T,missense_variant,p.Thr2988Ile
16-30739009-CCAACACTGT-C,inframe_deletion,p.Asn2991_Val2993del
16-30739012-ACACTGTCAC-A,inframe_deletion,p.Thr2995_Thr2997del
16-30739014-A-G,missense_variant,p.Thr2992Ala
16-30739015-C-G,missense_variant,p.Thr2992Ser
16-30739015-C-T,missense_variant,p.Thr2992Ile
16-30739017-G-A,missense_variant,p.Val2993Ile
16-30739022-C-G,synonymous_variant,p.Thr2994Thr
16-30739023-A-G,missense_variant,p.Thr2995Ala
16-30739024-C-G,missense_variant,p.Thr2995Ser
16-30739024-CTGTCACCAT-C,inframe_deletion,p.Val2996_Ile2998del
16-30739029-A-G,missense_variant,p.Thr2997Ala
16-30739034-T-G,missense_variant,p.Ile2998Met
16-30739039-C-T,missense_variant,p.Thr3000Met
16-30739040-G-A,synonymous_variant,p.Thr3000Thr
16-30739043-C-T,synonymous_variant,p.Ser3001Ser
16-30739051-A-C,missense_variant,p.Lys3004Thr
16-30739054-G-A,missense_variant,p.Arg3005Gln
16-30739061-G-A,synonymous_variant,p.Arg3007Arg
16-30739079-T-C,synonymous_variant,p.Asn3013Asn
16-30739081-C-T,missense_variant,p.Pro3014Leu
16-30739083-C-T,missense_variant,p.Pro3015Ser
16-30739085-A-G,synonymous_variant,p.Pro3015Pro
16-30739087-C-T,missense_variant,p.Ser3016Leu
16-30739088-A-G,synonymous_variant,p.Ser3016Ser
16-30739088-A-T,synonymous_variant,p.Ser3016Ser
16-30739092-C-T,missense_variant,p.Arg3018Trp
16-30739093-G-A,missense_variant,p.Arg3018Gln
16-30739097-C-T,synonymous_variant,p.Pro3019Pro
16-30739100-C-T,synonymous_variant,p.Ser3020Ser
16-30739103-G-A,synonymous_variant,p.Gln3021Gln
16-30739108-C-A,missense_variant,p.Pro3023His
16-30739109-C-T,synonymous_variant,p.Pro3023Pro
16-30739110-G-A,missense_variant,p.Val3024Ile
16-30739111-T-C,missense_variant,p.Val3024Ala
16-30739112-C-T,synonymous_variant,p.Val3024Val
16-30739119-C-T,missense_variant,p.Arg3027Cys
16-30739123-A-G,missense_variant,p.Asp3028Gly
16-30739126-GCAC-G,inframe_deletion,p.Thr3030del
16-30739128-A-T,missense_variant,p.Thr3030Ser
16-30739130-T-A,synonymous_variant,p.Thr3030Thr
16-30739136-T-C,synonymous_variant,p.Val3032Val
16-30739139-C-T,synonymous_variant,p.Leu3033Leu
16-30739140-G-A,missense_variant,p.Glu3034Lys
16-30739140-G-C,missense_variant,p.Glu3034Gln
16-30739152-T-C,synonymous_variant,p.Leu3038Leu
16-30739159-G-A,missense_variant,p.Arg3040Lys
16-30739162-G-A,missense_variant,p.Arg3041Gln
16-30739163-A-G,synonymous_variant,p.Arg3041Arg
16-30739164-C-T,missense_variant,p.Arg3042Trp
16-30739169-A-T,missense_variant,p.Gln3043His
16-30739177-G-A,missense_variant,p.Gly3046Asp
16-30739181-A-G,synonymous_variant,p.Gln3047Gln
16-30739190-T-A,missense_variant,p.Ser3050Arg
16-30739202-C-T,synonymous_variant,p.Ser3054Ser
16-30739202-C-A,synonymous_variant,p.Ser3054Ser
16-30739204-C-A,missense_variant,p.Ser3055Tyr
16-30739218-A-G,missense_variant,p.Ser3060Gly
16-30739222-G-A,missense_variant,p.Arg3061His
16-30739223-C-A,synonymous_variant,p.Arg3061Arg
16-30739232-C-T,synonymous_variant,p.Thr3064Thr
16-30739233-C-T,missense_variant,p.Arg3065Cys
16-30739236-C-A,missense_variant,p.Leu3066Met
16-30739240-C-T,missense_variant,p.Ala3067Val
16-30739242-C-T,missense_variant,p.Arg3068Cys
16-30739244-C-G,synonymous_variant,p.Arg3068Arg
16-30739247-T-A,synonymous_variant,p.Leu3069Leu
16-30739249-G-A,missense_variant,p.Arg3070Gln
16-30739251-C-T,missense_variant,p.Leu3071Phe
16-30739262-A-G,synonymous_variant,p.Glu3074Glu
16-30739264-G-A,missense_variant,p.Gly3075Glu
16-30739268-G-T,missense_variant,p.Met3076Ile
16-30739269-C-A,synonymous_variant,p.Arg3077Arg
16-30739270-G-A,missense_variant,p.Arg3077Gln
16-30739271-A-G,synonymous_variant,p.Arg3077Arg
16-30739275-C-T,missense_variant,p.Arg3079Trp
16-30739276-G-A,missense_variant,p.Arg3079Gln
16-30739277-G-A,synonymous_variant,p.Arg3079Arg
16-30739277-G-C,synonymous_variant,p.Arg3079Arg
16-30739285-G-A,missense_variant,p.Gly3082Glu
16-30739286-A-C,synonymous_variant,p.Gly3082Gly
16-30739293-A-G,missense_variant,p.Met3085Val
16-30739296-G-A,missense_variant,p.Val3086Met
16-30739298-G-T,synonymous_variant,p.Val3086Val
16-30739324-A-G,missense_variant,p.Asp3095Gly
16-30739325-C-T,synonymous_variant,p.Asp3095Asp
16-30739331-A-G,synonymous_variant,p.Ala3097Ala
16-30739331-A-C,synonymous_variant,p.Ala3097Ala
16-30739334-T-G,missense_variant,p.Asp3098Glu
16-30739337-C-T,synonymous_variant,p.Ser3099Ser
16-30739338-G-A,missense_variant,p.Gly3100Arg
16-30739338-G-T,missense_variant,p.Gly3100Trp
16-30739346-C-A,synonymous_variant,p.Gly3102Gly
16-30739347-G-A,missense_variant,p.Gly3103Arg
16-30739347-G-C,missense_variant,p.Gly3103Arg
16-30739350-T-C,synonymous_variant,p.Leu3104Leu
16-30739352-G-A,synonymous_variant,p.Leu3104Leu
16-30739360-C-A,missense_variant,p.Thr3107Lys
16-30739364-A-T,synonymous_variant,p.Pro3108Pro
16-30739375-CACTA-C,frameshift_variant,p.Leu3113ProfsTer14
16-30739377-C-T,synonymous_variant,p.Leu3113Leu
16-30739380-A-G,missense_variant,p.Thr3114Ala
16-30739381-C-G,missense_variant,p.Thr3114Ser
16-30739382-C-G,synonymous_variant,p.Thr3114Thr
16-30739382-C-T,synonymous_variant,p.Thr3114Thr
16-30739386-A-C,missense_variant,p.Lys3116Gln
16-30739386-A-G,missense_variant,p.Lys3116Glu
16-30739396-C-T,missense_variant,p.Ser3119Leu
16-30739397-G-A,synonymous_variant,p.Ser3119Ser
16-30739401-C-T,missense_variant,p.Arg3121Trp
16-30739402-G-A,missense_variant,p.Arg3121Gln
16-30739407-C-T,missense_variant,p.Arg3123Cys
16-30739408-G-A,missense_variant,p.Arg3123His
16-30739409-T-A,synonymous_variant,p.Arg3123Arg
16-30739424-C-A,synonymous_variant,p.Val3128Val
16-30739424-C-T,synonymous_variant,p.Val3128Val
16-30739426-C-A,missense_variant,p.Pro3129His
16-30739427-C-T,synonymous_variant,p.Pro3129Pro
16-30739429-C-A,missense_variant,p.Pro3130Gln
16-30739429-C-CGGGGGG,inframe_insertion,p.Pro3130_Leu3131insGlyGly
16-30739429-C-T,missense_variant,p.Pro3130Leu
16-30739430-A-G,synonymous_variant,p.Pro3130Pro
16-30739431-C-G,missense_variant,p.Leu3131Val
16-30739439-T-C,synonymous_variant,p.Thr3133Thr
16-30739439-TGA-T,frameshift_variant,p.Lys3135ValfsTer31
16-30739446-T-G,missense_variant,p.Leu3136Val
16-30739448-G-T,missense_variant,p.Leu3136Phe
16-30739460-A-G,synonymous_variant,p.Arg3140Arg
16-30739462-C-T,missense_variant,p.Ala3141Val
16-30739474-T-C,missense_variant,p.Val3145Ala
16-30739475-T-C,synonymous_variant,p.Val3145Val
16-30739476-G-GGCA,inframe_insertion,p.Gly3146_Gly3147insSer
16-30739479-G-A,missense_variant,p.Gly3147Arg
16-30739480-G-A,missense_variant,p.Gly3147Glu
16-30739481-G-T,synonymous_variant,p.Gly3147Gly
16-30739482-A-G,missense_variant,p.Ser3148Gly
16-30739484-T-C,synonymous_variant,p.Ser3148Ser
16-30739485-C-T,missense_variant,p.Pro3149Ser
16-30739487-T-C,synonymous_variant,p.Pro3149Pro
16-30739494-G-A,missense_variant,p.Ala3152Thr
16-30739495-C-G,missense_variant,p.Ala3152Gly
16-30739500-C-T,missense_variant,p.Arg3154Trp
16-30739502-G-A,synonymous_variant,p.Arg3154Arg
16-30739503-G-A,missense_variant,p.Gly3155Ser
16-30739504-G-C,missense_variant,p.Gly3155Ala
16-30739506-C-T,missense_variant,p.Arg3156Cys
16-30739507-G-A,missense_variant,p.Arg3156His
16-30739515-C-T,missense_variant,p.Pro3159Ser
16-30739517-C-G,synonymous_variant,p.Pro3159Pro
16-30739524-C-A,missense_variant,p.Pro3162Thr
16-30739524-C-T,missense_variant,p.Pro3162Ser
16-30739525-C-T,missense_variant,p.Pro3162Leu
16-30739527-C-G,missense_variant,p.Leu3163Val
16-30739527-C-T,synonymous_variant,p.Leu3163Leu
16-30739532-G-A,synonymous_variant,p.Gly3164Gly
16-30739537-A-T,missense_variant,p.Glu3166Val
16-30739538-G-A,synonymous_variant,p.Glu3166Glu
16-30739540-G-C,missense_variant,p.Gly3167Ala
16-30739541-T-C,synonymous_variant,p.Gly3167Gly
16-30739545-G-GCC,frameshift_variant,p.Val3169AlafsTer2
16-30739546-T-C,missense_variant,p.Val3169Ala
16-30739546-T-TC,frameshift_variant,p.Glu3170ArgfsTer4
16-30739549-AGGAG-A,frameshift_variant,p.Glu3170AspfsTer90
16-30739553-G-GCTCC,frameshift_variant,p.Ser3172LeufsTer3
16-30739556-TG-T,frameshift_variant,p.Glu3173ArgfsTer88
16-30739558-A-G,missense_variant,p.Glu3173Gly
16-30739558-AGG-A,frameshift_variant,p.Glu3173AspfsTer2
16-30739562-T-C,synonymous_variant,p.Ala3174Ala
16-30739565-A-G,synonymous_variant,p.Glu3175Glu
16-30739571-A-G,synonymous_variant,p.Ser3177Ser
16-30739574-TGAG-T,inframe_deletion,p.Glu3182del
16-30739580-G-A,synonymous_variant,p.Glu3180Glu
16-30739590-G-T,missense_variant,p.Asp3184Tyr
16-30739591-A-G,missense_variant,p.Asp3184Gly
16-30739591-A-T,missense_variant,p.Asp3184Val
16-30739592-T-C,synonymous_variant,p.Asp3184Asp
16-30739597-C-T,missense_variant,p.Thr3186Ile
16-30739600-C-A,missense_variant,p.Pro3187Gln
16-30739602-C-T,missense_variant,p.Arg3188Cys
16-30739603-G-A,missense_variant,p.Arg3188His
16-30739607-A-T,synonymous_variant,p.Arg3189Arg
16-30739608-C-T,missense_variant,p.Arg3190Cys
16-30739609-G-A,missense_variant,p.Arg3190His
16-30739610-T-G,synonymous_variant,p.Arg3190Arg
16-30739620-C-T,missense_variant,p.Arg3194Cys
16-30739621-G-A,missense_variant,p.Arg3194His
16-30739622-C-T,synonymous_variant,p.Arg3194Arg
16-30739623-C-T,missense_variant,p.Arg3195Trp
16-30739624-G-A,missense_variant,p.Arg3195Gln
16-30739628-T-C,synonymous_variant,p.Leu3196Leu
16-30739630-T-G,missense_variant,p.Val3197Gly
16-30739632-G-A,missense_variant,p.Gly3198Arg
16-30739635-A-G,missense_variant,p.Thr3199Ala
16-30739638-A-G,missense_variant,p.Thr3200Ala
16-30739642-A-G,missense_variant,p.Asn3201Ser
16-30739645-A-G,missense_variant,p.Gln3202Arg
16-30739647-G-A,missense_variant,p.Gly3203Arg
16-30739650-G-A,missense_variant,p.Asp3204Asn
16-30739656-C-T,missense_variant,p.Arg3206Cys
16-30739657-G-A,missense_variant,p.Arg3206His
16-30739658-C-T,synonymous_variant,p.Arg3206Arg
16-30739662-C-T,synonymous_variant,p.Leu3208Leu
16-30739665-C-T,missense_variant,p.Arg3209Cys
16-30739666-G-A,missense_variant,p.Arg3209His
16-30739667-C-T,synonymous_variant,p.Arg3209Arg
16-30739673-C-T,synonymous_variant,p.Ser3211Ser
16-30739680-C-T,missense_variant,p.Pro3214Ser
16-30739681-C-A,missense_variant,p.Pro3214His
16-30739681-C-CGCA,inframe_insertion,p.Pro3214_Ser3215insHis
16-30739683-TCCC-T,inframe_deletion,p.Ser3215del
16-30739689-G-T,missense_variant,p.Ala3217Ser
16-30739693-G-C,missense_variant,p.Gly3218Ala
16-30739695-C-T,missense_variant,p.Pro3219Ser
16-30739696-C-T,missense_variant,p.Pro3219Leu
16-30739698-G-A,missense_variant,p.Ala3220Thr
16-30739700-T-C,synonymous_variant,p.Ala3220Ala
16-30739701-G-A,missense_variant,p.Val3221Ile
16-30739704-A-G,missense_variant,p.Ser3222Gly
16-30739717-G-T,missense_variant,p.Arg3226Leu
16-30739718-C-T,synonymous_variant,p.Arg3226Arg
16-30739723-C-T,missense_variant,p.Ala3228Val
16-30739729-C-T,missense_variant,p.Thr3230Met
16-30739732-G-C,stop_lost,p.Ter3231SerextTer7
16-30739739-C-G,3_prime_UTR_variant,c.*6C>G
16-30739742-C-T,3_prime_UTR_variant,c.*9C>T
16-30739750-C-A,3_prime_UTR_variant,c.*17C>A
16-30739753-A-G,3_prime_UTR_variant,c.*20A>G
16-30739755-G-T,3_prime_UTR_variant,c.*22G>T
16-30739756-CT-C,3_prime_UTR_variant,c.*26del
16-30739761-C-A,3_prime_UTR_variant,c.*28C>A
16-30739764-C-T,3_prime_UTR_variant,c.*31C>T
16-30739765-G-A,3_prime_UTR_variant,c.*32G>A
16-30739765-G-T,3_prime_UTR_variant,c.*32G>T
16-30739771-A-C,3_prime_UTR_variant,c.*38A>C
16-30739776-C-T,3_prime_UTR_variant,c.*43C>T
16-30739779-C-T,3_prime_UTR_variant,c.*46C>T
16-30739780-A-G,3_prime_UTR_variant,c.*47A>G
16-30739782-G-T,3_prime_UTR_variant,c.*49G>T
16-30739784-C-T,3_prime_UTR_variant,c.*51C>T
16-30739789-C-A,3_prime_UTR_variant,c.*56C>A
16-30739793-ACT-A,3_prime_UTR_variant,c.*63_*64delCT
