,AD,var,orig_PADDLE_pred,var_PADDLE_pred
0,KLF7_O75840_AD_2-101,g.207124231G>C(p.Ser92Arg),True,True
1,KLF7_O75840_AD_2-101,g.207124358A>T(p.Ile50Asn),True,True
2,KLF7_O75840_AD_2-101,g.207124382T>C(p.Tyr42Cys),True,True
3,KLF7_O75840_AD_2-101,g.207124250G>A(p.Ala86Val),True,True
4,KLF7_O75840_AD_2-101,g.207124214A>C(p.Leu98Trp),True,True
5,KLF7_O75840_AD_2-101,g.207124313G>A(p.Ser65Phe),True,True
6,KLF7_O75840_AD_2-101,g.207124364C>T(p.Arg48Gln),True,True
7,KLF7_O75840_AD_2-101,g.207165478T>A(p.Thr31Ser),True,True
8,KLF7_O75840_AD_2-101,g.207124281G>A(p.Arg76Cys),True,True
9,KLF7_O75840_AD_2-101,g.207124292T>G(p.Glu72Ala),True,True
10,KLF7_O75840_AD_2-101,g.207124241C>G(p.Cys89Ser),True,True
11,KLF7_O75840_AD_2-101,g.207124308G>C(p.Pro67Ala),True,True
12,KLF7_O75840_AD_2-101,g.207124205C>T(p.Arg101Gln),True,True
13,KLF7_O75840_AD_2-101,g.207165502A>C(p.Ser23Ala),True,True
14,KLF7_O75840_AD_2-101,g.207124229G>A(p.Ser93Leu),True,True
15,KLF7_O75840_AD_2-101,g.207124284G>A(p.Arg75Cys),True,True
16,KLF7_O75840_AD_2-101,g.207124248C>T(p.Ala87Thr),True,True
17,KLF7_O75840_AD_2-101,g.207124298A>G(p.Ile70Thr),True,True
18,KLF7_O75840_AD_2-101,g.207124269G>C(p.Leu80Val),True,True
19,KLF7_O75840_AD_2-101,g.207124374T>A(p.Thr45Ser),True,True
20,KLF7_O75840_AD_2-101,g.207124211A>G(p.Leu99Pro),True,True
21,KLF7_O75840_AD_2-101,g.207124206G>C(p.Arg101Gly),True,True
22,KLF7_O75840_AD_2-101,g.207124257C>T(p.Val84Met),True,True
23,KLF7_O75840_AD_2-101,g.207124319T>C(p.His63Arg),True,True
24,KLF7_O75840_AD_2-101,g.207124283C>T(p.Arg75His),True,True
25,KLF7_O75840_AD_2-101,g.207124241C>T(p.Cys89Tyr),True,True
26,KLF7_O75840_AD_2-101,g.207124218T>A(p.Ile97Phe),True,True
0,DLX3_O60479_AD_199-263,g.49991698C>T(p.Arg228His),False,False
1,DLX3_O60479_AD_199-263,g.49991698C>A(p.Arg228Leu),False,False
2,DLX3_O60479_AD_199-263,g.49991641G>A(p.Pro247Leu),False,False
3,DLX3_O60479_AD_199-263,g.49991642G>A(p.Pro247Ser),False,False
4,DLX3_O60479_AD_199-263,g.49991645C>G(p.Asp246His),False,False
5,DLX3_O60479_AD_199-263,g.49991702C>G(p.Ala227Pro),False,False
6,DLX3_O60479_AD_199-263,g.49991770G>T(p.Ser204Tyr),False,False
7,DLX3_O60479_AD_199-263,g.49991594G>C(p.Gln263Glu),False,False
8,DLX3_O60479_AD_199-263,g.49991621C>A(p.Ala254Ser),False,False
9,DLX3_O60479_AD_199-263,g.49991671T>C(p.Tyr237Cys),False,False
10,DLX3_O60479_AD_199-263,g.49991699G>A(p.Arg228Cys),False,False
11,DLX3_O60479_AD_199-263,g.49991621C>T(p.Ala254Thr),False,False
12,DLX3_O60479_AD_199-263,g.49991730G>T(p.Asp217Glu),False,False
13,DLX3_O60479_AD_199-263,g.49991645C>T(p.Asp246Asn),False,False
14,DLX3_O60479_AD_199-263,g.49991743G>A(p.Pro213Leu),False,False
15,DLX3_O60479_AD_199-263,g.49991710G>A(p.Pro224Leu),False,False
16,DLX3_O60479_AD_199-263,g.49991657T>A(p.Ser242Cys),False,False
17,DLX3_O60479_AD_199-263,g.49991683G>A(p.Pro233Leu),False,False
18,DLX3_O60479_AD_199-263,g.49991741C>T(p.Ala214Thr),False,False
19,DLX3_O60479_AD_199-263,g.49991680G>A(p.Pro234Leu),False,False
20,DLX3_O60479_AD_199-263,g.49991782T>C(p.Asn200Ser),False,False
21,DLX3_O60479_AD_199-263,g.49991651G>C(p.Leu244Val),False,False
22,DLX3_O60479_AD_199-263,g.49991733C>A(p.Trp216Cys),False,False
0,OTX1_P32242_AD_172-354,g.63055808C>T(p.Ser186Leu),False,False
1,OTX1_P32242_AD_172-354,g.63056264C>A(p.Pro338His),False,False
2,OTX1_P32242_AD_172-354,g.63056071G>A(p.Gly274Ser),False,False
3,OTX1_P32242_AD_172-354,g.63055874G>A(p.Arg208His),False,False
4,OTX1_P32242_AD_172-354,g.63056018A>G(p.His256Arg),False,False
5,OTX1_P32242_AD_172-354,g.63056016G>C(p.Met255Ile),False,False
6,OTX1_P32242_AD_172-354,g.63056258A>C(p.Asn336Thr),False,False
7,OTX1_P32242_AD_172-354,g.63055853G>T(p.Ser201Ile),False,False
8,OTX1_P32242_AD_172-354,g.63056189C>G(p.Ser313Cys),False,False
9,OTX1_P32242_AD_172-354,g.63055804G>C(p.Gly185Arg),False,False
10,OTX1_P32242_AD_172-354,g.63056224G>T(p.Ala325Ser),False,False
11,OTX1_P32242_AD_172-354,g.63055817C>G(p.Ala189Gly),False,False
12,OTX1_P32242_AD_172-354,g.63055822G>A(p.Val191Met),False,False
13,OTX1_P32242_AD_172-354,g.63055922C>G(p.Ser224Cys),False,False
14,OTX1_P32242_AD_172-354,g.63055858A>G(p.Thr203Ala),False,False
15,OTX1_P32242_AD_172-354,g.63055787C>T(p.Pro179Leu),False,False
16,OTX1_P32242_AD_172-354,g.63055960A>G(p.Thr237Ala),False,False
17,OTX1_P32242_AD_172-354,g.63055831C>T(p.Pro194Ser),False,False
18,OTX1_P32242_AD_172-354,g.63055828G>A(p.Val193Met),False,False
19,OTX1_P32242_AD_172-354,g.63055801C>G(p.Pro184Ala),False,False
20,OTX1_P32242_AD_172-354,g.63055906G>A(p.Ala219Thr),False,False
21,OTX1_P32242_AD_172-354,g.63055952G>A(p.Gly234Asp),False,False
22,OTX1_P32242_AD_172-354,g.63056246A>G(p.Lys332Arg),False,False
23,OTX1_P32242_AD_172-354,g.63055837C>A(p.Pro196Thr),False,False
24,OTX1_P32242_AD_172-354,g.63055982G>C(p.Gly244Ala),False,False
25,OTX1_P32242_AD_172-354,g.63055867A>T(p.Met206Leu),False,False
26,OTX1_P32242_AD_172-354,g.63055990G>C(p.Asp247His),False,False
27,OTX1_P32242_AD_172-354,g.63056057C>A(p.Pro269His),False,False
28,OTX1_P32242_AD_172-354,g.63055811C>T(p.Ala187Val),False,False
29,OTX1_P32242_AD_172-354,g.63055891G>T(p.Ala214Ser),False,False
30,OTX1_P32242_AD_172-354,g.63056105C>A(p.Pro285Gln),False,False
31,OTX1_P32242_AD_172-354,g.63056179G>A(p.Ala310Thr),False,False
32,OTX1_P32242_AD_172-354,g.63055832C>G(p.Pro194Arg),False,False
33,OTX1_P32242_AD_172-354,g.63055840T>A(p.Leu197Met),False,False
34,OTX1_P32242_AD_172-354,g.63056239G>T(p.Ala330Ser),False,False
35,OTX1_P32242_AD_172-354,g.63055801C>T(p.Pro184Ser),False,False
36,OTX1_P32242_AD_172-354,g.63055790C>T(p.Ala180Val),False,False
37,OTX1_P32242_AD_172-354,g.63055828G>C(p.Val193Leu),False,False
38,OTX1_P32242_AD_172-354,g.63056074C>A(p.His275Asn),False,False
39,OTX1_P32242_AD_172-354,g.63055915C>T(p.Pro222Ser),False,False
40,OTX1_P32242_AD_172-354,g.63056283G>T(p.Lys344Asn),False,True
41,OTX1_P32242_AD_172-354,g.63056146C>A(p.His299Asn),False,False
42,OTX1_P32242_AD_172-354,g.63056255T>A(p.Phe335Tyr),False,False
43,OTX1_P32242_AD_172-354,g.63055988T>C(p.Val246Ala),False,False
44,OTX1_P32242_AD_172-354,g.63055876T>G(p.Ser209Ala),False,False
45,OTX1_P32242_AD_172-354,g.63055918A>T(p.Met223Leu),False,False
46,OTX1_P32242_AD_172-354,g.63056077C>A(p.His276Asn),False,False
47,OTX1_P32242_AD_172-354,g.63056290G>T(p.Ala347Ser),False,False
48,OTX1_P32242_AD_172-354,g.63056291C>T(p.Ala347Val),False,False
49,OTX1_P32242_AD_172-354,g.63056072G>T(p.Gly274Val),False,False
50,OTX1_P32242_AD_172-354,g.63055847C>T(p.Ala199Val),False,False
51,OTX1_P32242_AD_172-354,g.63055792T>C(p.Ser181Pro),False,False
52,OTX1_P32242_AD_172-354,g.63055874G>C(p.Arg208Pro),False,False
53,OTX1_P32242_AD_172-354,g.63056270G>C(p.Cys340Ser),False,False
54,OTX1_P32242_AD_172-354,g.63055927G>A(p.Gly226Ser),False,False
55,OTX1_P32242_AD_172-354,g.63055927G>T(p.Gly226Cys),False,False
56,OTX1_P32242_AD_172-354,g.63056194G>A(p.Asp315Asn),False,False
57,OTX1_P32242_AD_172-354,g.63056203G>A(p.Asp318Asn),False,False
58,OTX1_P32242_AD_172-354,g.63056105C>T(p.Pro285Leu),False,False
59,OTX1_P32242_AD_172-354,g.63055894G>C(p.Ala215Pro),False,False
60,OTX1_P32242_AD_172-354,g.63056196C>A(p.Asp315Glu),False,False
61,OTX1_P32242_AD_172-354,g.63056048C>A(p.Pro266His),False,False
62,OTX1_P32242_AD_172-354,g.63056074C>T(p.His275Tyr),False,False
63,OTX1_P32242_AD_172-354,g.63056170T>A(p.Ser307Thr),False,False
64,OTX1_P32242_AD_172-354,g.63056171C>T(p.Ser307Phe),False,False
65,OTX1_P32242_AD_172-354,g.63056052G>A(p.Met267Ile),False,False
66,OTX1_P32242_AD_172-354,g.63055891G>A(p.Ala214Thr),False,False
0,ESR2_Q92731_AD_304-500,g.64235129G>A(p.Ala416Val),False,False
1,ESR2_Q92731_AD_304-500,g.64235033G>A(p.Ser448Phe),False,False
2,ESR2_Q92731_AD_304-500,g.64249615T>C(p.Arg386Gly),False,False
3,ESR2_Q92731_AD_304-500,g.64235054A>G(p.Ile441Thr),False,False
4,ESR2_Q92731_AD_304-500,g.64233234A>G(p.Val499Ala),False,False
5,ESR2_Q92731_AD_304-500,g.64235016G>A(p.Arg454Cys),False,False
6,ESR2_Q92731_AD_304-500,g.64235073C>T(p.Asp435Asn),False,False
7,ESR2_Q92731_AD_304-500,g.64235015C>T(p.Arg454His),False,False
8,ESR2_Q92731_AD_304-500,g.64249664G>C(p.Cys369Trp),False,False
9,ESR2_Q92731_AD_304-500,g.64235106G>A(p.Arg424Trp),False,False
10,ESR2_Q92731_AD_304-500,g.64257340T>C(p.Asp326Gly),False,False
11,ESR2_Q92731_AD_304-500,g.64234983C>T(p.Val465Ile),False,False
12,ESR2_Q92731_AD_304-500,g.64249614C>T(p.Arg386Lys),False,False
13,ESR2_Q92731_AD_304-500,g.64235096G>A(p.Ala427Val),False,False
14,ESR2_Q92731_AD_304-500,g.64260470T>C(p.Ser311Gly),False,False
15,ESR2_Q92731_AD_304-500,g.64257281G>A(p.Arg346Cys),False,False
16,ESR2_Q92731_AD_304-500,g.64235073C>A(p.Asp435Tyr),False,False
17,ESR2_Q92731_AD_304-500,g.64235079C>T(p.Val433Met),False,False
18,ESR2_Q92731_AD_304-500,g.64257275T>C(p.Ile348Val),False,False
19,ESR2_Q92731_AD_304-500,g.64233297T>C(p.Asn478Ser),False,False
20,ESR2_Q92731_AD_304-500,g.64233264T>G(p.Asp489Ala),False,False
21,ESR2_Q92731_AD_304-500,g.64235051G>C(p.Ala442Gly),False,False
22,ESR2_Q92731_AD_304-500,g.64257341C>T(p.Asp326Asn),False,False
23,ESR2_Q92731_AD_304-500,g.64235087A>T(p.Leu430Gln),False,False
24,ESR2_Q92731_AD_304-500,g.64233291T>A(p.Lys480Met),False,False
25,ESR2_Q92731_AD_304-500,g.64235121C>G(p.Asp419His),False,False
26,ESR2_Q92731_AD_304-500,g.64249650A>C(p.Leu374Arg),False,False
27,ESR2_Q92731_AD_304-500,g.64257274A>G(p.Ile348Thr),False,False
28,ESR2_Q92731_AD_304-500,g.64257300T>G(p.Leu339Phe),False,False
29,ESR2_Q92731_AD_304-500,g.64249621T>C(p.Thr384Ala),False,False
30,ESR2_Q92731_AD_304-500,g.64257305C>G(p.Val338Leu),False,False
31,ESR2_Q92731_AD_304-500,g.64257332G>A(p.Arg329Trp),False,False
32,ESR2_Q92731_AD_304-500,g.64257263C>T(p.Gly352Ser),False,False
33,ESR2_Q92731_AD_304-500,g.64235139G>C(p.Leu413Val),False,False
34,ESR2_Q92731_AD_304-500,g.64235103T>C(p.Lys425Glu),False,False
35,ESR2_Q92731_AD_304-500,g.64257331C>T(p.Arg329Gln),False,False
36,ESR2_Q92731_AD_304-500,g.64249633G>A(p.Leu380Phe),False,False
37,ESR2_Q92731_AD_304-500,g.64257346A>C(p.Leu324Arg),False,False
38,ESR2_Q92731_AD_304-500,g.64235142G>A(p.Pro412Ser),False,False
39,ESR2_Q92731_AD_304-500,g.64257280C>T(p.Arg346His),False,False
40,ESR2_Q92731_AD_304-500,g.64249675C>T(p.Glu366Lys),False,False
41,ESR2_Q92731_AD_304-500,g.64257271T>A(p.Asp349Val),False,False
42,ESR2_Q92731_AD_304-500,g.64235127T>A(p.Thr417Ser),False,False
43,ESR2_Q92731_AD_304-500,g.64249669T>C(p.Lys368Glu),False,False
44,ESR2_Q92731_AD_304-500,g.64233235C>T(p.Val499Met),False,False
45,ESR2_Q92731_AD_304-500,g.64233240G>A(p.Ala497Val),False,False
46,ESR2_Q92731_AD_304-500,g.64233316C>T(p.Gly472Ser),False,False
47,ESR2_Q92731_AD_304-500,g.64235148T>C(p.Met410Val),False,False
48,ESR2_Q92731_AD_304-500,g.64249560A>C(p.Ile404Ser),False,False
49,ESR2_Q92731_AD_304-500,g.64235082C>T(p.Ala432Thr),False,False
50,ESR2_Q92731_AD_304-500,g.64257292C>T(p.Gly342Glu),False,False
51,ESR2_Q92731_AD_304-500,g.64234973G>A(p.Ala468Val),False,False
52,ESR2_Q92731_AD_304-500,g.64233288C>T(p.Cys481Tyr),False,False
53,ESR2_Q92731_AD_304-500,g.64235078A>G(p.Val433Ala),False,False
54,ESR2_Q92731_AD_304-500,g.64234996C>T(p.Met460Ile),False,False
55,ESR2_Q92731_AD_304-500,g.64235033G>T(p.Ser448Tyr),False,False
56,ESR2_Q92731_AD_304-500,g.64249555G>C(p.Leu406Val),False,False
57,ESR2_Q92731_AD_304-500,g.64249608C>T(p.Arg388Gln),False,False
58,ESR2_Q92731_AD_304-500,g.64249638T>A(p.Asp378Val),False,False
59,ESR2_Q92731_AD_304-500,g.64235059C>A(p.Trp439Cys),False,False
60,ESR2_Q92731_AD_304-500,g.64235082C>A(p.Ala432Ser),False,False
61,ESR2_Q92731_AD_304-500,g.64249587T>C(p.Lys395Arg),False,False
62,ESR2_Q92731_AD_304-500,g.64257226C>T(p.Arg364Lys),False,False
63,ESR2_Q92731_AD_304-500,g.64233296G>T(p.Asn478Lys),False,False
64,ESR2_Q92731_AD_304-500,g.64249663C>T(p.Val370Ile),False,False
65,ESR2_Q92731_AD_304-500,g.64235045C>T(p.Ser444Asn),False,False
66,ESR2_Q92731_AD_304-500,g.64257341C>G(p.Asp326His),False,False
67,ESR2_Q92731_AD_304-500,g.64234991A>G(p.Leu462Pro),False,False
68,ESR2_Q92731_AD_304-500,g.64260476T>C(p.Met309Val),False,False
69,ESR2_Q92731_AD_304-500,g.64249608C>G(p.Arg388Pro),False,False
70,ESR2_Q92731_AD_304-500,g.64257267G>T(p.His350Gln),False,False
71,ESR2_Q92731_AD_304-500,g.64235012A>G(p.Leu455Pro),False,False
72,ESR2_Q92731_AD_304-500,g.64233248C>T(p.Met494Ile),False,False
73,ESR2_Q92731_AD_304-500,g.64235120T>C(p.Asp419Gly),False,False
74,ESR2_Q92731_AD_304-500,g.64249562C>A(p.Met403Ile),False,False
75,ESR2_Q92731_AD_304-500,g.64235066A>G(p.Leu437Ser),False,False
0,MEF2C_Q06413_AD_87-473,g.88728599A>G(p.Ser332Pro),False,False
1,MEF2C_Q06413_AD_87-473,g.88731863G>T(p.Leu226Met),False,False
2,MEF2C_Q06413_AD_87-473,g.88731893A>C(p.Tyr216Asp),False,False
3,MEF2C_Q06413_AD_87-473,g.88751880C>T(p.Arg189Gln),False,False
4,MEF2C_Q06413_AD_87-473,g.88722689G>T(p.Pro446His),False,False
5,MEF2C_Q06413_AD_87-473,g.88722824C>T(p.Arg401His),False,False
6,MEF2C_Q06413_AD_87-473,g.88761223C>T(p.Glu122Lys),False,False
7,MEF2C_Q06413_AD_87-473,g.88752006A>G(p.Ile147Thr),False,False
8,MEF2C_Q06413_AD_87-473,g.88722912T>C(p.Thr372Ala),False,False
9,MEF2C_Q06413_AD_87-473,g.88728578C>T(p.Ala339Thr),False,False
10,MEF2C_Q06413_AD_87-473,g.88729226T>C(p.Tyr319Cys),False,False
11,MEF2C_Q06413_AD_87-473,g.88722898C>G(p.Gln376His),False,False
12,MEF2C_Q06413_AD_87-473,g.88722819T>C(p.Thr403Ala),False,False
13,MEF2C_Q06413_AD_87-473,g.88728613C>G(p.Ser327Thr),False,False
14,MEF2C_Q06413_AD_87-473,g.88731766A>T(p.Leu258His),False,False
15,MEF2C_Q06413_AD_87-473,g.88728572C>T(p.Ala341Thr),False,False
16,MEF2C_Q06413_AD_87-473,g.88722894A>T(p.Ser378Thr),False,False
17,MEF2C_Q06413_AD_87-473,g.88729271G>A(p.Pro304Leu),False,False
18,MEF2C_Q06413_AD_87-473,g.88749073C>T(p.Ala212Thr),False,False
19,MEF2C_Q06413_AD_87-473,g.88751923G>T(p.Pro175Thr),False,False
20,MEF2C_Q06413_AD_87-473,g.88722627G>A(p.Leu467Phe),False,False
21,MEF2C_Q06413_AD_87-473,g.88752030G>T(p.Pro139His),False,False
22,MEF2C_Q06413_AD_87-473,g.88731758G>A(p.Pro261Ser),False,False
23,MEF2C_Q06413_AD_87-473,g.88731815G>C(p.Pro242Ala),False,False
24,MEF2C_Q06413_AD_87-473,g.88751883T>C(p.His188Arg),False,False
25,MEF2C_Q06413_AD_87-473,g.88731884G>T(p.Pro219Thr),False,False
26,MEF2C_Q06413_AD_87-473,g.88731809T>C(p.Met244Val),False,False
27,MEF2C_Q06413_AD_87-473,g.88751929C>T(p.Ala173Thr),False,False
28,MEF2C_Q06413_AD_87-473,g.88752016G>T(p.Pro144Thr),False,False
29,MEF2C_Q06413_AD_87-473,g.88722779G>A(p.Ala416Val),False,False
30,MEF2C_Q06413_AD_87-473,g.88731890C>A(p.Gly217Cys),False,False
31,MEF2C_Q06413_AD_87-473,g.88731850C>T(p.Gly230Asp),False,False
32,MEF2C_Q06413_AD_87-473,g.88761217T>G(p.Ile124Leu),False,False
33,MEF2C_Q06413_AD_87-473,g.88729299C>T(p.Val295Met),False,False
34,MEF2C_Q06413_AD_87-473,g.88731738C>T(p.Met267Ile),False,False
35,MEF2C_Q06413_AD_87-473,g.88731772C>T(p.Arg256Gln),False,False
36,MEF2C_Q06413_AD_87-473,g.88728575T>C(p.Ser340Gly),False,False
37,MEF2C_Q06413_AD_87-473,g.88751893C>T(p.Gly185Ser),False,False
38,MEF2C_Q06413_AD_87-473,g.88749098G>T(p.Asp203Glu),False,False
39,MEF2C_Q06413_AD_87-473,g.88751902T>C(p.Met182Val),False,False
40,MEF2C_Q06413_AD_87-473,g.88722695T>G(p.His444Pro),False,False
41,MEF2C_Q06413_AD_87-473,g.88722791G>A(p.Thr412Met),False,False
42,MEF2C_Q06413_AD_87-473,g.88761219T>A(p.Asp123Val),False,False
43,MEF2C_Q06413_AD_87-473,g.88731887T>G(p.Asn218His),False,False
44,MEF2C_Q06413_AD_87-473,g.88761268C>T(p.Val107Ile),False,False
45,MEF2C_Q06413_AD_87-473,g.88722833G>A(p.Pro398Leu),False,False
46,MEF2C_Q06413_AD_87-473,g.88722764A>G(p.Val421Ala),False,False
47,MEF2C_Q06413_AD_87-473,g.88761286G>C(p.Pro101Ala),False,False
48,MEF2C_Q06413_AD_87-473,g.88749088C>T(p.Gly207Ser),False,False
49,MEF2C_Q06413_AD_87-473,g.88731790T>A(p.Asn250Ile),False,False
50,MEF2C_Q06413_AD_87-473,g.88752033G>T(p.Pro138His),False,False
51,MEF2C_Q06413_AD_87-473,g.88722728C>T(p.Gly433Glu),False,False
52,MEF2C_Q06413_AD_87-473,g.88731764T>C(p.Ile259Val),False,False
53,MEF2C_Q06413_AD_87-473,g.88731893A>G(p.Tyr216His),False,False
54,MEF2C_Q06413_AD_87-473,g.88751905T>A(p.Ser181Cys),False,False
55,MEF2C_Q06413_AD_87-473,g.88729241G>C(p.Ala314Gly),False,False
56,MEF2C_Q06413_AD_87-473,g.88731781G>T(p.Pro253Gln),False,False
57,MEF2C_Q06413_AD_87-473,g.88751889A>G(p.Val186Ala),False,False
58,MEF2C_Q06413_AD_87-473,g.88751994C>G(p.Ser151Thr),False,False
0,SMAD4_Q13485_AD_275-552,g.51065593A>G(p.Ile376Val),False,False
1,SMAD4_Q13485_AD_275-552,g.51076662C>G(p.Arg445Gly),False,False
2,SMAD4_Q13485_AD_275-552,g.51059908A>G(p.Asn316Ser),False,False
3,SMAD4_Q13485_AD_275-552,g.51065513C>T(p.Thr349Ile),False,False
4,SMAD4_Q13485_AD_275-552,g.51065464G>A(p.Val333Ile),False,False
5,SMAD4_Q13485_AD_275-552,g.51076756G>C(p.Gly476Ala),False,False
6,SMAD4_Q13485_AD_275-552,g.51076773A>G(p.Ile482Val),False,False
7,SMAD4_Q13485_AD_275-552,g.51065603C>T(p.Ala379Val),False,False
8,SMAD4_Q13485_AD_275-552,g.51078370C>T(p.Thr521Ile),False,False
9,SMAD4_Q13485_AD_275-552,g.51059893A>G(p.Gln311Arg),False,False
10,SMAD4_Q13485_AD_275-552,g.51058394C>T(p.Pro281Leu),False,False
11,SMAD4_Q13485_AD_275-552,g.51065469G>T(p.Gln334His),False,False
12,SMAD4_Q13485_AD_275-552,g.51065506A>G(p.Ile347Val),False,False
13,SMAD4_Q13485_AD_275-552,g.51059883C>G(p.Leu308Val),False,False
14,SMAD4_Q13485_AD_275-552,g.51076722G>A(p.Val465Met),False,False
15,SMAD4_Q13485_AD_275-552,g.51058408G>A(p.Gly286Ser),False,False
16,SMAD4_Q13485_AD_275-552,g.51078306A>G(p.Ile500Val),False,False
17,SMAD4_Q13485_AD_275-552,g.51078381A>G(p.Ile525Val),False,False
18,SMAD4_Q13485_AD_275-552,g.51058436C>T(p.Pro295Leu),False,False
19,SMAD4_Q13485_AD_275-552,g.51067153C>T(p.Ala425Val),False,False
20,SMAD4_Q13485_AD_275-552,g.51076686A>G(p.Thr453Ala),False,False
21,SMAD4_Q13485_AD_275-552,g.51065500T>A(p.Cys345Ser),False,False
22,SMAD4_Q13485_AD_275-552,g.51076734A>G(p.Ile469Val),False,False
23,SMAD4_Q13485_AD_275-552,g.51065520T>A(p.Asp351Glu),False,False
24,SMAD4_Q13485_AD_275-552,g.51058427C>T(p.Pro292Leu),False,False
25,SMAD4_Q13485_AD_275-552,g.51058396C>T(p.His282Tyr),False,False
26,SMAD4_Q13485_AD_275-552,g.51076726C>T(p.Ala466Val),False,False
27,SMAD4_Q13485_AD_275-552,g.51067098G>C(p.Val407Leu),False,False
28,SMAD4_Q13485_AD_275-552,g.51059913C>G(p.Pro318Ala),False,False
29,SMAD4_Q13485_AD_275-552,g.51058451A>G(p.His300Arg),False,False
30,SMAD4_Q13485_AD_275-552,g.51078294C>T(p.Arg496Cys),False,False
31,SMAD4_Q13485_AD_275-552,g.51078358G>A(p.Ser517Asn),False,False
32,SMAD4_Q13485_AD_275-552,g.51067038G>A(p.Val387Met),False,False
33,SMAD4_Q13485_AD_275-552,g.51058381A>C(p.Thr277Pro),False,False
34,SMAD4_Q13485_AD_275-552,g.51059901A>G(p.Ile314Val),False,False
35,SMAD4_Q13485_AD_275-552,g.51076776A>G(p.Ser483Gly),False,False
36,SMAD4_Q13485_AD_275-552,g.51058432A>G(p.Met294Val),False,False
0,NCOA1_Q15788_AD_1241-1385,g.24758107A>G(p.Gln1339Arg),False,False
1,NCOA1_Q15788_AD_1241-1385,g.24752006A>G(p.Asn1244Ser),False,False
2,NCOA1_Q15788_AD_1241-1385,g.24758071A>G(p.Asn1327Ser),False,False
3,NCOA1_Q15788_AD_1241-1385,g.24762727A>G(p.Asn1369Ser),False,False
4,NCOA1_Q15788_AD_1241-1385,g.24752138G>A(p.Gly1288Glu),False,False
5,NCOA1_Q15788_AD_1241-1385,g.24757993A>G(p.Gln1301Arg),False,False
6,NCOA1_Q15788_AD_1241-1385,g.24752081A>G(p.Gln1269Arg),False,False
7,NCOA1_Q15788_AD_1241-1385,g.24752090C>T(p.Pro1272Leu),False,False
8,NCOA1_Q15788_AD_1241-1385,g.24752089C>T(p.Pro1272Ser),False,False
9,NCOA1_Q15788_AD_1241-1385,g.24752143A>G(p.Ile1290Val),False,False
10,NCOA1_Q15788_AD_1241-1385,g.24752099C>G(p.Ser1275Cys),False,False
11,NCOA1_Q15788_AD_1241-1385,g.24752122A>G(p.Lys1283Glu),False,False
12,NCOA1_Q15788_AD_1241-1385,g.24752132A>G(p.Gln1286Arg),False,False
13,NCOA1_Q15788_AD_1241-1385,g.24752105A>G(p.Tyr1277Cys),False,False
14,NCOA1_Q15788_AD_1241-1385,g.24757989G>A(p.Val1300Ile),False,False
15,NCOA1_Q15788_AD_1241-1385,g.24758005C>T(p.Thr1305Met),False,False
16,NCOA1_Q15788_AD_1241-1385,g.24752053A>G(p.Ile1260Val),False,False
17,NCOA1_Q15788_AD_1241-1385,g.24762696C>T(p.Pro1359Ser),False,False
18,NCOA1_Q15788_AD_1241-1385,g.24758038G>A(p.Ser1316Asn),False,False
19,NCOA1_Q15788_AD_1241-1385,g.24758121C>G(p.Gln1344Glu),False,False
20,NCOA1_Q15788_AD_1241-1385,g.24758137A>G(p.Asn1349Ser),False,False
21,NCOA1_Q15788_AD_1241-1385,g.24762699G>T(p.Ala1360Ser),False,False
22,NCOA1_Q15788_AD_1241-1385,g.24752101G>A(p.Gly1276Arg),False,False
23,NCOA1_Q15788_AD_1241-1385,g.24752056C>G(p.Pro1261Ala),False,False
24,NCOA1_Q15788_AD_1241-1385,g.24758046G>A(p.Val1319Ile),False,False
25,NCOA1_Q15788_AD_1241-1385,g.24752113C>T(p.Pro1280Ser),False,False
26,NCOA1_Q15788_AD_1241-1385,g.24752015C>T(p.Pro1247Leu),False,False
27,NCOA1_Q15788_AD_1241-1385,g.24758091A>G(p.Met1334Val),False,False
28,NCOA1_Q15788_AD_1241-1385,g.24752096C>T(p.Ala1274Val),False,False
29,NCOA1_Q15788_AD_1241-1385,g.24752017T>C(p.Ser1248Pro),False,False
30,NCOA1_Q15788_AD_1241-1385,g.24752141C>T(p.Ala1289Val),False,False
31,NCOA1_Q15788_AD_1241-1385,g.24758104T>C(p.Met1338Thr),False,False
32,NCOA1_Q15788_AD_1241-1385,g.24758116C>T(p.Ser1342Phe),False,False
33,NCOA1_Q15788_AD_1241-1385,g.24758098C>G(p.Ala1336Gly),False,False
34,NCOA1_Q15788_AD_1241-1385,g.24752024G>T(p.Ser1250Ile),False,False
35,NCOA1_Q15788_AD_1241-1385,g.24752007C>G(p.Asn1244Lys),False,False
36,NCOA1_Q15788_AD_1241-1385,g.24762699G>A(p.Ala1360Thr),False,False
37,NCOA1_Q15788_AD_1241-1385,g.24758020G>C(p.Gly1310Ala),False,False
38,NCOA1_Q15788_AD_1241-1385,g.24758055G>A(p.Ala1322Thr),False,False
39,NCOA1_Q15788_AD_1241-1385,g.24758033C>A(p.Asn1314Lys),False,False
40,NCOA1_Q15788_AD_1241-1385,g.24758068C>T(p.Thr1326Met),False,False
41,NCOA1_Q15788_AD_1241-1385,g.24752029G>A(p.Gly1252Arg),False,False
42,NCOA1_Q15788_AD_1241-1385,g.24758007C>G(p.Pro1306Ala),False,False
43,NCOA1_Q15788_AD_1241-1385,g.24758142G>A(p.Val1351Met),False,False
44,NCOA1_Q15788_AD_1241-1385,g.24758086A>G(p.Asn1332Ser),False,False
45,NCOA1_Q15788_AD_1241-1385,g.24762687A>C(p.Ile1356Leu),False,False
46,NCOA1_Q15788_AD_1241-1385,g.24762762G>A(p.Ala1381Thr),False,False
47,NCOA1_Q15788_AD_1241-1385,g.24762738T>C(p.Ser1373Pro),False,False
0,TFE3_P19532_AD_1-127,g.49043201C>G(p.Arg9Pro),True,True
1,TFE3_P19532_AD_1-127,g.49040459A>G(p.Ser76Pro),True,True
2,TFE3_P19532_AD_1-127,g.49043142G>A(p.Arg29Cys),True,True
3,TFE3_P19532_AD_1-127,g.49043181C>T(p.Ala16Thr),True,True
4,TFE3_P19532_AD_1-127,g.49043216G>A(p.Ala4Val),True,True
5,TFE3_P19532_AD_1-127,g.49039345C>T(p.Gly99Glu),True,True
6,TFE3_P19532_AD_1-127,g.49043126G>A(p.Ser34Leu),True,False
7,TFE3_P19532_AD_1-127,g.49039301C>A(p.Val114Phe),True,True
8,TFE3_P19532_AD_1-127,g.49040462G>A(p.Arg75Cys),True,True
9,TFE3_P19532_AD_1-127,g.49039291C>T(p.Arg117Gln),True,True
10,TFE3_P19532_AD_1-127,g.49040510G>A(p.Leu59Phe),True,True
11,TFE3_P19532_AD_1-127,g.49043174C>T(p.Gly18Asp),True,True
12,TFE3_P19532_AD_1-127,g.49043121G>T(p.Gln36Lys),True,False
13,TFE3_P19532_AD_1-127,g.49043166C>T(p.Ala21Thr),True,True
14,TFE3_P19532_AD_1-127,g.49040468G>A(p.Pro73Ser),True,True
15,TFE3_P19532_AD_1-127,g.49043201C>T(p.Arg9Gln),True,True
16,TFE3_P19532_AD_1-127,g.49039301C>T(p.Val114Ile),True,True
17,TFE3_P19532_AD_1-127,g.49040513C>T(p.Val58Ile),True,True
18,TFE3_P19532_AD_1-127,g.49043148C>T(p.Glu27Lys),True,False
19,TFE3_P19532_AD_1-127,g.49039408A>G(p.Leu78Pro),True,True
20,TFE3_P19532_AD_1-127,g.49043143C>G(p.Glu28Asp),True,True
21,TFE3_P19532_AD_1-127,g.49040560G>T(p.Ser42Tyr),True,False
22,TFE3_P19532_AD_1-127,g.49039390G>C(p.Ala84Gly),True,True
23,TFE3_P19532_AD_1-127,g.49043169G>C(p.Arg20Gly),True,True
24,TFE3_P19532_AD_1-127,g.49043157C>G(p.Val24Leu),True,False
25,TFE3_P19532_AD_1-127,g.49039369G>A(p.Thr91Ile),True,True
26,TFE3_P19532_AD_1-127,g.49043176C>A(p.Glu17Asp),True,True
0,NR1D1_P20393_AD_8-285,g.40095970G>C(p.Pro241Arg),False,False
1,NR1D1_P20393_AD_8-285,g.40097094G>A(p.Ser114Phe),False,False
2,NR1D1_P20393_AD_8-285,g.40095916A>G(p.Val259Ala),False,False
3,NR1D1_P20393_AD_8-285,g.40095943A>T(p.Met250Lys),False,False
4,NR1D1_P20393_AD_8-285,g.40095935A>G(p.Ser253Pro),False,False
5,NR1D1_P20393_AD_8-285,g.40097142C>T(p.Ser98Asn),False,False
6,NR1D1_P20393_AD_8-285,g.40095935A>C(p.Ser253Ala),False,False
7,NR1D1_P20393_AD_8-285,g.40097163G>A(p.Ser91Phe),False,False
8,NR1D1_P20393_AD_8-285,g.40097137G>C(p.Pro100Ala),False,False
9,NR1D1_P20393_AD_8-285,g.40096717C>T(p.Gly145Ser),False,False
10,NR1D1_P20393_AD_8-285,g.40097173A>G(p.Ser88Pro),False,False
11,NR1D1_P20393_AD_8-285,g.40097223A>G(p.Ile71Thr),False,False
12,NR1D1_P20393_AD_8-285,g.40097307G>A(p.Ser43Phe),False,False
13,NR1D1_P20393_AD_8-285,g.40097292C>T(p.Cys48Tyr),False,False
14,NR1D1_P20393_AD_8-285,g.40097202T>C(p.Asp78Gly),False,False
15,NR1D1_P20393_AD_8-285,g.40095929G>A(p.Pro255Ser),False,False
16,NR1D1_P20393_AD_8-285,g.40097127A>G(p.Leu103Pro),False,False
17,NR1D1_P20393_AD_8-285,g.40095928G>A(p.Pro255Leu),False,False
18,NR1D1_P20393_AD_8-285,g.40097087G>T(p.Ser116Arg),False,False
19,NR1D1_P20393_AD_8-285,g.40095942C>A(p.Met250Ile),False,False
20,NR1D1_P20393_AD_8-285,g.40095950C>G(p.Gly248Arg),False,False
21,NR1D1_P20393_AD_8-285,g.40096469C>G(p.Cys193Ser),False,False
22,NR1D1_P20393_AD_8-285,g.40097391G>A(p.Thr15Ile),False,False
23,NR1D1_P20393_AD_8-285,g.40097269G>A(p.Pro56Ser),False,False
24,NR1D1_P20393_AD_8-285,g.40095943A>C(p.Met250Arg),False,False
25,NR1D1_P20393_AD_8-285,g.40095914G>A(p.Pro260Ser),False,False
26,NR1D1_P20393_AD_8-285,g.40095926G>C(p.Pro256Ala),False,False
27,NR1D1_P20393_AD_8-285,g.40095935A>T(p.Ser253Thr),False,False
28,NR1D1_P20393_AD_8-285,g.40096060C>T(p.Arg211Gln),False,False
29,NR1D1_P20393_AD_8-285,g.40096463G>A(p.Ser195Phe),False,False
30,NR1D1_P20393_AD_8-285,g.40097259G>A(p.Ser59Phe),False,False
31,NR1D1_P20393_AD_8-285,g.40097203C>T(p.Asp78Asn),False,False
32,NR1D1_P20393_AD_8-285,g.40095974A>G(p.Ser240Pro),False,False
33,NR1D1_P20393_AD_8-285,g.40097199C>G(p.Gly79Ala),False,False
34,NR1D1_P20393_AD_8-285,g.40096708C>T(p.Ala148Thr),False,False
35,NR1D1_P20393_AD_8-285,g.40095944T>A(p.Met250Leu),False,False
36,NR1D1_P20393_AD_8-285,g.40096779T>C(p.Lys124Arg),False,False
37,NR1D1_P20393_AD_8-285,g.40096738C>T(p.Val138Ile),False,False
38,NR1D1_P20393_AD_8-285,g.40095946G>T(p.Pro249His),False,False
39,NR1D1_P20393_AD_8-285,g.40096515C>T(p.Val178Ile),False,False
40,NR1D1_P20393_AD_8-285,g.40095908G>A(p.Pro262Ser),False,False
41,NR1D1_P20393_AD_8-285,g.40095986G>T(p.Pro236Thr),False,False
42,NR1D1_P20393_AD_8-285,g.40097116T>G(p.Met107Leu),False,False
43,NR1D1_P20393_AD_8-285,g.40097124T>G(p.Gln104Pro),False,False
44,NR1D1_P20393_AD_8-285,g.40095910G>A(p.Ser261Leu),False,False
45,NR1D1_P20393_AD_8-285,g.40096040C>G(p.Ala218Pro),False,False
46,NR1D1_P20393_AD_8-285,g.40096503G>A(p.Arg182Cys),False,False
47,NR1D1_P20393_AD_8-285,g.40097298T>G(p.Gln46Pro),False,False
48,NR1D1_P20393_AD_8-285,g.40097385A>G(p.Ile17Thr),False,False
49,NR1D1_P20393_AD_8-285,g.40097160G>A(p.Ser92Phe),False,False
50,NR1D1_P20393_AD_8-285,g.40097100C>T(p.Arg112Gln),False,False
51,NR1D1_P20393_AD_8-285,g.40097200C>T(p.Gly79Ser),False,False
52,NR1D1_P20393_AD_8-285,g.40097398C>T(p.Val13Ile),False,False
53,NR1D1_P20393_AD_8-285,g.40096770C>A(p.Gly127Val),False,False
54,NR1D1_P20393_AD_8-285,g.40097148T>C(p.Asn96Ser),False,False
55,NR1D1_P20393_AD_8-285,g.40096082G>A(p.Arg204Cys),False,False
56,NR1D1_P20393_AD_8-285,g.40097355G>A(p.Thr27Ile),False,False
57,NR1D1_P20393_AD_8-285,g.40095911A>T(p.Ser261Thr),False,False
58,NR1D1_P20393_AD_8-285,g.40097175G>A(p.Ser87Leu),False,False
59,NR1D1_P20393_AD_8-285,g.40097166G>A(p.Ser90Phe),False,False
60,NR1D1_P20393_AD_8-285,g.40096021A>G(p.Met224Thr),False,False
61,NR1D1_P20393_AD_8-285,g.40097129A>C(p.Ser102Arg),False,False
62,NR1D1_P20393_AD_8-285,g.40096073G>A(p.Arg207Cys),False,False
63,NR1D1_P20393_AD_8-285,g.40096767A>G(p.Met128Thr),False,False
64,NR1D1_P20393_AD_8-285,g.40096578G>C(p.Arg157Gly),False,False
65,NR1D1_P20393_AD_8-285,g.40095917C>T(p.Val259Ile),False,False
66,NR1D1_P20393_AD_8-285,g.40096544C>T(p.Arg168Lys),False,False
67,NR1D1_P20393_AD_8-285,g.40096511C>T(p.Arg179His),False,False
68,NR1D1_P20393_AD_8-285,g.40095956T>G(p.Thr246Pro),False,False
69,NR1D1_P20393_AD_8-285,g.40095934G>A(p.Ser253Leu),False,False
70,NR1D1_P20393_AD_8-285,g.40095997C>T(p.Ser232Asn),False,False
71,NR1D1_P20393_AD_8-285,g.40097205T>C(p.Asp77Gly),False,False
72,NR1D1_P20393_AD_8-285,g.40095919G>A(p.Pro258Leu),False,False
73,NR1D1_P20393_AD_8-285,g.40095862C>G(p.Arg277Thr),False,False
74,NR1D1_P20393_AD_8-285,g.40096758A>G(p.Leu131Pro),False,False
75,NR1D1_P20393_AD_8-285,g.40097073T>C(p.Asn121Ser),False,False
76,NR1D1_P20393_AD_8-285,g.40097235G>C(p.Ser67Cys),False,False
77,NR1D1_P20393_AD_8-285,g.40097131T>A(p.Ser102Cys),False,False
78,NR1D1_P20393_AD_8-285,g.40097116T>A(p.Met107Leu),False,False
79,NR1D1_P20393_AD_8-285,g.40097217G>A(p.Pro73Leu),False,False
80,NR1D1_P20393_AD_8-285,g.40097328T>C(p.Asn36Ser),False,False
81,NR1D1_P20393_AD_8-285,g.40097103C>T(p.Ser111Asn),False,False
82,NR1D1_P20393_AD_8-285,g.40097122C>T(p.Val105Met),False,False
83,NR1D1_P20393_AD_8-285,g.40095875G>C(p.Leu273Val),False,False
84,NR1D1_P20393_AD_8-285,g.40096506T>G(p.Asn181His),False,False
85,NR1D1_P20393_AD_8-285,g.40097085T>C(p.Lys117Arg),False,False
86,NR1D1_P20393_AD_8-285,g.40097131T>C(p.Ser102Gly),False,False
87,NR1D1_P20393_AD_8-285,g.40095944T>G(p.Met250Leu),False,False
88,NR1D1_P20393_AD_8-285,g.40095971G>A(p.Pro241Ser),False,False
0,CAMTA2_O94983_AD_472-581,g.4978594C>T(p.Glu559Lys),True,True
1,CAMTA2_O94983_AD_472-581,g.4979892T>C(p.Glu477Gly),True,True
2,CAMTA2_O94983_AD_472-581,g.4978555C>T(p.Ala572Thr),True,True
3,CAMTA2_O94983_AD_472-581,g.4978573A>T(p.Cys566Ser),True,True
4,CAMTA2_O94983_AD_472-581,g.4978536A>T(p.Val578Asp),True,True
5,CAMTA2_O94983_AD_472-581,g.4979874C>T(p.Gly483Glu),True,True
6,CAMTA2_O94983_AD_472-581,g.4979908A>C(p.Ser472Ala),True,True
7,CAMTA2_O94983_AD_472-581,g.4979871C>A(p.Arg484Ile),True,True
8,CAMTA2_O94983_AD_472-581,g.4979833C>T(p.Glu497Lys),True,True
9,CAMTA2_O94983_AD_472-581,g.4979844A>G(p.Val493Ala),True,True
10,CAMTA2_O94983_AD_472-581,g.4978585C>T(p.Glu562Lys),True,True
11,CAMTA2_O94983_AD_472-581,g.4979884T>C(p.Ser480Gly),True,True
12,CAMTA2_O94983_AD_472-581,g.4979908A>T(p.Ser472Thr),True,True
13,CAMTA2_O94983_AD_472-581,g.4979845C>T(p.Val493Ile),True,True
14,CAMTA2_O94983_AD_472-581,g.4979751G>A(p.Pro524Leu),True,True
15,CAMTA2_O94983_AD_472-581,g.4979895A>C(p.Leu476Trp),True,True
16,CAMTA2_O94983_AD_472-581,g.4979908A>G(p.Ser472Pro),True,True
17,CAMTA2_O94983_AD_472-581,g.4979698A>C(p.Trp542Gly),True,True
18,CAMTA2_O94983_AD_472-581,g.4979758G>A(p.Pro522Ser),True,True
19,CAMTA2_O94983_AD_472-581,g.4979845C>A(p.Val493Phe),True,True
20,CAMTA2_O94983_AD_472-581,g.4979746G>A(p.Pro526Ser),True,True
21,CAMTA2_O94983_AD_472-581,g.4979724C>G(p.Ser533Thr),True,True
22,CAMTA2_O94983_AD_472-581,g.4978558T>C(p.Ile571Val),True,True
23,CAMTA2_O94983_AD_472-581,g.4979830G>C(p.Leu498Val),True,True
24,CAMTA2_O94983_AD_472-581,g.4979773C>T(p.Glu517Lys),True,True
25,CAMTA2_O94983_AD_472-581,g.4978600A>G(p.Trp557Arg),True,True
26,CAMTA2_O94983_AD_472-581,g.4979896A>C(p.Leu476Val),True,True
27,CAMTA2_O94983_AD_472-581,g.4978581T>C(p.His563Arg),True,True
28,CAMTA2_O94983_AD_472-581,g.4979899G>C(p.Pro475Ala),True,True
29,CAMTA2_O94983_AD_472-581,g.4978540G>C(p.Leu577Val),True,True
30,CAMTA2_O94983_AD_472-581,g.4979777A>T(p.Ser515Arg),True,True
31,CAMTA2_O94983_AD_472-581,g.4978537C>T(p.Val578Ile),True,True
32,CAMTA2_O94983_AD_472-581,g.4979832T>C(p.Glu497Gly),True,True
33,CAMTA2_O94983_AD_472-581,g.4979896A>T(p.Leu476Met),True,True
34,CAMTA2_O94983_AD_472-581,g.4978558T>G(p.Ile571Leu),True,True
35,CAMTA2_O94983_AD_472-581,g.4979722T>A(p.Thr534Ser),True,True
36,CAMTA2_O94983_AD_472-581,g.4979728G>A(p.Leu532Phe),True,True
37,CAMTA2_O94983_AD_472-581,g.4979904G>A(p.Pro473Leu),True,True
38,CAMTA2_O94983_AD_472-581,g.4979757G>A(p.Pro522Leu),True,True
39,CAMTA2_O94983_AD_472-581,g.4979800C>T(p.Asp508Asn),True,True
40,CAMTA2_O94983_AD_472-581,g.4978588C>T(p.Ala561Thr),True,True
0,TCF20_Q9UGU0_AD_1-327,g.42214665G>A(p.Pro214Leu),False,False
1,TCF20_Q9UGU0_AD_1-327,g.42215184A>G(p.Phe41Ser),False,False
2,TCF20_Q9UGU0_AD_1-327,g.42214642C>T(p.Ala222Thr),False,False
3,TCF20_Q9UGU0_AD_1-327,g.42215241T>C(p.His22Arg),False,False
4,TCF20_Q9UGU0_AD_1-327,g.42214479T>C(p.Asn276Ser),False,False
5,TCF20_Q9UGU0_AD_1-327,g.42215251G>C(p.Gln19Glu),False,False
6,TCF20_Q9UGU0_AD_1-327,g.42215008T>C(p.Thr100Ala),False,False
7,TCF20_Q9UGU0_AD_1-327,g.42215209G>C(p.Arg33Gly),False,False
8,TCF20_Q9UGU0_AD_1-327,g.42214734T>A(p.His191Leu),False,False
9,TCF20_Q9UGU0_AD_1-327,g.42214897C>T(p.Gly137Ser),False,False
10,TCF20_Q9UGU0_AD_1-327,g.42214822G>C(p.Pro162Ala),False,False
11,TCF20_Q9UGU0_AD_1-327,g.42214512T>C(p.Asn265Ser),False,False
12,TCF20_Q9UGU0_AD_1-327,g.42214804G>T(p.Gln168Lys),False,False
13,TCF20_Q9UGU0_AD_1-327,g.42215245C>T(p.Val21Ile),False,False
14,TCF20_Q9UGU0_AD_1-327,g.42214353G>A(p.Pro318Leu),False,False
15,TCF20_Q9UGU0_AD_1-327,g.42214725A>T(p.Leu194Gln),False,False
16,TCF20_Q9UGU0_AD_1-327,g.42214816T>C(p.Ser164Gly),False,False
17,TCF20_Q9UGU0_AD_1-327,g.42214944G>A(p.Pro121Leu),False,False
18,TCF20_Q9UGU0_AD_1-327,g.42214644G>A(p.Ala221Val),False,False
19,TCF20_Q9UGU0_AD_1-327,g.42214797T>C(p.Gln170Arg),False,False
20,TCF20_Q9UGU0_AD_1-327,g.42215149T>C(p.Ser53Gly),False,False
21,TCF20_Q9UGU0_AD_1-327,g.42214669G>A(p.Arg213Trp),False,False
22,TCF20_Q9UGU0_AD_1-327,g.42215109G>A(p.Ala66Val),False,False
23,TCF20_Q9UGU0_AD_1-327,g.42215146C>T(p.Gly54Ser),False,False
24,TCF20_Q9UGU0_AD_1-327,g.42215272C>T(p.Gly12Arg),False,False
25,TCF20_Q9UGU0_AD_1-327,g.42214735G>T(p.His191Asn),False,False
26,TCF20_Q9UGU0_AD_1-327,g.42215074C>G(p.Gly78Arg),False,False
27,TCF20_Q9UGU0_AD_1-327,g.42215047C>T(p.Gly87Arg),False,False
28,TCF20_Q9UGU0_AD_1-327,g.42214696T>C(p.Ser204Gly),False,False
29,TCF20_Q9UGU0_AD_1-327,g.42214692G>A(p.Ser205Leu),False,False
30,TCF20_Q9UGU0_AD_1-327,g.42214654G>A(p.Pro218Ser),False,False
31,TCF20_Q9UGU0_AD_1-327,g.42214554T>C(p.Gln251Arg),False,False
32,TCF20_Q9UGU0_AD_1-327,g.42214651A>C(p.Ser219Ala),False,False
33,TCF20_Q9UGU0_AD_1-327,g.42215122C>T(p.Ala62Thr),False,False
34,TCF20_Q9UGU0_AD_1-327,g.42215176T>C(p.Thr44Ala),False,False
35,TCF20_Q9UGU0_AD_1-327,g.42214551C>T(p.Arg252His),False,False
36,TCF20_Q9UGU0_AD_1-327,g.42214474C>A(p.Gly278Cys),False,False
37,TCF20_Q9UGU0_AD_1-327,g.42214330G>C(p.Gln326Glu),False,False
38,TCF20_Q9UGU0_AD_1-327,g.42214545C>T(p.Ser254Asn),False,False
39,TCF20_Q9UGU0_AD_1-327,g.42215011C>T(p.Val99Met),False,False
40,TCF20_Q9UGU0_AD_1-327,g.42215107C>A(p.Ala67Ser),False,False
41,TCF20_Q9UGU0_AD_1-327,g.42215212G>A(p.Pro32Ser),False,False
42,TCF20_Q9UGU0_AD_1-327,g.42215292C>T(p.Arg5Gln),False,False
43,TCF20_Q9UGU0_AD_1-327,g.42215198C>G(p.Gln36His),False,False
44,TCF20_Q9UGU0_AD_1-327,g.42215244A>G(p.Val21Ala),False,False
45,TCF20_Q9UGU0_AD_1-327,g.42214837T>A(p.Thr157Ser),False,False
46,TCF20_Q9UGU0_AD_1-327,g.42215013G>A(p.Pro98Leu),False,False
47,TCF20_Q9UGU0_AD_1-327,g.42215229C>T(p.Arg26Gln),False,False
48,TCF20_Q9UGU0_AD_1-327,g.42214443G>C(p.Ser288Cys),False,False
49,TCF20_Q9UGU0_AD_1-327,g.42214953T>C(p.Tyr118Cys),False,False
50,TCF20_Q9UGU0_AD_1-327,g.42215293G>A(p.Arg5Trp),False,False
51,TCF20_Q9UGU0_AD_1-327,g.42214795C>G(p.Ala171Pro),False,False
52,TCF20_Q9UGU0_AD_1-327,g.42214896C>A(p.Gly137Val),False,False
53,TCF20_Q9UGU0_AD_1-327,g.42215050C>A(p.Ala86Ser),False,False
54,TCF20_Q9UGU0_AD_1-327,g.42214785T>A(p.Gln174Leu),False,False
55,TCF20_Q9UGU0_AD_1-327,g.42215233A>C(p.Ser25Ala),False,False
56,TCF20_Q9UGU0_AD_1-327,g.42214518C>T(p.Ser263Asn),False,False
57,TCF20_Q9UGU0_AD_1-327,g.42214459C>G(p.Ala283Pro),False,False
58,TCF20_Q9UGU0_AD_1-327,g.42215115G>A(p.Ala64Val),False,False
59,TCF20_Q9UGU0_AD_1-327,g.42214716G>A(p.Ala197Val),False,False
60,TCF20_Q9UGU0_AD_1-327,g.42214906C>T(p.Gly134Ser),False,False
61,TCF20_Q9UGU0_AD_1-327,g.42214611C>T(p.Gly232Asp),False,False
62,TCF20_Q9UGU0_AD_1-327,g.42215208C>T(p.Arg33His),False,False
63,TCF20_Q9UGU0_AD_1-327,g.42214755C>T(p.Arg184Lys),False,False
64,TCF20_Q9UGU0_AD_1-327,g.42215109G>C(p.Ala66Gly),False,False
65,TCF20_Q9UGU0_AD_1-327,g.42214417T>C(p.Met297Val),False,False
66,TCF20_Q9UGU0_AD_1-327,g.42215125C>G(p.Gly61Arg),False,False
67,TCF20_Q9UGU0_AD_1-327,g.42215064C>A(p.Gly81Val),False,False
68,TCF20_Q9UGU0_AD_1-327,g.42215130C>T(p.Arg59Gln),False,False
69,TCF20_Q9UGU0_AD_1-327,g.42214923T>C(p.Asn128Ser),False,False
70,TCF20_Q9UGU0_AD_1-327,g.42214425G>A(p.Pro294Leu),False,False
71,TCF20_Q9UGU0_AD_1-327,g.42214888G>T(p.Gln140Lys),False,False
72,TCF20_Q9UGU0_AD_1-327,g.42215181C>T(p.Gly42Glu),False,False
73,TCF20_Q9UGU0_AD_1-327,g.42215259C>G(p.Ser16Thr),False,False
74,TCF20_Q9UGU0_AD_1-327,g.42214328C>G(p.Gln326His),False,False
75,TCF20_Q9UGU0_AD_1-327,g.42214975G>A(p.Pro111Ser),False,False
76,TCF20_Q9UGU0_AD_1-327,g.42214631C>G(p.Gln225His),False,False
77,TCF20_Q9UGU0_AD_1-327,g.42214401T>A(p.Gln302Leu),False,False
78,TCF20_Q9UGU0_AD_1-327,g.42214668C>T(p.Arg213Gln),False,False
79,TCF20_Q9UGU0_AD_1-327,g.42214927C>T(p.Gly127Ser),False,False
80,TCF20_Q9UGU0_AD_1-327,g.42214431T>C(p.Tyr292Cys),False,False
81,TCF20_Q9UGU0_AD_1-327,g.42214792A>C(p.Ser172Ala),False,False
82,TCF20_Q9UGU0_AD_1-327,g.42215167T>C(p.Ser47Gly),False,False
83,TCF20_Q9UGU0_AD_1-327,g.42215133C>T(p.Gly58Glu),False,False
84,TCF20_Q9UGU0_AD_1-327,g.42215044C>T(p.Asp88Asn),False,False
85,TCF20_Q9UGU0_AD_1-327,g.42215022T>A(p.Asn95Ile),False,False
86,TCF20_Q9UGU0_AD_1-327,g.42215196A>T(p.Met37Lys),False,False
87,TCF20_Q9UGU0_AD_1-327,g.42215043T>C(p.Asp88Gly),False,False
88,TCF20_Q9UGU0_AD_1-327,g.42215031A>G(p.Met92Thr),False,False
89,TCF20_Q9UGU0_AD_1-327,g.42214512T>G(p.Asn265Thr),False,False
90,TCF20_Q9UGU0_AD_1-327,g.42214867C>T(p.Gly147Ser),False,False
91,TCF20_Q9UGU0_AD_1-327,g.42215088G>T(p.Thr73Asn),False,False
92,TCF20_Q9UGU0_AD_1-327,g.42214326T>C(p.His327Arg),False,False
93,TCF20_Q9UGU0_AD_1-327,g.42214493C>A(p.Gln271His),False,False
94,TCF20_Q9UGU0_AD_1-327,g.42214844C>A(p.Gln154His),False,False
95,TCF20_Q9UGU0_AD_1-327,g.42215103G>A(p.Ala68Val),False,False
96,TCF20_Q9UGU0_AD_1-327,g.42214872C>G(p.Gly145Ala),False,False
97,TCF20_Q9UGU0_AD_1-327,g.42214785T>C(p.Gln174Arg),False,False
98,TCF20_Q9UGU0_AD_1-327,g.42214627T>C(p.Arg227Gly),False,False
99,TCF20_Q9UGU0_AD_1-327,g.42215288C>A(p.Glu6Asp),False,False
100,TCF20_Q9UGU0_AD_1-327,g.42214797T>A(p.Gln170Leu),False,False
101,TCF20_Q9UGU0_AD_1-327,g.42214495G>C(p.Gln271Glu),False,False
102,TCF20_Q9UGU0_AD_1-327,g.42215230G>A(p.Arg26Trp),False,False
103,TCF20_Q9UGU0_AD_1-327,g.42214354G>T(p.Pro318Thr),False,False
104,TCF20_Q9UGU0_AD_1-327,g.42214426G>A(p.Pro294Ser),False,False
105,TCF20_Q9UGU0_AD_1-327,g.42214864C>T(p.Gly148Ser),False,False
106,TCF20_Q9UGU0_AD_1-327,g.42215203C>T(p.Ala35Thr),False,False
107,TCF20_Q9UGU0_AD_1-327,g.42215197T>A(p.Met37Leu),False,False
108,TCF20_Q9UGU0_AD_1-327,g.42215227G>T(p.Leu27Ile),False,False
109,TCF20_Q9UGU0_AD_1-327,g.42215219C>G(p.Glu29Asp),False,False
110,TCF20_Q9UGU0_AD_1-327,g.42214837T>C(p.Thr157Ala),False,False
111,TCF20_Q9UGU0_AD_1-327,g.42214905C>T(p.Gly134Asp),False,False
112,TCF20_Q9UGU0_AD_1-327,g.42214839T>C(p.Tyr156Cys),False,False
113,TCF20_Q9UGU0_AD_1-327,g.42215022T>C(p.Asn95Ser),False,False
114,TCF20_Q9UGU0_AD_1-327,g.42214673C>T(p.Met211Ile),False,False
115,TCF20_Q9UGU0_AD_1-327,g.42214888G>C(p.Gln140Glu),False,False
116,TCF20_Q9UGU0_AD_1-327,g.42214588A>C(p.Ser240Ala),False,False
117,TCF20_Q9UGU0_AD_1-327,g.42215032T>C(p.Met92Val),False,False
118,TCF20_Q9UGU0_AD_1-327,g.42214336G>A(p.Pro324Ser),False,False
0,NCOA1_Q15788_AD_1-93,g.24658708C>T(p.Pro11Ser),False,False
1,NCOA1_Q15788_AD_1-93,g.24658705G>A(p.Asp10Asn),False,False
2,NCOA1_Q15788_AD_1-93,g.24658728T>G(p.His17Gln),False,False
3,NCOA1_Q15788_AD_1-93,g.24658759G>C(p.Ala28Pro),False,False
4,NCOA1_Q15788_AD_1-93,g.24658753A>G(p.Thr26Ala),False,False
5,NCOA1_Q15788_AD_1-93,g.24665817A>G(p.Asn53Ser),False,False
6,NCOA1_Q15788_AD_1-93,g.24665823G>C(p.Ser55Thr),False,False
7,NCOA1_Q15788_AD_1-93,g.24665882G>A(p.Asp75Asn),False,False
8,NCOA1_Q15788_AD_1-93,g.24658750G>A(p.Asp25Asn),False,False
9,NCOA1_Q15788_AD_1-93,g.24658744C>A(p.Pro23Thr),False,False
10,NCOA1_Q15788_AD_1-93,g.24658747T>C(p.Cys24Arg),False,False
11,NCOA1_Q15788_AD_1-93,g.24665763G>T(p.Arg35Leu),False,False
12,NCOA1_Q15788_AD_1-93,g.24665836C>A(p.Ser59Arg),False,False
13,NCOA1_Q15788_AD_1-93,g.24658714A>G(p.Asn13Asp),False,False
14,NCOA1_Q15788_AD_1-93,g.24665751C>T(p.Thr31Met),False,False
15,NCOA1_Q15788_AD_1-93,g.24658753A>C(p.Thr26Pro),False,False
16,NCOA1_Q15788_AD_1-93,g.24665762C>T(p.Arg35Cys),False,False
17,NCOA1_Q15788_AD_1-93,g.24658690G>A(p.Gly5Arg),False,False
18,NCOA1_Q15788_AD_1-93,g.24658756C>A(p.Leu27Met),False,False
0,TCF4_P15884_AD_340-400,g.55257362C>G(p.Gly367Arg),False,False
1,TCF4_P15884_AD_340-400,g.55257321G>C(p.His380Gln),False,False
2,TCF4_P15884_AD_340-400,g.55254652C>T(p.Val399Ile),False,False
3,TCF4_P15884_AD_340-400,g.55257356C>T(p.Ala369Thr),False,False
4,TCF4_P15884_AD_340-400,g.55259982A>C(p.Ser346Ala),False,False
5,TCF4_P15884_AD_340-400,g.55254693C>T(p.Arg385Gln),False,False
6,TCF4_P15884_AD_340-400,g.55254690A>G(p.Ile386Thr),False,False
7,TCF4_P15884_AD_340-400,g.55254667C>G(p.Asp394His),False,False
8,TCF4_P15884_AD_340-400,g.55259955G>T(p.Leu355Ile),False,False
0,CAMTA2_O94983_AD_285-468,g.4979920A>C(p.Ser468Ala),False,False
1,CAMTA2_O94983_AD_285-468,g.4979937A>G(p.Ile462Thr),False,False
2,CAMTA2_O94983_AD_285-468,g.4980063T>C(p.Glu420Gly),False,False
3,CAMTA2_O94983_AD_285-468,g.4980418C>A(p.Ala302Ser),False,False
4,CAMTA2_O94983_AD_285-468,g.4980225G>A(p.Ala366Val),False,False
5,CAMTA2_O94983_AD_285-468,g.4980306G>A(p.Thr339Met),False,False
6,CAMTA2_O94983_AD_285-468,g.4980451A>G(p.Ser291Pro),False,False
7,CAMTA2_O94983_AD_285-468,g.4980093C>G(p.Cys410Ser),False,False
8,CAMTA2_O94983_AD_285-468,g.4980106C>T(p.Ala406Thr),False,False
9,CAMTA2_O94983_AD_285-468,g.4980384G>A(p.Thr313Ile),False,False
10,CAMTA2_O94983_AD_285-468,g.4979947C>T(p.Ala459Thr),False,False
11,CAMTA2_O94983_AD_285-468,g.4980129G>C(p.Pro398Arg),False,False
12,CAMTA2_O94983_AD_285-468,g.4979944G>C(p.Pro460Ala),False,False
13,CAMTA2_O94983_AD_285-468,g.4980118C>T(p.Glu402Lys),False,False
14,CAMTA2_O94983_AD_285-468,g.4980187G>A(p.Arg379Cys),False,False
15,CAMTA2_O94983_AD_285-468,g.4980319C>T(p.Ala335Thr),False,False
16,CAMTA2_O94983_AD_285-468,g.4980178T>G(p.Asn382His),False,False
17,CAMTA2_O94983_AD_285-468,g.4980396G>C(p.Pro309Arg),False,False
18,CAMTA2_O94983_AD_285-468,g.4980318G>A(p.Ala335Val),False,False
19,CAMTA2_O94983_AD_285-468,g.4980118C>G(p.Glu402Gln),False,False
20,CAMTA2_O94983_AD_285-468,g.4980321C>T(p.Arg334Gln),False,False
21,CAMTA2_O94983_AD_285-468,g.4979940G>A(p.Pro461Leu),False,False
22,CAMTA2_O94983_AD_285-468,g.4979992T>G(p.Ile444Leu),False,False
23,CAMTA2_O94983_AD_285-468,g.4980184A>G(p.Phe380Leu),False,False
24,CAMTA2_O94983_AD_285-468,g.4980237G>T(p.Thr362Asn),False,False
25,CAMTA2_O94983_AD_285-468,g.4979943G>A(p.Pro460Leu),False,False
26,CAMTA2_O94983_AD_285-468,g.4980399C>A(p.Arg308Ile),False,False
27,CAMTA2_O94983_AD_285-468,g.4980241C>T(p.Gly361Ser),False,False
28,CAMTA2_O94983_AD_285-468,g.4980186C>T(p.Arg379His),False,False
29,CAMTA2_O94983_AD_285-468,g.4980060G>A(p.Pro421Leu),False,False
30,CAMTA2_O94983_AD_285-468,g.4980294T>C(p.His343Arg),False,False
31,CAMTA2_O94983_AD_285-468,g.4980453G>A(p.Pro290Leu),False,False
32,CAMTA2_O94983_AD_285-468,g.4980096G>A(p.Pro409Leu),False,False
33,CAMTA2_O94983_AD_285-468,g.4980411G>A(p.Pro304Leu),False,False
34,CAMTA2_O94983_AD_285-468,g.4980378C>T(p.Arg315Gln),False,False
35,CAMTA2_O94983_AD_285-468,g.4980031G>C(p.Gln431Glu),False,False
36,CAMTA2_O94983_AD_285-468,g.4980280C>G(p.Ala348Pro),False,False
37,CAMTA2_O94983_AD_285-468,g.4980012C>T(p.Arg437Lys),False,False
38,CAMTA2_O94983_AD_285-468,g.4980322G>A(p.Arg334Trp),False,False
39,CAMTA2_O94983_AD_285-468,g.4979935G>T(p.Pro463Thr),False,False
40,CAMTA2_O94983_AD_285-468,g.4980235C>T(p.Glu363Lys),False,False
41,CAMTA2_O94983_AD_285-468,g.4980354G>C(p.Thr323Ser),False,False
42,CAMTA2_O94983_AD_285-468,g.4979969C>A(p.Glu451Asp),False,False
43,CAMTA2_O94983_AD_285-468,g.4980393C>T(p.Ser310Asn),False,False
44,CAMTA2_O94983_AD_285-468,g.4980240C>T(p.Gly361Asp),False,False
45,CAMTA2_O94983_AD_285-468,g.4979938T>G(p.Ile462Leu),False,False
46,CAMTA2_O94983_AD_285-468,g.4980466C>T(p.Ala286Thr),False,False
47,CAMTA2_O94983_AD_285-468,g.4979920A>G(p.Ser468Pro),False,False
48,CAMTA2_O94983_AD_285-468,g.4979953C>T(p.Gly457Arg),False,False
49,CAMTA2_O94983_AD_285-468,g.4980148C>T(p.Gly392Arg),False,False
50,CAMTA2_O94983_AD_285-468,g.4980243A>G(p.Val360Ala),False,False
51,CAMTA2_O94983_AD_285-468,g.4980262T>C(p.Met354Val),False,False
52,CAMTA2_O94983_AD_285-468,g.4980034G>T(p.Pro430Thr),False,False
53,CAMTA2_O94983_AD_285-468,g.4980105G>T(p.Ala406Asp),False,False
54,CAMTA2_O94983_AD_285-468,g.4980238T>A(p.Thr362Ser),False,False
55,CAMTA2_O94983_AD_285-468,g.4980364T>C(p.Arg320Gly),False,False
56,CAMTA2_O94983_AD_285-468,g.4980223G>A(p.Pro367Ser),False,False
57,CAMTA2_O94983_AD_285-468,g.4979920A>T(p.Ser468Thr),False,False
58,CAMTA2_O94983_AD_285-468,g.4979937A>T(p.Ile462Lys),False,False
59,CAMTA2_O94983_AD_285-468,g.4979929G>T(p.Pro465Thr),False,False
60,CAMTA2_O94983_AD_285-468,g.4979976C>G(p.Ser449Thr),False,False
61,CAMTA2_O94983_AD_285-468,g.4980182A>T(p.Phe380Leu),False,False
62,CAMTA2_O94983_AD_285-468,g.4979973C>T(p.Gly450Glu),False,False
63,CAMTA2_O94983_AD_285-468,g.4980169G>C(p.Gln385Glu),False,False
64,CAMTA2_O94983_AD_285-468,g.4980267G>A(p.Pro352Leu),False,False
65,CAMTA2_O94983_AD_285-468,g.4980262T>G(p.Met354Leu),False,False
66,CAMTA2_O94983_AD_285-468,g.4980156G>T(p.Thr389Lys),False,False
0,IKZF1_Q13422_AD_284-365,g.50400139A>C(p.Thr358Pro),False,False
1,IKZF1_Q13422_AD_284-365,g.50400076G>A(p.Gly337Ser),False,False
2,IKZF1_Q13422_AD_284-365,g.50399956G>A(p.Ala297Thr),False,False
3,IKZF1_Q13422_AD_284-365,g.50400067C>T(p.Pro334Ser),False,False
4,IKZF1_Q13422_AD_284-365,g.50400106A>G(p.Met347Val),False,False
5,IKZF1_Q13422_AD_284-365,g.50399953A>C(p.Ser296Arg),False,False
6,IKZF1_Q13422_AD_284-365,g.50399941C>T(p.Pro292Ser),False,False
7,IKZF1_Q13422_AD_284-365,g.50399994C>A(p.His309Gln),False,False
8,IKZF1_Q13422_AD_284-365,g.50400094G>A(p.Val343Ile),False,False
9,IKZF1_Q13422_AD_284-365,g.50400124C>T(p.Pro353Ser),False,False
10,IKZF1_Q13422_AD_284-365,g.50400130G>T(p.Ala355Ser),False,False
11,IKZF1_Q13422_AD_284-365,g.50399920G>A(p.Asp285Asn),False,False
12,IKZF1_Q13422_AD_284-365,g.50400142C>G(p.Pro359Ala),False,False
13,IKZF1_Q13422_AD_284-365,g.50400161C>T(p.Ala365Val),False,False
14,IKZF1_Q13422_AD_284-365,g.50399954G>T(p.Ser296Ile),False,False
15,IKZF1_Q13422_AD_284-365,g.50400131C>T(p.Ala355Val),False,False
16,IKZF1_Q13422_AD_284-365,g.50400148T>C(p.Ser361Pro),False,False
17,IKZF1_Q13422_AD_284-365,g.50400053C>A(p.Pro329Gln),False,False
18,IKZF1_Q13422_AD_284-365,g.50400114G>C(p.Gln349His),False,False
19,IKZF1_Q13422_AD_284-365,g.50400128T>A(p.Leu354His),False,False
20,IKZF1_Q13422_AD_284-365,g.50400148T>G(p.Ser361Ala),False,False
21,IKZF1_Q13422_AD_284-365,g.50399939C>G(p.Thr291Arg),False,False
22,IKZF1_Q13422_AD_284-365,g.50400097A>C(p.Ile344Leu),False,False
23,IKZF1_Q13422_AD_284-365,g.50400020C>T(p.Ala318Val),False,False
24,IKZF1_Q13422_AD_284-365,g.50400095T>C(p.Val343Ala),False,False
25,IKZF1_Q13422_AD_284-365,g.50400071C>T(p.Pro335Leu),False,False
26,IKZF1_Q13422_AD_284-365,g.50400106A>C(p.Met347Leu),False,False
27,IKZF1_Q13422_AD_284-365,g.50400160G>T(p.Ala365Ser),False,False
28,IKZF1_Q13422_AD_284-365,g.50400110A>G(p.Tyr348Cys),False,False
29,IKZF1_Q13422_AD_284-365,g.50400155A>C(p.His363Pro),False,False
30,IKZF1_Q13422_AD_284-365,g.50400017A>G(p.Asn317Ser),False,False
31,IKZF1_Q13422_AD_284-365,g.50400064A>G(p.Thr333Ala),False,False
32,IKZF1_Q13422_AD_284-365,g.50400092C>G(p.Pro342Arg),False,False
33,IKZF1_Q13422_AD_284-365,g.50400082G>A(p.Glu339Lys),False,False
34,IKZF1_Q13422_AD_284-365,g.50400143C>T(p.Pro359Leu),False,False
35,IKZF1_Q13422_AD_284-365,g.50400153C>G(p.Asn362Lys),False,False
0,NFIX_Q14938_AD_414-502,g.13088097A>G(p.Thr455Ala),False,False
1,NFIX_Q14938_AD_414-502,g.13088092C>T(p.Thr453Ile),False,False
2,NFIX_Q14938_AD_414-502,g.13088001G>A(p.Gly423Ser),False,False
3,NFIX_Q14938_AD_414-502,g.13088049G>A(p.Val439Met),False,False
4,NFIX_Q14938_AD_414-502,g.13088017C>T(p.Pro428Leu),False,False
5,NFIX_Q14938_AD_414-502,g.13081853C>G(p.Gln418Glu),False,False
6,NFIX_Q14938_AD_414-502,g.13090340A>G(p.Ser482Gly),False,False
7,NFIX_Q14938_AD_414-502,g.13088058C>G(p.Pro442Ala),False,False
8,NFIX_Q14938_AD_414-502,g.13090331C>T(p.Arg479Trp),False,False
9,NFIX_Q14938_AD_414-502,g.13090346G>A(p.Gly484Arg),False,False
10,NFIX_Q14938_AD_414-502,g.13088118T>A(p.Leu462Met),False,False
11,NFIX_Q14938_AD_414-502,g.13090304G>A(p.Ala470Thr),False,False
12,NFIX_Q14938_AD_414-502,g.13090353G>A(p.Arg486Gln),False,False
13,NFIX_Q14938_AD_414-502,g.13088104C>T(p.Pro457Leu),False,False
14,NFIX_Q14938_AD_414-502,g.13088038C>T(p.Pro435Leu),False,False
15,NFIX_Q14938_AD_414-502,g.13090389A>C(p.Gln498Pro),False,False
0,RORA_P35398_AD_272-385,g.60502808C>T(p.Val379Met),False,False
1,RORA_P35398_AD_272-385,g.60503663C>A(p.Arg316Leu),False,False
2,RORA_P35398_AD_272-385,g.60503664G>A(p.Arg316Trp),False,False
3,RORA_P35398_AD_272-385,g.60505510T>C(p.Lys314Glu),False,False
4,RORA_P35398_AD_272-385,g.60505512T>C(p.Asn313Ser),False,False
5,RORA_P35398_AD_272-385,g.60502823A>G(p.Ser374Pro),False,False
6,RORA_P35398_AD_272-385,g.60503637T>C(p.Ile325Val),False,False
7,RORA_P35398_AD_272-385,g.60505571T>G(p.Glu293Asp),False,False
8,RORA_P35398_AD_272-385,g.60503622C>T(p.Ala330Thr),False,False
9,RORA_P35398_AD_272-385,g.60502790A>G(p.Tyr385His),False,False
10,RORA_P35398_AD_272-385,g.60503663C>T(p.Arg316Gln),False,False
11,RORA_P35398_AD_272-385,g.60505554G>A(p.Thr299Met),False,False
12,RORA_P35398_AD_272-385,g.60505568C>G(p.Glu294Asp),False,False
13,RORA_P35398_AD_272-385,g.60505527A>G(p.Ile308Thr),False,False
0,MEIS2_O14770_AD_340-477,g.36892232T>C(p.Met459Val),False,False
1,MEIS2_O14770_AD_340-477,g.36892277G>T(p.Pro444Thr),False,False
2,MEIS2_O14770_AD_340-477,g.36892358T>G(p.Thr417Pro),False,False
3,MEIS2_O14770_AD_340-477,g.36892354T>G(p.Gln418Pro),False,False
4,MEIS2_O14770_AD_340-477,g.36892402A>G(p.Met402Thr),False,False
5,MEIS2_O14770_AD_340-477,g.36895229C>T(p.Ala357Thr),False,False
6,MEIS2_O14770_AD_340-477,g.36892192A>G(p.Met472Thr),False,False
7,MEIS2_O14770_AD_340-477,g.36892255G>A(p.Thr451Ile),False,False
8,MEIS2_O14770_AD_340-477,g.36892288A>G(p.Met440Thr),False,False
9,MEIS2_O14770_AD_340-477,g.36892332C>T(p.Met425Ile),False,False
10,MEIS2_O14770_AD_340-477,g.36892345T>C(p.His421Arg),False,False
11,MEIS2_O14770_AD_340-477,g.36892226T>A(p.Asn461Tyr),False,False
12,MEIS2_O14770_AD_340-477,g.36892324T>A(p.Tyr428Phe),False,False
13,MEIS2_O14770_AD_340-477,g.36892387T>A(p.Tyr407Phe),False,False
14,MEIS2_O14770_AD_340-477,g.36892439C>A(p.Asp390Tyr),False,False
15,MEIS2_O14770_AD_340-477,g.36892360G>C(p.Pro416Arg),False,False
16,MEIS2_O14770_AD_340-477,g.36892451T>C(p.Ser386Gly),False,False
17,MEIS2_O14770_AD_340-477,g.36895247G>A(p.Pro351Ser),False,False
18,MEIS2_O14770_AD_340-477,g.36892177T>C(p.Gln477Arg),False,False
19,MEIS2_O14770_AD_340-477,g.36892298C>T(p.Ala437Thr),False,False
20,MEIS2_O14770_AD_340-477,g.36892300G>T(p.Pro436Gln),False,False
21,MEIS2_O14770_AD_340-477,g.36892450C>T(p.Ser386Asn),False,False
22,MEIS2_O14770_AD_340-477,g.36892455C>A(p.Leu384Phe),False,False
23,MEIS2_O14770_AD_340-477,g.36892198T>C(p.Gln470Arg),False,False
24,MEIS2_O14770_AD_340-477,g.36892204C>G(p.Gly468Ala),False,False
25,MEIS2_O14770_AD_340-477,g.36892309G>C(p.Pro433Arg),False,False
26,MEIS2_O14770_AD_340-477,g.36892316T>C(p.Ser431Gly),False,False
27,MEIS2_O14770_AD_340-477,g.36895157G>A(p.Pro381Ser),False,False
28,MEIS2_O14770_AD_340-477,g.36892424C>T(p.Gly395Ser),False,False
29,MEIS2_O14770_AD_340-477,g.36892191C>T(p.Met472Ile),False,False
30,MEIS2_O14770_AD_340-477,g.36892381G>T(p.Pro409His),False,False
31,MEIS2_O14770_AD_340-477,g.36892426T>C(p.Gln394Arg),False,False
32,MEIS2_O14770_AD_340-477,g.36895159C>G(p.Arg380Pro),False,False
33,MEIS2_O14770_AD_340-477,g.36896640A>T(p.Ser342Thr),False,False
34,MEIS2_O14770_AD_340-477,g.36892332C>G(p.Met425Ile),False,False
35,MEIS2_O14770_AD_340-477,g.36892266G>T(p.His447Gln),False,False
36,MEIS2_O14770_AD_340-477,g.36895169T>G(p.Met377Leu),False,False
37,MEIS2_O14770_AD_340-477,g.36892396T>A(p.Gln404Leu),False,False
38,MEIS2_O14770_AD_340-477,g.36892304G>A(p.His435Tyr),False,False
39,MEIS2_O14770_AD_340-477,g.36892235T>A(p.Thr458Ser),False,False
40,MEIS2_O14770_AD_340-477,g.36892400C>T(p.Ala403Thr),False,False
41,MEIS2_O14770_AD_340-477,g.36892274G>A(p.Pro445Ser),False,False
42,MEIS2_O14770_AD_340-477,g.36892340G>A(p.Pro423Ser),False,False
43,MEIS2_O14770_AD_340-477,g.36892437G>C(p.Asp390Glu),False,False
44,MEIS2_O14770_AD_340-477,g.36892334T>A(p.Met425Leu),False,False
45,MEIS2_O14770_AD_340-477,g.36892207A>G(p.Val467Ala),False,False
46,MEIS2_O14770_AD_340-477,g.36892202C>T(p.Gly469Arg),False,False
47,MEIS2_O14770_AD_340-477,g.36892197C>A(p.Gln470His),False,False
48,MEIS2_O14770_AD_340-477,g.36892362G>T(p.His415Gln),False,False
49,MEIS2_O14770_AD_340-477,g.36892210T>C(p.Asn466Ser),False,False
50,MEIS2_O14770_AD_340-477,g.36892183T>C(p.His475Arg),False,False
51,MEIS2_O14770_AD_340-477,g.36892420C>T(p.Gly396Asp),False,False
52,MEIS2_O14770_AD_340-477,g.36892230C>T(p.Met459Ile),False,False
53,MEIS2_O14770_AD_340-477,g.36892334T>C(p.Met425Val),False,False
54,MEIS2_O14770_AD_340-477,g.36895153G>A(p.Ala382Val),False,False
55,MEIS2_O14770_AD_340-477,g.36892253T>C(p.Met452Val),False,False
56,MEIS2_O14770_AD_340-477,g.36892321A>G(p.Leu429Ser),False,False
57,MEIS2_O14770_AD_340-477,g.36892441C>G(p.Gly389Ala),False,False
58,MEIS2_O14770_AD_340-477,g.36892381G>A(p.Pro409Leu),False,False
59,MEIS2_O14770_AD_340-477,g.36892255G>C(p.Thr451Ser),False,False
60,MEIS2_O14770_AD_340-477,g.36892283C>T(p.Gly442Arg),False,False
61,MEIS2_O14770_AD_340-477,g.36892295T>C(p.Met438Val),False,False
62,MEIS2_O14770_AD_340-477,g.36892339G>C(p.Pro423Arg),False,False
63,MEIS2_O14770_AD_340-477,g.36892397G>C(p.Gln404Glu),False,False
64,MEIS2_O14770_AD_340-477,g.36892199G>C(p.Gln470Glu),False,False
65,MEIS2_O14770_AD_340-477,g.36892433C>T(p.Val392Ile),False,False
66,MEIS2_O14770_AD_340-477,g.36895181C>T(p.Gly373Ser),False,False
0,ARNT2_Q9HBZ2_AD_524-717,g.80580436G>C(p.Val547Leu),True,True
1,ARNT2_Q9HBZ2_AD_524-717,g.80576940T>C(p.Ser530Pro),True,True
2,ARNT2_Q9HBZ2_AD_524-717,g.80580542C>T(p.Pro582Leu),True,True
3,ARNT2_Q9HBZ2_AD_524-717,g.80581313C>A(p.Asp609Glu),True,True
4,ARNT2_Q9HBZ2_AD_524-717,g.80580530G>A(p.Arg578His),True,True
5,ARNT2_Q9HBZ2_AD_524-717,g.80581404G>A(p.Ala640Thr),True,True
6,ARNT2_Q9HBZ2_AD_524-717,g.80581354C>T(p.Ser623Leu),True,True
7,ARNT2_Q9HBZ2_AD_524-717,g.80591604G>A(p.Arg652Gln),True,True
8,ARNT2_Q9HBZ2_AD_524-717,g.80581361T>G(p.Ser625Arg),True,True
9,ARNT2_Q9HBZ2_AD_524-717,g.80593627A>G(p.Thr695Ala),True,True
10,ARNT2_Q9HBZ2_AD_524-717,g.80581359A>G(p.Ser625Gly),True,True
11,ARNT2_Q9HBZ2_AD_524-717,g.80580506G>A(p.Ser570Asn),True,True
12,ARNT2_Q9HBZ2_AD_524-717,g.80580457T>C(p.Ser554Pro),True,True
13,ARNT2_Q9HBZ2_AD_524-717,g.80581395C>T(p.Pro637Ser),True,True
14,ARNT2_Q9HBZ2_AD_524-717,g.80591687C>G(p.Gln680Glu),True,True
15,ARNT2_Q9HBZ2_AD_524-717,g.80581276C>T(p.Pro597Leu),True,True
16,ARNT2_Q9HBZ2_AD_524-717,g.80581313C>G(p.Asp609Glu),True,True
17,ARNT2_Q9HBZ2_AD_524-717,g.80581389A>G(p.Arg635Gly),True,True
18,ARNT2_Q9HBZ2_AD_524-717,g.80591588G>A(p.Gly647Arg),True,True
19,ARNT2_Q9HBZ2_AD_524-717,g.80591630C>A(p.Gln661Lys),True,True
20,ARNT2_Q9HBZ2_AD_524-717,g.80591684G>A(p.Gly679Ser),True,True
21,ARNT2_Q9HBZ2_AD_524-717,g.80581330C>A(p.Pro615His),True,True
22,ARNT2_Q9HBZ2_AD_524-717,g.80580433G>A(p.Gly546Arg),True,True
23,ARNT2_Q9HBZ2_AD_524-717,g.80581306C>T(p.Pro607Leu),True,True
24,ARNT2_Q9HBZ2_AD_524-717,g.80576941C>A(p.Ser530Tyr),True,True
25,ARNT2_Q9HBZ2_AD_524-717,g.80580528T>A(p.Ser577Arg),True,True
26,ARNT2_Q9HBZ2_AD_524-717,g.80580545G>C(p.Gly583Ala),True,True
27,ARNT2_Q9HBZ2_AD_524-717,g.80593657G>T(p.Asp705Tyr),True,True
28,ARNT2_Q9HBZ2_AD_524-717,g.80576952G>A(p.Gly534Arg),True,True
29,ARNT2_Q9HBZ2_AD_524-717,g.80593619G>A(p.Gly692Glu),True,True
30,ARNT2_Q9HBZ2_AD_524-717,g.80580464C>T(p.Thr556Met),True,True
31,ARNT2_Q9HBZ2_AD_524-717,g.80581245C>A(p.Pro587Thr),True,True
32,ARNT2_Q9HBZ2_AD_524-717,g.80580547C>A(p.Gln584Lys),True,True
33,ARNT2_Q9HBZ2_AD_524-717,g.80581357C>T(p.Pro624Leu),True,True
34,ARNT2_Q9HBZ2_AD_524-717,g.80591657G>A(p.Gly670Ser),True,True
35,ARNT2_Q9HBZ2_AD_524-717,g.80580539T>G(p.Phe581Cys),True,True
36,ARNT2_Q9HBZ2_AD_524-717,g.80591664A>C(p.Gln672Pro),True,True
37,ARNT2_Q9HBZ2_AD_524-717,g.80591651C>G(p.Gln668Glu),True,True
38,ARNT2_Q9HBZ2_AD_524-717,g.80580491G>A(p.Arg565Gln),True,True
39,ARNT2_Q9HBZ2_AD_524-717,g.80580542C>G(p.Pro582Arg),True,True
40,ARNT2_Q9HBZ2_AD_524-717,g.80581361T>A(p.Ser625Arg),True,True
41,ARNT2_Q9HBZ2_AD_524-717,g.80580521C>G(p.Thr575Arg),True,True
42,ARNT2_Q9HBZ2_AD_524-717,g.80580512T>C(p.Val572Ala),True,True
43,ARNT2_Q9HBZ2_AD_524-717,g.80576924A>C(p.Gln524His),True,True
44,ARNT2_Q9HBZ2_AD_524-717,g.80581291C>T(p.Thr602Met),True,True
45,ARNT2_Q9HBZ2_AD_524-717,g.80581384C>G(p.Ala633Gly),True,True
46,ARNT2_Q9HBZ2_AD_524-717,g.80580504G>T(p.Gln569His),True,True
47,ARNT2_Q9HBZ2_AD_524-717,g.80581390G>A(p.Arg635Lys),True,True
48,ARNT2_Q9HBZ2_AD_524-717,g.80576938C>G(p.Pro529Arg),True,True
0,GLIS1_Q8NBF1_AD_447-620,g.53506702C>T(p.Gly594Ser),False,False
1,GLIS1_Q8NBF1_AD_447-620,g.53509240C>T(p.Asp529Asn),False,False
2,GLIS1_Q8NBF1_AD_447-620,g.53506696C>T(p.Glu596Lys),False,False
3,GLIS1_Q8NBF1_AD_447-620,g.53506627C>T(p.Asp619Asn),False,False
4,GLIS1_Q8NBF1_AD_447-620,g.53509996T>C(p.Ser464Gly),False,False
5,GLIS1_Q8NBF1_AD_447-620,g.53509231G>A(p.Arg532Trp),False,False
6,GLIS1_Q8NBF1_AD_447-620,g.53509953G>A(p.Ser478Phe),False,False
7,GLIS1_Q8NBF1_AD_447-620,g.53506707G>A(p.Ser592Phe),False,True
8,GLIS1_Q8NBF1_AD_447-620,g.53509158T>C(p.Asn556Ser),False,False
9,GLIS1_Q8NBF1_AD_447-620,g.53509956G>T(p.Ser477Tyr),False,False
10,GLIS1_Q8NBF1_AD_447-620,g.53506725G>A(p.Pro586Leu),False,False
11,GLIS1_Q8NBF1_AD_447-620,g.53514631C>A(p.Arg451Leu),False,False
12,GLIS1_Q8NBF1_AD_447-620,g.53514641C>T(p.Glu448Lys),False,False
13,GLIS1_Q8NBF1_AD_447-620,g.53509210C>T(p.Gly539Ser),False,False
14,GLIS1_Q8NBF1_AD_447-620,g.53506776C>T(p.Gly569Asp),False,False
15,GLIS1_Q8NBF1_AD_447-620,g.53509219G>A(p.Pro536Ser),False,False
16,GLIS1_Q8NBF1_AD_447-620,g.53509933C>T(p.Gly485Ser),False,False
17,GLIS1_Q8NBF1_AD_447-620,g.53509993G>A(p.Pro465Ser),False,False
18,GLIS1_Q8NBF1_AD_447-620,g.53506645T>C(p.Ile613Val),False,False
19,GLIS1_Q8NBF1_AD_447-620,g.53509854G>A(p.Pro511Leu),False,False
20,GLIS1_Q8NBF1_AD_447-620,g.53506693C>G(p.Asp597His),False,False
21,GLIS1_Q8NBF1_AD_447-620,g.53514628T>C(p.Asp452Gly),False,False
22,GLIS1_Q8NBF1_AD_447-620,g.53509983C>G(p.Gly468Ala),False,False
23,GLIS1_Q8NBF1_AD_447-620,g.53510023C>A(p.Gly455Trp),False,False
24,GLIS1_Q8NBF1_AD_447-620,g.53506630T>C(p.Thr618Ala),False,False
25,GLIS1_Q8NBF1_AD_447-620,g.53509220T>G(p.Glu535Asp),False,False
26,GLIS1_Q8NBF1_AD_447-620,g.53509137G>A(p.Thr563Met),False,False
27,GLIS1_Q8NBF1_AD_447-620,g.53506674T>C(p.Asn603Ser),False,False
28,GLIS1_Q8NBF1_AD_447-620,g.53509174T>C(p.Asn551Asp),False,False
29,GLIS1_Q8NBF1_AD_447-620,g.53509164C>T(p.Arg554Gln),False,False
30,GLIS1_Q8NBF1_AD_447-620,g.53509912G>A(p.Pro492Ser),False,False
31,GLIS1_Q8NBF1_AD_447-620,g.53506687C>A(p.Gly599Cys),False,False
32,GLIS1_Q8NBF1_AD_447-620,g.53509228T>C(p.Met533Val),False,False
33,GLIS1_Q8NBF1_AD_447-620,g.53509149T>C(p.His559Arg),False,False
34,GLIS1_Q8NBF1_AD_447-620,g.53506717C>G(p.Asp589His),False,False
35,GLIS1_Q8NBF1_AD_447-620,g.53506773T>G(p.Tyr570Ser),False,False
36,GLIS1_Q8NBF1_AD_447-620,g.53509863A>T(p.Leu508Gln),False,False
37,GLIS1_Q8NBF1_AD_447-620,g.53509977C>A(p.Gly470Val),False,False
38,GLIS1_Q8NBF1_AD_447-620,g.53506740G>A(p.Ala581Val),False,False
39,GLIS1_Q8NBF1_AD_447-620,g.53509209C>A(p.Gly539Val),False,False
40,GLIS1_Q8NBF1_AD_447-620,g.53509918T>A(p.Thr490Ser),False,False
41,GLIS1_Q8NBF1_AD_447-620,g.53509230C>T(p.Arg532Gln),False,False
42,GLIS1_Q8NBF1_AD_447-620,g.53509201C>G(p.Gly542Arg),False,False
43,GLIS1_Q8NBF1_AD_447-620,g.53509281T>C(p.Gln515Arg),False,False
44,GLIS1_Q8NBF1_AD_447-620,g.53510017C>T(p.Gly457Ser),False,False
45,GLIS1_Q8NBF1_AD_447-620,g.53510005G>A(p.Pro461Ser),False,False
46,GLIS1_Q8NBF1_AD_447-620,g.53514631C>T(p.Arg451Gln),False,False
47,GLIS1_Q8NBF1_AD_447-620,g.53509971G>A(p.Pro472Leu),False,False
48,GLIS1_Q8NBF1_AD_447-620,g.53509165G>A(p.Arg554Trp),False,False
49,GLIS1_Q8NBF1_AD_447-620,g.53506669C>T(p.Ala605Thr),False,False
50,GLIS1_Q8NBF1_AD_447-620,g.53510005G>T(p.Pro461Thr),False,False
51,GLIS1_Q8NBF1_AD_447-620,g.53509927G>A(p.Pro487Ser),False,False
52,GLIS1_Q8NBF1_AD_447-620,g.53509938G>A(p.Pro483Leu),False,False
53,GLIS1_Q8NBF1_AD_447-620,g.53510020G>T(p.Pro456Thr),False,False
54,GLIS1_Q8NBF1_AD_447-620,g.53509906T>C(p.Lys494Glu),False,False
55,GLIS1_Q8NBF1_AD_447-620,g.53509968G>A(p.Pro473Leu),False,False
56,GLIS1_Q8NBF1_AD_447-620,g.53509201C>T(p.Gly542Arg),False,False
57,GLIS1_Q8NBF1_AD_447-620,g.53509270G>T(p.His519Asn),False,False
58,GLIS1_Q8NBF1_AD_447-620,g.53509256A>T(p.Ser523Arg),False,False
59,GLIS1_Q8NBF1_AD_447-620,g.53506647T>G(p.His612Pro),False,False
60,GLIS1_Q8NBF1_AD_447-620,g.53506646G>C(p.His612Gln),False,False
61,GLIS1_Q8NBF1_AD_447-620,g.53509932C>T(p.Gly485Asp),False,False
62,GLIS1_Q8NBF1_AD_447-620,g.53509869G>A(p.Pro506Leu),False,False
63,GLIS1_Q8NBF1_AD_447-620,g.53509170G>A(p.Pro552Leu),False,False
64,GLIS1_Q8NBF1_AD_447-620,g.53506638G>A(p.Ser615Phe),False,False
65,GLIS1_Q8NBF1_AD_447-620,g.53506743G>A(p.Thr580Ile),False,False
66,GLIS1_Q8NBF1_AD_447-620,g.53509902G>A(p.Pro495Leu),False,False
67,GLIS1_Q8NBF1_AD_447-620,g.53509192C>T(p.Gly545Arg),False,False
68,GLIS1_Q8NBF1_AD_447-620,g.53506641G>A(p.Pro614Leu),False,False
69,GLIS1_Q8NBF1_AD_447-620,g.53506716T>C(p.Asp589Gly),False,False
70,GLIS1_Q8NBF1_AD_447-620,g.53509144G>A(p.Leu561Phe),False,False
71,GLIS1_Q8NBF1_AD_447-620,g.53514632G>A(p.Arg451Trp),False,False
72,GLIS1_Q8NBF1_AD_447-620,g.53506633A>G(p.Tyr617His),False,False
73,GLIS1_Q8NBF1_AD_447-620,g.53506642G>A(p.Pro614Ser),False,False
74,GLIS1_Q8NBF1_AD_447-620,g.53509180C>T(p.Gly549Ser),False,False
0,KDM5B_Q9UGL1_AD_1302-1391,g.202730991T>A(p.Glu1365Val),False,False
1,KDM5B_Q9UGL1_AD_1302-1391,g.202730949T>A(p.Gln1379Leu),False,False
2,KDM5B_Q9UGL1_AD_1302-1391,g.202730998T>A(p.Ile1363Phe),False,False
3,KDM5B_Q9UGL1_AD_1302-1391,g.202731024T>C(p.Gln1354Arg),False,False
4,KDM5B_Q9UGL1_AD_1302-1391,g.202730953G>C(p.Gln1378Glu),False,False
5,KDM5B_Q9UGL1_AD_1302-1391,g.202731028C>T(p.Ala1353Thr),False,False
6,KDM5B_Q9UGL1_AD_1302-1391,g.202731045T>C(p.Asn1347Ser),False,False
7,KDM5B_Q9UGL1_AD_1302-1391,g.202731054G>A(p.Pro1344Leu),False,False
8,KDM5B_Q9UGL1_AD_1302-1391,g.202731938A>G(p.Val1304Ala),False,False
9,KDM5B_Q9UGL1_AD_1302-1391,g.202731914G>A(p.Ser1312Leu),False,False
10,KDM5B_Q9UGL1_AD_1302-1391,g.202731056A>T(p.Ser1343Arg),False,False
11,KDM5B_Q9UGL1_AD_1302-1391,g.202731926G>A(p.Pro1308Leu),False,False
12,KDM5B_Q9UGL1_AD_1302-1391,g.202731006A>G(p.Leu1360Pro),False,False
13,KDM5B_Q9UGL1_AD_1302-1391,g.202731871C>A(p.Leu1326Phe),False,False
14,KDM5B_Q9UGL1_AD_1302-1391,g.202730918G>T(p.Ser1389Arg),False,False
15,KDM5B_Q9UGL1_AD_1302-1391,g.202731881G>C(p.Thr1323Ser),False,False
16,KDM5B_Q9UGL1_AD_1302-1391,g.202731929G>A(p.Pro1307Leu),False,False
17,KDM5B_Q9UGL1_AD_1302-1391,g.202730996A>C(p.Ile1363Met),False,False
18,KDM5B_Q9UGL1_AD_1302-1391,g.202730995G>C(p.Gln1364Glu),False,False
19,KDM5B_Q9UGL1_AD_1302-1391,g.202730994T>C(p.Gln1364Arg),False,False
20,KDM5B_Q9UGL1_AD_1302-1391,g.202731920G>A(p.Thr1310Ile),False,False
21,KDM5B_Q9UGL1_AD_1302-1391,g.202730979G>A(p.Thr1369Ile),False,False
22,KDM5B_Q9UGL1_AD_1302-1391,g.202731834G>A(p.Leu1339Phe),False,False
23,KDM5B_Q9UGL1_AD_1302-1391,g.202730934G>A(p.Ser1384Leu),False,False
24,KDM5B_Q9UGL1_AD_1302-1391,g.202730932G>A(p.Pro1385Ser),False,False
25,KDM5B_Q9UGL1_AD_1302-1391,g.202731848C>T(p.Arg1334Gln),False,False
26,KDM5B_Q9UGL1_AD_1302-1391,g.202731898A>T(p.Asp1317Glu),False,False
27,KDM5B_Q9UGL1_AD_1302-1391,g.202731931T>G(p.Gln1306His),False,False
28,KDM5B_Q9UGL1_AD_1302-1391,g.202730932G>T(p.Pro1385Thr),False,False
29,KDM5B_Q9UGL1_AD_1302-1391,g.202730928A>G(p.Val1386Ala),False,False
30,KDM5B_Q9UGL1_AD_1302-1391,g.202731027G>T(p.Ala1353Asp),False,True
31,KDM5B_Q9UGL1_AD_1302-1391,g.202730977A>C(p.Leu1370Val),False,False
32,KDM5B_Q9UGL1_AD_1302-1391,g.202730942G>C(p.Asp1381Glu),False,False
33,KDM5B_Q9UGL1_AD_1302-1391,g.202731932T>C(p.Gln1306Arg),False,False
34,KDM5B_Q9UGL1_AD_1302-1391,g.202731063C>G(p.Gly1341Ala),False,False
35,KDM5B_Q9UGL1_AD_1302-1391,g.202731866G>A(p.Ser1328Phe),False,False
36,KDM5B_Q9UGL1_AD_1302-1391,g.202730940C>T(p.Arg1382Gln),False,False
37,KDM5B_Q9UGL1_AD_1302-1391,g.202730929C>T(p.Val1386Met),False,False
0,MTF1_Q14872_AD_328-509,g.37822536G>A(p.Pro451Leu),False,False
1,MTF1_Q14872_AD_328-509,g.37822633G>A(p.Leu419Phe),False,False
2,MTF1_Q14872_AD_328-509,g.37832250T>C(p.Ser355Gly),False,False
3,MTF1_Q14872_AD_328-509,g.37822447T>G(p.Asn481His),False,False
4,MTF1_Q14872_AD_328-509,g.37823782G>T(p.Pro367Thr),False,False
5,MTF1_Q14872_AD_328-509,g.37822603C>G(p.Glu429Gln),False,False
6,MTF1_Q14872_AD_328-509,g.37823805C>T(p.Gly359Asp),False,True
7,MTF1_Q14872_AD_328-509,g.37822424G>T(p.His488Gln),False,False
8,MTF1_Q14872_AD_328-509,g.37822614G>C(p.Pro425Arg),False,False
9,MTF1_Q14872_AD_328-509,g.37823788T>C(p.Ile365Val),False,False
10,MTF1_Q14872_AD_328-509,g.37822390A>G(p.Ser500Pro),False,False
11,MTF1_Q14872_AD_328-509,g.37822707G>A(p.Thr394Ile),False,False
12,MTF1_Q14872_AD_328-509,g.37822669C>A(p.Val407Phe),False,False
13,MTF1_Q14872_AD_328-509,g.37823712G>T(p.Thr390Lys),False,False
14,MTF1_Q14872_AD_328-509,g.37832316T>C(p.Asn333Asp),False,True
15,MTF1_Q14872_AD_328-509,g.37822428G>A(p.Pro487Leu),False,False
16,MTF1_Q14872_AD_328-509,g.37822657T>A(p.Thr411Ser),False,False
17,MTF1_Q14872_AD_328-509,g.37822537G>T(p.Pro451Thr),False,False
18,MTF1_Q14872_AD_328-509,g.37822705C>T(p.Glu395Lys),False,False
19,MTF1_Q14872_AD_328-509,g.37822543G>C(p.Leu449Val),False,False
20,MTF1_Q14872_AD_328-509,g.37822651T>G(p.Asn413His),False,False
21,MTF1_Q14872_AD_328-509,g.37823761T>C(p.Met374Val),False,False
22,MTF1_Q14872_AD_328-509,g.37822569G>A(p.Pro440Leu),False,False
23,MTF1_Q14872_AD_328-509,g.37822591G>A(p.Pro433Ser),False,False
24,MTF1_Q14872_AD_328-509,g.37822666G>C(p.Pro408Ala),False,False
25,MTF1_Q14872_AD_328-509,g.37822624C>T(p.Val422Ile),False,False
26,MTF1_Q14872_AD_328-509,g.37832261C>T(p.Arg351Gln),False,True
27,MTF1_Q14872_AD_328-509,g.37832274C>T(p.Asp347Asn),False,False
28,MTF1_Q14872_AD_328-509,g.37822381C>T(p.Ala503Thr),False,False
29,MTF1_Q14872_AD_328-509,g.37823721G>A(p.Pro387Leu),False,False
30,MTF1_Q14872_AD_328-509,g.37822507G>C(p.Pro461Ala),False,False
31,MTF1_Q14872_AD_328-509,g.37832282A>G(p.Leu344Pro),False,False
32,MTF1_Q14872_AD_328-509,g.37822638A>G(p.Leu417Ser),False,False
33,MTF1_Q14872_AD_328-509,g.37823728C>T(p.Glu385Lys),False,False
34,MTF1_Q14872_AD_328-509,g.37823712G>A(p.Thr390Ile),False,False
35,MTF1_Q14872_AD_328-509,g.37822665G>A(p.Pro408Leu),False,False
36,MTF1_Q14872_AD_328-509,g.37822555G>A(p.Pro445Ser),False,False
37,MTF1_Q14872_AD_328-509,g.37822609G>T(p.Leu427Ile),False,False
38,MTF1_Q14872_AD_328-509,g.37823802T>C(p.Gln360Arg),False,False
39,MTF1_Q14872_AD_328-509,g.37822561G>A(p.Pro443Ser),False,False
40,MTF1_Q14872_AD_328-509,g.37822603C>T(p.Glu429Lys),False,False
41,MTF1_Q14872_AD_328-509,g.37822573C>G(p.Ala439Pro),False,False
42,MTF1_Q14872_AD_328-509,g.37823723A>T(p.Asp386Glu),False,False
43,MTF1_Q14872_AD_328-509,g.37822491T>G(p.Gln466Pro),False,False
44,MTF1_Q14872_AD_328-509,g.37822409C>A(p.Gln493His),False,False
45,MTF1_Q14872_AD_328-509,g.37822570G>A(p.Pro440Ser),False,False
46,MTF1_Q14872_AD_328-509,g.37822714A>C(p.Ser392Ala),False,False
47,MTF1_Q14872_AD_328-509,g.37823790G>A(p.Thr364Ile),False,False
48,MTF1_Q14872_AD_328-509,g.37823797G>A(p.Leu362Phe),False,True
49,MTF1_Q14872_AD_328-509,g.37822491T>C(p.Gln466Arg),False,False
50,MTF1_Q14872_AD_328-509,g.37822413G>A(p.Pro492Leu),False,False
51,MTF1_Q14872_AD_328-509,g.37823739G>A(p.Thr381Met),False,True
52,MTF1_Q14872_AD_328-509,g.37823734T>C(p.Ile383Val),False,False
53,MTF1_Q14872_AD_328-509,g.37822654C>T(p.Gly412Arg),False,False
54,MTF1_Q14872_AD_328-509,g.37822471G>C(p.Pro473Ala),False,False
55,MTF1_Q14872_AD_328-509,g.37823737C>G(p.Ala382Pro),False,True
56,MTF1_Q14872_AD_328-509,g.37822518G>A(p.Ala457Val),False,False
57,MTF1_Q14872_AD_328-509,g.37822422G>A(p.Pro489Leu),False,False
58,MTF1_Q14872_AD_328-509,g.37822660A>G(p.Ser410Pro),False,False
59,MTF1_Q14872_AD_328-509,g.37832246G>A(p.Thr356Met),False,True
60,MTF1_Q14872_AD_328-509,g.37822695T>C(p.Asn398Ser),False,False
61,MTF1_Q14872_AD_328-509,g.37822557G>A(p.Pro444Leu),False,False
62,MTF1_Q14872_AD_328-509,g.37822513C>A(p.Gly459Cys),False,False
63,MTF1_Q14872_AD_328-509,g.37822426G>A(p.His488Tyr),False,False
64,MTF1_Q14872_AD_328-509,g.37822600G>T(p.Pro430Thr),False,False
65,MTF1_Q14872_AD_328-509,g.37822630G>T(p.Pro420Thr),False,False
66,MTF1_Q14872_AD_328-509,g.37823806C>T(p.Gly359Ser),False,False
67,MTF1_Q14872_AD_328-509,g.37822463G>C(p.Ser475Arg),False,False
0,NR4A2_P43354_AD_1-91,g.156330158G>C(p.Ser10Cys),True,True
1,NR4A2_P43354_AD_1-91,g.156329999A>C(p.Phe63Cys),True,True
2,NR4A2_P43354_AD_1-91,g.156329997T>C(p.Met64Val),True,True
3,NR4A2_P43354_AD_1-91,g.156330164T>C(p.Tyr8Cys),True,True
4,NR4A2_P43354_AD_1-91,g.156330138G>C(p.Pro17Ala),True,True
5,NR4A2_P43354_AD_1-91,g.156330024T>C(p.Thr55Ala),True,True
6,NR4A2_P43354_AD_1-91,g.156329979C>T(p.Gly70Ser),True,True
7,NR4A2_P43354_AD_1-91,g.156329971G>T(p.Asp72Glu),True,True
8,NR4A2_P43354_AD_1-91,g.156330090C>T(p.Asp33Asn),True,True
9,NR4A2_P43354_AD_1-91,g.156330117A>T(p.Tyr24Asn),True,True
10,NR4A2_P43354_AD_1-91,g.156330170G>T(p.Ala6Glu),True,True
11,NR4A2_P43354_AD_1-91,g.156329942G>C(p.Pro82Arg),True,True
12,NR4A2_P43354_AD_1-91,g.156329930T>C(p.Gln86Arg),True,True
0,MTF1_Q14872_AD_510-624,g.37822163T>C(p.Ile575Met),False,False
1,MTF1_Q14872_AD_510-624,g.37822261C>T(p.Val543Ile),False,False
2,MTF1_Q14872_AD_510-624,g.37822188A>G(p.Met567Thr),False,False
3,MTF1_Q14872_AD_510-624,g.37822306G>A(p.Pro528Ser),False,False
4,MTF1_Q14872_AD_510-624,g.37817422G>T(p.Pro610Thr),False,False
5,MTF1_Q14872_AD_510-624,g.37822344G>T(p.Ala515Asp),False,False
6,MTF1_Q14872_AD_510-624,g.37822315T>C(p.Thr525Ala),False,False
7,MTF1_Q14872_AD_510-624,g.37822342C>T(p.Val516Met),False,False
8,MTF1_Q14872_AD_510-624,g.37822189T>C(p.Met567Val),False,False
9,MTF1_Q14872_AD_510-624,g.37815561A>C(p.Ser613Ala),False,False
10,MTF1_Q14872_AD_510-624,g.37822312T>C(p.Thr526Ala),False,False
11,MTF1_Q14872_AD_510-624,g.37817458C>G(p.Val598Leu),False,False
12,MTF1_Q14872_AD_510-624,g.37815545C>T(p.Gly618Asp),False,False
13,MTF1_Q14872_AD_510-624,g.37822218T>C(p.Asn557Ser),False,False
14,MTF1_Q14872_AD_510-624,g.37822165T>C(p.Ile575Val),False,False
15,MTF1_Q14872_AD_510-624,g.37822264A>C(p.Ser542Ala),False,False
16,MTF1_Q14872_AD_510-624,g.37822320T>G(p.Gln523Pro),False,False
17,MTF1_Q14872_AD_510-624,g.37822327G>T(p.Pro521Thr),False,False
18,MTF1_Q14872_AD_510-624,g.37815564T>A(p.Ser612Cys),False,False
19,MTF1_Q14872_AD_510-624,g.37822195G>T(p.Leu565Ile),False,False
20,MTF1_Q14872_AD_510-624,g.37822251T>C(p.Asn546Ser),False,False
21,MTF1_Q14872_AD_510-624,g.37822326G>T(p.Pro521Gln),False,False
22,MTF1_Q14872_AD_510-624,g.37822272C>T(p.Gly539Asp),False,False
23,MTF1_Q14872_AD_510-624,g.37822285T>A(p.Thr535Ser),False,False
24,MTF1_Q14872_AD_510-624,g.37822286C>A(p.Gln534His),False,False
25,MTF1_Q14872_AD_510-624,g.37822267T>C(p.Asn541Asp),False,False
26,MTF1_Q14872_AD_510-624,g.37822345C>G(p.Ala515Pro),False,False
27,MTF1_Q14872_AD_510-624,g.37822134T>G(p.Asn585Thr),False,False
28,MTF1_Q14872_AD_510-624,g.37822336C>T(p.Ala518Thr),False,False
29,MTF1_Q14872_AD_510-624,g.37822201A>G(p.Ser563Pro),False,False
0,MYT1L_Q9UL68_AD_152-425,g.1922704C>T(p.Met355Ile),False,False
1,MYT1L_Q9UL68_AD_152-425,g.1923197T>C(p.Asn191Ser),False,False
2,MYT1L_Q9UL68_AD_152-425,g.1922496C>T(p.Asp425Asn),False,False
3,MYT1L_Q9UL68_AD_152-425,g.1922843C>T(p.Gly309Glu),False,False
4,MYT1L_Q9UL68_AD_152-425,g.1922853T>C(p.Met306Val),False,False
5,MYT1L_Q9UL68_AD_152-425,g.1922717G>A(p.Pro351Leu),False,False
6,MYT1L_Q9UL68_AD_152-425,g.1923035C>T(p.Arg245Gln),False,False
7,MYT1L_Q9UL68_AD_152-425,g.1923091G>C(p.Asn226Lys),False,False
8,MYT1L_Q9UL68_AD_152-425,g.1922642T>A(p.Tyr376Phe),False,False
9,MYT1L_Q9UL68_AD_152-425,g.1923036G>A(p.Arg245Trp),False,False
10,MYT1L_Q9UL68_AD_152-425,g.1922834T>C(p.Glu312Gly),False,False
11,MYT1L_Q9UL68_AD_152-425,g.1923259G>T(p.Asp170Glu),False,False
12,MYT1L_Q9UL68_AD_152-425,g.1922871C>T(p.Val300Ile),False,False
13,MYT1L_Q9UL68_AD_152-425,g.1922655G>T(p.Pro372Thr),False,False
14,MYT1L_Q9UL68_AD_152-425,g.1922693T>A(p.Gln359Leu),False,False
15,MYT1L_Q9UL68_AD_152-425,g.1922900G>A(p.Ser290Leu),False,False
16,MYT1L_Q9UL68_AD_152-425,g.1923048C>T(p.Glu241Lys),False,False
17,MYT1L_Q9UL68_AD_152-425,g.1923193G>C(p.Asp192Glu),False,False
18,MYT1L_Q9UL68_AD_152-425,g.1922934T>C(p.Asn279Asp),False,False
19,MYT1L_Q9UL68_AD_152-425,g.1923056T>C(p.Asp238Gly),False,False
20,MYT1L_Q9UL68_AD_152-425,g.1922502C>A(p.Val423Leu),False,False
21,MYT1L_Q9UL68_AD_152-425,g.1922594C>T(p.Arg392Gln),False,False
22,MYT1L_Q9UL68_AD_152-425,g.1922586C>T(p.Val395Met),False,False
23,MYT1L_Q9UL68_AD_152-425,g.1922729T>C(p.Gln347Arg),False,False
24,MYT1L_Q9UL68_AD_152-425,g.1923086T>C(p.Asn228Ser),False,False
25,MYT1L_Q9UL68_AD_152-425,g.1922774T>C(p.Asn332Ser),False,False
26,MYT1L_Q9UL68_AD_152-425,g.1922732G>T(p.Pro346Gln),False,False
27,MYT1L_Q9UL68_AD_152-425,g.1922880T>C(p.Met297Val),False,False
28,MYT1L_Q9UL68_AD_152-425,g.1922888C>T(p.Ser294Asn),False,False
29,MYT1L_Q9UL68_AD_152-425,g.1922619G>C(p.Arg384Gly),False,False
30,MYT1L_Q9UL68_AD_152-425,g.1922654G>A(p.Pro372Leu),False,False
31,MYT1L_Q9UL68_AD_152-425,g.1923042G>T(p.Leu243Met),False,False
32,MYT1L_Q9UL68_AD_152-425,g.1922558C>A(p.Gly404Val),False,False
33,MYT1L_Q9UL68_AD_152-425,g.1922580C>A(p.Ala397Ser),False,False
34,MYT1L_Q9UL68_AD_152-425,g.1922573C>T(p.Cys399Tyr),False,False
35,MYT1L_Q9UL68_AD_152-425,g.1922618C>T(p.Arg384Gln),False,False
36,MYT1L_Q9UL68_AD_152-425,g.1922724T>A(p.Arg349Trp),False,False
37,MYT1L_Q9UL68_AD_152-425,g.1923201T>C(p.Asn190Asp),False,False
38,MYT1L_Q9UL68_AD_152-425,g.1922706T>C(p.Met355Val),False,False
39,MYT1L_Q9UL68_AD_152-425,g.1922558C>G(p.Gly404Ala),False,False
40,MYT1L_Q9UL68_AD_152-425,g.1922639G>A(p.Ser377Leu),False,False
41,MYT1L_Q9UL68_AD_152-425,g.1922672T>C(p.Asp366Gly),False,False
42,MYT1L_Q9UL68_AD_152-425,g.1923186C>T(p.Asp195Asn),False,False
43,MYT1L_Q9UL68_AD_152-425,g.1922844C>T(p.Gly309Arg),False,False
44,MYT1L_Q9UL68_AD_152-425,g.1923063C>T(p.Asp236Asn),False,False
45,MYT1L_Q9UL68_AD_152-425,g.1922678T>G(p.Glu364Ala),False,False
46,MYT1L_Q9UL68_AD_152-425,g.1922952C>T(p.Gly273Ser),False,False
47,MYT1L_Q9UL68_AD_152-425,g.1923227A>C(p.Met181Arg),False,False
48,MYT1L_Q9UL68_AD_152-425,g.1923242T>C(p.His176Arg),False,False
49,MYT1L_Q9UL68_AD_152-425,g.1922787C>T(p.Glu328Lys),False,False
50,MYT1L_Q9UL68_AD_152-425,g.1922657G>A(p.Thr371Met),False,False
51,MYT1L_Q9UL68_AD_152-425,g.1923116C>T(p.Arg218Gln),False,False
52,MYT1L_Q9UL68_AD_152-425,g.1923122G>T(p.Ala216Asp),False,False
53,MYT1L_Q9UL68_AD_152-425,g.1923226C>T(p.Met181Ile),False,False
54,MYT1L_Q9UL68_AD_152-425,g.1923240T>C(p.Asn177Asp),False,False
55,MYT1L_Q9UL68_AD_152-425,g.1922684C>A(p.Arg362Leu),False,False
56,MYT1L_Q9UL68_AD_152-425,g.1923191T>C(p.Glu193Gly),False,False
57,MYT1L_Q9UL68_AD_152-425,g.1922684C>T(p.Arg362Gln),False,False
58,MYT1L_Q9UL68_AD_152-425,g.1923042G>C(p.Leu243Val),False,False
59,MYT1L_Q9UL68_AD_152-425,g.1923026T>C(p.Glu248Gly),False,False
60,MYT1L_Q9UL68_AD_152-425,g.1922654G>T(p.Pro372Gln),False,False
61,MYT1L_Q9UL68_AD_152-425,g.1923097T>G(p.Glu224Asp),False,False
62,MYT1L_Q9UL68_AD_152-425,g.1923194T>C(p.Asp192Gly),False,False
63,MYT1L_Q9UL68_AD_152-425,g.1922862C>T(p.Gly303Arg),False,False
64,MYT1L_Q9UL68_AD_152-425,g.1922727C>T(p.Glu348Lys),False,False
65,MYT1L_Q9UL68_AD_152-425,g.1922697G>A(p.Arg358Cys),False,False
66,MYT1L_Q9UL68_AD_152-425,g.1922548C>A(p.Glu407Asp),False,False
67,MYT1L_Q9UL68_AD_152-425,g.1922892C>G(p.Asp293His),False,False
68,MYT1L_Q9UL68_AD_152-425,g.1922633A>G(p.Met379Thr),False,False
0,TCF7L2_Q9NQB0_AD_1-53,g.112950869A>C(p.Glu38Ala),False,False
1,TCF7L2_Q9NQB0_AD_1-53,g.112950854A>G(p.Glu33Gly),False,False
2,TCF7L2_Q9NQB0_AD_1-53,g.112950848G>T(p.Ser31Ile),False,False
3,TCF7L2_Q9NQB0_AD_1-53,g.112950840G>C(p.Glu28Asp),False,False
4,TCF7L2_Q9NQB0_AD_1-53,g.112950847A>G(p.Ser31Gly),False,False
5,TCF7L2_Q9NQB0_AD_1-53,g.112950823G>A(p.Asp23Asn),False,False
6,TCF7L2_Q9NQB0_AD_1-53,g.112950856A>G(p.Asn34Asp),False,False
7,TCF7L2_Q9NQB0_AD_1-53,g.112950860C>G(p.Ser35Cys),False,False
0,SRCAP_Q6ZRS2_AD_2575-3230,g.30738566G>C(p.Glu2842Asp),False,False
1,SRCAP_Q6ZRS2_AD_2575-3230,g.30738741C>G(p.Leu2901Val),False,False
2,SRCAP_Q6ZRS2_AD_2575-3230,g.30738996A>C(p.Thr2986Pro),False,False
3,SRCAP_Q6ZRS2_AD_2575-3230,g.30737773C>G(p.Ser2578Cys),False,False
4,SRCAP_Q6ZRS2_AD_2575-3230,g.30739665C>T(p.Arg3209Cys),False,False
5,SRCAP_Q6ZRS2_AD_2575-3230,g.30739650G>A(p.Asp3204Asn),False,False
6,SRCAP_Q6ZRS2_AD_2575-3230,g.30739204C>A(p.Ser3055Tyr),False,False
7,SRCAP_Q6ZRS2_AD_2575-3230,g.30739635A>G(p.Thr3199Ala),False,False
8,SRCAP_Q6ZRS2_AD_2575-3230,g.30738372G>C(p.Val2778Leu),False,False
9,SRCAP_Q6ZRS2_AD_2575-3230,g.30737941C>G(p.Thr2634Arg),False,False
10,SRCAP_Q6ZRS2_AD_2575-3230,g.30738208G>C(p.Arg2723Pro),False,False
11,SRCAP_Q6ZRS2_AD_2575-3230,g.30738243A>G(p.Thr2735Ala),False,False
12,SRCAP_Q6ZRS2_AD_2575-3230,g.30739123A>G(p.Asp3028Gly),False,False
13,SRCAP_Q6ZRS2_AD_2575-3230,g.30738303G>C(p.Val2755Leu),False,False
14,SRCAP_Q6ZRS2_AD_2575-3230,g.30739360C>A(p.Thr3107Lys),False,False
15,SRCAP_Q6ZRS2_AD_2575-3230,g.30737850C>T(p.Pro2604Ser),False,False
16,SRCAP_Q6ZRS2_AD_2575-3230,g.30737937C>G(p.Leu2633Val),False,False
17,SRCAP_Q6ZRS2_AD_2575-3230,g.30739270G>A(p.Arg3077Gln),False,False
18,SRCAP_Q6ZRS2_AD_2575-3230,g.30739448G>T(p.Leu3136Phe),False,False
19,SRCAP_Q6ZRS2_AD_2575-3230,g.30739606G>A(p.Arg3189Gln),False,False
20,SRCAP_Q6ZRS2_AD_2575-3230,g.30738340G>A(p.Arg2767Gln),False,False
21,SRCAP_Q6ZRS2_AD_2575-3230,g.30739645A>G(p.Gln3202Arg),False,False
22,SRCAP_Q6ZRS2_AD_2575-3230,g.30738234G>A(p.Gly2732Ser),False,False
23,SRCAP_Q6ZRS2_AD_2575-3230,g.30739608C>T(p.Arg3190Cys),False,False
24,SRCAP_Q6ZRS2_AD_2575-3230,g.30738453A>C(p.Ile2805Leu),False,False
25,SRCAP_Q6ZRS2_AD_2575-3230,g.30738097G>T(p.Ser2686Ile),False,False
26,SRCAP_Q6ZRS2_AD_2575-3230,g.30738933C>T(p.Arg2965Trp),False,False
27,SRCAP_Q6ZRS2_AD_2575-3230,g.30738403C>T(p.Pro2788Leu),False,False
28,SRCAP_Q6ZRS2_AD_2575-3230,g.30738543G>A(p.Val2835Met),False,False
29,SRCAP_Q6ZRS2_AD_2575-3230,g.30739236C>A(p.Leu3066Met),False,False
30,SRCAP_Q6ZRS2_AD_2575-3230,g.30738428G>A(p.Met2796Ile),False,False
31,SRCAP_Q6ZRS2_AD_2575-3230,g.30739266A>G(p.Met3076Val),False,False
32,SRCAP_Q6ZRS2_AD_2575-3230,g.30739347G>C(p.Gly3103Arg),False,False
33,SRCAP_Q6ZRS2_AD_2575-3230,g.30739717G>A(p.Arg3226His),False,False
34,SRCAP_Q6ZRS2_AD_2575-3230,g.30738576G>A(p.Gly2846Arg),False,False
35,SRCAP_Q6ZRS2_AD_2575-3230,g.30738058C>T(p.Thr2673Ile),False,False
36,SRCAP_Q6ZRS2_AD_2575-3230,g.30738450C>T(p.Pro2804Ser),False,False
37,SRCAP_Q6ZRS2_AD_2575-3230,g.30738226A>G(p.Glu2729Gly),False,False
38,SRCAP_Q6ZRS2_AD_2575-3230,g.30738934G>A(p.Arg2965Gln),False,False
39,SRCAP_Q6ZRS2_AD_2575-3230,g.30738184C>T(p.Ser2715Leu),False,False
40,SRCAP_Q6ZRS2_AD_2575-3230,g.30739338G>T(p.Gly3100Trp),False,False
41,SRCAP_Q6ZRS2_AD_2575-3230,g.30738786C>T(p.Pro2916Ser),False,False
42,SRCAP_Q6ZRS2_AD_2575-3230,g.30737767C>T(p.Ser2576Leu),False,False
43,SRCAP_Q6ZRS2_AD_2575-3230,g.30739245C>T(p.Leu3069Phe),False,False
44,SRCAP_Q6ZRS2_AD_2575-3230,g.30739620C>T(p.Arg3194Cys),False,False
45,SRCAP_Q6ZRS2_AD_2575-3230,g.30739334T>G(p.Asp3098Glu),False,False
46,SRCAP_Q6ZRS2_AD_2575-3230,g.30738361C>T(p.Ala2774Val),False,False
47,SRCAP_Q6ZRS2_AD_2575-3230,g.30738373T>G(p.Val2778Gly),False,False
48,SRCAP_Q6ZRS2_AD_2575-3230,g.30739524C>A(p.Pro3162Thr),False,False
49,SRCAP_Q6ZRS2_AD_2575-3230,g.30739240C>T(p.Ala3067Val),False,False
50,SRCAP_Q6ZRS2_AD_2575-3230,g.30739293A>G(p.Met3085Val),False,False
51,SRCAP_Q6ZRS2_AD_2575-3230,g.30739527C>G(p.Leu3163Val),False,False
52,SRCAP_Q6ZRS2_AD_2575-3230,g.30737808G>T(p.Val2590Leu),False,False
53,SRCAP_Q6ZRS2_AD_2575-3230,g.30738021G>A(p.Asp2661Asn),False,False
54,SRCAP_Q6ZRS2_AD_2575-3230,g.30738766A>C(p.Glu2909Ala),False,False
55,SRCAP_Q6ZRS2_AD_2575-3230,g.30737838C>G(p.Leu2600Val),False,False
56,SRCAP_Q6ZRS2_AD_2575-3230,g.30738098C>A(p.Ser2686Arg),False,False
57,SRCAP_Q6ZRS2_AD_2575-3230,g.30738575C>A(p.Asp2845Glu),False,False
58,SRCAP_Q6ZRS2_AD_2575-3230,g.30738525C>T(p.Arg2829Cys),False,False
59,SRCAP_Q6ZRS2_AD_2575-3230,g.30738222G>A(p.Val2728Met),False,False
60,SRCAP_Q6ZRS2_AD_2575-3230,g.30739717G>T(p.Arg3226Leu),False,False
61,SRCAP_Q6ZRS2_AD_2575-3230,g.30737874G>C(p.Glu2612Gln),False,False
62,SRCAP_Q6ZRS2_AD_2575-3230,g.30738169C>T(p.Ser2710Leu),False,False
63,SRCAP_Q6ZRS2_AD_2575-3230,g.30738558A>T(p.Ser2840Cys),False,False
64,SRCAP_Q6ZRS2_AD_2575-3230,g.30738738A>G(p.Thr2900Ala),False,False
65,SRCAP_Q6ZRS2_AD_2575-3230,g.30739624G>A(p.Arg3195Gln),False,False
66,SRCAP_Q6ZRS2_AD_2575-3230,g.30738090A>G(p.Thr2684Ala),False,False
67,SRCAP_Q6ZRS2_AD_2575-3230,g.30739408G>A(p.Arg3123His),False,False
68,SRCAP_Q6ZRS2_AD_2575-3230,g.30738181C>A(p.Pro2714His),False,False
69,SRCAP_Q6ZRS2_AD_2575-3230,g.30738571G>C(p.Gly2844Ala),False,False
70,SRCAP_Q6ZRS2_AD_2575-3230,g.30738555G>A(p.Gly2839Ser),False,False
71,SRCAP_Q6ZRS2_AD_2575-3230,g.30739162G>A(p.Arg3041Gln),False,False
72,SRCAP_Q6ZRS2_AD_2575-3230,g.30738801C>T(p.Pro2921Ser),False,False
73,SRCAP_Q6ZRS2_AD_2575-3230,g.30739693G>C(p.Gly3218Ala),False,False
74,SRCAP_Q6ZRS2_AD_2575-3230,g.30738838C>T(p.Pro2933Leu),False,False
75,SRCAP_Q6ZRS2_AD_2575-3230,g.30739110G>A(p.Val3024Ile),False,False
76,SRCAP_Q6ZRS2_AD_2575-3230,g.30739429C>A(p.Pro3130Gln),False,False
77,SRCAP_Q6ZRS2_AD_2575-3230,g.30738691C>T(p.Thr2884Ile),False,False
78,SRCAP_Q6ZRS2_AD_2575-3230,g.30738495A>G(p.Thr2819Ala),False,False
79,SRCAP_Q6ZRS2_AD_2575-3230,g.30738352G>A(p.Arg2771Gln),False,False
80,SRCAP_Q6ZRS2_AD_2575-3230,g.30738681C>G(p.Pro2881Ala),False,False
81,SRCAP_Q6ZRS2_AD_2575-3230,g.30737966G>T(p.Leu2642Phe),False,False
82,SRCAP_Q6ZRS2_AD_2575-3230,g.30739698G>A(p.Ala3220Thr),False,False
83,SRCAP_Q6ZRS2_AD_2575-3230,g.30739507G>A(p.Arg3156His),False,False
84,SRCAP_Q6ZRS2_AD_2575-3230,g.30738966A>G(p.Thr2976Ala),False,False
85,SRCAP_Q6ZRS2_AD_2575-3230,g.30738667G>A(p.Gly2876Asp),False,False
86,SRCAP_Q6ZRS2_AD_2575-3230,g.30739218A>G(p.Ser3060Gly),False,False
87,SRCAP_Q6ZRS2_AD_2575-3230,g.30738099C>G(p.Pro2687Ala),False,False
88,SRCAP_Q6ZRS2_AD_2575-3230,g.30738420C>T(p.Arg2794Cys),False,False
89,SRCAP_Q6ZRS2_AD_2575-3230,g.30738456G>A(p.Gly2806Ser),False,False
90,SRCAP_Q6ZRS2_AD_2575-3230,g.30738561C>T(p.Pro2841Ser),False,False
91,SRCAP_Q6ZRS2_AD_2575-3230,g.30737890C>T(p.Pro2617Leu),False,False
92,SRCAP_Q6ZRS2_AD_2575-3230,g.30739299G>A(p.Val3087Met),False,False
93,SRCAP_Q6ZRS2_AD_2575-3230,g.30738575C>G(p.Asp2845Glu),False,False
94,SRCAP_Q6ZRS2_AD_2575-3230,g.30738337G>T(p.Arg2766Leu),False,False
95,SRCAP_Q6ZRS2_AD_2575-3230,g.30739695C>T(p.Pro3219Ser),False,False
96,SRCAP_Q6ZRS2_AD_2575-3230,g.30738337G>A(p.Arg2766Gln),False,False
97,SRCAP_Q6ZRS2_AD_2575-3230,g.30738496C>T(p.Thr2819Ile),False,False
98,SRCAP_Q6ZRS2_AD_2575-3230,g.30739375C>T(p.Ser3112Leu),False,False
99,SRCAP_Q6ZRS2_AD_2575-3230,g.30738695G>T(p.Leu2885Phe),False,False
100,SRCAP_Q6ZRS2_AD_2575-3230,g.30738493C>T(p.Pro2818Leu),False,False
101,SRCAP_Q6ZRS2_AD_2575-3230,g.30739386A>G(p.Lys3116Glu),False,False
102,SRCAP_Q6ZRS2_AD_2575-3230,g.30738114G>C(p.Glu2692Gln),False,False
103,SRCAP_Q6ZRS2_AD_2575-3230,g.30739392C>T(p.Arg3118Cys),False,False
104,SRCAP_Q6ZRS2_AD_2575-3230,g.30738418T>C(p.Val2793Ala),False,False
105,SRCAP_Q6ZRS2_AD_2575-3230,g.30738927G>A(p.Glu2963Lys),False,False
106,SRCAP_Q6ZRS2_AD_2575-3230,g.30739642A>G(p.Asn3201Ser),False,False
107,SRCAP_Q6ZRS2_AD_2575-3230,g.30738967C>A(p.Thr2976Asn),False,False
108,SRCAP_Q6ZRS2_AD_2575-3230,g.30738075G>A(p.Glu2679Lys),False,False
109,SRCAP_Q6ZRS2_AD_2575-3230,g.30739414G>T(p.Gly3125Val),False,False
110,SRCAP_Q6ZRS2_AD_2575-3230,g.30738709A>G(p.Asn2890Ser),False,False
111,SRCAP_Q6ZRS2_AD_2575-3230,g.30739591A>G(p.Asp3184Gly),False,False
112,SRCAP_Q6ZRS2_AD_2575-3230,g.30738853G>A(p.Arg2938Lys),False,False
113,SRCAP_Q6ZRS2_AD_2575-3230,g.30739627T>C(p.Leu3196Pro),False,False
114,SRCAP_Q6ZRS2_AD_2575-3230,g.30739383C>T(p.Pro3115Ser),False,False
115,SRCAP_Q6ZRS2_AD_2575-3230,g.30739372T>G(p.Val3111Gly),False,False
116,SRCAP_Q6ZRS2_AD_2575-3230,g.30739276G>A(p.Arg3079Gln),False,False
117,SRCAP_Q6ZRS2_AD_2575-3230,g.30739034T>G(p.Ile2998Met),False,False
118,SRCAP_Q6ZRS2_AD_2575-3230,g.30739083C>T(p.Pro3015Ser),False,False
119,SRCAP_Q6ZRS2_AD_2575-3230,g.30739540G>C(p.Gly3167Ala),False,False
120,SRCAP_Q6ZRS2_AD_2575-3230,g.30739525C>T(p.Pro3162Leu),False,False
121,SRCAP_Q6ZRS2_AD_2575-3230,g.30739396C>T(p.Ser3119Leu),False,False
122,SRCAP_Q6ZRS2_AD_2575-3230,g.30739689G>T(p.Ala3217Ser),False,False
123,SRCAP_Q6ZRS2_AD_2575-3230,g.30739609G>A(p.Arg3190His),False,False
124,SRCAP_Q6ZRS2_AD_2575-3230,g.30737971T>G(p.Leu2644Arg),False,False
125,SRCAP_Q6ZRS2_AD_2575-3230,g.30738253C>G(p.Pro2738Arg),False,False
126,SRCAP_Q6ZRS2_AD_2575-3230,g.30738099C>T(p.Pro2687Ser),False,False
127,SRCAP_Q6ZRS2_AD_2575-3230,g.30738723G>T(p.Val2895Phe),False,False
128,SRCAP_Q6ZRS2_AD_2575-3230,g.30738499C>T(p.Pro2820Leu),False,False
129,SRCAP_Q6ZRS2_AD_2575-3230,g.30739132C>A(p.Ser3031Tyr),False,False
130,SRCAP_Q6ZRS2_AD_2575-3230,g.30737866T>C(p.Leu2609Pro),False,False
131,SRCAP_Q6ZRS2_AD_2575-3230,g.30739666G>A(p.Arg3209His),False,False
132,SRCAP_Q6ZRS2_AD_2575-3230,g.30737837C>A(p.Asn2599Lys),False,False
133,SRCAP_Q6ZRS2_AD_2575-3230,g.30738669G>A(p.Val2877Met),False,False
134,SRCAP_Q6ZRS2_AD_2575-3230,g.30739623C>T(p.Arg3195Trp),False,False
135,SRCAP_Q6ZRS2_AD_2575-3230,g.30738428G>T(p.Met2796Ile),False,False
136,SRCAP_Q6ZRS2_AD_2575-3230,g.30738360G>T(p.Ala2774Ser),False,False
137,SRCAP_Q6ZRS2_AD_2575-3230,g.30738501C>G(p.Pro2821Ala),False,False
138,SRCAP_Q6ZRS2_AD_2575-3230,g.30738877G>A(p.Arg2946Gln),False,False
139,SRCAP_Q6ZRS2_AD_2575-3230,g.30739093G>A(p.Arg3018Gln),False,False
140,SRCAP_Q6ZRS2_AD_2575-3230,g.30739002A>G(p.Thr2988Ala),False,False
141,SRCAP_Q6ZRS2_AD_2575-3230,g.30739140G>A(p.Glu3034Lys),False,False
142,SRCAP_Q6ZRS2_AD_2575-3230,g.30738172C>T(p.Pro2711Leu),False,False
143,SRCAP_Q6ZRS2_AD_2575-3230,g.30738312G>A(p.Val2758Ile),False,False
144,SRCAP_Q6ZRS2_AD_2575-3230,g.30738303G>A(p.Val2755Ile),False,False
145,SRCAP_Q6ZRS2_AD_2575-3230,g.30738679C>G(p.Ala2880Gly),False,False
146,SRCAP_Q6ZRS2_AD_2575-3230,g.30739657G>A(p.Arg3206His),False,False
147,SRCAP_Q6ZRS2_AD_2575-3230,g.30738412C>T(p.Pro2791Leu),False,False
148,SRCAP_Q6ZRS2_AD_2575-3230,g.30737838C>A(p.Leu2600Ile),False,False
149,SRCAP_Q6ZRS2_AD_2575-3230,g.30738972C>G(p.Leu2978Val),False,False
150,SRCAP_Q6ZRS2_AD_2575-3230,g.30738127C>T(p.Ala2696Val),False,False
151,SRCAP_Q6ZRS2_AD_2575-3230,g.30738237C>G(p.Gln2733Glu),False,False
152,SRCAP_Q6ZRS2_AD_2575-3230,g.30739159G>A(p.Arg3040Lys),False,False
153,SRCAP_Q6ZRS2_AD_2575-3230,g.30738540G>A(p.Gly2834Arg),False,False
154,SRCAP_Q6ZRS2_AD_2575-3230,g.30739275C>T(p.Arg3079Trp),False,False
155,SRCAP_Q6ZRS2_AD_2575-3230,g.30737995T>G(p.Leu2652Arg),False,False
156,SRCAP_Q6ZRS2_AD_2575-3230,g.30738204C>T(p.Arg2722Cys),False,False
157,SRCAP_Q6ZRS2_AD_2575-3230,g.30739683T>C(p.Ser3215Pro),False,False
158,SRCAP_Q6ZRS2_AD_2575-3230,g.30738588G>A(p.Ala2850Thr),False,False
159,SRCAP_Q6ZRS2_AD_2575-3230,g.30739285G>A(p.Gly3082Glu),False,False
160,SRCAP_Q6ZRS2_AD_2575-3230,g.30738160C>T(p.Ala2707Val),False,False
161,SRCAP_Q6ZRS2_AD_2575-3230,g.30739429C>T(p.Pro3130Leu),False,False
162,SRCAP_Q6ZRS2_AD_2575-3230,g.30738649C>T(p.Pro2870Leu),False,False
163,SRCAP_Q6ZRS2_AD_2575-3230,g.30737903G>C(p.Glu2621Asp),False,False
164,SRCAP_Q6ZRS2_AD_2575-3230,g.30738454T>C(p.Ile2805Thr),False,False
165,SRCAP_Q6ZRS2_AD_2575-3230,g.30738361C>G(p.Ala2774Gly),False,False
166,SRCAP_Q6ZRS2_AD_2575-3230,g.30737805G>A(p.Ala2589Thr),False,False
167,SRCAP_Q6ZRS2_AD_2575-3230,g.30739602C>T(p.Arg3188Cys),False,False
168,SRCAP_Q6ZRS2_AD_2575-3230,g.30739081C>T(p.Pro3014Leu),False,False
169,SRCAP_Q6ZRS2_AD_2575-3230,g.30738951C>T(p.His2971Tyr),False,False
170,SRCAP_Q6ZRS2_AD_2575-3230,g.30739642A>C(p.Asn3201Thr),False,False
171,SRCAP_Q6ZRS2_AD_2575-3230,g.30739190T>A(p.Ser3050Arg),False,False
172,SRCAP_Q6ZRS2_AD_2575-3230,g.30738466G>A(p.Cys2809Tyr),False,False
173,SRCAP_Q6ZRS2_AD_2575-3230,g.30739696C>T(p.Pro3219Leu),False,False
174,SRCAP_Q6ZRS2_AD_2575-3230,g.30739521A>G(p.Ser3161Gly),False,False
175,SRCAP_Q6ZRS2_AD_2575-3230,g.30739251C>T(p.Leu3071Phe),False,False
176,SRCAP_Q6ZRS2_AD_2575-3230,g.30738565A>C(p.Glu2842Ala),False,False
177,SRCAP_Q6ZRS2_AD_2575-3230,g.30739164C>T(p.Arg3042Trp),False,False
178,SRCAP_Q6ZRS2_AD_2575-3230,g.30738658C>A(p.Ala2873Asp),False,False
179,SRCAP_Q6ZRS2_AD_2575-3230,g.30738072A>G(p.Thr2678Ala),False,False
180,SRCAP_Q6ZRS2_AD_2575-3230,g.30738694T>C(p.Leu2885Ser),False,False
181,SRCAP_Q6ZRS2_AD_2575-3230,g.30739503G>A(p.Gly3155Ser),False,False
182,SRCAP_Q6ZRS2_AD_2575-3230,g.30738427T>C(p.Met2796Thr),False,False
183,SRCAP_Q6ZRS2_AD_2575-3230,g.30738522C>T(p.Arg2828Cys),False,False
184,SRCAP_Q6ZRS2_AD_2575-3230,g.30738588G>T(p.Ala2850Ser),False,False
185,SRCAP_Q6ZRS2_AD_2575-3230,g.30738067A>T(p.Glu2676Val),False,False
186,SRCAP_Q6ZRS2_AD_2575-3230,g.30739087C>T(p.Ser3016Leu),False,False
187,SRCAP_Q6ZRS2_AD_2575-3230,g.30739177G>A(p.Gly3046Asp),False,False
188,SRCAP_Q6ZRS2_AD_2575-3230,g.30739092C>T(p.Arg3018Trp),False,False
189,SRCAP_Q6ZRS2_AD_2575-3230,g.30738858G>A(p.Gly2940Arg),False,False
190,SRCAP_Q6ZRS2_AD_2575-3230,g.30738824T>G(p.Asn2928Lys),False,False
191,SRCAP_Q6ZRS2_AD_2575-3230,g.30739381C>G(p.Thr3114Ser),False,False
192,SRCAP_Q6ZRS2_AD_2575-3230,g.30739537A>T(p.Glu3166Val),False,False
193,SRCAP_Q6ZRS2_AD_2575-3230,g.30738070T>G(p.Leu2677Arg),False,False
194,SRCAP_Q6ZRS2_AD_2575-3230,g.30738447C>G(p.Pro2803Ala),False,False
195,SRCAP_Q6ZRS2_AD_2575-3230,g.30739630T>G(p.Val3197Gly),False,False
196,SRCAP_Q6ZRS2_AD_2575-3230,g.30737916G>C(p.Asp2626His),False,False
197,SRCAP_Q6ZRS2_AD_2575-3230,g.30739221C>T(p.Arg3061Cys),False,False
198,SRCAP_Q6ZRS2_AD_2575-3230,g.30739600C>A(p.Pro3187Gln),False,False
199,SRCAP_Q6ZRS2_AD_2575-3230,g.30739003C>T(p.Thr2988Ile),False,False
200,SRCAP_Q6ZRS2_AD_2575-3230,g.30739401C>T(p.Arg3121Trp),False,False
201,SRCAP_Q6ZRS2_AD_2575-3230,g.30738954C>T(p.Pro2972Ser),False,False
202,SRCAP_Q6ZRS2_AD_2575-3230,g.30738085C>A(p.Thr2682Asn),False,False
203,SRCAP_Q6ZRS2_AD_2575-3230,g.30738915G>A(p.Asp2959Asn),False,False
204,SRCAP_Q6ZRS2_AD_2575-3230,g.30737893A>G(p.Asn2618Ser),False,False
205,SRCAP_Q6ZRS2_AD_2575-3230,g.30738564G>A(p.Glu2842Lys),False,False
206,SRCAP_Q6ZRS2_AD_2575-3230,g.30739591A>T(p.Asp3184Val),False,False
207,SRCAP_Q6ZRS2_AD_2575-3230,g.30739519C>T(p.Pro3160Leu),False,False
208,SRCAP_Q6ZRS2_AD_2575-3230,g.30738643G>A(p.Arg2868Lys),False,False
209,SRCAP_Q6ZRS2_AD_2575-3230,g.30739506C>T(p.Arg3156Cys),False,False
210,SRCAP_Q6ZRS2_AD_2575-3230,g.30737872T>G(p.Leu2611Trp),False,False
211,SRCAP_Q6ZRS2_AD_2575-3230,g.30739119C>T(p.Arg3027Cys),False,False
212,SRCAP_Q6ZRS2_AD_2575-3230,g.30739023A>G(p.Thr2995Ala),False,False
213,SRCAP_Q6ZRS2_AD_2575-3230,g.30738741C>A(p.Leu2901Ile),False,False
214,SRCAP_Q6ZRS2_AD_2575-3230,g.30739249G>T(p.Arg3070Leu),False,False
215,SRCAP_Q6ZRS2_AD_2575-3230,g.30739656C>T(p.Arg3206Cys),False,False
216,SRCAP_Q6ZRS2_AD_2575-3230,g.30739264G>A(p.Gly3075Glu),False,False
217,SRCAP_Q6ZRS2_AD_2575-3230,g.30739386A>C(p.Lys3116Gln),False,False
218,SRCAP_Q6ZRS2_AD_2575-3230,g.30739462C>T(p.Ala3141Val),False,False
219,SRCAP_Q6ZRS2_AD_2575-3230,g.30739254G>C(p.Glu3072Gln),False,False
220,SRCAP_Q6ZRS2_AD_2575-3230,g.30738553G>T(p.Gly2838Val),False,False
221,SRCAP_Q6ZRS2_AD_2575-3230,g.30739347G>A(p.Gly3103Arg),False,False
222,SRCAP_Q6ZRS2_AD_2575-3230,g.30738682C>T(p.Pro2881Leu),False,False
223,SRCAP_Q6ZRS2_AD_2575-3230,g.30738895G>C(p.Gly2952Ala),False,False
224,SRCAP_Q6ZRS2_AD_2575-3230,g.30738952A>C(p.His2971Pro),False,False
225,SRCAP_Q6ZRS2_AD_2575-3230,g.30739632G>A(p.Gly3198Arg),False,False
226,SRCAP_Q6ZRS2_AD_2575-3230,g.30739446T>G(p.Leu3136Val),False,False
227,SRCAP_Q6ZRS2_AD_2575-3230,g.30739699C>T(p.Ala3220Val),False,False
228,SRCAP_Q6ZRS2_AD_2575-3230,g.30739249G>A(p.Arg3070Gln),False,False
229,SRCAP_Q6ZRS2_AD_2575-3230,g.30738061C>T(p.Ser2674Leu),False,False
230,SRCAP_Q6ZRS2_AD_2575-3230,g.30738249C>G(p.Arg2737Gly),False,False
231,SRCAP_Q6ZRS2_AD_2575-3230,g.30739324A>G(p.Asp3095Gly),False,False
232,SRCAP_Q6ZRS2_AD_2575-3230,g.30738595C>T(p.Thr2852Ile),False,False
233,SRCAP_Q6ZRS2_AD_2575-3230,g.30738513T>C(p.Phe2825Leu),False,False
234,SRCAP_Q6ZRS2_AD_2575-3230,g.30739242C>T(p.Arg3068Cys),False,False
235,SRCAP_Q6ZRS2_AD_2575-3230,g.30738612C>T(p.Arg2858Cys),False,False
236,SRCAP_Q6ZRS2_AD_2575-3230,g.30738666G>A(p.Gly2876Ser),False,False
237,SRCAP_Q6ZRS2_AD_2575-3230,g.30739402G>A(p.Arg3121Gln),False,False
238,SRCAP_Q6ZRS2_AD_2575-3230,g.30738250G>A(p.Arg2737Gln),False,False
239,SRCAP_Q6ZRS2_AD_2575-3230,g.30738793C>G(p.Pro2918Arg),False,False
240,SRCAP_Q6ZRS2_AD_2575-3230,g.30739495C>G(p.Ala3152Gly),False,False
241,SRCAP_Q6ZRS2_AD_2575-3230,g.30739111T>C(p.Val3024Ala),False,False
242,SRCAP_Q6ZRS2_AD_2575-3230,g.30739603G>A(p.Arg3188His),False,False
243,SRCAP_Q6ZRS2_AD_2575-3230,g.30739638A>G(p.Thr3200Ala),False,False
244,SRCAP_Q6ZRS2_AD_2575-3230,g.30738795C>T(p.Leu2919Phe),False,False
245,SRCAP_Q6ZRS2_AD_2575-3230,g.30738874C>T(p.Ala2945Val),False,False
246,SRCAP_Q6ZRS2_AD_2575-3230,g.30739681C>A(p.Pro3214His),False,False
247,SRCAP_Q6ZRS2_AD_2575-3230,g.30738795C>G(p.Leu2919Val),False,False
248,SRCAP_Q6ZRS2_AD_2575-3230,g.30738772A>T(p.Gln2911Leu),False,False
249,SRCAP_Q6ZRS2_AD_2575-3230,g.30739431C>G(p.Leu3131Val),False,False
250,SRCAP_Q6ZRS2_AD_2575-3230,g.30739494G>A(p.Ala3152Thr),False,False
251,SRCAP_Q6ZRS2_AD_2575-3230,g.30738088C>T(p.Pro2683Leu),False,False
252,SRCAP_Q6ZRS2_AD_2575-3230,g.30739590G>T(p.Asp3184Tyr),False,False
253,SRCAP_Q6ZRS2_AD_2575-3230,g.30739448G>C(p.Leu3136Phe),False,False
254,SRCAP_Q6ZRS2_AD_2575-3230,g.30738822A>G(p.Asn2928Asp),False,False
255,SRCAP_Q6ZRS2_AD_2575-3230,g.30738120G>A(p.Val2694Ile),False,False
256,SRCAP_Q6ZRS2_AD_2575-3230,g.30739684C>A(p.Ser3215Tyr),False,False
257,SRCAP_Q6ZRS2_AD_2575-3230,g.30739054G>A(p.Arg3005Gln),False,False
258,SRCAP_Q6ZRS2_AD_2575-3230,g.30738825C>A(p.Pro2929Thr),False,False
259,SRCAP_Q6ZRS2_AD_2575-3230,g.30739039C>T(p.Thr3000Met),False,False
260,SRCAP_Q6ZRS2_AD_2575-3230,g.30738426A>G(p.Met2796Val),False,False
261,SRCAP_Q6ZRS2_AD_2575-3230,g.30737808G>A(p.Val2590Met),False,False
262,SRCAP_Q6ZRS2_AD_2575-3230,g.30739051A>C(p.Lys3004Thr),False,False
263,SRCAP_Q6ZRS2_AD_2575-3230,g.30738198C>T(p.Pro2720Ser),False,False
264,SRCAP_Q6ZRS2_AD_2575-3230,g.30739125A>G(p.Ser3029Gly),False,False
265,SRCAP_Q6ZRS2_AD_2575-3230,g.30739233C>T(p.Arg3065Cys),False,False
266,SRCAP_Q6ZRS2_AD_2575-3230,g.30737950C>G(p.Pro2637Arg),False,False
267,SRCAP_Q6ZRS2_AD_2575-3230,g.30738720C>T(p.Pro2894Ser),False,False
268,SRCAP_Q6ZRS2_AD_2575-3230,g.30738901T>C(p.Ile2954Thr),False,False
269,SRCAP_Q6ZRS2_AD_2575-3230,g.30738591A>G(p.Ile2851Val),False,False
270,SRCAP_Q6ZRS2_AD_2575-3230,g.30739337C>A(p.Ser3099Arg),False,False
271,SRCAP_Q6ZRS2_AD_2575-3230,g.30739597C>T(p.Thr3186Ile),False,False
272,SRCAP_Q6ZRS2_AD_2575-3230,g.30737790G>C(p.Asp2584His),False,False
273,SRCAP_Q6ZRS2_AD_2575-3230,g.30738517T>C(p.Ile2826Thr),False,False
274,SRCAP_Q6ZRS2_AD_2575-3230,g.30738724T>G(p.Val2895Gly),False,False
275,SRCAP_Q6ZRS2_AD_2575-3230,g.30739621G>A(p.Arg3194His),False,False
276,SRCAP_Q6ZRS2_AD_2575-3230,g.30739474T>C(p.Val3145Ala),False,False
277,SRCAP_Q6ZRS2_AD_2575-3230,g.30739268G>T(p.Met3076Ile),False,False
278,SRCAP_Q6ZRS2_AD_2575-3230,g.30738037A>G(p.Glu2666Gly),False,False
279,SRCAP_Q6ZRS2_AD_2575-3230,g.30739729C>T(p.Thr3230Met),False,False
280,SRCAP_Q6ZRS2_AD_2575-3230,g.30739701G>A(p.Val3221Ile),False,False
281,SRCAP_Q6ZRS2_AD_2575-3230,g.30739380A>G(p.Thr3114Ala),False,False
282,SRCAP_Q6ZRS2_AD_2575-3230,g.30739647G>A(p.Gly3203Arg),False,False
283,SRCAP_Q6ZRS2_AD_2575-3230,g.30739222G>A(p.Arg3061His),False,False
284,SRCAP_Q6ZRS2_AD_2575-3230,g.30738249C>T(p.Arg2737Trp),False,False
285,SRCAP_Q6ZRS2_AD_2575-3230,g.30739407C>T(p.Arg3123Cys),False,False
286,SRCAP_Q6ZRS2_AD_2575-3230,g.30738978C>T(p.Pro2980Ser),False,False
287,SRCAP_Q6ZRS2_AD_2575-3230,g.30738303G>T(p.Val2755Leu),False,False
288,SRCAP_Q6ZRS2_AD_2575-3230,g.30737875A>C(p.Glu2612Ala),False,False
289,SRCAP_Q6ZRS2_AD_2575-3230,g.30738445C>T(p.Ser2802Phe),False,False
290,SRCAP_Q6ZRS2_AD_2575-3230,g.30739169A>T(p.Gln3043His),False,False
291,SRCAP_Q6ZRS2_AD_2575-3230,g.30739296G>A(p.Val3086Met),False,False
292,SRCAP_Q6ZRS2_AD_2575-3230,g.30737910G>A(p.Ala2624Thr),False,False
293,SRCAP_Q6ZRS2_AD_2575-3230,g.30738732C>G(p.Pro2898Ala),False,False
294,SRCAP_Q6ZRS2_AD_2575-3230,g.30739723C>T(p.Ala3228Val),False,False
295,SRCAP_Q6ZRS2_AD_2575-3230,g.30739704A>G(p.Ser3222Gly),False,False
296,SRCAP_Q6ZRS2_AD_2575-3230,g.30739504G>C(p.Gly3155Ala),False,False
297,SRCAP_Q6ZRS2_AD_2575-3230,g.30738523G>A(p.Arg2828His),False,False
298,SRCAP_Q6ZRS2_AD_2575-3230,g.30738655A>G(p.Asp2872Gly),False,False
299,SRCAP_Q6ZRS2_AD_2575-3230,g.30739515C>T(p.Pro3159Ser),False,False
300,SRCAP_Q6ZRS2_AD_2575-3230,g.30739726A>G(p.Lys3229Arg),False,False
301,SRCAP_Q6ZRS2_AD_2575-3230,g.30738090A>C(p.Thr2684Pro),False,False
302,SRCAP_Q6ZRS2_AD_2575-3230,g.30738244C>G(p.Thr2735Ser),False,False
303,SRCAP_Q6ZRS2_AD_2575-3230,g.30739680C>T(p.Pro3214Ser),False,False
304,SRCAP_Q6ZRS2_AD_2575-3230,g.30738390A>C(p.Thr2784Pro),False,False
305,SRCAP_Q6ZRS2_AD_2575-3230,g.30738810G>A(p.Val2924Ile),False,False
306,SRCAP_Q6ZRS2_AD_2575-3230,g.30738669G>T(p.Val2877Leu),False,False
307,SRCAP_Q6ZRS2_AD_2575-3230,g.30738316A>G(p.Glu2759Gly),False,False
308,SRCAP_Q6ZRS2_AD_2575-3230,g.30738030C>T(p.Leu2664Phe),False,False
309,SRCAP_Q6ZRS2_AD_2575-3230,g.30738823A>G(p.Asn2928Ser),False,False
310,SRCAP_Q6ZRS2_AD_2575-3230,g.30738506G>C(p.Gln2822His),False,False
311,SRCAP_Q6ZRS2_AD_2575-3230,g.30738136C>T(p.Ala2699Val),False,False
312,SRCAP_Q6ZRS2_AD_2575-3230,g.30738522C>A(p.Arg2828Ser),False,False
313,SRCAP_Q6ZRS2_AD_2575-3230,g.30739426C>A(p.Pro3129His),False,False
314,SRCAP_Q6ZRS2_AD_2575-3230,g.30738193G>A(p.Arg2718Gln),False,False
315,SRCAP_Q6ZRS2_AD_2575-3230,g.30738156T>G(p.Ser2706Ala),False,False
316,SRCAP_Q6ZRS2_AD_2575-3230,g.30739338G>A(p.Gly3100Arg),False,False
317,SRCAP_Q6ZRS2_AD_2575-3230,g.30738526G>A(p.Arg2829His),False,False
318,SRCAP_Q6ZRS2_AD_2575-3230,g.30738105A>G(p.Lys2689Glu),False,False
319,SRCAP_Q6ZRS2_AD_2575-3230,g.30739716C>T(p.Arg3226Cys),False,False
320,SRCAP_Q6ZRS2_AD_2575-3230,g.30738891C>G(p.Pro2951Ala),False,False
321,SRCAP_Q6ZRS2_AD_2575-3230,g.30738346A>G(p.Gln2769Arg),False,False
322,SRCAP_Q6ZRS2_AD_2575-3230,g.30738421G>A(p.Arg2794His),False,False
323,SRCAP_Q6ZRS2_AD_2575-3230,g.30737865C>G(p.Leu2609Val),False,False
324,SRCAP_Q6ZRS2_AD_2575-3230,g.30737886A>G(p.Ile2616Val),False,False
325,SRCAP_Q6ZRS2_AD_2575-3230,g.30738157C>T(p.Ser2706Leu),False,False
326,SRCAP_Q6ZRS2_AD_2575-3230,g.30738780C>T(p.Pro2914Ser),False,False
327,SRCAP_Q6ZRS2_AD_2575-3230,g.30739524C>T(p.Pro3162Ser),False,False
328,SRCAP_Q6ZRS2_AD_2575-3230,g.30738406G>A(p.Gly2789Glu),False,False
329,SRCAP_Q6ZRS2_AD_2575-3230,g.30738616G>A(p.Arg2859Gln),False,False
330,SRCAP_Q6ZRS2_AD_2575-3230,g.30739546T>C(p.Val3169Ala),False,False
331,SRCAP_Q6ZRS2_AD_2575-3230,g.30738046A>C(p.Glu2669Ala),False,False
332,SRCAP_Q6ZRS2_AD_2575-3230,g.30739600C>T(p.Pro3187Leu),False,False
333,SRCAP_Q6ZRS2_AD_2575-3230,g.30739524C>G(p.Pro3162Ala),False,False
334,SRCAP_Q6ZRS2_AD_2575-3230,g.30738550G>T(p.Gly2837Val),False,False
335,SRCAP_Q6ZRS2_AD_2575-3230,g.30739500C>T(p.Arg3154Trp),False,False
0,TET2_Q6N021_AD_1582-1751,g.105275359C>T(p.Pro1617Ser),False,False
1,TET2_Q6N021_AD_1582-1751,g.105275700T>A(p.Asp1730Glu),False,False
2,TET2_Q6N021_AD_1582-1751,g.105275474C>G(p.Pro1655Arg),False,False
3,TET2_Q6N021_AD_1582-1751,g.105275449G>T(p.Gly1647Cys),False,False
4,TET2_Q6N021_AD_1582-1751,g.105275759A>C(p.Asp1750Ala),False,False
5,TET2_Q6N021_AD_1582-1751,g.105275474C>T(p.Pro1655Leu),False,False
6,TET2_Q6N021_AD_1582-1751,g.105275342C>A(p.Ser1611Tyr),False,False
7,TET2_Q6N021_AD_1582-1751,g.105275507C>T(p.Pro1666Leu),False,False
8,TET2_Q6N021_AD_1582-1751,g.105275488A>G(p.Arg1660Gly),False,False
9,TET2_Q6N021_AD_1582-1751,g.105275456A>G(p.Tyr1649Cys),False,False
10,TET2_Q6N021_AD_1582-1751,g.105275613G>A(p.Met1701Ile),False,False
11,TET2_Q6N021_AD_1582-1751,g.105275270A>G(p.Asp1587Gly),False,False
12,TET2_Q6N021_AD_1582-1751,g.105275486A>G(p.Tyr1659Cys),False,False
13,TET2_Q6N021_AD_1582-1751,g.105275623G>T(p.Gly1705Cys),False,False
14,TET2_Q6N021_AD_1582-1751,g.105275711T>C(p.Met1734Thr),False,False
15,TET2_Q6N021_AD_1582-1751,g.105275456A>C(p.Tyr1649Ser),False,False
16,TET2_Q6N021_AD_1582-1751,g.105275276A>G(p.Tyr1589Cys),False,False
17,TET2_Q6N021_AD_1582-1751,g.105275327G>A(p.Gly1606Asp),False,False
18,TET2_Q6N021_AD_1582-1751,g.105275545T>C(p.Tyr1679His),False,False
19,TET2_Q6N021_AD_1582-1751,g.105275612T>C(p.Met1701Thr),False,False
20,TET2_Q6N021_AD_1582-1751,g.105275536C>T(p.His1676Tyr),False,False
21,TET2_Q6N021_AD_1582-1751,g.105275512T>G(p.Ser1668Ala),False,False
22,TET2_Q6N021_AD_1582-1751,g.105275635T>A(p.Cys1709Ser),False,False
23,TET2_Q6N021_AD_1582-1751,g.105275530C>T(p.Pro1674Ser),False,False
24,TET2_Q6N021_AD_1582-1751,g.105275746A>C(p.Asn1746His),False,False
25,TET2_Q6N021_AD_1582-1751,g.105275495C>T(p.Pro1662Leu),False,False
26,TET2_Q6N021_AD_1582-1751,g.105275327G>C(p.Gly1606Ala),False,False
27,TET2_Q6N021_AD_1582-1751,g.105275591T>C(p.Leu1694Ser),False,False
28,TET2_Q6N021_AD_1582-1751,g.105275418C>G(p.Asn1636Lys),False,False
29,TET2_Q6N021_AD_1582-1751,g.105275537A>G(p.His1676Arg),False,False
30,TET2_Q6N021_AD_1582-1751,g.105275727A>T(p.Arg1739Ser),False,False
31,TET2_Q6N021_AD_1582-1751,g.105275713G>C(p.Gly1735Arg),False,False
32,TET2_Q6N021_AD_1582-1751,g.105275672T>G(p.Leu1721Trp),False,False
33,TET2_Q6N021_AD_1582-1751,g.105275281A>T(p.Ser1591Cys),False,False
34,TET2_Q6N021_AD_1582-1751,g.105275505C>A(p.Asp1665Glu),False,False
35,TET2_Q6N021_AD_1582-1751,g.105275303A>G(p.Tyr1598Cys),False,False
36,TET2_Q6N021_AD_1582-1751,g.105275662G>T(p.Val1718Leu),False,False
37,TET2_Q6N021_AD_1582-1751,g.105275413G>A(p.Gly1635Arg),False,False
38,TET2_Q6N021_AD_1582-1751,g.105275581T>G(p.Ser1691Ala),False,False
39,TET2_Q6N021_AD_1582-1751,g.105275705A>G(p.His1732Arg),False,False
40,TET2_Q6N021_AD_1582-1751,g.105275735C>A(p.Pro1742His),False,False
41,TET2_Q6N021_AD_1582-1751,g.105275293A>G(p.Met1595Val),False,False
42,TET2_Q6N021_AD_1582-1751,g.105275737A>G(p.Asn1743Asp),False,False
43,TET2_Q6N021_AD_1582-1751,g.105275626T>C(p.Phe1706Leu),False,False
44,TET2_Q6N021_AD_1582-1751,g.105275453C>T(p.Ser1648Phe),False,False
45,TET2_Q6N021_AD_1582-1751,g.105275677C>T(p.Pro1723Ser),False,False
46,TET2_Q6N021_AD_1582-1751,g.105275599G>A(p.Gly1697Arg),False,False
47,TET2_Q6N021_AD_1582-1751,g.105275408G>T(p.Cys1633Phe),False,False
48,TET2_Q6N021_AD_1582-1751,g.105275531C>T(p.Pro1674Leu),False,False
49,TET2_Q6N021_AD_1582-1751,g.105275323G>T(p.Ala1605Ser),False,False
50,TET2_Q6N021_AD_1582-1751,g.105275528C>A(p.Pro1673Gln),False,False
51,TET2_Q6N021_AD_1582-1751,g.105275350C>T(p.Pro1614Ser),False,False
52,TET2_Q6N021_AD_1582-1751,g.105275326G>T(p.Gly1606Cys),False,False
53,TET2_Q6N021_AD_1582-1751,g.105275306C>G(p.Ser1599Cys),False,False
54,TET2_Q6N021_AD_1582-1751,g.105275594G>A(p.Gly1695Asp),False,False
55,TET2_Q6N021_AD_1582-1751,g.105275366C>T(p.Pro1619Leu),False,False
56,TET2_Q6N021_AD_1582-1751,g.105275587T>A(p.Tyr1693Asn),False,False
57,TET2_Q6N021_AD_1582-1751,g.105275306C>T(p.Ser1599Phe),False,False
58,TET2_Q6N021_AD_1582-1751,g.105275647C>T(p.Pro1713Ser),False,False
59,TET2_Q6N021_AD_1582-1751,g.105275641A>G(p.Ile1711Val),False,False
0,NFE2L3-NF2L3_Q9Y4A8_AD_252-451,g.26184599T>C(p.Tyr301His),True,True
1,NFE2L3-NF2L3_Q9Y4A8_AD_252-451,g.26183761T>C(p.Ser271Pro),True,True
2,NFE2L3-NF2L3_Q9Y4A8_AD_252-451,g.26185020T>C(p.Val441Ala),True,True
3,NFE2L3-NF2L3_Q9Y4A8_AD_252-451,g.26184818A>G(p.Asn374Asp),True,True
4,NFE2L3-NF2L3_Q9Y4A8_AD_252-451,g.26184583G>T(p.Met295Ile),True,True
5,NFE2L3-NF2L3_Q9Y4A8_AD_252-451,g.26185031G>T(p.Gly445Cys),True,True
6,NFE2L3-NF2L3_Q9Y4A8_AD_252-451,g.26183777C>T(p.Ser276Leu),True,True
7,NFE2L3-NF2L3_Q9Y4A8_AD_252-451,g.26184665C>T(p.Pro323Ser),True,True
8,NFE2L3-NF2L3_Q9Y4A8_AD_252-451,g.26183779C>G(p.Leu277Val),True,True
9,NFE2L3-NF2L3_Q9Y4A8_AD_252-451,g.26184875A>C(p.Asn393His),True,True
10,NFE2L3-NF2L3_Q9Y4A8_AD_252-451,g.26183765A>T(p.Gln272Leu),True,True
11,NFE2L3-NF2L3_Q9Y4A8_AD_252-451,g.26184801T>C(p.Val368Ala),True,True
12,NFE2L3-NF2L3_Q9Y4A8_AD_252-451,g.26183705A>G(p.His252Arg),True,True
13,NFE2L3-NF2L3_Q9Y4A8_AD_252-451,g.26184945A>T(p.Asp416Val),True,True
14,NFE2L3-NF2L3_Q9Y4A8_AD_252-451,g.26184791C>G(p.Leu365Val),True,True
15,NFE2L3-NF2L3_Q9Y4A8_AD_252-451,g.26184542T>A(p.Leu282Met),True,True
16,NFE2L3-NF2L3_Q9Y4A8_AD_252-451,g.26184736T>A(p.Asn346Lys),True,True
17,NFE2L3-NF2L3_Q9Y4A8_AD_252-451,g.26184986A>G(p.Thr430Ala),True,True
18,NFE2L3-NF2L3_Q9Y4A8_AD_252-451,g.26184707C>G(p.Gln337Glu),True,True
19,NFE2L3-NF2L3_Q9Y4A8_AD_252-451,g.26184771G>T(p.Gly358Val),True,True
20,NFE2L3-NF2L3_Q9Y4A8_AD_252-451,g.26184876A>G(p.Asn393Ser),True,True
21,NFE2L3-NF2L3_Q9Y4A8_AD_252-451,g.26184641C>A(p.Leu315Ile),True,True
22,NFE2L3-NF2L3_Q9Y4A8_AD_252-451,g.26184858A>G(p.Asn387Ser),True,True
23,NFE2L3-NF2L3_Q9Y4A8_AD_252-451,g.26184871G>C(p.Glu391Asp),True,True
24,NFE2L3-NF2L3_Q9Y4A8_AD_252-451,g.26184597A>C(p.His300Pro),True,True
25,NFE2L3-NF2L3_Q9Y4A8_AD_252-451,g.26184776A>T(p.Asn360Tyr),True,True
26,NFE2L3-NF2L3_Q9Y4A8_AD_252-451,g.26184924C>A(p.Ser409Tyr),True,True
27,NFE2L3-NF2L3_Q9Y4A8_AD_252-451,g.26184911C>G(p.Pro405Ala),True,True
28,NFE2L3-NF2L3_Q9Y4A8_AD_252-451,g.26185031G>A(p.Gly445Ser),True,True
29,NFE2L3-NF2L3_Q9Y4A8_AD_252-451,g.26185037A>G(p.Ile447Val),True,True
30,NFE2L3-NF2L3_Q9Y4A8_AD_252-451,g.26185047G>A(p.Cys450Tyr),True,True
31,NFE2L3-NF2L3_Q9Y4A8_AD_252-451,g.26185040G>A(p.Gly448Ser),True,True
32,NFE2L3-NF2L3_Q9Y4A8_AD_252-451,g.26185017C>G(p.Ser440Cys),True,True
33,NFE2L3-NF2L3_Q9Y4A8_AD_252-451,g.26184767C>T(p.Pro357Ser),True,True
34,NFE2L3-NF2L3_Q9Y4A8_AD_252-451,g.26184675C>T(p.Thr326Ile),True,True
35,NFE2L3-NF2L3_Q9Y4A8_AD_252-451,g.26184718A>T(p.Glu340Asp),True,True
36,NFE2L3-NF2L3_Q9Y4A8_AD_252-451,g.26184744C>T(p.Thr349Ile),True,True
37,NFE2L3-NF2L3_Q9Y4A8_AD_252-451,g.26184690C>T(p.Pro331Leu),True,True
38,NFE2L3-NF2L3_Q9Y4A8_AD_252-451,g.26184940A>C(p.Glu414Asp),True,True
39,NFE2L3-NF2L3_Q9Y4A8_AD_252-451,g.26183773A>C(p.Asn275His),True,True
40,NFE2L3-NF2L3_Q9Y4A8_AD_252-451,g.26184786G>A(p.Gly363Glu),True,True
41,NFE2L3-NF2L3_Q9Y4A8_AD_252-451,g.26184938G>A(p.Glu414Lys),True,True
42,NFE2L3-NF2L3_Q9Y4A8_AD_252-451,g.26184819A>G(p.Asn374Ser),True,True
43,NFE2L3-NF2L3_Q9Y4A8_AD_252-451,g.26185020T>A(p.Val441Glu),True,True
44,NFE2L3-NF2L3_Q9Y4A8_AD_252-451,g.26184939A>T(p.Glu414Val),True,True
45,NFE2L3-NF2L3_Q9Y4A8_AD_252-451,g.26184791C>A(p.Leu365Ile),True,True
46,NFE2L3-NF2L3_Q9Y4A8_AD_252-451,g.26184914A>G(p.Ile406Val),True,True
47,NFE2L3-NF2L3_Q9Y4A8_AD_252-451,g.26184830C>G(p.Gln378Glu),True,True
48,NFE2L3-NF2L3_Q9Y4A8_AD_252-451,g.26184768C>T(p.Pro357Leu),True,True
49,NFE2L3-NF2L3_Q9Y4A8_AD_252-451,g.26184897A>T(p.Glu400Val),True,True
50,NFE2L3-NF2L3_Q9Y4A8_AD_252-451,g.26183719G>C(p.Asp257His),True,True
51,NFE2L3-NF2L3_Q9Y4A8_AD_252-451,g.26184842T>C(p.Tyr382His),True,True
52,NFE2L3-NF2L3_Q9Y4A8_AD_252-451,g.26185041G>T(p.Gly448Val),True,True
53,NFE2L3-NF2L3_Q9Y4A8_AD_252-451,g.26185039A>G(p.Ile447Met),True,True
54,NFE2L3-NF2L3_Q9Y4A8_AD_252-451,g.26184997C>G(p.Ile433Met),True,True
55,NFE2L3-NF2L3_Q9Y4A8_AD_252-451,g.26184933T>C(p.Phe412Ser),True,True
56,NFE2L3-NF2L3_Q9Y4A8_AD_252-451,g.26184880A>T(p.Leu394Phe),True,True
57,NFE2L3-NF2L3_Q9Y4A8_AD_252-451,g.26184695G>T(p.Ala333Ser),True,True
58,NFE2L3-NF2L3_Q9Y4A8_AD_252-451,g.26185029A>T(p.Glu444Val),True,True
59,NFE2L3-NF2L3_Q9Y4A8_AD_252-451,g.26184956G>C(p.Gly420Arg),True,True
60,NFE2L3-NF2L3_Q9Y4A8_AD_252-451,g.26184698A>G(p.Arg334Gly),True,True
61,NFE2L3-NF2L3_Q9Y4A8_AD_252-451,g.26183704C>T(p.His252Tyr),True,True
62,NFE2L3-NF2L3_Q9Y4A8_AD_252-451,g.26184779T>A(p.Leu361Met),True,True
63,NFE2L3-NF2L3_Q9Y4A8_AD_252-451,g.26184786G>C(p.Gly363Ala),True,True
64,NFE2L3-NF2L3_Q9Y4A8_AD_252-451,g.26184686G>T(p.Asp330Tyr),True,True
65,NFE2L3-NF2L3_Q9Y4A8_AD_252-451,g.26184797C>T(p.Pro367Ser),True,True
66,NFE2L3-NF2L3_Q9Y4A8_AD_252-451,g.26183770G>C(p.Glu274Gln),True,True
67,NFE2L3-NF2L3_Q9Y4A8_AD_252-451,g.26184860A>T(p.Ile388Leu),True,True
68,NFE2L3-NF2L3_Q9Y4A8_AD_252-451,g.26184852A>G(p.Asp385Gly),True,True
69,NFE2L3-NF2L3_Q9Y4A8_AD_252-451,g.26185049A>G(p.Thr451Ala),True,True
70,NFE2L3-NF2L3_Q9Y4A8_AD_252-451,g.26184552T>C(p.Ile285Thr),True,True
71,NFE2L3-NF2L3_Q9Y4A8_AD_252-451,g.26184968G>C(p.Asp424His),True,True
72,NFE2L3-NF2L3_Q9Y4A8_AD_252-451,g.26184590T>C(p.Ser298Pro),True,True
73,NFE2L3-NF2L3_Q9Y4A8_AD_252-451,g.26184833G>T(p.Asp379Tyr),True,True
74,NFE2L3-NF2L3_Q9Y4A8_AD_252-451,g.26184875A>T(p.Asn393Tyr),True,True
75,NFE2L3-NF2L3_Q9Y4A8_AD_252-451,g.26183704C>G(p.His252Asp),True,True
76,NFE2L3-NF2L3_Q9Y4A8_AD_252-451,g.26184966T>C(p.Leu423Ser),True,True
77,NFE2L3-NF2L3_Q9Y4A8_AD_252-451,g.26184684G>A(p.Arg329Lys),True,True
78,NFE2L3-NF2L3_Q9Y4A8_AD_252-451,g.26184911C>A(p.Pro405Thr),True,True
79,NFE2L3-NF2L3_Q9Y4A8_AD_252-451,g.26184861T>A(p.Ile388Lys),True,True
80,NFE2L3-NF2L3_Q9Y4A8_AD_252-451,g.26184861T>C(p.Ile388Thr),True,True
81,NFE2L3-NF2L3_Q9Y4A8_AD_252-451,g.26184945A>G(p.Asp416Gly),True,True
82,NFE2L3-NF2L3_Q9Y4A8_AD_252-451,g.26184998A>G(p.Lys434Glu),True,True
83,NFE2L3-NF2L3_Q9Y4A8_AD_252-451,g.26184786G>T(p.Gly363Val),True,True
84,NFE2L3-NF2L3_Q9Y4A8_AD_252-451,g.26184736T>G(p.Asn346Lys),True,True
85,NFE2L3-NF2L3_Q9Y4A8_AD_252-451,g.26184761A>G(p.Thr355Ala),True,True
86,NFE2L3-NF2L3_Q9Y4A8_AD_252-451,g.26184824A>G(p.Thr376Ala),True,True
87,NFE2L3-NF2L3_Q9Y4A8_AD_252-451,g.26184702C>T(p.Thr335Ile),True,True
88,NFE2L3-NF2L3_Q9Y4A8_AD_252-451,g.26184785G>C(p.Gly363Arg),True,True
89,NFE2L3-NF2L3_Q9Y4A8_AD_252-451,g.26183767C>T(p.Pro273Ser),True,True
90,NFE2L3-NF2L3_Q9Y4A8_AD_252-451,g.26184594C>G(p.Ala299Gly),True,True
91,NFE2L3-NF2L3_Q9Y4A8_AD_252-451,g.26184840T>G(p.Leu381Arg),True,True
92,NFE2L3-NF2L3_Q9Y4A8_AD_252-451,g.26184846A>G(p.Asp383Gly),True,True
93,NFE2L3-NF2L3_Q9Y4A8_AD_252-451,g.26185038T>C(p.Ile447Thr),True,True
94,NFE2L3-NF2L3_Q9Y4A8_AD_252-451,g.26184819A>C(p.Asn374Thr),True,True
95,NFE2L3-NF2L3_Q9Y4A8_AD_252-451,g.26184917G>C(p.Asp407His),True,True
96,NFE2L3-NF2L3_Q9Y4A8_AD_252-451,g.26184630A>G(p.Gln311Arg),True,True
97,NFE2L3-NF2L3_Q9Y4A8_AD_252-451,g.26184567G>C(p.Ser290Thr),True,True
0,NKX2-2_O95096_AD_220-273,g.21512083T>C(p.Gln221Arg),False,False
1,NKX2-2_O95096_AD_220-273,g.21512057C>T(p.Ala230Thr),False,False
2,NKX2-2_O95096_AD_220-273,g.21511993T>C(p.Tyr251Cys),False,False
3,NKX2-2_O95096_AD_220-273,g.21512075C>T(p.Ala224Thr),False,False
4,NKX2-2_O95096_AD_220-273,g.21512087C>T(p.Ala220Thr),False,False
5,NKX2-2_O95096_AD_220-273,g.21511955G>C(p.Pro264Ala),False,False
6,NKX2-2_O95096_AD_220-273,g.21511981C>A(p.Ser255Ile),False,False
7,NKX2-2_O95096_AD_220-273,g.21512015G>A(p.His244Tyr),False,False
8,NKX2-2_O95096_AD_220-273,g.21511956G>T(p.His263Gln),False,False
9,NKX2-2_O95096_AD_220-273,g.21512053C>G(p.Gly231Ala),False,False
10,NKX2-2_O95096_AD_220-273,g.21511978G>T(p.Thr256Asn),False,False
11,NKX2-2_O95096_AD_220-273,g.21512012T>C(p.Met245Val),False,False
12,NKX2-2_O95096_AD_220-273,g.21512029G>A(p.Ala239Val),False,False
13,NKX2-2_O95096_AD_220-273,g.21511967G>C(p.Pro260Ala),False,False
14,NKX2-2_O95096_AD_220-273,g.21512074G>T(p.Ala224Glu),False,False
15,NKX2-2_O95096_AD_220-273,g.21511936T>G(p.Gln270Pro),False,False
16,NKX2-2_O95096_AD_220-273,g.21511943C>A(p.Ala268Ser),False,False
17,NKX2-2_O95096_AD_220-273,g.21512087C>A(p.Ala220Ser),False,False
18,NKX2-2_O95096_AD_220-273,g.21511961C>G(p.Ala262Pro),False,False
19,NKX2-2_O95096_AD_220-273,g.21511982T>C(p.Ser255Gly),False,False
20,NKX2-2_O95096_AD_220-273,g.21511973G>T(p.Gln258Lys),False,False
21,NKX2-2_O95096_AD_220-273,g.21512058C>A(p.Gln229His),False,False
22,NKX2-2_O95096_AD_220-273,g.21512081C>G(p.Asp222His),False,False
23,NKX2-2_O95096_AD_220-273,g.21511964T>C(p.Thr261Ala),False,False
24,NKX2-2_O95096_AD_220-273,g.21511996T>G(p.Gln250Pro),False,False
25,NKX2-2_O95096_AD_220-273,g.21512083T>A(p.Gln221Leu),False,False
26,NKX2-2_O95096_AD_220-273,g.21512030C>T(p.Ala239Thr),False,False
27,NKX2-2_O95096_AD_220-273,g.21511975G>A(p.Pro257Leu),False,False
28,NKX2-2_O95096_AD_220-273,g.21511949C>A(p.Val266Phe),False,False
29,NKX2-2_O95096_AD_220-273,g.21512041G>C(p.Ser235Cys),False,False
30,NKX2-2_O95096_AD_220-273,g.21512023G>A(p.Ser241Leu),False,False
31,NKX2-2_O95096_AD_220-273,g.21511979T>C(p.Thr256Ala),False,False
32,NKX2-2_O95096_AD_220-273,g.21512072C>T(p.Ala225Thr),False,False
33,NKX2-2_O95096_AD_220-273,g.21512068G>A(p.Ala226Val),False,False
34,NKX2-2_O95096_AD_220-273,g.21512008T>G(p.Gln246Pro),False,False
0,EBF3_Q9H4W6_AD_281-360,g.129867810A>C(p.Val295Gly),False,False
1,EBF3_Q9H4W6_AD_281-360,g.129848444C>G(p.Arg359Thr),False,False
2,EBF3_Q9H4W6_AD_281-360,g.129867141C>T(p.Ala347Thr),False,False
3,EBF3_Q9H4W6_AD_281-360,g.129867156G>A(p.Arg342Cys),False,False
4,EBF3_Q9H4W6_AD_281-360,g.129867230G>A(p.Pro317Leu),False,False
5,EBF3_Q9H4W6_AD_281-360,g.129848478G>A(p.Leu348Phe),False,False
6,EBF3_Q9H4W6_AD_281-360,g.129867231G>T(p.Pro317Thr),False,False
7,EBF3_Q9H4W6_AD_281-360,g.129867233G>A(p.Pro316Leu),False,False
8,EBF3_Q9H4W6_AD_281-360,g.129867227C>G(p.Arg318Thr),False,False
9,EBF3_Q9H4W6_AD_281-360,g.129848463T>C(p.Ile353Val),False,False
10,EBF3_Q9H4W6_AD_281-360,g.129867262T>C(p.Ile306Met),False,False
11,EBF3_Q9H4W6_AD_281-360,g.129867266A>T(p.Leu305Gln),False,False
12,EBF3_Q9H4W6_AD_281-360,g.129867213C>T(p.Val323Ile),False,False
13,EBF3_Q9H4W6_AD_281-360,g.129867823C>T(p.Gly291Arg),False,False
14,EBF3_Q9H4W6_AD_281-360,g.129867853C>T(p.Val281Ile),False,False
15,EBF3_Q9H4W6_AD_281-360,g.129867799T>A(p.Met299Leu),False,False
16,EBF3_Q9H4W6_AD_281-360,g.129867838C>T(p.Asp286Asn),False,False
0,TFE3_P19532_AD_212-333,g.49038033T>C(p.Thr288Ala),True,True
1,TFE3_P19532_AD_212-333,g.49038015T>A(p.Ser294Cys),True,True
2,TFE3_P19532_AD_212-333,g.49034145C>A(p.Arg331Leu),True,True
3,TFE3_P19532_AD_212-333,g.49038304C>T(p.Ala225Thr),True,True
4,TFE3_P19532_AD_212-333,g.49034214C>T(p.Ser308Asn),True,True
5,TFE3_P19532_AD_212-333,g.49038097A>C(p.Asp266Glu),True,True
6,TFE3_P19532_AD_212-333,g.49038321G>A(p.Pro219Leu),True,True
7,TFE3_P19532_AD_212-333,g.49038113A>G(p.Ile261Thr),True,True
8,TFE3_P19532_AD_212-333,g.49038050T>C(p.Tyr282Cys),True,True
9,TFE3_P19532_AD_212-333,g.49038114T>C(p.Ile261Val),True,True
10,TFE3_P19532_AD_212-333,g.49034217C>T(p.Ser307Asn),True,True
11,TFE3_P19532_AD_212-333,g.49038105C>G(p.Val264Leu),True,True
12,TFE3_P19532_AD_212-333,g.49038313G>C(p.Pro222Ala),True,True
13,TFE3_P19532_AD_212-333,g.49038292G>A(p.Pro229Ser),True,True
14,TFE3_P19532_AD_212-333,g.49034225A>T(p.Asp304Glu),True,True
15,TFE3_P19532_AD_212-333,g.49038099C>T(p.Asp266Asn),True,True
16,TFE3_P19532_AD_212-333,g.49038285G>A(p.Pro231Leu),True,True
17,TFE3_P19532_AD_212-333,g.49038094C>G(p.Glu267Asp),True,True
18,TFE3_P19532_AD_212-333,g.49038271T>C(p.Thr236Ala),True,True
19,TFE3_P19532_AD_212-333,g.49038310C>T(p.Ala223Thr),True,True
20,TFE3_P19532_AD_212-333,g.49038327G>A(p.Thr217Ile),True,True
21,TFE3_P19532_AD_212-333,g.49038318G>A(p.Pro220Leu),True,True
22,TFE3_P19532_AD_212-333,g.49038042C>T(p.Gly285Arg),True,True
0,SRCAP_Q6ZRS2_AD_198-1445,g.30710836A>G(p.Asn406Ser),False,False
1,SRCAP_Q6ZRS2_AD_198-1445,g.30711933T>G(p.Ser531Ala),False,False
2,SRCAP_Q6ZRS2_AD_198-1445,g.30723086C>G(p.Pro1339Arg),False,False
3,SRCAP_Q6ZRS2_AD_198-1445,g.30712679G>A(p.Gly665Asp),False,False
4,SRCAP_Q6ZRS2_AD_198-1445,g.30721348C>T(p.Thr1138Ile),False,False
5,SRCAP_Q6ZRS2_AD_198-1445,g.30723205C>T(p.His1379Tyr),False,False
6,SRCAP_Q6ZRS2_AD_198-1445,g.30722968C>G(p.Pro1300Ala),False,False
7,SRCAP_Q6ZRS2_AD_198-1445,g.30710785G>A(p.Arg389His),False,False
8,SRCAP_Q6ZRS2_AD_198-1445,g.30711673G>T(p.Ser474Ile),False,False
9,SRCAP_Q6ZRS2_AD_198-1445,g.30723635C>A(p.Pro1404Gln),False,False
10,SRCAP_Q6ZRS2_AD_198-1445,g.30709634A>T(p.Asn252Ile),False,False
11,SRCAP_Q6ZRS2_AD_198-1445,g.30709971G>A(p.Arg326His),False,False
12,SRCAP_Q6ZRS2_AD_198-1445,g.30722577C>T(p.Leu1241Phe),False,False
13,SRCAP_Q6ZRS2_AD_198-1445,g.30722281T>C(p.Leu1234Pro),False,False
14,SRCAP_Q6ZRS2_AD_198-1445,g.30711924T>G(p.Ser528Ala),False,False
15,SRCAP_Q6ZRS2_AD_198-1445,g.30723118C>G(p.Pro1350Ala),False,False
16,SRCAP_Q6ZRS2_AD_198-1445,g.30722259G>A(p.Ala1227Thr),False,False
17,SRCAP_Q6ZRS2_AD_198-1445,g.30722730C>G(p.Pro1292Ala),False,False
18,SRCAP_Q6ZRS2_AD_198-1445,g.30709679G>T(p.Gly267Val),False,False
19,SRCAP_Q6ZRS2_AD_198-1445,g.30713682A>G(p.Asn822Asp),False,False
20,SRCAP_Q6ZRS2_AD_198-1445,g.30711062T>C(p.Met431Thr),False,False
21,SRCAP_Q6ZRS2_AD_198-1445,g.30711606G>T(p.Ala452Ser),False,False
22,SRCAP_Q6ZRS2_AD_198-1445,g.30721228G>C(p.Arg1098Pro),False,False
23,SRCAP_Q6ZRS2_AD_198-1445,g.30711978G>A(p.Asp546Asn),False,False
24,SRCAP_Q6ZRS2_AD_198-1445,g.30709944A>G(p.Gln317Arg),False,False
25,SRCAP_Q6ZRS2_AD_198-1445,g.30711669A>G(p.Asn473Asp),False,False
26,SRCAP_Q6ZRS2_AD_198-1445,g.30711975G>A(p.Glu545Lys),False,False
27,SRCAP_Q6ZRS2_AD_198-1445,g.30720897C>T(p.Pro1058Ser),False,False
28,SRCAP_Q6ZRS2_AD_198-1445,g.30712068A>C(p.Thr576Pro),False,False
29,SRCAP_Q6ZRS2_AD_198-1445,g.30723677C>G(p.Pro1418Arg),False,False
30,SRCAP_Q6ZRS2_AD_198-1445,g.30716193C>T(p.Ala874Val),False,False
31,SRCAP_Q6ZRS2_AD_198-1445,g.30721408C>T(p.Ala1158Val),False,False
32,SRCAP_Q6ZRS2_AD_198-1445,g.30723668T>C(p.Met1415Thr),False,False
33,SRCAP_Q6ZRS2_AD_198-1445,g.30721353C>T(p.Pro1140Ser),False,False
34,SRCAP_Q6ZRS2_AD_198-1445,g.30713560G>A(p.Ser781Asn),False,False
35,SRCAP_Q6ZRS2_AD_198-1445,g.30722968C>T(p.Pro1300Ser),False,False
36,SRCAP_Q6ZRS2_AD_198-1445,g.30721458A>G(p.Met1175Val),False,False
37,SRCAP_Q6ZRS2_AD_198-1445,g.30709955A>G(p.Ile321Val),False,False
38,SRCAP_Q6ZRS2_AD_198-1445,g.30723067C>A(p.Pro1333Thr),False,False
39,SRCAP_Q6ZRS2_AD_198-1445,g.30720238C>T(p.Pro965Leu),False,False
40,SRCAP_Q6ZRS2_AD_198-1445,g.30720936C>T(p.Leu1071Phe),False,False
41,SRCAP_Q6ZRS2_AD_198-1445,g.30723125G>A(p.Arg1352Gln),False,False
42,SRCAP_Q6ZRS2_AD_198-1445,g.30716363T>A(p.Cys901Ser),False,False
43,SRCAP_Q6ZRS2_AD_198-1445,g.30723149C>T(p.Thr1360Ile),False,False
44,SRCAP_Q6ZRS2_AD_198-1445,g.30723593C>T(p.Pro1390Leu),False,False
45,SRCAP_Q6ZRS2_AD_198-1445,g.30710754A>G(p.Ile379Val),False,False
46,SRCAP_Q6ZRS2_AD_198-1445,g.30720901C>T(p.Pro1059Leu),False,False
47,SRCAP_Q6ZRS2_AD_198-1445,g.30712057C>G(p.Thr572Ser),False,False
48,SRCAP_Q6ZRS2_AD_198-1445,g.30720744C>T(p.Arg1007Trp),False,False
49,SRCAP_Q6ZRS2_AD_198-1445,g.30723068C>T(p.Pro1333Leu),False,False
50,SRCAP_Q6ZRS2_AD_198-1445,g.30711849C>T(p.Arg503Trp),False,False
51,SRCAP_Q6ZRS2_AD_198-1445,g.30723100C>T(p.Pro1344Ser),False,False
52,SRCAP_Q6ZRS2_AD_198-1445,g.30712433G>C(p.Glu663Gln),False,False
53,SRCAP_Q6ZRS2_AD_198-1445,g.30713328A>G(p.Ile751Val),False,False
54,SRCAP_Q6ZRS2_AD_198-1445,g.30723101C>A(p.Pro1344Gln),False,False
55,SRCAP_Q6ZRS2_AD_198-1445,g.30711922A>G(p.Glu527Gly),False,False
56,SRCAP_Q6ZRS2_AD_198-1445,g.30723165G>T(p.Met1365Ile),False,False
57,SRCAP_Q6ZRS2_AD_198-1445,g.30716152G>C(p.Arg860Ser),False,False
58,SRCAP_Q6ZRS2_AD_198-1445,g.30722976G>A(p.Met1302Ile),False,False
59,SRCAP_Q6ZRS2_AD_198-1445,g.30720907T>C(p.Ile1061Thr),False,False
60,SRCAP_Q6ZRS2_AD_198-1445,g.30722707C>G(p.Pro1284Arg),False,False
61,SRCAP_Q6ZRS2_AD_198-1445,g.30709945G>C(p.Gln317His),False,False
62,SRCAP_Q6ZRS2_AD_198-1445,g.30723074G>A(p.Ser1335Asn),False,False
63,SRCAP_Q6ZRS2_AD_198-1445,g.30709971G>T(p.Arg326Leu),False,False
64,SRCAP_Q6ZRS2_AD_198-1445,g.30721279G>T(p.Arg1115Leu),False,False
65,SRCAP_Q6ZRS2_AD_198-1445,g.30720969C>G(p.Leu1082Val),False,False
66,SRCAP_Q6ZRS2_AD_198-1445,g.30720799G>A(p.Arg1025Gln),False,False
67,SRCAP_Q6ZRS2_AD_198-1445,g.30716199C>G(p.Thr876Ser),False,False
68,SRCAP_Q6ZRS2_AD_198-1445,g.30711977A>T(p.Glu545Asp),False,False
69,SRCAP_Q6ZRS2_AD_198-1445,g.30710100C>T(p.Ala369Val),False,False
70,SRCAP_Q6ZRS2_AD_198-1445,g.30710112C>T(p.Pro373Leu),False,False
71,SRCAP_Q6ZRS2_AD_198-1445,g.30720750G>C(p.Val1009Leu),False,False
72,SRCAP_Q6ZRS2_AD_198-1445,g.30722611G>A(p.Ser1252Asn),False,False
73,SRCAP_Q6ZRS2_AD_198-1445,g.30710058C>T(p.Ser355Leu),False,False
74,SRCAP_Q6ZRS2_AD_198-1445,g.30720259G>C(p.Arg972Pro),False,False
75,SRCAP_Q6ZRS2_AD_198-1445,g.30723667A>G(p.Met1415Val),False,False
76,SRCAP_Q6ZRS2_AD_198-1445,g.30723671C>G(p.Pro1416Arg),False,False
77,SRCAP_Q6ZRS2_AD_198-1445,g.30716439C>G(p.Ala926Gly),False,False
78,SRCAP_Q6ZRS2_AD_198-1445,g.30710097G>A(p.Gly368Asp),False,False
79,SRCAP_Q6ZRS2_AD_198-1445,g.30722689C>T(p.Ser1278Leu),False,False
80,SRCAP_Q6ZRS2_AD_198-1445,g.30723065G>A(p.Arg1332Gln),False,False
81,SRCAP_Q6ZRS2_AD_198-1445,g.30711083G>A(p.Arg438Gln),False,True
82,SRCAP_Q6ZRS2_AD_198-1445,g.30712071A>G(p.Thr577Ala),False,False
83,SRCAP_Q6ZRS2_AD_198-1445,g.30722251G>A(p.Arg1224His),False,False
84,SRCAP_Q6ZRS2_AD_198-1445,g.30707687G>A(p.Arg203Lys),False,False
85,SRCAP_Q6ZRS2_AD_198-1445,g.30722664A>G(p.Thr1270Ala),False,False
86,SRCAP_Q6ZRS2_AD_198-1445,g.30709970C>T(p.Arg326Cys),False,False
87,SRCAP_Q6ZRS2_AD_198-1445,g.30710036T>A(p.Ser348Thr),False,False
88,SRCAP_Q6ZRS2_AD_198-1445,g.30709523T>A(p.Phe215Tyr),False,False
89,SRCAP_Q6ZRS2_AD_198-1445,g.30712141C>T(p.Thr600Met),False,False
90,SRCAP_Q6ZRS2_AD_198-1445,g.30722278C>T(p.Pro1233Leu),False,False
91,SRCAP_Q6ZRS2_AD_198-1445,g.30713326A>T(p.Asn750Ile),False,False
92,SRCAP_Q6ZRS2_AD_198-1445,g.30712274A>G(p.Ile610Val),False,False
93,SRCAP_Q6ZRS2_AD_198-1445,g.30711916A>G(p.Glu525Gly),False,False
94,SRCAP_Q6ZRS2_AD_198-1445,g.30723175A>G(p.Thr1369Ala),False,False
95,SRCAP_Q6ZRS2_AD_198-1445,g.30712080C>T(p.Pro580Ser),False,False
96,SRCAP_Q6ZRS2_AD_198-1445,g.30721209G>T(p.Val1092Phe),False,False
97,SRCAP_Q6ZRS2_AD_198-1445,g.30709947G>A(p.Arg318Lys),False,False
98,SRCAP_Q6ZRS2_AD_198-1445,g.30709862C>G(p.Gln290Glu),False,False
99,SRCAP_Q6ZRS2_AD_198-1445,g.30723022C>T(p.Arg1318Trp),False,False
100,SRCAP_Q6ZRS2_AD_198-1445,g.30710770C>T(p.Ser384Phe),False,False
101,SRCAP_Q6ZRS2_AD_198-1445,g.30711063G>A(p.Met431Ile),False,False
102,SRCAP_Q6ZRS2_AD_198-1445,g.30716144C>T(p.Arg858Cys),False,False
103,SRCAP_Q6ZRS2_AD_198-1445,g.30711972G>A(p.Glu544Lys),False,False
104,SRCAP_Q6ZRS2_AD_198-1445,g.30712019A>T(p.Glu559Asp),False,False
105,SRCAP_Q6ZRS2_AD_198-1445,g.30723646C>G(p.Pro1408Ala),False,False
106,SRCAP_Q6ZRS2_AD_198-1445,g.30716313C>T(p.Thr884Ile),False,False
107,SRCAP_Q6ZRS2_AD_198-1445,g.30711576C>T(p.Leu442Phe),False,True
108,SRCAP_Q6ZRS2_AD_198-1445,g.30720328A>G(p.Asn995Ser),False,False
109,SRCAP_Q6ZRS2_AD_198-1445,g.30721330C>T(p.Thr1132Ile),False,False
110,SRCAP_Q6ZRS2_AD_198-1445,g.30710049A>G(p.Gln352Arg),False,False
111,SRCAP_Q6ZRS2_AD_198-1445,g.30709946A>G(p.Arg318Gly),False,False
112,SRCAP_Q6ZRS2_AD_198-1445,g.30721213T>G(p.Leu1093Arg),False,False
113,SRCAP_Q6ZRS2_AD_198-1445,g.30720830G>C(p.Gln1035His),False,False
114,SRCAP_Q6ZRS2_AD_198-1445,g.30721419C>T(p.Pro1162Ser),False,False
115,SRCAP_Q6ZRS2_AD_198-1445,g.30723631G>A(p.Val1403Met),False,False
116,SRCAP_Q6ZRS2_AD_198-1445,g.30722566A>G(p.Asn1237Ser),False,False
117,SRCAP_Q6ZRS2_AD_198-1445,g.30711625G>A(p.Gly458Asp),False,False
118,SRCAP_Q6ZRS2_AD_198-1445,g.30722571G>T(p.Val1239Leu),False,False
119,SRCAP_Q6ZRS2_AD_198-1445,g.30710064A>C(p.His357Pro),False,False
120,SRCAP_Q6ZRS2_AD_198-1445,g.30721416G>A(p.Ala1161Thr),False,False
121,SRCAP_Q6ZRS2_AD_198-1445,g.30711696C>A(p.Pro482Thr),False,False
122,SRCAP_Q6ZRS2_AD_198-1445,g.30720247G>A(p.Arg968His),False,False
123,SRCAP_Q6ZRS2_AD_198-1445,g.30720948C>G(p.Leu1075Val),False,False
124,SRCAP_Q6ZRS2_AD_198-1445,g.30720886C>T(p.Ser1054Leu),False,False
125,SRCAP_Q6ZRS2_AD_198-1445,g.30711618G>T(p.Ala456Ser),False,False
126,SRCAP_Q6ZRS2_AD_198-1445,g.30711973A>C(p.Glu544Ala),False,False
127,SRCAP_Q6ZRS2_AD_198-1445,g.30711730G>A(p.Ser493Asn),False,False
128,SRCAP_Q6ZRS2_AD_198-1445,g.30716162C>T(p.Arg864Cys),False,False
129,SRCAP_Q6ZRS2_AD_198-1445,g.30712011A>G(p.Arg557Gly),False,False
130,SRCAP_Q6ZRS2_AD_198-1445,g.30709853G>C(p.Gly287Arg),False,False
131,SRCAP_Q6ZRS2_AD_198-1445,g.30722256C>G(p.Leu1226Val),False,False
132,SRCAP_Q6ZRS2_AD_198-1445,g.30723692T>G(p.Leu1423Arg),False,False
133,SRCAP_Q6ZRS2_AD_198-1445,g.30711735A>T(p.Ser495Cys),False,False
134,SRCAP_Q6ZRS2_AD_198-1445,g.30709675C>T(p.Leu266Phe),False,False
135,SRCAP_Q6ZRS2_AD_198-1445,g.30709970C>G(p.Arg326Gly),False,False
136,SRCAP_Q6ZRS2_AD_198-1445,g.30723016G>C(p.Ala1316Pro),False,False
137,SRCAP_Q6ZRS2_AD_198-1445,g.30721323C>T(p.Pro1130Ser),False,False
138,SRCAP_Q6ZRS2_AD_198-1445,g.30720237C>T(p.Pro965Ser),False,False
139,SRCAP_Q6ZRS2_AD_198-1445,g.30721467C>T(p.Arg1178Cys),False,False
140,SRCAP_Q6ZRS2_AD_198-1445,g.30716323C>A(p.Phe887Leu),False,False
141,SRCAP_Q6ZRS2_AD_198-1445,g.30722623A>G(p.His1256Arg),False,False
142,SRCAP_Q6ZRS2_AD_198-1445,g.30723130C>T(p.Pro1354Ser),False,False
143,SRCAP_Q6ZRS2_AD_198-1445,g.30720237C>A(p.Pro965Thr),False,False
144,SRCAP_Q6ZRS2_AD_198-1445,g.30720240C>T(p.Arg966Trp),False,False
145,SRCAP_Q6ZRS2_AD_198-1445,g.30716415C>G(p.Thr918Ser),False,False
146,SRCAP_Q6ZRS2_AD_198-1445,g.30711728T>A(p.Asp492Glu),False,False
147,SRCAP_Q6ZRS2_AD_198-1445,g.30710037C>T(p.Ser348Phe),False,False
148,SRCAP_Q6ZRS2_AD_198-1445,g.30722605T>G(p.Leu1250Arg),False,False
149,SRCAP_Q6ZRS2_AD_198-1445,g.30713337T>G(p.Phe754Val),False,False
150,SRCAP_Q6ZRS2_AD_198-1445,g.30721423C>T(p.Thr1163Ile),False,False
151,SRCAP_Q6ZRS2_AD_198-1445,g.30716141A>T(p.Ile857Phe),False,False
152,SRCAP_Q6ZRS2_AD_198-1445,g.30716145G>A(p.Arg858His),False,False
153,SRCAP_Q6ZRS2_AD_198-1445,g.30720745G>A(p.Arg1007Gln),False,False
154,SRCAP_Q6ZRS2_AD_198-1445,g.30723158C>G(p.Ala1363Gly),False,False
155,SRCAP_Q6ZRS2_AD_198-1445,g.30721222C>A(p.Thr1096Asn),False,False
156,SRCAP_Q6ZRS2_AD_198-1445,g.30712301C>T(p.Arg619Trp),False,False
157,SRCAP_Q6ZRS2_AD_198-1445,g.30722577C>A(p.Leu1241Ile),False,False
158,SRCAP_Q6ZRS2_AD_198-1445,g.30711621C>T(p.Pro457Ser),False,False
159,SRCAP_Q6ZRS2_AD_198-1445,g.30712421C>T(p.His659Tyr),False,False
160,SRCAP_Q6ZRS2_AD_198-1445,g.30716375A>G(p.Asn905Asp),False,False
161,SRCAP_Q6ZRS2_AD_198-1445,g.30722234G>T(p.Leu1218Phe),False,False
162,SRCAP_Q6ZRS2_AD_198-1445,g.30709702C>T(p.Pro275Ser),False,False
163,SRCAP_Q6ZRS2_AD_198-1445,g.30711667C>G(p.Ala472Gly),False,False
164,SRCAP_Q6ZRS2_AD_198-1445,g.30712385C>T(p.Leu647Phe),False,False
165,SRCAP_Q6ZRS2_AD_198-1445,g.30711035A>G(p.Gln422Arg),False,False
166,SRCAP_Q6ZRS2_AD_198-1445,g.30720822T>C(p.Ser1033Pro),False,False
167,SRCAP_Q6ZRS2_AD_198-1445,g.30723652C>T(p.Pro1410Ser),False,False
168,SRCAP_Q6ZRS2_AD_198-1445,g.30713335A>G(p.Asn753Ser),False,False
169,SRCAP_Q6ZRS2_AD_198-1445,g.30711697C>G(p.Pro482Arg),False,False
170,SRCAP_Q6ZRS2_AD_198-1445,g.30713620G>A(p.Arg801His),False,False
171,SRCAP_Q6ZRS2_AD_198-1445,g.30709734A>C(p.Glu285Asp),False,False
172,SRCAP_Q6ZRS2_AD_198-1445,g.30710784C>T(p.Arg389Cys),False,False
173,SRCAP_Q6ZRS2_AD_198-1445,g.30710073A>G(p.Asp360Gly),False,False
174,SRCAP_Q6ZRS2_AD_198-1445,g.30711917A>C(p.Glu525Asp),False,False
175,SRCAP_Q6ZRS2_AD_198-1445,g.30721420C>T(p.Pro1162Leu),False,False
176,SRCAP_Q6ZRS2_AD_198-1445,g.30712056A>G(p.Thr572Ala),False,False
177,SRCAP_Q6ZRS2_AD_198-1445,g.30711931A>G(p.Glu530Gly),False,False
178,SRCAP_Q6ZRS2_AD_198-1445,g.30720792C>G(p.Pro1023Ala),False,False
179,SRCAP_Q6ZRS2_AD_198-1445,g.30722631C>T(p.Leu1259Phe),False,False
180,SRCAP_Q6ZRS2_AD_198-1445,g.30721456A>G(p.Asp1174Gly),False,False
181,SRCAP_Q6ZRS2_AD_198-1445,g.30716405C>T(p.Pro915Ser),False,False
182,SRCAP_Q6ZRS2_AD_198-1445,g.30716471C>T(p.Pro937Ser),False,False
183,SRCAP_Q6ZRS2_AD_198-1445,g.30720228A>G(p.Thr962Ala),False,False
184,SRCAP_Q6ZRS2_AD_198-1445,g.30722139A>G(p.Ile1187Val),False,False
185,SRCAP_Q6ZRS2_AD_198-1445,g.30723172C>T(p.Pro1368Ser),False,False
186,SRCAP_Q6ZRS2_AD_198-1445,g.30711606G>A(p.Ala452Thr),False,True
187,SRCAP_Q6ZRS2_AD_198-1445,g.30711705G>A(p.Ala485Thr),False,False
188,SRCAP_Q6ZRS2_AD_198-1445,g.30709940G>A(p.Ala316Thr),False,False
189,SRCAP_Q6ZRS2_AD_198-1445,g.30723659C>T(p.Ser1412Phe),False,False
190,SRCAP_Q6ZRS2_AD_198-1445,g.30711071G>A(p.Ser434Asn),False,True
191,SRCAP_Q6ZRS2_AD_198-1445,g.30709941C>T(p.Ala316Val),False,False
192,SRCAP_Q6ZRS2_AD_198-1445,g.30720258C>T(p.Arg972Trp),False,False
193,SRCAP_Q6ZRS2_AD_198-1445,g.30723040G>A(p.Val1324Ile),False,False
194,SRCAP_Q6ZRS2_AD_198-1445,g.30723133A>G(p.Thr1355Ala),False,False
195,SRCAP_Q6ZRS2_AD_198-1445,g.30712385C>G(p.Leu647Val),False,False
196,SRCAP_Q6ZRS2_AD_198-1445,g.30712039C>G(p.Ala566Gly),False,False
197,SRCAP_Q6ZRS2_AD_198-1445,g.30723104G>A(p.Arg1345His),False,False
198,SRCAP_Q6ZRS2_AD_198-1445,g.30712341T>C(p.Met632Thr),False,False
199,SRCAP_Q6ZRS2_AD_198-1445,g.30711616A>G(p.Tyr455Cys),False,False
200,SRCAP_Q6ZRS2_AD_198-1445,g.30716099G>A(p.Val843Met),False,False
201,SRCAP_Q6ZRS2_AD_198-1445,g.30716339A>G(p.Ile893Val),False,False
202,SRCAP_Q6ZRS2_AD_198-1445,g.30711978G>T(p.Asp546Tyr),False,False
203,SRCAP_Q6ZRS2_AD_198-1445,g.30723146G>T(p.Gly1359Val),False,False
204,SRCAP_Q6ZRS2_AD_198-1445,g.30711915G>A(p.Glu525Lys),False,False
205,SRCAP_Q6ZRS2_AD_198-1445,g.30722650C>T(p.Pro1265Leu),False,False
206,SRCAP_Q6ZRS2_AD_198-1445,g.30723071C>T(p.Pro1334Leu),False,False
207,SRCAP_Q6ZRS2_AD_198-1445,g.30716438G>T(p.Ala926Ser),False,False
208,SRCAP_Q6ZRS2_AD_198-1445,g.30722181G>A(p.Ala1201Thr),False,False
209,SRCAP_Q6ZRS2_AD_198-1445,g.30723662C>T(p.Ser1413Phe),False,False
210,SRCAP_Q6ZRS2_AD_198-1445,g.30711923G>T(p.Glu527Asp),False,False
211,SRCAP_Q6ZRS2_AD_198-1445,g.30716384G>A(p.Asp908Asn),False,False
212,SRCAP_Q6ZRS2_AD_198-1445,g.30716132G>C(p.Glu854Gln),False,False
213,SRCAP_Q6ZRS2_AD_198-1445,g.30711602G>C(p.Gln450His),False,False
214,SRCAP_Q6ZRS2_AD_198-1445,g.30720919G>A(p.Arg1065Gln),False,False
215,SRCAP_Q6ZRS2_AD_198-1445,g.30710782A>T(p.Gln388Leu),False,False
216,SRCAP_Q6ZRS2_AD_198-1445,g.30712439G>C(p.Gly665Arg),False,False
217,SRCAP_Q6ZRS2_AD_198-1445,g.30712427G>C(p.Ala661Pro),False,False
218,SRCAP_Q6ZRS2_AD_198-1445,g.30713299G>A(p.Arg741His),False,False
219,SRCAP_Q6ZRS2_AD_198-1445,g.30713361C>T(p.Leu762Phe),False,False
220,SRCAP_Q6ZRS2_AD_198-1445,g.30723059C>T(p.Ala1330Val),False,False
221,SRCAP_Q6ZRS2_AD_198-1445,g.30712153C>A(p.Thr604Asn),False,False
222,SRCAP_Q6ZRS2_AD_198-1445,g.30723152C>T(p.Ala1361Val),False,False
223,SRCAP_Q6ZRS2_AD_198-1445,g.30711655A>G(p.Asp468Gly),False,False
224,SRCAP_Q6ZRS2_AD_198-1445,g.30722662C>A(p.Pro1269His),False,False
225,SRCAP_Q6ZRS2_AD_198-1445,g.30723073A>G(p.Ser1335Gly),False,False
226,SRCAP_Q6ZRS2_AD_198-1445,g.30723014A>G(p.Gln1315Arg),False,False
227,SRCAP_Q6ZRS2_AD_198-1445,g.30710096G>A(p.Gly368Ser),False,False
228,SRCAP_Q6ZRS2_AD_198-1445,g.30723634C>T(p.Pro1404Ser),False,False
229,SRCAP_Q6ZRS2_AD_198-1445,g.30711043G>A(p.Gly425Arg),False,False
230,SRCAP_Q6ZRS2_AD_198-1445,g.30709727A>T(p.Asp283Val),False,False
231,SRCAP_Q6ZRS2_AD_198-1445,g.30723680A>C(p.Asn1419Thr),False,False
232,SRCAP_Q6ZRS2_AD_198-1445,g.30722624T>G(p.His1256Gln),False,False
233,SRCAP_Q6ZRS2_AD_198-1445,g.30720854A>C(p.Gln1043His),False,False
234,SRCAP_Q6ZRS2_AD_198-1445,g.30712431G>C(p.Cys662Ser),False,False
235,SRCAP_Q6ZRS2_AD_198-1445,g.30721237C>T(p.Thr1101Met),False,False
236,SRCAP_Q6ZRS2_AD_198-1445,g.30723667A>C(p.Met1415Leu),False,False
237,SRCAP_Q6ZRS2_AD_198-1445,g.30723223G>C(p.Val1385Leu),False,False
238,SRCAP_Q6ZRS2_AD_198-1445,g.30709854G>A(p.Gly287Glu),False,False
239,SRCAP_Q6ZRS2_AD_198-1445,g.30723110C>T(p.Thr1347Met),False,False
240,SRCAP_Q6ZRS2_AD_198-1445,g.30720255C>T(p.Arg971Cys),False,False
241,SRCAP_Q6ZRS2_AD_198-1445,g.30722142G>A(p.Gly1188Arg),False,False
242,SRCAP_Q6ZRS2_AD_198-1445,g.30709649C>T(p.Ser257Phe),False,False
243,SRCAP_Q6ZRS2_AD_198-1445,g.30720937T>C(p.Leu1071Pro),False,False
244,SRCAP_Q6ZRS2_AD_198-1445,g.30722972C>T(p.Thr1301Ile),False,False
245,SRCAP_Q6ZRS2_AD_198-1445,g.30722250C>T(p.Arg1224Cys),False,False
246,SRCAP_Q6ZRS2_AD_198-1445,g.30709880G>A(p.Glu296Lys),False,False
247,SRCAP_Q6ZRS2_AD_198-1445,g.30721455G>A(p.Asp1174Asn),False,False
248,SRCAP_Q6ZRS2_AD_198-1445,g.30710822A>T(p.Glu401Asp),False,False
249,SRCAP_Q6ZRS2_AD_198-1445,g.30709711C>G(p.Pro278Ala),False,False
250,SRCAP_Q6ZRS2_AD_198-1445,g.30716318C>A(p.His886Asn),False,False
251,SRCAP_Q6ZRS2_AD_198-1445,g.30720955C>T(p.Pro1077Leu),False,False
252,SRCAP_Q6ZRS2_AD_198-1445,g.30716119G>A(p.Met849Ile),False,False
253,SRCAP_Q6ZRS2_AD_198-1445,g.30723755C>T(p.Pro1444Leu),False,False
254,SRCAP_Q6ZRS2_AD_198-1445,g.30720805C>T(p.Pro1027Leu),False,False
255,SRCAP_Q6ZRS2_AD_198-1445,g.30723623C>G(p.Pro1400Arg),False,False
256,SRCAP_Q6ZRS2_AD_198-1445,g.30711853G>A(p.Ser504Asn),False,False
257,SRCAP_Q6ZRS2_AD_198-1445,g.30720975C>G(p.Gln1084Glu),False,False
258,SRCAP_Q6ZRS2_AD_198-1445,g.30723098A>C(p.Asn1343Thr),False,False
259,SRCAP_Q6ZRS2_AD_198-1445,g.30720894G>A(p.Gly1057Arg),False,False
260,SRCAP_Q6ZRS2_AD_198-1445,g.30722130G>A(p.Val1184Met),False,False
261,SRCAP_Q6ZRS2_AD_198-1445,g.30721198C>A(p.Ser1088Tyr),False,False
262,SRCAP_Q6ZRS2_AD_198-1445,g.30721399C>T(p.Thr1155Ile),False,False
263,SRCAP_Q6ZRS2_AD_198-1445,g.30723680A>G(p.Asn1419Ser),False,False
264,SRCAP_Q6ZRS2_AD_198-1445,g.30710781C>G(p.Gln388Glu),False,False
265,SRCAP_Q6ZRS2_AD_198-1445,g.30720900C>T(p.Pro1059Ser),False,False
266,SRCAP_Q6ZRS2_AD_198-1445,g.30721459T>C(p.Met1175Thr),False,False
267,SRCAP_Q6ZRS2_AD_198-1445,g.30720205G>A(p.Arg954His),False,False
268,SRCAP_Q6ZRS2_AD_198-1445,g.30723673A>C(p.Ile1417Leu),False,False
269,SRCAP_Q6ZRS2_AD_198-1445,g.30711726G>A(p.Asp492Asn),False,False
270,SRCAP_Q6ZRS2_AD_198-1445,g.30710033C>T(p.Pro347Ser),False,False
271,SRCAP_Q6ZRS2_AD_198-1445,g.30709889G>A(p.Asp299Asn),False,False
272,SRCAP_Q6ZRS2_AD_198-1445,g.30720241G>A(p.Arg966Gln),False,False
273,SRCAP_Q6ZRS2_AD_198-1445,g.30723185G>C(p.Arg1372Thr),False,False
274,SRCAP_Q6ZRS2_AD_198-1445,g.30716124A>G(p.Lys851Arg),False,False
275,SRCAP_Q6ZRS2_AD_198-1445,g.30709730A>G(p.Asp284Gly),False,False
276,SRCAP_Q6ZRS2_AD_198-1445,g.30711703A>T(p.Glu484Val),False,False
277,SRCAP_Q6ZRS2_AD_198-1445,g.30720309C>G(p.Pro989Ala),False,False
278,SRCAP_Q6ZRS2_AD_198-1445,g.30711850G>A(p.Arg503Gln),False,False
279,SRCAP_Q6ZRS2_AD_198-1445,g.30723149C>G(p.Thr1360Ser),False,False
280,SRCAP_Q6ZRS2_AD_198-1445,g.30709711C>A(p.Pro278Thr),False,False
281,SRCAP_Q6ZRS2_AD_198-1445,g.30709708C>T(p.Pro277Ser),False,False
282,SRCAP_Q6ZRS2_AD_198-1445,g.30720772G>A(p.Arg1016Gln),False,False
283,SRCAP_Q6ZRS2_AD_198-1445,g.30723222A>C(p.Glu1384Asp),False,False
284,SRCAP_Q6ZRS2_AD_198-1445,g.30711601A>G(p.Gln450Arg),False,False
285,SRCAP_Q6ZRS2_AD_198-1445,g.30711625G>T(p.Gly458Val),False,False
286,SRCAP_Q6ZRS2_AD_198-1445,g.30721227C>T(p.Arg1098Trp),False,False
287,SRCAP_Q6ZRS2_AD_198-1445,g.30722724A>G(p.Ser1290Gly),False,False
288,SRCAP_Q6ZRS2_AD_198-1445,g.30720849C>T(p.Pro1042Ser),False,False
289,SRCAP_Q6ZRS2_AD_198-1445,g.30720238C>A(p.Pro965His),False,False
290,SRCAP_Q6ZRS2_AD_198-1445,g.30720163G>A(p.Arg940Gln),False,False
291,SRCAP_Q6ZRS2_AD_198-1445,g.30711582A>G(p.Met444Val),False,False
292,SRCAP_Q6ZRS2_AD_198-1445,g.30722713C>G(p.Pro1286Arg),False,False
293,SRCAP_Q6ZRS2_AD_198-1445,g.30710824A>G(p.Glu402Gly),False,False
294,SRCAP_Q6ZRS2_AD_198-1445,g.30709950G>T(p.Arg319Leu),False,False
295,SRCAP_Q6ZRS2_AD_198-1445,g.30710028A>G(p.Glu345Gly),False,False
296,SRCAP_Q6ZRS2_AD_198-1445,g.30710758A>C(p.Lys380Thr),False,False
297,SRCAP_Q6ZRS2_AD_198-1445,g.30710843G>C(p.Glu408Asp),False,False
298,SRCAP_Q6ZRS2_AD_198-1445,g.30722255G>C(p.Gln1225His),False,False
299,SRCAP_Q6ZRS2_AD_198-1445,g.30723715G>A(p.Val1431Ile),False,False
300,SRCAP_Q6ZRS2_AD_198-1445,g.30711711G>C(p.Glu487Gln),False,False
301,SRCAP_Q6ZRS2_AD_198-1445,g.30712156A>T(p.Gln605Leu),False,False
302,SRCAP_Q6ZRS2_AD_198-1445,g.30712780T>C(p.Tyr699His),False,False
303,SRCAP_Q6ZRS2_AD_198-1445,g.30711729A>G(p.Ser493Gly),False,False
304,SRCAP_Q6ZRS2_AD_198-1445,g.30720930C>A(p.Pro1069Thr),False,False
305,SRCAP_Q6ZRS2_AD_198-1445,g.30711666G>A(p.Ala472Thr),False,False
306,SRCAP_Q6ZRS2_AD_198-1445,g.30722976G>C(p.Met1302Ile),False,False
307,SRCAP_Q6ZRS2_AD_198-1445,g.30716192G>T(p.Ala874Ser),False,False
308,SRCAP_Q6ZRS2_AD_198-1445,g.30710052C>T(p.Thr353Ile),False,False
309,SRCAP_Q6ZRS2_AD_198-1445,g.30716436C>T(p.Thr925Ile),False,False
310,SRCAP_Q6ZRS2_AD_198-1445,g.30720225G>A(p.Asp961Asn),False,False
311,SRCAP_Q6ZRS2_AD_198-1445,g.30710051A>G(p.Thr353Ala),False,False
312,SRCAP_Q6ZRS2_AD_198-1445,g.30709552C>A(p.Arg225Ser),False,False
313,SRCAP_Q6ZRS2_AD_198-1445,g.30716327A>G(p.Ser889Gly),False,False
314,SRCAP_Q6ZRS2_AD_198-1445,g.30721296C>T(p.Pro1121Ser),False,False
315,SRCAP_Q6ZRS2_AD_198-1445,g.30722676G>C(p.Val1274Leu),False,False
316,SRCAP_Q6ZRS2_AD_198-1445,g.30711699G>A(p.Val483Met),False,False
317,SRCAP_Q6ZRS2_AD_198-1445,g.30710003C>T(p.Arg337Cys),False,False
318,SRCAP_Q6ZRS2_AD_198-1445,g.30709712C>G(p.Pro278Arg),False,False
319,SRCAP_Q6ZRS2_AD_198-1445,g.30720957A>G(p.Asn1078Asp),False,False
320,SRCAP_Q6ZRS2_AD_198-1445,g.30711740G>T(p.Gln496His),False,False
321,SRCAP_Q6ZRS2_AD_198-1445,g.30711961C>T(p.Ala540Val),False,False
322,SRCAP_Q6ZRS2_AD_198-1445,g.30711901G>A(p.Ser520Asn),False,False
323,SRCAP_Q6ZRS2_AD_198-1445,g.30720178G>C(p.Arg945Pro),False,False
324,SRCAP_Q6ZRS2_AD_198-1445,g.30709588G>C(p.Val237Leu),False,False
325,SRCAP_Q6ZRS2_AD_198-1445,g.30720165A>G(p.Ile941Val),False,False
326,SRCAP_Q6ZRS2_AD_198-1445,g.30721474C>T(p.Pro1180Leu),False,False
327,SRCAP_Q6ZRS2_AD_198-1445,g.30723739C>A(p.Leu1439Ile),False,False
328,SRCAP_Q6ZRS2_AD_198-1445,g.30721344T>C(p.Tyr1137His),False,False
329,SRCAP_Q6ZRS2_AD_198-1445,g.30721189T>C(p.Val1085Ala),False,False
330,SRCAP_Q6ZRS2_AD_198-1445,g.30713298C>T(p.Arg741Cys),False,False
331,SRCAP_Q6ZRS2_AD_198-1445,g.30720825G>C(p.Ala1034Pro),False,False
332,SRCAP_Q6ZRS2_AD_198-1445,g.30720846G>A(p.Val1041Ile),False,False
333,SRCAP_Q6ZRS2_AD_198-1445,g.30720972C>T(p.Pro1083Ser),False,False
334,SRCAP_Q6ZRS2_AD_198-1445,g.30721201C>T(p.Pro1089Leu),False,False
335,SRCAP_Q6ZRS2_AD_198-1445,g.30721237C>A(p.Thr1101Lys),False,False
336,SRCAP_Q6ZRS2_AD_198-1445,g.30723221A>C(p.Glu1384Ala),False,False
337,SRCAP_Q6ZRS2_AD_198-1445,g.30723064C>T(p.Arg1332Trp),False,False
338,SRCAP_Q6ZRS2_AD_198-1445,g.30721233C>T(p.Pro1100Ser),False,False
339,SRCAP_Q6ZRS2_AD_198-1445,g.30710830C>T(p.Thr404Ile),False,False
340,SRCAP_Q6ZRS2_AD_198-1445,g.30720178G>A(p.Arg945Gln),False,False
341,SRCAP_Q6ZRS2_AD_198-1445,g.30711983T>G(p.Asp547Glu),False,False
342,SRCAP_Q6ZRS2_AD_198-1445,g.30722160G>A(p.Ala1194Thr),False,False
343,SRCAP_Q6ZRS2_AD_198-1445,g.30722665C>T(p.Thr1270Ile),False,False
344,SRCAP_Q6ZRS2_AD_198-1445,g.30722167G>A(p.Arg1196His),False,False
345,SRCAP_Q6ZRS2_AD_198-1445,g.30716310C>G(p.Ala883Gly),False,False
346,SRCAP_Q6ZRS2_AD_198-1445,g.30713680A>G(p.Tyr821Cys),False,False
347,SRCAP_Q6ZRS2_AD_198-1445,g.30720715T>C(p.Met997Thr),False,False
348,SRCAP_Q6ZRS2_AD_198-1445,g.30709519C>A(p.Gln214Lys),False,False
349,SRCAP_Q6ZRS2_AD_198-1445,g.30716423A>G(p.Ile921Val),False,False
350,SRCAP_Q6ZRS2_AD_198-1445,g.30716202C>T(p.Thr877Ile),False,False
351,SRCAP_Q6ZRS2_AD_198-1445,g.30711728T>G(p.Asp492Glu),False,False
352,SRCAP_Q6ZRS2_AD_198-1445,g.30722992G>A(p.Val1308Met),False,False
353,SRCAP_Q6ZRS2_AD_198-1445,g.30711879G>C(p.Glu513Gln),False,False
354,SRCAP_Q6ZRS2_AD_198-1445,g.30710120G>A(p.Val376Met),False,False
355,SRCAP_Q6ZRS2_AD_198-1445,g.30710110G>T(p.Glu372Asp),False,False
356,SRCAP_Q6ZRS2_AD_198-1445,g.30722220A>T(p.Asn1214Tyr),False,False
357,SRCAP_Q6ZRS2_AD_198-1445,g.30716379T>G(p.Leu906Arg),False,False
358,SRCAP_Q6ZRS2_AD_198-1445,g.30709721G>A(p.Arg281His),False,False
359,SRCAP_Q6ZRS2_AD_198-1445,g.30723605C>T(p.Pro1394Leu),False,False
360,SRCAP_Q6ZRS2_AD_198-1445,g.30716169G>A(p.Arg866His),False,False
361,SRCAP_Q6ZRS2_AD_198-1445,g.30723221A>G(p.Glu1384Gly),False,False
362,SRCAP_Q6ZRS2_AD_198-1445,g.30720246C>T(p.Arg968Cys),False,False
363,SRCAP_Q6ZRS2_AD_198-1445,g.30720958A>G(p.Asn1078Ser),False,False
364,SRCAP_Q6ZRS2_AD_198-1445,g.30721450C>T(p.Ser1172Phe),False,False
365,SRCAP_Q6ZRS2_AD_198-1445,g.30721278C>G(p.Arg1115Gly),False,False
366,SRCAP_Q6ZRS2_AD_198-1445,g.30722703A>T(p.Thr1283Ser),False,False
367,SRCAP_Q6ZRS2_AD_198-1445,g.30723190C>T(p.Leu1374Phe),False,False
368,SRCAP_Q6ZRS2_AD_198-1445,g.30721300C>T(p.Pro1122Leu),False,False
369,SRCAP_Q6ZRS2_AD_198-1445,g.30712269C>T(p.Thr608Met),False,False
370,SRCAP_Q6ZRS2_AD_198-1445,g.30711688C>T(p.Pro479Leu),False,False
371,SRCAP_Q6ZRS2_AD_198-1445,g.30722206T>G(p.Phe1209Cys),False,False
372,SRCAP_Q6ZRS2_AD_198-1445,g.30720256G>A(p.Arg971His),False,False
373,SRCAP_Q6ZRS2_AD_198-1445,g.30723139A>T(p.Thr1357Ser),False,False
374,SRCAP_Q6ZRS2_AD_198-1445,g.30711888G>A(p.Glu516Lys),False,False
375,SRCAP_Q6ZRS2_AD_198-1445,g.30723613A>G(p.Ile1397Val),False,False
376,SRCAP_Q6ZRS2_AD_198-1445,g.30723629A>C(p.His1402Pro),False,False
377,SRCAP_Q6ZRS2_AD_198-1445,g.30721425C>T(p.Pro1164Ser),False,False
378,SRCAP_Q6ZRS2_AD_198-1445,g.30711706C>T(p.Ala485Val),False,False
379,SRCAP_Q6ZRS2_AD_198-1445,g.30723165G>A(p.Met1365Ile),False,False
380,SRCAP_Q6ZRS2_AD_198-1445,g.30723218C>A(p.Pro1383His),False,False
381,SRCAP_Q6ZRS2_AD_198-1445,g.30711953G>C(p.Gln537His),False,False
382,SRCAP_Q6ZRS2_AD_198-1445,g.30710067A>G(p.Asp358Gly),False,False
383,SRCAP_Q6ZRS2_AD_198-1445,g.30709908T>C(p.Val305Ala),False,False
384,SRCAP_Q6ZRS2_AD_198-1445,g.30720775C>T(p.Ala1017Val),False,False
385,SRCAP_Q6ZRS2_AD_198-1445,g.30723628C>T(p.His1402Tyr),False,False
386,SRCAP_Q6ZRS2_AD_198-1445,g.30720906A>T(p.Ile1061Phe),False,False
387,SRCAP_Q6ZRS2_AD_198-1445,g.30709625A>G(p.Gln249Arg),False,False
388,SRCAP_Q6ZRS2_AD_198-1445,g.30709598C>G(p.Thr240Ser),False,False
389,SRCAP_Q6ZRS2_AD_198-1445,g.30709872A>G(p.Glu293Gly),False,False
390,SRCAP_Q6ZRS2_AD_198-1445,g.30722179A>G(p.Asn1200Ser),False,False
391,SRCAP_Q6ZRS2_AD_198-1445,g.30723004G>T(p.Val1312Leu),False,False
392,SRCAP_Q6ZRS2_AD_198-1445,g.30712361G>A(p.Gly639Ser),False,False
393,SRCAP_Q6ZRS2_AD_198-1445,g.30723664C>G(p.Pro1414Ala),False,False
394,SRCAP_Q6ZRS2_AD_198-1445,g.30722275G>A(p.Arg1232His),False,False
395,SRCAP_Q6ZRS2_AD_198-1445,g.30710048C>A(p.Gln352Lys),False,False
396,SRCAP_Q6ZRS2_AD_198-1445,g.30720897C>A(p.Pro1058Thr),False,False
397,SRCAP_Q6ZRS2_AD_198-1445,g.30716304C>T(p.Thr881Ile),False,False
398,SRCAP_Q6ZRS2_AD_198-1445,g.30711864G>A(p.Glu508Lys),False,False
399,SRCAP_Q6ZRS2_AD_198-1445,g.30723062C>G(p.Pro1331Arg),False,False
400,SRCAP_Q6ZRS2_AD_198-1445,g.30720829A>C(p.Gln1035Pro),False,False
401,SRCAP_Q6ZRS2_AD_198-1445,g.30712103T>G(p.Ile587Met),False,False
402,SRCAP_Q6ZRS2_AD_198-1445,g.30711873C>T(p.His511Tyr),False,False
403,SRCAP_Q6ZRS2_AD_198-1445,g.30723037C>T(p.Pro1323Ser),False,False
404,SRCAP_Q6ZRS2_AD_198-1445,g.30710115C>T(p.Pro374Leu),False,False
405,SRCAP_Q6ZRS2_AD_198-1445,g.30711835A>T(p.Asp498Val),False,False
406,SRCAP_Q6ZRS2_AD_198-1445,g.30712436A>C(p.Lys664Gln),False,False
407,SRCAP_Q6ZRS2_AD_198-1445,g.30722746A>C(p.Gln1297Pro),False,False
0,PAX6_P26367_AD_271-422,g.31789966C>G(p.Asp413His),False,False
1,PAX6_P26367_AD_271-422,g.31793709T>C(p.Ile287Val),False,False
2,PAX6_P26367_AD_271-422,g.31790841G>T(p.Thr351Asn),False,False
3,PAX6_P26367_AD_271-422,g.31793509C>T(p.Ala321Thr),False,False
4,PAX6_P26367_AD_271-422,g.31790812T>C(p.Ser361Gly),False,False
5,PAX6_P26367_AD_271-422,g.31789944C>A(p.Arg420Ile),False,False
6,PAX6_P26367_AD_271-422,g.31793496G>T(p.Thr325Asn),False,False
7,PAX6_P26367_AD_271-422,g.31793508G>C(p.Ala321Gly),False,False
8,PAX6_P26367_AD_271-422,g.31790736A>G(p.Met386Thr),False,False
9,PAX6_P26367_AD_271-422,g.31790794G>A(p.Arg367Trp),False,False
10,PAX6_P26367_AD_271-422,g.31790776T>C(p.Thr373Ala),False,False
11,PAX6_P26367_AD_271-422,g.31790857G>C(p.Pro346Ala),False,False
12,PAX6_P26367_AD_271-422,g.31793524C>T(p.Gly316Ser),False,False
13,PAX6_P26367_AD_271-422,g.31793446G>A(p.Pro342Ser),False,False
14,PAX6_P26367_AD_271-422,g.31789944C>G(p.Arg420Thr),False,False
15,PAX6_P26367_AD_271-422,g.31790733C>T(p.Gly387Asp),False,False
16,PAX6_P26367_AD_271-422,g.31793675G>T(p.Pro298Gln),False,False
17,PAX6_P26367_AD_271-422,g.31790746T>G(p.Ser383Arg),False,False
18,PAX6_P26367_AD_271-422,g.31790727G>A(p.Ser389Leu),False,False
19,PAX6_P26367_AD_271-422,g.31790778T>C(p.Tyr372Cys),False,False
20,PAX6_P26367_AD_271-422,g.31790854C>T(p.Val347Ile),False,False
21,PAX6_P26367_AD_271-422,g.31790814G>A(p.Thr360Ile),False,False
22,PAX6_P26367_AD_271-422,g.31793654G>A(p.Pro305Leu),False,False
23,PAX6_P26367_AD_271-422,g.31789938T>C(p.Gln422Arg),False,False
24,PAX6_P26367_AD_271-422,g.31789937C>A(p.Gln422His),False,False
25,PAX6_P26367_AD_271-422,g.31793508G>T(p.Ala321Asp),False,False
26,PAX6_P26367_AD_271-422,g.31789957G>T(p.Gln416Lys),False,False
27,PAX6_P26367_AD_271-422,g.31790769G>T(p.Pro375Gln),False,False
28,PAX6_P26367_AD_271-422,g.31793491T>C(p.Ser327Gly),False,False
29,PAX6_P26367_AD_271-422,g.31793513G>C(p.Asp319Glu),False,False
30,PAX6_P26367_AD_271-422,g.31789963T>C(p.Met414Val),False,False
31,PAX6_P26367_AD_271-422,g.31793488C>T(p.Ala328Thr),False,False
32,PAX6_P26367_AD_271-422,g.31789937C>G(p.Gln422His),False,False
33,PAX6_P26367_AD_271-422,g.31790836A>C(p.Ser353Ala),False,False
34,PAX6_P26367_AD_271-422,g.31789938T>G(p.Gln422Pro),False,False
35,PAX6_P26367_AD_271-422,g.31789943T>A(p.Arg420Ser),False,False
36,PAX6_P26367_AD_271-422,g.31793472G>T(p.Pro333His),False,False
37,PAX6_P26367_AD_271-422,g.31790746T>C(p.Ser383Gly),False,False
38,PAX6_P26367_AD_271-422,g.31790781G>A(p.Thr371Ile),False,False
39,PAX6_P26367_AD_271-422,g.31789961C>A(p.Met414Ile),False,False
40,PAX6_P26367_AD_271-422,g.31789939G>T(p.Gln422Lys),False,False
41,PAX6_P26367_AD_271-422,g.31790793C>T(p.Arg367Gln),False,False
0,NFIA_Q12857_AD_427-509,g.61426498G>A(p.Arg485Gln),False,False
1,NFIA_Q12857_AD_427-509,g.61406629C>T(p.Pro441Leu),False,False
2,NFIA_Q12857_AD_427-509,g.61426519G>A(p.Arg492Gln),False,False
3,NFIA_Q12857_AD_427-509,g.61406652G>C(p.Val449Leu),False,False
4,NFIA_Q12857_AD_427-509,g.61426503G>C(p.Val487Leu),False,False
5,NFIA_Q12857_AD_427-509,g.61406662C>T(p.Pro452Leu),False,False
6,NFIA_Q12857_AD_427-509,g.61426468A>G(p.Tyr475Cys),False,False
7,NFIA_Q12857_AD_427-509,g.61426491G>A(p.Ala483Thr),False,False
8,NFIA_Q12857_AD_427-509,g.61426503G>A(p.Val487Ile),False,False
9,NFIA_Q12857_AD_427-509,g.61406719C>A(p.Thr471Lys),False,False
10,NFIA_Q12857_AD_427-509,g.61406638C>T(p.Pro444Leu),False,False
0,CASZ1_Q86V15_AD_31-185,g.10665404G>A(p.Arg62Trp),False,False
1,CASZ1_Q86V15_AD_31-185,g.10665188C>T(p.Asp134Asn),False,False
2,CASZ1_Q86V15_AD_31-185,g.10665422C>T(p.Gly56Ser),False,False
3,CASZ1_Q86V15_AD_31-185,g.10665440C>T(p.Ala50Thr),False,False
4,CASZ1_Q86V15_AD_31-185,g.10665181G>A(p.Ala136Val),False,False
5,CASZ1_Q86V15_AD_31-185,g.10665125C>G(p.Ala155Pro),False,False
6,CASZ1_Q86V15_AD_31-185,g.10665149C>T(p.Glu147Lys),False,False
7,CASZ1_Q86V15_AD_31-185,g.10660487G>T(p.Phe185Leu),False,False
8,CASZ1_Q86V15_AD_31-185,g.10665470G>A(p.Arg40Cys),False,False
9,CASZ1_Q86V15_AD_31-185,g.10665355C>T(p.Arg78His),False,False
10,CASZ1_Q86V15_AD_31-185,g.10665391C>T(p.Arg66His),False,False
11,CASZ1_Q86V15_AD_31-185,g.10665379T>G(p.Glu70Ala),False,False
12,CASZ1_Q86V15_AD_31-185,g.10665448C>T(p.Arg47Gln),False,False
13,CASZ1_Q86V15_AD_31-185,g.10665427G>T(p.Thr54Lys),False,False
14,CASZ1_Q86V15_AD_31-185,g.10665421C>T(p.Gly56Asp),False,False
15,CASZ1_Q86V15_AD_31-185,g.10665109C>A(p.Ser160Ile),False,False
16,CASZ1_Q86V15_AD_31-185,g.10665364C>G(p.Arg75Pro),False,False
17,CASZ1_Q86V15_AD_31-185,g.10665296C>T(p.Glu98Lys),False,False
18,CASZ1_Q86V15_AD_31-185,g.10665427G>A(p.Thr54Met),False,False
19,CASZ1_Q86V15_AD_31-185,g.10665197C>T(p.Asp131Asn),False,False
20,CASZ1_Q86V15_AD_31-185,g.10665256C>T(p.Arg111His),False,False
21,CASZ1_Q86V15_AD_31-185,g.10665364C>T(p.Arg75Gln),False,False
22,CASZ1_Q86V15_AD_31-185,g.10665107C>A(p.Gly161Cys),False,False
23,CASZ1_Q86V15_AD_31-185,g.10665125C>T(p.Ala155Thr),False,False
24,CASZ1_Q86V15_AD_31-185,g.10660531C>T(p.Ala171Thr),False,False
25,CASZ1_Q86V15_AD_31-185,g.10665298C>T(p.Ser97Asn),False,False
26,CASZ1_Q86V15_AD_31-185,g.10665469C>T(p.Arg40His),False,False
27,CASZ1_Q86V15_AD_31-185,g.10665412G>A(p.Ser59Leu),False,False
28,CASZ1_Q86V15_AD_31-185,g.10665289G>A(p.Pro100Leu),False,False
29,CASZ1_Q86V15_AD_31-185,g.10665314C>G(p.Val92Leu),False,False
30,CASZ1_Q86V15_AD_31-185,g.10660512T>C(p.Tyr177Cys),False,False
31,CASZ1_Q86V15_AD_31-185,g.10665199C>T(p.Ser130Asn),False,False
32,CASZ1_Q86V15_AD_31-185,g.10665449G>C(p.Arg47Gly),False,False
33,CASZ1_Q86V15_AD_31-185,g.10665441G>C(p.Asp49Glu),False,False
34,CASZ1_Q86V15_AD_31-185,g.10665457A>G(p.Val44Ala),False,False
35,CASZ1_Q86V15_AD_31-185,g.10665115T>C(p.Glu158Gly),False,False
36,CASZ1_Q86V15_AD_31-185,g.10665128C>T(p.Ala154Thr),False,False
37,CASZ1_Q86V15_AD_31-185,g.10665131C>T(p.Gly153Arg),False,False
38,CASZ1_Q86V15_AD_31-185,g.10665136G>A(p.Ser151Leu),False,False
39,CASZ1_Q86V15_AD_31-185,g.10665155C>T(p.Ala145Thr),False,False
40,CASZ1_Q86V15_AD_31-185,g.10665221T>C(p.Met123Val),False,False
41,CASZ1_Q86V15_AD_31-185,g.10665178T>C(p.Glu137Gly),False,False
42,CASZ1_Q86V15_AD_31-185,g.10665133T>A(p.Asp152Val),False,False
43,CASZ1_Q86V15_AD_31-185,g.10660513A>G(p.Tyr177His),False,False
44,CASZ1_Q86V15_AD_31-185,g.10665395C>T(p.Glu65Lys),False,False
45,CASZ1_Q86V15_AD_31-185,g.10665350C>T(p.Glu80Lys),False,False
46,CASZ1_Q86V15_AD_31-185,g.10665107C>T(p.Gly161Ser),False,False
47,CASZ1_Q86V15_AD_31-185,g.10665358G>A(p.Pro77Leu),False,False
48,CASZ1_Q86V15_AD_31-185,g.10665182C>T(p.Ala136Thr),False,False
49,CASZ1_Q86V15_AD_31-185,g.10665331G>A(p.Ala86Val),False,False
50,CASZ1_Q86V15_AD_31-185,g.10665297G>C(p.Ser97Arg),False,False
51,CASZ1_Q86V15_AD_31-185,g.10665128C>A(p.Ala154Ser),False,False
52,CASZ1_Q86V15_AD_31-185,g.10665118T>C(p.Lys157Arg),False,False
53,CASZ1_Q86V15_AD_31-185,g.10665308C>T(p.Gly94Arg),False,False
54,CASZ1_Q86V15_AD_31-185,g.10665377A>G(p.Ser71Pro),False,False
55,CASZ1_Q86V15_AD_31-185,g.10660509G>A(p.Ala178Val),False,False
56,CASZ1_Q86V15_AD_31-185,g.10660524G>A(p.Ser173Leu),False,False
57,CASZ1_Q86V15_AD_31-185,g.10665265C>T(p.Arg108Gln),False,False
58,CASZ1_Q86V15_AD_31-185,g.10665491C>T(p.Ala33Thr),False,False
59,CASZ1_Q86V15_AD_31-185,g.10665132G>T(p.Asp152Glu),False,False
60,CASZ1_Q86V15_AD_31-185,g.10665441G>T(p.Asp49Glu),False,False
61,CASZ1_Q86V15_AD_31-185,g.10665183G>C(p.His135Gln),False,False
62,CASZ1_Q86V15_AD_31-185,g.10660518C>T(p.Arg175Gln),False,False
63,CASZ1_Q86V15_AD_31-185,g.10665254C>T(p.Glu112Lys),False,False
64,CASZ1_Q86V15_AD_31-185,g.10665356G>T(p.Arg78Ser),False,False
65,CASZ1_Q86V15_AD_31-185,g.10665482C>T(p.Ala36Thr),False,False
66,CASZ1_Q86V15_AD_31-185,g.10665334C>T(p.Arg85Gln),False,False
67,CASZ1_Q86V15_AD_31-185,g.10660490C>G(p.Glu184Asp),False,False
68,CASZ1_Q86V15_AD_31-185,g.10665424T>A(p.Glu55Val),False,False
69,CASZ1_Q86V15_AD_31-185,g.10665473T>G(p.Ser39Arg),False,False
70,CASZ1_Q86V15_AD_31-185,g.10665356G>A(p.Arg78Cys),False,False
71,CASZ1_Q86V15_AD_31-185,g.10665419T>C(p.Ser57Gly),False,False
72,CASZ1_Q86V15_AD_31-185,g.10665365G>A(p.Arg75Trp),False,False
73,CASZ1_Q86V15_AD_31-185,g.10665437C>T(p.Gly51Ser),False,False
74,CASZ1_Q86V15_AD_31-185,g.10665425C>T(p.Glu55Lys),False,False
75,CASZ1_Q86V15_AD_31-185,g.10665113C>A(p.Asp159Tyr),False,False
76,CASZ1_Q86V15_AD_31-185,g.10665257G>A(p.Arg111Cys),False,False
77,CASZ1_Q86V15_AD_31-185,g.10665265C>A(p.Arg108Leu),False,False
78,CASZ1_Q86V15_AD_31-185,g.10665361G>T(p.Ala76Asp),False,False
79,CASZ1_Q86V15_AD_31-185,g.10665182C>G(p.Ala136Pro),False,False
80,CASZ1_Q86V15_AD_31-185,g.10660510C>T(p.Ala178Thr),False,False
81,CASZ1_Q86V15_AD_31-185,g.10665359G>C(p.Pro77Ala),False,False
82,CASZ1_Q86V15_AD_31-185,g.10665161C>T(p.Gly143Ser),False,False
83,CASZ1_Q86V15_AD_31-185,g.10665251C>T(p.Gly113Ser),False,False
84,CASZ1_Q86V15_AD_31-185,g.10665370G>A(p.Ala73Val),False,False
85,CASZ1_Q86V15_AD_31-185,g.10665403C>T(p.Arg62Gln),False,False
86,CASZ1_Q86V15_AD_31-185,g.10665158C>T(p.Gly144Ser),False,False
0,ARX_Q96QS3_AD_472-562,g.25004863G>A(p.Ala499Val),False,False
1,ARX_Q96QS3_AD_472-562,g.25004733G>C(p.His542Gln),False,False
2,ARX_Q96QS3_AD_472-562,g.25004810G>C(p.Leu517Val),False,False
3,ARX_Q96QS3_AD_472-562,g.25004873T>C(p.Thr496Ala),False,False
4,ARX_Q96QS3_AD_472-562,g.25004786C>A(p.Ala525Ser),False,False
5,ARX_Q96QS3_AD_472-562,g.25004818G>A(p.Ser514Leu),False,False
6,ARX_Q96QS3_AD_472-562,g.25004813C>G(p.Ala516Pro),False,False
7,ARX_Q96QS3_AD_472-562,g.25004813C>A(p.Ala516Ser),False,False
8,ARX_Q96QS3_AD_472-562,g.25004864C>T(p.Ala499Thr),False,False
9,ARX_Q96QS3_AD_472-562,g.25004897T>C(p.Met488Val),False,False
10,ARX_Q96QS3_AD_472-562,g.25004794G>C(p.Thr522Arg),False,False
11,ARX_Q96QS3_AD_472-562,g.25004801G>A(p.Pro520Ser),False,False
12,ARX_Q96QS3_AD_472-562,g.25004884G>C(p.Thr492Ser),False,False
13,ARX_Q96QS3_AD_472-562,g.25004785G>A(p.Ala525Val),False,False
14,ARX_Q96QS3_AD_472-562,g.25004798C>T(p.Ala521Thr),False,False
15,ARX_Q96QS3_AD_472-562,g.25004774C>T(p.Ala529Thr),False,False
16,ARX_Q96QS3_AD_472-562,g.25004840C>G(p.Ala507Pro),False,False
17,ARX_Q96QS3_AD_472-562,g.25004864C>G(p.Ala499Pro),False,False
18,ARX_Q96QS3_AD_472-562,g.25004741T>C(p.Lys540Glu),False,False
19,ARX_Q96QS3_AD_472-562,g.25004888G>T(p.Leu491Met),False,False
0,ERG_P11308_AD_118-261,g.38402580C>T(p.Arg224Gln),False,False
1,ERG_P11308_AD_118-261,g.38403661G>A(p.Ala153Val),False,False
2,ERG_P11308_AD_118-261,g.38400591C>T(p.Arg250Lys),False,False
3,ERG_P11308_AD_118-261,g.38400639G>A(p.Ala234Val),False,False
4,ERG_P11308_AD_118-261,g.38403679C>T(p.Arg147Gln),False,False
5,ERG_P11308_AD_118-261,g.38402573C>T(p.Met226Ile),False,False
6,ERG_P11308_AD_118-261,g.38403509C>G(p.Glu204Gln),False,False
7,ERG_P11308_AD_118-261,g.38403643A>G(p.Leu159Pro),False,False
8,ERG_P11308_AD_118-261,g.38402625T>C(p.His209Arg),False,False
9,ERG_P11308_AD_118-261,g.38402574A>G(p.Met226Thr),False,False
10,ERG_P11308_AD_118-261,g.38423419C>T(p.Val134Met),False,False
11,ERG_P11308_AD_118-261,g.38423455G>A(p.Pro122Ser),False,False
12,ERG_P11308_AD_118-261,g.38400625G>T(p.Pro239Thr),False,False
13,ERG_P11308_AD_118-261,g.38403659C>T(p.Val154Met),False,False
14,ERG_P11308_AD_118-261,g.38403662C>T(p.Ala153Thr),False,False
15,ERG_P11308_AD_118-261,g.38400585G>T(p.Thr252Lys),False,False
16,ERG_P11308_AD_118-261,g.38403659C>A(p.Val154Leu),False,False
17,ERG_P11308_AD_118-261,g.38403547T>C(p.Asn191Ser),False,False
18,ERG_P11308_AD_118-261,g.38403556G>C(p.Pro188Arg),False,False
19,ERG_P11308_AD_118-261,g.38403691G>A(p.Thr143Ile),False,False
20,ERG_P11308_AD_118-261,g.38423430C>T(p.Arg130His),False,False
21,ERG_P11308_AD_118-261,g.38403607T>C(p.Asp171Gly),False,False
22,ERG_P11308_AD_118-261,g.38423451G>C(p.Pro123Arg),False,False
23,ERG_P11308_AD_118-261,g.38403650A>G(p.Tyr157His),False,False
24,ERG_P11308_AD_118-261,g.38400597G>A(p.Thr248Met),False,False
25,ERG_P11308_AD_118-261,g.38403703G>A(p.Thr139Met),False,False
26,ERG_P11308_AD_118-261,g.38403635C>T(p.Val162Ile),False,False
27,ERG_P11308_AD_118-261,g.38403687G>C(p.Asp144Glu),False,False
28,ERG_P11308_AD_118-261,g.38403694C>T(p.Ser142Asn),False,False
29,ERG_P11308_AD_118-261,g.38403606A>C(p.Asp171Glu),False,False
30,ERG_P11308_AD_118-261,g.38400580T>C(p.Arg254Gly),False,False
31,ERG_P11308_AD_118-261,g.38403608C>T(p.Asp171Asn),False,False
32,ERG_P11308_AD_118-261,g.38403617G>C(p.Gln168Glu),False,False
33,ERG_P11308_AD_118-261,g.38423444C>T(p.Met125Ile),False,False
34,ERG_P11308_AD_118-261,g.38423449T>C(p.Asn124Asp),False,False
35,ERG_P11308_AD_118-261,g.38403584T>A(p.Thr179Ser),False,False
36,ERG_P11308_AD_118-261,g.38403566T>C(p.Arg185Gly),False,False
0,TCF4_P15884_AD_1-100,g.55461064A>G(p.Ser87Pro),True,True
1,TCF4_P15884_AD_1-100,g.55464116G>A(p.Ser56Leu),True,True
2,TCF4_P15884_AD_1-100,g.55587112T>A(p.His2Leu),True,True
3,TCF4_P15884_AD_1-100,g.55461086G>C(p.His79Gln),True,True
4,TCF4_P15884_AD_1-100,g.55461111T>C(p.Tyr71Cys),True,True
5,TCF4_P15884_AD_1-100,g.55461114T>C(p.Asn70Ser),True,True
6,TCF4_P15884_AD_1-100,g.55464090G>A(p.Pro65Ser),True,True
7,TCF4_P15884_AD_1-100,g.55461054T>C(p.Asn90Ser),True,True
8,TCF4_P15884_AD_1-100,g.55461090T>C(p.Asp78Gly),True,True
9,TCF4_P15884_AD_1-100,g.55461088G>C(p.His79Asp),True,True
10,TCF4_P15884_AD_1-100,g.55461093T>C(p.Tyr77Cys),True,True
11,TCF4_P15884_AD_1-100,g.55461083C>T(p.Met80Ile),True,True
12,TCF4_P15884_AD_1-100,g.55464101T>C(p.Asn61Ser),True,True
13,TCF4_P15884_AD_1-100,g.55464119C>T(p.Ser55Asn),True,True
14,TCF4_P15884_AD_1-100,g.55461078C>A(p.Ser82Ile),True,True
15,TCF4_P15884_AD_1-100,g.55461100T>C(p.Thr75Ala),True,True
0,DLX3_O60479_AD_2-91,g.49994994C>G(p.Ser2Thr),False,False
1,DLX3_O60479_AD_2-91,g.49994979C>A(p.Arg7Leu),False,False
2,DLX3_O60479_AD_2-91,g.49994908T>C(p.Thr31Ala),False,False
3,DLX3_O60479_AD_2-91,g.49994739G>T(p.Thr87Asn),False,False
4,DLX3_O60479_AD_2-91,g.49994805T>C(p.Tyr65Cys),False,False
5,DLX3_O60479_AD_2-91,g.49994928G>T(p.Ala24Glu),False,False
6,DLX3_O60479_AD_2-91,g.49994901G>A(p.Pro33Leu),False,False
7,DLX3_O60479_AD_2-91,g.49994772C>T(p.Gly76Asp),False,False
8,DLX3_O60479_AD_2-91,g.49994731C>A(p.Ala90Ser),False,False
9,DLX3_O60479_AD_2-91,g.49994832T>C(p.Tyr56Cys),False,False
10,DLX3_O60479_AD_2-91,g.49994736T>C(p.Tyr88Cys),False,False
11,DLX3_O60479_AD_2-91,g.49994772C>A(p.Gly76Val),False,False
12,DLX3_O60479_AD_2-91,g.49994943G>T(p.Ser19Tyr),False,False
13,DLX3_O60479_AD_2-91,g.49994896A>T(p.Ser35Thr),False,False
14,DLX3_O60479_AD_2-91,g.49994917C>A(p.Asp28Tyr),False,False
15,DLX3_O60479_AD_2-91,g.49994853T>C(p.Asp49Gly),False,False
16,DLX3_O60479_AD_2-91,g.49994854C>G(p.Asp49His),False,False
17,DLX3_O60479_AD_2-91,g.49994938T>A(p.Ser21Cys),False,False
18,DLX3_O60479_AD_2-91,g.49994902G>T(p.Pro33Thr),False,False
19,DLX3_O60479_AD_2-91,g.49994878C>A(p.Gly41Cys),False,False
20,DLX3_O60479_AD_2-91,g.49994859T>C(p.Gln47Arg),False,False
21,DLX3_O60479_AD_2-91,g.49994949G>C(p.Ser17Cys),False,False
22,DLX3_O60479_AD_2-91,g.49994844G>A(p.Ser52Leu),False,False
23,DLX3_O60479_AD_2-91,g.49994893A>G(p.Ser36Pro),False,False
24,DLX3_O60479_AD_2-91,g.49994791T>A(p.Asn70Tyr),False,False
25,DLX3_O60479_AD_2-91,g.49994785T>G(p.Asn72His),False,False
26,DLX3_O60479_AD_2-91,g.49994944A>T(p.Ser19Thr),False,False
27,DLX3_O60479_AD_2-91,g.49994980G>C(p.Arg7Gly),False,False
28,DLX3_O60479_AD_2-91,g.49994775G>C(p.Ala75Gly),False,False
29,DLX3_O60479_AD_2-91,g.49994814G>A(p.Pro62Leu),False,False
30,DLX3_O60479_AD_2-91,g.49994767C>T(p.Gly78Ser),False,False
0,HIVEP3_Q5T1R4_AD_211-1074,g.41582027G>T(p.Ser924Tyr),False,False
1,HIVEP3_Q5T1R4_AD_211-1074,g.41583171T>C(p.Met543Val),False,False
2,HIVEP3_Q5T1R4_AD_211-1074,g.41583509G>C(p.Ala430Gly),False,False
3,HIVEP3_Q5T1R4_AD_211-1074,g.41582367A>T(p.Ser811Thr),False,False
4,HIVEP3_Q5T1R4_AD_211-1074,g.41583198G>A(p.Pro534Ser),False,False
5,HIVEP3_Q5T1R4_AD_211-1074,g.41582345A>G(p.Leu818Ser),False,False
6,HIVEP3_Q5T1R4_AD_211-1074,g.41583936T>C(p.Thr288Ala),False,False
7,HIVEP3_Q5T1R4_AD_211-1074,g.41582993C>G(p.Ser602Thr),False,False
8,HIVEP3_Q5T1R4_AD_211-1074,g.41583093C>T(p.Asp569Asn),False,False
9,HIVEP3_Q5T1R4_AD_211-1074,g.41582146G>C(p.Phe884Leu),False,False
10,HIVEP3_Q5T1R4_AD_211-1074,g.41583827C>T(p.Cys324Tyr),False,False
11,HIVEP3_Q5T1R4_AD_211-1074,g.41582717G>C(p.Pro694Arg),False,False
12,HIVEP3_Q5T1R4_AD_211-1074,g.41583495T>G(p.Thr435Pro),False,False
13,HIVEP3_Q5T1R4_AD_211-1074,g.41583200G>C(p.Pro533Arg),False,False
14,HIVEP3_Q5T1R4_AD_211-1074,g.41582559G>C(p.Arg747Gly),False,False
15,HIVEP3_Q5T1R4_AD_211-1074,g.41581744C>G(p.Leu1018Phe),False,False
16,HIVEP3_Q5T1R4_AD_211-1074,g.41581676C>A(p.Arg1041Ile),False,False
17,HIVEP3_Q5T1R4_AD_211-1074,g.41581898C>T(p.Arg967His),False,False
18,HIVEP3_Q5T1R4_AD_211-1074,g.41582073G>C(p.Arg909Gly),False,False
19,HIVEP3_Q5T1R4_AD_211-1074,g.41581592C>T(p.Ser1069Asn),False,False
20,HIVEP3_Q5T1R4_AD_211-1074,g.41582180G>A(p.Pro873Leu),False,False
21,HIVEP3_Q5T1R4_AD_211-1074,g.41581881T>C(p.Thr973Ala),False,False
22,HIVEP3_Q5T1R4_AD_211-1074,g.41583788T>A(p.Asp337Val),False,False
23,HIVEP3_Q5T1R4_AD_211-1074,g.41583995A>T(p.Ile268Asn),False,False
24,HIVEP3_Q5T1R4_AD_211-1074,g.41583912C>T(p.Ala296Thr),False,False
25,HIVEP3_Q5T1R4_AD_211-1074,g.41582552A>G(p.Leu749Pro),False,False
26,HIVEP3_Q5T1R4_AD_211-1074,g.41582414T>C(p.Lys795Arg),False,False
27,HIVEP3_Q5T1R4_AD_211-1074,g.41582828T>C(p.Asn657Ser),False,False
28,HIVEP3_Q5T1R4_AD_211-1074,g.41581803C>T(p.Val999Ile),False,False
29,HIVEP3_Q5T1R4_AD_211-1074,g.41582360T>A(p.Glu813Val),False,False
30,HIVEP3_Q5T1R4_AD_211-1074,g.41583159C>T(p.Ala547Thr),False,False
31,HIVEP3_Q5T1R4_AD_211-1074,g.41584131C>T(p.Gly223Ser),False,False
32,HIVEP3_Q5T1R4_AD_211-1074,g.41581734C>A(p.Gly1022Cys),False,False
33,HIVEP3_Q5T1R4_AD_211-1074,g.41583494G>A(p.Thr435Ile),False,False
34,HIVEP3_Q5T1R4_AD_211-1074,g.41584044A>T(p.Ser252Thr),False,False
35,HIVEP3_Q5T1R4_AD_211-1074,g.41583198G>C(p.Pro534Ala),False,False
36,HIVEP3_Q5T1R4_AD_211-1074,g.41583080A>G(p.Leu573Pro),False,False
37,HIVEP3_Q5T1R4_AD_211-1074,g.41581805T>C(p.Asn998Ser),False,False
38,HIVEP3_Q5T1R4_AD_211-1074,g.41582721C>T(p.Glu693Lys),False,False
39,HIVEP3_Q5T1R4_AD_211-1074,g.41583013T>G(p.Leu595Phe),False,False
40,HIVEP3_Q5T1R4_AD_211-1074,g.41581937T>C(p.His954Arg),False,False
41,HIVEP3_Q5T1R4_AD_211-1074,g.41582690A>C(p.Leu703Arg),False,False
42,HIVEP3_Q5T1R4_AD_211-1074,g.41584071C>T(p.Ala243Thr),False,False
43,HIVEP3_Q5T1R4_AD_211-1074,g.41582451C>A(p.Gly783Cys),False,False
44,HIVEP3_Q5T1R4_AD_211-1074,g.41583780G>A(p.Pro340Ser),False,False
45,HIVEP3_Q5T1R4_AD_211-1074,g.41583087C>G(p.Glu571Gln),False,False
46,HIVEP3_Q5T1R4_AD_211-1074,g.41582765C>T(p.Gly678Asp),False,False
47,HIVEP3_Q5T1R4_AD_211-1074,g.41582009C>T(p.Arg930His),False,False
48,HIVEP3_Q5T1R4_AD_211-1074,g.41581922G>T(p.Ala959Asp),False,False
49,HIVEP3_Q5T1R4_AD_211-1074,g.41583492A>C(p.Ser436Ala),False,False
50,HIVEP3_Q5T1R4_AD_211-1074,g.41581697C>T(p.Arg1034Gln),False,False
51,HIVEP3_Q5T1R4_AD_211-1074,g.41583962C>T(p.Gly279Glu),False,False
52,HIVEP3_Q5T1R4_AD_211-1074,g.41583143G>A(p.Thr552Ile),False,False
53,HIVEP3_Q5T1R4_AD_211-1074,g.41581833G>A(p.Arg989Trp),False,False
54,HIVEP3_Q5T1R4_AD_211-1074,g.41582979C>G(p.Gly607Arg),False,False
55,HIVEP3_Q5T1R4_AD_211-1074,g.41581688G>A(p.Pro1037Leu),False,False
56,HIVEP3_Q5T1R4_AD_211-1074,g.41583239T>G(p.Gln520Pro),False,False
57,HIVEP3_Q5T1R4_AD_211-1074,g.41582252C>T(p.Arg849His),False,False
58,HIVEP3_Q5T1R4_AD_211-1074,g.41583282G>A(p.Arg506Trp),False,False
59,HIVEP3_Q5T1R4_AD_211-1074,g.41582486G>A(p.Thr771Met),False,False
60,HIVEP3_Q5T1R4_AD_211-1074,g.41581611G>C(p.Pro1063Ala),False,False
61,HIVEP3_Q5T1R4_AD_211-1074,g.41582307G>A(p.Pro831Ser),False,False
62,HIVEP3_Q5T1R4_AD_211-1074,g.41582010G>A(p.Arg930Cys),False,False
63,HIVEP3_Q5T1R4_AD_211-1074,g.41583888G>C(p.Gln304Glu),False,False
64,HIVEP3_Q5T1R4_AD_211-1074,g.41582196C>T(p.Asp868Asn),False,False
65,HIVEP3_Q5T1R4_AD_211-1074,g.41582303G>A(p.Pro832Leu),False,False
66,HIVEP3_Q5T1R4_AD_211-1074,g.41583440G>A(p.Pro453Leu),False,False
67,HIVEP3_Q5T1R4_AD_211-1074,g.41582724G>A(p.His692Tyr),False,False
68,HIVEP3_Q5T1R4_AD_211-1074,g.41582474G>C(p.Pro775Arg),False,False
69,HIVEP3_Q5T1R4_AD_211-1074,g.41583200G>T(p.Pro533His),False,False
70,HIVEP3_Q5T1R4_AD_211-1074,g.41583510C>T(p.Ala430Thr),False,False
71,HIVEP3_Q5T1R4_AD_211-1074,g.41584117G>C(p.Phe227Leu),False,False
72,HIVEP3_Q5T1R4_AD_211-1074,g.41583197G>A(p.Pro534Leu),False,False
73,HIVEP3_Q5T1R4_AD_211-1074,g.41583063C>T(p.Val579Met),False,False
74,HIVEP3_Q5T1R4_AD_211-1074,g.41583698C>T(p.Arg367His),False,False
75,HIVEP3_Q5T1R4_AD_211-1074,g.41583302G>A(p.Ser499Phe),False,False
76,HIVEP3_Q5T1R4_AD_211-1074,g.41582919C>G(p.Glu627Gln),False,False
77,HIVEP3_Q5T1R4_AD_211-1074,g.41582177G>A(p.Pro874Leu),False,False
78,HIVEP3_Q5T1R4_AD_211-1074,g.41583107T>C(p.Asp564Gly),False,False
79,HIVEP3_Q5T1R4_AD_211-1074,g.41581700G>A(p.Ala1033Val),False,False
80,HIVEP3_Q5T1R4_AD_211-1074,g.41582271G>C(p.Leu843Val),False,False
81,HIVEP3_Q5T1R4_AD_211-1074,g.41582132C>T(p.Arg889His),False,False
82,HIVEP3_Q5T1R4_AD_211-1074,g.41583699G>A(p.Arg367Cys),False,False
83,HIVEP3_Q5T1R4_AD_211-1074,g.41583516G>A(p.Arg428Trp),False,False
84,HIVEP3_Q5T1R4_AD_211-1074,g.41582332G>T(p.Asp822Glu),False,False
85,HIVEP3_Q5T1R4_AD_211-1074,g.41583765A>G(p.Ser345Pro),False,False
86,HIVEP3_Q5T1R4_AD_211-1074,g.41582321G>A(p.Ala826Val),False,False
87,HIVEP3_Q5T1R4_AD_211-1074,g.41583612G>A(p.Arg396Cys),False,False
88,HIVEP3_Q5T1R4_AD_211-1074,g.41582834C>T(p.Arg655Lys),False,False
89,HIVEP3_Q5T1R4_AD_211-1074,g.41583178G>C(p.Ser540Arg),False,False
90,HIVEP3_Q5T1R4_AD_211-1074,g.41583248T>C(p.Lys517Arg),False,False
91,HIVEP3_Q5T1R4_AD_211-1074,g.41583152G>C(p.Thr549Ser),False,False
92,HIVEP3_Q5T1R4_AD_211-1074,g.41582166G>A(p.Pro878Ser),False,False
93,HIVEP3_Q5T1R4_AD_211-1074,g.41582727C>T(p.Glu691Lys),False,False
94,HIVEP3_Q5T1R4_AD_211-1074,g.41582823C>T(p.Glu659Lys),False,False
95,HIVEP3_Q5T1R4_AD_211-1074,g.41583143G>C(p.Thr552Ser),False,False
96,HIVEP3_Q5T1R4_AD_211-1074,g.41583579G>T(p.Pro407Thr),False,False
97,HIVEP3_Q5T1R4_AD_211-1074,g.41581583G>A(p.Pro1072Leu),False,False
98,HIVEP3_Q5T1R4_AD_211-1074,g.41581662C>T(p.Val1046Met),False,False
99,HIVEP3_Q5T1R4_AD_211-1074,g.41582469T>C(p.Thr777Ala),False,False
100,HIVEP3_Q5T1R4_AD_211-1074,g.41582108G>T(p.Pro897Gln),False,False
101,HIVEP3_Q5T1R4_AD_211-1074,g.41583318G>A(p.Arg494Cys),False,False
102,HIVEP3_Q5T1R4_AD_211-1074,g.41581955G>A(p.Ser948Leu),False,False
103,HIVEP3_Q5T1R4_AD_211-1074,g.41582856A>G(p.Cys648Arg),False,False
104,HIVEP3_Q5T1R4_AD_211-1074,g.41583218T>C(p.His527Arg),False,False
105,HIVEP3_Q5T1R4_AD_211-1074,g.41583507T>C(p.Met431Val),False,False
106,HIVEP3_Q5T1R4_AD_211-1074,g.41583543A>T(p.Phe419Ile),False,False
107,HIVEP3_Q5T1R4_AD_211-1074,g.41582172T>C(p.Lys876Glu),False,False
108,HIVEP3_Q5T1R4_AD_211-1074,g.41581926C>T(p.Glu958Lys),False,False
109,HIVEP3_Q5T1R4_AD_211-1074,g.41582334C>A(p.Asp822Tyr),False,False
110,HIVEP3_Q5T1R4_AD_211-1074,g.41583042T>G(p.Met586Leu),False,False
111,HIVEP3_Q5T1R4_AD_211-1074,g.41582244T>C(p.Asn852Asp),False,False
112,HIVEP3_Q5T1R4_AD_211-1074,g.41582178G>A(p.Pro874Ser),False,False
113,HIVEP3_Q5T1R4_AD_211-1074,g.41582193T>A(p.Thr869Ser),False,False
114,HIVEP3_Q5T1R4_AD_211-1074,g.41582451C>T(p.Gly783Ser),False,False
115,HIVEP3_Q5T1R4_AD_211-1074,g.41583993G>A(p.Pro269Ser),False,False
116,HIVEP3_Q5T1R4_AD_211-1074,g.41583074T>C(p.His575Arg),False,False
117,HIVEP3_Q5T1R4_AD_211-1074,g.41583488G>A(p.Thr437Ile),False,False
118,HIVEP3_Q5T1R4_AD_211-1074,g.41582471C>T(p.Arg776Lys),False,False
119,HIVEP3_Q5T1R4_AD_211-1074,g.41582717G>A(p.Pro694Leu),False,False
120,HIVEP3_Q5T1R4_AD_211-1074,g.41583401G>A(p.Thr466Met),False,False
121,HIVEP3_Q5T1R4_AD_211-1074,g.41582733G>C(p.Gln689Glu),False,False
122,HIVEP3_Q5T1R4_AD_211-1074,g.41582205C>G(p.Asp865His),False,False
123,HIVEP3_Q5T1R4_AD_211-1074,g.41583754G>T(p.His348Gln),False,False
124,HIVEP3_Q5T1R4_AD_211-1074,g.41583579G>C(p.Pro407Ala),False,False
125,HIVEP3_Q5T1R4_AD_211-1074,g.41581964C>T(p.Arg945His),False,False
126,HIVEP3_Q5T1R4_AD_211-1074,g.41584031C>G(p.Gly256Ala),False,False
127,HIVEP3_Q5T1R4_AD_211-1074,g.41582396T>A(p.Gln801Leu),False,False
128,HIVEP3_Q5T1R4_AD_211-1074,g.41584027C>G(p.Glu257Asp),False,False
129,HIVEP3_Q5T1R4_AD_211-1074,g.41583204C>T(p.Ala532Thr),False,False
130,HIVEP3_Q5T1R4_AD_211-1074,g.41582420G>A(p.Thr793Met),False,False
131,HIVEP3_Q5T1R4_AD_211-1074,g.41583213G>A(p.Pro529Ser),False,False
132,HIVEP3_Q5T1R4_AD_211-1074,g.41582778G>A(p.Pro674Ser),False,False
133,HIVEP3_Q5T1R4_AD_211-1074,g.41582355G>A(p.Pro815Ser),False,False
134,HIVEP3_Q5T1R4_AD_211-1074,g.41583064G>T(p.His578Gln),False,False
135,HIVEP3_Q5T1R4_AD_211-1074,g.41583140G>C(p.Pro553Arg),False,False
136,HIVEP3_Q5T1R4_AD_211-1074,g.41582067C>A(p.Ala911Ser),False,False
137,HIVEP3_Q5T1R4_AD_211-1074,g.41582190C>G(p.Glu870Gln),False,False
138,HIVEP3_Q5T1R4_AD_211-1074,g.41581806T>C(p.Asn998Asp),False,False
139,HIVEP3_Q5T1R4_AD_211-1074,g.41583795G>A(p.Leu335Phe),False,False
140,HIVEP3_Q5T1R4_AD_211-1074,g.41582846C>T(p.Arg651Gln),False,False
141,HIVEP3_Q5T1R4_AD_211-1074,g.41581594C>A(p.Glu1068Asp),False,False
142,HIVEP3_Q5T1R4_AD_211-1074,g.41582795T>C(p.Glu668Gly),False,False
143,HIVEP3_Q5T1R4_AD_211-1074,g.41581841C>T(p.Arg986Gln),False,False
144,HIVEP3_Q5T1R4_AD_211-1074,g.41582190C>T(p.Glu870Lys),False,False
145,HIVEP3_Q5T1R4_AD_211-1074,g.41583474G>T(p.Pro442Thr),False,False
146,HIVEP3_Q5T1R4_AD_211-1074,g.41581925T>G(p.Glu958Ala),False,False
147,HIVEP3_Q5T1R4_AD_211-1074,g.41584026T>G(p.Met258Leu),False,False
148,HIVEP3_Q5T1R4_AD_211-1074,g.41582423G>T(p.Thr792Lys),False,False
149,HIVEP3_Q5T1R4_AD_211-1074,g.41582256C>T(p.Val848Ile),False,False
150,HIVEP3_Q5T1R4_AD_211-1074,g.41583317C>T(p.Arg494His),False,False
151,HIVEP3_Q5T1R4_AD_211-1074,g.41583798A>G(p.Ser334Pro),False,False
152,HIVEP3_Q5T1R4_AD_211-1074,g.41582750G>A(p.Pro683Leu),False,False
153,HIVEP3_Q5T1R4_AD_211-1074,g.41583581G>A(p.Pro406Leu),False,False
154,HIVEP3_Q5T1R4_AD_211-1074,g.41581629A>T(p.Ser1057Thr),False,False
155,HIVEP3_Q5T1R4_AD_211-1074,g.41582558C>T(p.Arg747Gln),False,False
156,HIVEP3_Q5T1R4_AD_211-1074,g.41581938G>A(p.His954Tyr),False,False
157,HIVEP3_Q5T1R4_AD_211-1074,g.41582175G>C(p.Pro875Ala),False,False
158,HIVEP3_Q5T1R4_AD_211-1074,g.41581999G>T(p.Ser933Arg),False,False
159,HIVEP3_Q5T1R4_AD_211-1074,g.41582354G>A(p.Pro815Leu),False,False
160,HIVEP3_Q5T1R4_AD_211-1074,g.41583215G>A(p.Pro528Leu),False,False
161,HIVEP3_Q5T1R4_AD_211-1074,g.41581653C>T(p.Ala1049Thr),False,False
162,HIVEP3_Q5T1R4_AD_211-1074,g.41583387T>A(p.Ile471Phe),False,False
163,HIVEP3_Q5T1R4_AD_211-1074,g.41583482G>T(p.Pro439His),False,False
164,HIVEP3_Q5T1R4_AD_211-1074,g.41582312G>A(p.Pro829Leu),False,False
165,HIVEP3_Q5T1R4_AD_211-1074,g.41582862T>G(p.Asn646His),False,False
166,HIVEP3_Q5T1R4_AD_211-1074,g.41584022T>C(p.Tyr259Cys),False,False
167,HIVEP3_Q5T1R4_AD_211-1074,g.41583611C>A(p.Arg396Leu),False,False
168,HIVEP3_Q5T1R4_AD_211-1074,g.41582609A>G(p.Phe730Ser),False,False
169,HIVEP3_Q5T1R4_AD_211-1074,g.41582573G>A(p.Pro742Leu),False,False
170,HIVEP3_Q5T1R4_AD_211-1074,g.41583555C>T(p.Ala415Thr),False,False
171,HIVEP3_Q5T1R4_AD_211-1074,g.41583812G>C(p.Ser329Cys),False,False
172,HIVEP3_Q5T1R4_AD_211-1074,g.41583931A>C(p.Ser289Arg),False,False
173,HIVEP3_Q5T1R4_AD_211-1074,g.41582978C>A(p.Gly607Val),False,False
174,HIVEP3_Q5T1R4_AD_211-1074,g.41583942C>G(p.Glu286Gln),False,False
175,HIVEP3_Q5T1R4_AD_211-1074,g.41581601C>G(p.Arg1066Thr),False,False
176,HIVEP3_Q5T1R4_AD_211-1074,g.41582960G>T(p.Thr613Lys),False,False
177,HIVEP3_Q5T1R4_AD_211-1074,g.41581959C>A(p.Ala947Ser),False,False
178,HIVEP3_Q5T1R4_AD_211-1074,g.41581911A>G(p.Ser963Pro),False,False
179,HIVEP3_Q5T1R4_AD_211-1074,g.41583673G>C(p.Ile375Met),False,False
180,HIVEP3_Q5T1R4_AD_211-1074,g.41583252T>C(p.Thr516Ala),False,False
181,HIVEP3_Q5T1R4_AD_211-1074,g.41582202G>A(p.Arg866Trp),False,False
182,HIVEP3_Q5T1R4_AD_211-1074,g.41583728G>T(p.Thr357Asn),False,False
183,HIVEP3_Q5T1R4_AD_211-1074,g.41583005C>G(p.Gly598Ala),False,False
184,HIVEP3_Q5T1R4_AD_211-1074,g.41583792C>T(p.Glu336Lys),False,False
185,HIVEP3_Q5T1R4_AD_211-1074,g.41581779C>G(p.Glu1007Gln),False,False
186,HIVEP3_Q5T1R4_AD_211-1074,g.41583149A>G(p.Ile550Thr),False,False
187,HIVEP3_Q5T1R4_AD_211-1074,g.41581832C>T(p.Arg989Gln),False,False
188,HIVEP3_Q5T1R4_AD_211-1074,g.41583105C>T(p.Asp565Asn),False,False
189,HIVEP3_Q5T1R4_AD_211-1074,g.41583932C>T(p.Ser289Asn),False,False
190,HIVEP3_Q5T1R4_AD_211-1074,g.41582516C>T(p.Ser761Asn),False,False
191,HIVEP3_Q5T1R4_AD_211-1074,g.41582286G>A(p.Arg838Cys),False,False
192,HIVEP3_Q5T1R4_AD_211-1074,g.41581617C>A(p.Val1061Phe),False,False
193,HIVEP3_Q5T1R4_AD_211-1074,g.41582459G>T(p.Pro780Gln),False,False
194,HIVEP3_Q5T1R4_AD_211-1074,g.41583375C>T(p.Val475Met),False,False
195,HIVEP3_Q5T1R4_AD_211-1074,g.41583611C>T(p.Arg396His),False,False
196,HIVEP3_Q5T1R4_AD_211-1074,g.41582736T>C(p.Ser688Gly),False,False
197,HIVEP3_Q5T1R4_AD_211-1074,g.41583348C>T(p.Val484Met),False,False
198,HIVEP3_Q5T1R4_AD_211-1074,g.41582804T>C(p.Tyr665Cys),False,False
199,HIVEP3_Q5T1R4_AD_211-1074,g.41583070G>T(p.Ser576Arg),False,False
200,HIVEP3_Q5T1R4_AD_211-1074,g.41583425C>T(p.Arg458Gln),False,False
201,HIVEP3_Q5T1R4_AD_211-1074,g.41583007C>G(p.Leu597Phe),False,False
202,HIVEP3_Q5T1R4_AD_211-1074,g.41584064C>T(p.Arg245His),False,False
203,HIVEP3_Q5T1R4_AD_211-1074,g.41582874T>G(p.Ile642Leu),False,False
204,HIVEP3_Q5T1R4_AD_211-1074,g.41583690C>T(p.Glu370Lys),False,False
205,HIVEP3_Q5T1R4_AD_211-1074,g.41582732T>C(p.Gln689Arg),False,False
206,HIVEP3_Q5T1R4_AD_211-1074,g.41582562C>A(p.Ala746Ser),False,False
207,HIVEP3_Q5T1R4_AD_211-1074,g.41582577C>T(p.Gly741Arg),False,False
208,HIVEP3_Q5T1R4_AD_211-1074,g.41583335C>T(p.Arg488Gln),False,False
209,HIVEP3_Q5T1R4_AD_211-1074,g.41581593T>A(p.Ser1069Cys),False,False
210,HIVEP3_Q5T1R4_AD_211-1074,g.41582003G>A(p.Pro932Leu),False,False
211,HIVEP3_Q5T1R4_AD_211-1074,g.41584074G>A(p.His242Tyr),False,False
212,HIVEP3_Q5T1R4_AD_211-1074,g.41583168G>C(p.Pro544Ala),False,False
213,HIVEP3_Q5T1R4_AD_211-1074,g.41583125C>G(p.Arg558Pro),False,False
214,HIVEP3_Q5T1R4_AD_211-1074,g.41583933T>A(p.Ser289Cys),False,False
215,HIVEP3_Q5T1R4_AD_211-1074,g.41581590C>T(p.Glu1070Lys),False,False
216,HIVEP3_Q5T1R4_AD_211-1074,g.41584029C>T(p.Glu257Lys),False,False
217,HIVEP3_Q5T1R4_AD_211-1074,g.41583315T>A(p.Ser495Cys),False,False
218,HIVEP3_Q5T1R4_AD_211-1074,g.41581978C>A(p.Leu940Phe),False,False
219,HIVEP3_Q5T1R4_AD_211-1074,g.41581709G>A(p.Ala1030Val),False,False
220,HIVEP3_Q5T1R4_AD_211-1074,g.41583047G>C(p.Pro584Arg),False,False
221,HIVEP3_Q5T1R4_AD_211-1074,g.41582897T>A(p.Lys634Met),False,False
222,HIVEP3_Q5T1R4_AD_211-1074,g.41583123C>T(p.Gly559Ser),False,False
223,HIVEP3_Q5T1R4_AD_211-1074,g.41583818G>A(p.Ser327Phe),False,False
224,HIVEP3_Q5T1R4_AD_211-1074,g.41583906G>A(p.Leu298Phe),False,False
225,HIVEP3_Q5T1R4_AD_211-1074,g.41583483G>A(p.Pro439Ser),False,False
226,HIVEP3_Q5T1R4_AD_211-1074,g.41581618C>G(p.Glu1060Asp),False,False
227,HIVEP3_Q5T1R4_AD_211-1074,g.41583462C>T(p.Glu446Lys),False,False
228,HIVEP3_Q5T1R4_AD_211-1074,g.41581701C>T(p.Ala1033Thr),False,False
229,HIVEP3_Q5T1R4_AD_211-1074,g.41582289C>T(p.Gly837Arg),False,False
230,HIVEP3_Q5T1R4_AD_211-1074,g.41584154G>A(p.Thr215Ile),False,False
231,HIVEP3_Q5T1R4_AD_211-1074,g.41584163C>T(p.Arg212His),False,False
232,HIVEP3_Q5T1R4_AD_211-1074,g.41583143G>T(p.Thr552Asn),False,False
233,HIVEP3_Q5T1R4_AD_211-1074,g.41582457C>G(p.Gly781Arg),False,False
234,HIVEP3_Q5T1R4_AD_211-1074,g.41583473G>C(p.Pro442Arg),False,False
235,HIVEP3_Q5T1R4_AD_211-1074,g.41583838G>T(p.Ser320Arg),False,False
236,HIVEP3_Q5T1R4_AD_211-1074,g.41582895C>G(p.Gly635Arg),False,False
237,HIVEP3_Q5T1R4_AD_211-1074,g.41583976C>G(p.Glu274Asp),False,False
238,HIVEP3_Q5T1R4_AD_211-1074,g.41581779C>T(p.Glu1007Lys),False,False
239,HIVEP3_Q5T1R4_AD_211-1074,g.41583402T>C(p.Thr466Ala),False,False
240,HIVEP3_Q5T1R4_AD_211-1074,g.41581635G>A(p.Pro1055Ser),False,False
241,HIVEP3_Q5T1R4_AD_211-1074,g.41582207G>A(p.Pro864Leu),False,False
242,HIVEP3_Q5T1R4_AD_211-1074,g.41582559G>A(p.Arg747Trp),False,False
243,HIVEP3_Q5T1R4_AD_211-1074,g.41582945G>A(p.Ser618Leu),False,False
244,HIVEP3_Q5T1R4_AD_211-1074,g.41582198G>A(p.Pro867Leu),False,False
245,HIVEP3_Q5T1R4_AD_211-1074,g.41582507A>C(p.Val764Gly),False,False
246,HIVEP3_Q5T1R4_AD_211-1074,g.41583033G>A(p.Arg589Cys),False,False
247,HIVEP3_Q5T1R4_AD_211-1074,g.41583422G>A(p.Thr459Met),False,False
248,HIVEP3_Q5T1R4_AD_211-1074,g.41582514T>C(p.Lys762Glu),False,False
249,HIVEP3_Q5T1R4_AD_211-1074,g.41581624C>A(p.Glu1058Asp),False,False
250,HIVEP3_Q5T1R4_AD_211-1074,g.41583198G>T(p.Pro534Thr),False,False
251,HIVEP3_Q5T1R4_AD_211-1074,g.41582886T>C(p.Thr638Ala),False,False
252,HIVEP3_Q5T1R4_AD_211-1074,g.41584043G>A(p.Ser252Leu),False,False
253,HIVEP3_Q5T1R4_AD_211-1074,g.41582678A>G(p.Leu707Pro),False,False
254,HIVEP3_Q5T1R4_AD_211-1074,g.41582172T>G(p.Lys876Gln),False,False
255,HIVEP3_Q5T1R4_AD_211-1074,g.41581860T>C(p.Ser980Gly),False,False
256,HIVEP3_Q5T1R4_AD_211-1074,g.41582784C>T(p.Ala672Thr),False,False
257,HIVEP3_Q5T1R4_AD_211-1074,g.41583870C>T(p.Gly310Arg),False,False
258,HIVEP3_Q5T1R4_AD_211-1074,g.41582112G>A(p.Leu896Phe),False,False
259,HIVEP3_Q5T1R4_AD_211-1074,g.41583108C>T(p.Asp564Asn),False,False
260,HIVEP3_Q5T1R4_AD_211-1074,g.41582940C>T(p.Glu620Lys),False,False
261,HIVEP3_Q5T1R4_AD_211-1074,g.41583834C>T(p.Glu322Lys),False,False
262,HIVEP3_Q5T1R4_AD_211-1074,g.41582688C>T(p.Gly704Arg),False,False
263,HIVEP3_Q5T1R4_AD_211-1074,g.41582529G>A(p.Pro757Ser),False,False
264,HIVEP3_Q5T1R4_AD_211-1074,g.41582175G>A(p.Pro875Ser),False,False
265,HIVEP3_Q5T1R4_AD_211-1074,g.41582285C>T(p.Arg838His),False,False
266,HIVEP3_Q5T1R4_AD_211-1074,g.41581924C>G(p.Glu958Asp),False,False
267,HIVEP3_Q5T1R4_AD_211-1074,g.41583998C>T(p.Arg267Gln),False,False
268,HIVEP3_Q5T1R4_AD_211-1074,g.41582729A>G(p.Ile690Thr),False,False
269,HIVEP3_Q5T1R4_AD_211-1074,g.41582236C>A(p.Gln854His),False,False
270,HIVEP3_Q5T1R4_AD_211-1074,g.41581697C>A(p.Arg1034Leu),False,False
271,HIVEP3_Q5T1R4_AD_211-1074,g.41581903G>C(p.Asp965Glu),False,False
272,HIVEP3_Q5T1R4_AD_211-1074,g.41583110A>C(p.Phe563Cys),False,False
273,HIVEP3_Q5T1R4_AD_211-1074,g.41582489G>A(p.Pro770Leu),False,False
274,HIVEP3_Q5T1R4_AD_211-1074,g.41583762A>G(p.Ser346Pro),False,False
275,HIVEP3_Q5T1R4_AD_211-1074,g.41582203G>T(p.Asp865Glu),False,False
276,HIVEP3_Q5T1R4_AD_211-1074,g.41583238T>A(p.Gln520His),False,False
277,HIVEP3_Q5T1R4_AD_211-1074,g.41583336G>A(p.Arg488Trp),False,False
278,HIVEP3_Q5T1R4_AD_211-1074,g.41582061T>C(p.Met913Val),False,False
279,HIVEP3_Q5T1R4_AD_211-1074,g.41582073G>A(p.Arg909Cys),False,False
280,HIVEP3_Q5T1R4_AD_211-1074,g.41581773G>A(p.Arg1009Cys),False,False
281,HIVEP3_Q5T1R4_AD_211-1074,g.41582378T>C(p.Glu807Gly),False,False
282,HIVEP3_Q5T1R4_AD_211-1074,g.41583663C>A(p.Ala379Ser),False,False
283,HIVEP3_Q5T1R4_AD_211-1074,g.41583578G>T(p.Pro407Gln),False,False
284,HIVEP3_Q5T1R4_AD_211-1074,g.41581967C>G(p.Ser944Thr),False,False
285,HIVEP3_Q5T1R4_AD_211-1074,g.41583125C>T(p.Arg558Gln),False,False
286,HIVEP3_Q5T1R4_AD_211-1074,g.41582205C>T(p.Asp865Asn),False,False
287,HIVEP3_Q5T1R4_AD_211-1074,g.41583567C>T(p.Ala411Thr),False,False
288,HIVEP3_Q5T1R4_AD_211-1074,g.41583686C>T(p.Arg371Lys),False,False
289,HIVEP3_Q5T1R4_AD_211-1074,g.41582361C>T(p.Glu813Lys),False,False
290,HIVEP3_Q5T1R4_AD_211-1074,g.41583185A>G(p.Leu538Pro),False,False
291,HIVEP3_Q5T1R4_AD_211-1074,g.41583567C>A(p.Ala411Ser),False,False
292,HIVEP3_Q5T1R4_AD_211-1074,g.41583338C>T(p.Arg487Lys),False,False
293,HIVEP3_Q5T1R4_AD_211-1074,g.41583999G>A(p.Arg267Trp),False,False
294,HIVEP3_Q5T1R4_AD_211-1074,g.41583138G>T(p.His554Asn),False,False
295,HIVEP3_Q5T1R4_AD_211-1074,g.41583527C>T(p.Arg424Gln),False,False
296,HIVEP3_Q5T1R4_AD_211-1074,g.41581698G>A(p.Arg1034Trp),False,False
297,HIVEP3_Q5T1R4_AD_211-1074,g.41582297G>T(p.Ala834Asp),False,False
298,HIVEP3_Q5T1R4_AD_211-1074,g.41581914G>T(p.Pro962Thr),False,False
299,HIVEP3_Q5T1R4_AD_211-1074,g.41582519G>C(p.Pro760Arg),False,False
300,HIVEP3_Q5T1R4_AD_211-1074,g.41581899G>T(p.Arg967Ser),False,False
301,HIVEP3_Q5T1R4_AD_211-1074,g.41582433C>T(p.Glu789Lys),False,False
302,HIVEP3_Q5T1R4_AD_211-1074,g.41582718G>C(p.Pro694Ala),False,False
303,HIVEP3_Q5T1R4_AD_211-1074,g.41582703T>G(p.Met699Leu),False,False
304,HIVEP3_Q5T1R4_AD_211-1074,g.41581937T>G(p.His954Pro),False,False
305,HIVEP3_Q5T1R4_AD_211-1074,g.41583075G>A(p.His575Tyr),False,False
306,HIVEP3_Q5T1R4_AD_211-1074,g.41583045G>A(p.Arg585Trp),False,False
307,HIVEP3_Q5T1R4_AD_211-1074,g.41582988C>T(p.Glu604Lys),False,False
308,HIVEP3_Q5T1R4_AD_211-1074,g.41582957G>C(p.Ala614Gly),False,False
309,HIVEP3_Q5T1R4_AD_211-1074,g.41581772C>T(p.Arg1009His),False,False
310,HIVEP3_Q5T1R4_AD_211-1074,g.41583830C>T(p.Arg323His),False,False
311,HIVEP3_Q5T1R4_AD_211-1074,g.41583662G>A(p.Ala379Val),False,False
312,HIVEP3_Q5T1R4_AD_211-1074,g.41582945G>C(p.Ser618Trp),False,False
313,HIVEP3_Q5T1R4_AD_211-1074,g.41583386A>T(p.Ile471Asn),False,False
314,HIVEP3_Q5T1R4_AD_211-1074,g.41581965G>C(p.Arg945Gly),False,False
315,HIVEP3_Q5T1R4_AD_211-1074,g.41582547G>C(p.Leu751Val),False,False
316,HIVEP3_Q5T1R4_AD_211-1074,g.41583138G>A(p.His554Tyr),False,False
317,HIVEP3_Q5T1R4_AD_211-1074,g.41583040C>T(p.Met586Ile),False,False
318,HIVEP3_Q5T1R4_AD_211-1074,g.41581931T>C(p.Lys956Arg),False,False
319,HIVEP3_Q5T1R4_AD_211-1074,g.41582722A>T(p.His692Gln),False,False
320,HIVEP3_Q5T1R4_AD_211-1074,g.41582313G>C(p.Pro829Ala),False,False
321,HIVEP3_Q5T1R4_AD_211-1074,g.41582847G>A(p.Arg651Trp),False,False
322,HIVEP3_Q5T1R4_AD_211-1074,g.41583197G>T(p.Pro534His),False,False
323,HIVEP3_Q5T1R4_AD_211-1074,g.41582349C>T(p.Gly817Ser),False,False
324,HIVEP3_Q5T1R4_AD_211-1074,g.41581899G>A(p.Arg967Cys),False,False
325,HIVEP3_Q5T1R4_AD_211-1074,g.41582711G>T(p.Ser696Tyr),False,False
326,HIVEP3_Q5T1R4_AD_211-1074,g.41583155C>T(p.Cys548Tyr),False,False
327,HIVEP3_Q5T1R4_AD_211-1074,g.41581740A>C(p.Leu1020Val),False,False
328,HIVEP3_Q5T1R4_AD_211-1074,g.41582328G>A(p.Pro824Ser),False,False
329,HIVEP3_Q5T1R4_AD_211-1074,g.41583398T>A(p.Lys467Met),False,False
330,HIVEP3_Q5T1R4_AD_211-1074,g.41583381C>T(p.Glu473Lys),False,False
331,HIVEP3_Q5T1R4_AD_211-1074,g.41582712A>G(p.Ser696Pro),False,False
332,HIVEP3_Q5T1R4_AD_211-1074,g.41581587C>G(p.Glu1071Gln),False,False
333,HIVEP3_Q5T1R4_AD_211-1074,g.41582277G>A(p.His841Tyr),False,False
334,HIVEP3_Q5T1R4_AD_211-1074,g.41583515C>A(p.Arg428Leu),False,False
335,HIVEP3_Q5T1R4_AD_211-1074,g.41583324A>G(p.Ser492Pro),False,False
0,TFE3_P19532_AD_472-575,g.49030459G>A(p.Thr476Met),True,True
1,TFE3_P19532_AD_472-575,g.49030447C>G(p.Gly480Ala),True,True
2,TFE3_P19532_AD_472-575,g.49030190G>A(p.Arg566Cys),True,True
3,TFE3_P19532_AD_472-575,g.49030459G>T(p.Thr476Lys),True,True
4,TFE3_P19532_AD_472-575,g.49030288A>C(p.Val533Gly),True,True
5,TFE3_P19532_AD_472-575,g.49030364C>T(p.Asp508Asn),True,True
6,TFE3_P19532_AD_472-575,g.49030420T>C(p.His489Arg),True,True
7,TFE3_P19532_AD_472-575,g.49030361G>T(p.His509Asn),True,True
8,TFE3_P19532_AD_472-575,g.49030300T>A(p.Glu529Val),True,True
9,TFE3_P19532_AD_472-575,g.49030303T>A(p.Glu528Val),True,True
10,TFE3_P19532_AD_472-575,g.49030213G>A(p.Ala558Val),True,True
11,TFE3_P19532_AD_472-575,g.49030193G>A(p.Arg565Cys),True,True
12,TFE3_P19532_AD_472-575,g.49030291A>C(p.Val532Gly),True,True
13,TFE3_P19532_AD_472-575,g.49030253G>A(p.Arg545Trp),True,True
14,TFE3_P19532_AD_472-575,g.49030412G>T(p.Pro492Thr),True,True
15,TFE3_P19532_AD_472-575,g.49030441C>A(p.Gly482Val),True,True
16,TFE3_P19532_AD_472-575,g.49030334G>A(p.His518Tyr),True,True
17,TFE3_P19532_AD_472-575,g.49030259G>T(p.Pro543Thr),True,True
18,TFE3_P19532_AD_472-575,g.49030436C>T(p.Ala484Thr),True,True
19,TFE3_P19532_AD_472-575,g.49030298C>T(p.Glu530Lys),True,True
20,TFE3_P19532_AD_472-575,g.49030306T>A(p.Glu527Val),True,True
21,TFE3_P19532_AD_472-575,g.49030177C>T(p.Ser570Asn),True,True
22,TFE3_P19532_AD_472-575,g.49030429T>G(p.Asn486Thr),True,True
23,TFE3_P19532_AD_472-575,g.49030268C>T(p.Ala540Thr),True,True
24,TFE3_P19532_AD_472-575,g.49030252C>T(p.Arg545Gln),True,True
25,TFE3_P19532_AD_472-575,g.49030252C>A(p.Arg545Leu),True,True
26,TFE3_P19532_AD_472-575,g.49030445C>T(p.Gly481Arg),True,True
27,TFE3_P19532_AD_472-575,g.49030468C>T(p.Gly473Asp),True,True
28,TFE3_P19532_AD_472-575,g.49030262A>T(p.Ser542Thr),True,True
29,TFE3_P19532_AD_472-575,g.49030447C>A(p.Gly480Val),True,True
30,TFE3_P19532_AD_472-575,g.49030466C>T(p.Ala474Thr),True,True
31,TFE3_P19532_AD_472-575,g.49030276G>C(p.Ser537Trp),True,True
32,TFE3_P19532_AD_472-575,g.49030170T>G(p.Glu572Asp),True,True
33,TFE3_P19532_AD_472-575,g.49030435G>A(p.Ala484Val),True,True
34,TFE3_P19532_AD_472-575,g.49030276G>A(p.Ser537Leu),True,True
35,TFE3_P19532_AD_472-575,g.49030310T>A(p.Met526Leu),True,True
36,TFE3_P19532_AD_472-575,g.49030429T>C(p.Asn486Ser),True,True
37,TFE3_P19532_AD_472-575,g.49030465G>A(p.Ala474Val),True,True
38,TFE3_P19532_AD_472-575,g.49030471G>C(p.Pro472Arg),True,True
39,TFE3_P19532_AD_472-575,g.49030450A>G(p.Val479Ala),True,True
0,YY1_P25490_AD_1-69,g.100239438A>G(p.His65Arg),False,False
1,YY1_P25490_AD_1-69,g.100239270T>A(p.Ile9Asn),False,False
2,YY1_P25490_AD_1-69,g.100239446G>A(p.Ala68Thr),False,False
3,YY1_P25490_AD_1-69,g.100239383G>A(p.Glu47Lys),False,False
4,YY1_P25490_AD_1-69,g.100239445C>A(p.His67Gln),False,False
5,YY1_P25490_AD_1-69,g.100239245A>C(p.Met1Leu),False,False
6,YY1_P25490_AD_1-69,g.100239447C>G(p.Ala68Gly),False,False
7,YY1_P25490_AD_1-69,g.100239449G>A(p.Gly69Ser),False,False
8,YY1_P25490_AD_1-69,g.100239246T>A(p.Met1Lys),False,False
9,YY1_P25490_AD_1-69,g.100239246T>G(p.Met1Arg),False,False
10,YY1_P25490_AD_1-69,g.100239382G>T(p.Glu46Asp),False,False
11,YY1_P25490_AD_1-69,g.100239264T>A(p.Leu7His),False,False
12,YY1_P25490_AD_1-69,g.100239437C>T(p.His65Tyr),False,False
13,YY1_P25490_AD_1-69,g.100239266T>A(p.Tyr8Asn),False,False
14,YY1_P25490_AD_1-69,g.100239324A>T(p.Glu27Val),False,False
15,YY1_P25490_AD_1-69,g.100239382G>C(p.Glu46Asp),False,False
16,YY1_P25490_AD_1-69,g.100239301G>C(p.Glu19Asp),False,False
17,YY1_P25490_AD_1-69,g.100239292G>A(p.Met16Ile),False,False
18,YY1_P25490_AD_1-69,g.100239399A>C(p.Glu52Ala),False,False
19,YY1_P25490_AD_1-69,g.100239251T>G(p.Ser3Ala),False,False
20,YY1_P25490_AD_1-69,g.100239362G>A(p.Val40Met),False,False
21,YY1_P25490_AD_1-69,g.100239380G>A(p.Glu46Lys),False,False
22,YY1_P25490_AD_1-69,g.100239394C>G(p.Asp50Glu),False,False
23,YY1_P25490_AD_1-69,g.100239341G>A(p.Val33Met),False,False
24,YY1_P25490_AD_1-69,g.100239400G>C(p.Glu52Asp),False,False
25,YY1_P25490_AD_1-69,g.100239391C>G(p.Asp49Glu),False,False
26,YY1_P25490_AD_1-69,g.100239251T>A(p.Ser3Thr),False,False
27,YY1_P25490_AD_1-69,g.100239366T>G(p.Val41Gly),False,False
28,YY1_P25490_AD_1-69,g.100239388C>G(p.Asp48Glu),False,False
29,YY1_P25490_AD_1-69,g.100239385G>C(p.Glu47Asp),False,False
0,PAX5_Q02548_AD_304-358,g.36846915C>T(p.Gly343Arg),False,False
1,PAX5_Q02548_AD_304-358,g.36882055G>A(p.Pro321Ser),False,False
2,PAX5_Q02548_AD_304-358,g.36882039C>T(p.Ser326Asn),False,False
3,PAX5_Q02548_AD_304-358,g.36882052C>T(p.Ala322Thr),False,False
4,PAX5_Q02548_AD_304-358,g.36882088T>C(p.Thr310Ala),False,False
5,PAX5_Q02548_AD_304-358,g.36882102C>T(p.Arg305His),False,False
6,PAX5_Q02548_AD_304-358,g.36846926C>T(p.Ser339Asn),False,False
7,PAX5_Q02548_AD_304-358,g.36882061C>T(p.Val319Ile),False,False
8,PAX5_Q02548_AD_304-358,g.36846921A>T(p.Phe341Ile),False,False
9,PAX5_Q02548_AD_304-358,g.36882076C>T(p.Gly314Arg),False,False
10,PAX5_Q02548_AD_304-358,g.36846888A>G(p.Ser352Pro),False,False
11,PAX5_Q02548_AD_304-358,g.36882087G>A(p.Thr310Met),False,False
12,PAX5_Q02548_AD_304-358,g.36882054G>C(p.Pro321Arg),False,False
13,PAX5_Q02548_AD_304-358,g.36882093G>A(p.Ala308Val),False,False
14,PAX5_Q02548_AD_304-358,g.36882054G>T(p.Pro321His),False,False
0,EGR3_Q06889_AD_13-214,g.22691095G>T(p.Pro181Gln),True,True
1,EGR3_Q06889_AD_13-214,g.22691120G>A(p.Pro173Ser),True,True
2,EGR3_Q06889_AD_13-214,g.22692802T>A(p.Gln48Leu),True,True
3,EGR3_Q06889_AD_13-214,g.22691027C>A(p.Gly204Cys),True,True
4,EGR3_Q06889_AD_13-214,g.22691468T>A(p.Ile57Phe),True,True
5,EGR3_Q06889_AD_13-214,g.22691069T>C(p.Met190Val),True,True
6,EGR3_Q06889_AD_13-214,g.22691428T>A(p.Tyr70Phe),True,True
7,EGR3_Q06889_AD_13-214,g.22692833C>A(p.Gly38Cys),True,True
8,EGR3_Q06889_AD_13-214,g.22691393T>G(p.Thr82Pro),True,True
9,EGR3_Q06889_AD_13-214,g.22691316G>T(p.Ser107Arg),True,True
10,EGR3_Q06889_AD_13-214,g.22691229G>T(p.Asp136Glu),True,True
11,EGR3_Q06889_AD_13-214,g.22691023G>A(p.Ser205Phe),True,True
12,EGR3_Q06889_AD_13-214,g.22692800T>A(p.Met49Leu),True,True
13,EGR3_Q06889_AD_13-214,g.22691261T>G(p.Thr126Pro),True,True
14,EGR3_Q06889_AD_13-214,g.22691458G>T(p.Thr60Asn),True,True
15,EGR3_Q06889_AD_13-214,g.22691440G>T(p.Pro66Gln),True,True
16,EGR3_Q06889_AD_13-214,g.22692854T>C(p.Ser31Gly),True,True
17,EGR3_Q06889_AD_13-214,g.22691030T>C(p.Met203Val),True,True
18,EGR3_Q06889_AD_13-214,g.22692852G>T(p.Ser31Arg),True,True
19,EGR3_Q06889_AD_13-214,g.22692869G>A(p.Pro26Ser),True,True
20,EGR3_Q06889_AD_13-214,g.22691217C>T(p.Met140Ile),True,True
21,EGR3_Q06889_AD_13-214,g.22692839A>G(p.Phe36Leu),True,True
22,EGR3_Q06889_AD_13-214,g.22691303C>G(p.Gly112Arg),True,True
23,EGR3_Q06889_AD_13-214,g.22691110T>C(p.Tyr176Cys),True,True
24,EGR3_Q06889_AD_13-214,g.22691397G>T(p.Asn80Lys),True,True
25,EGR3_Q06889_AD_13-214,g.22691401C>A(p.Gly79Val),True,True
26,EGR3_Q06889_AD_13-214,g.22691135C>T(p.Gly168Arg),True,True
27,EGR3_Q06889_AD_13-214,g.22691021T>A(p.Ile206Phe),True,True
28,EGR3_Q06889_AD_13-214,g.22691309T>C(p.Ile110Val),True,True
29,EGR3_Q06889_AD_13-214,g.22691361G>C(p.Asp92Glu),True,True
30,EGR3_Q06889_AD_13-214,g.22691019A>C(p.Ile206Met),True,True
31,EGR3_Q06889_AD_13-214,g.22691467A>C(p.Ile57Ser),True,True
32,EGR3_Q06889_AD_13-214,g.22691149G>C(p.Pro163Arg),True,True
33,EGR3_Q06889_AD_13-214,g.22692906C>T(p.Met13Ile),True,True
34,EGR3_Q06889_AD_13-214,g.22691186C>T(p.Gly151Ser),True,True
35,EGR3_Q06889_AD_13-214,g.22691192T>G(p.Asn149His),True,True
36,EGR3_Q06889_AD_13-214,g.22692833C>T(p.Gly38Ser),True,True
37,EGR3_Q06889_AD_13-214,g.22692866C>T(p.Glu27Lys),True,True
38,EGR3_Q06889_AD_13-214,g.22691102C>G(p.Ala179Pro),True,True
39,EGR3_Q06889_AD_13-214,g.22692891G>C(p.Asn18Lys),True,True
40,EGR3_Q06889_AD_13-214,g.22691024A>C(p.Ser205Ala),True,True
41,EGR3_Q06889_AD_13-214,g.22691050A>G(p.Leu196Pro),True,True
42,EGR3_Q06889_AD_13-214,g.22692806T>C(p.Asn47Asp),True,True
43,EGR3_Q06889_AD_13-214,g.22691069T>G(p.Met190Leu),True,True
44,EGR3_Q06889_AD_13-214,g.22691042G>C(p.His199Asp),True,True
45,EGR3_Q06889_AD_13-214,g.22691112A>T(p.Asp175Glu),True,True
46,EGR3_Q06889_AD_13-214,g.22691063G>C(p.Pro192Ala),True,True
47,EGR3_Q06889_AD_13-214,g.22691411G>T(p.Pro76Thr),True,True
48,EGR3_Q06889_AD_13-214,g.22692814A>G(p.Val44Ala),True,True
49,EGR3_Q06889_AD_13-214,g.22691235C>A(p.Gln134His),True,True
50,EGR3_Q06889_AD_13-214,g.22692801C>G(p.Gln48His),True,True
51,EGR3_Q06889_AD_13-214,g.22691039G>T(p.Pro200Thr),True,True
52,EGR3_Q06889_AD_13-214,g.22691129C>A(p.Ala170Ser),True,True
53,EGR3_Q06889_AD_13-214,g.22692826C>G(p.Ser40Thr),True,True
54,EGR3_Q06889_AD_13-214,g.22691333T>C(p.Ile102Val),True,True
55,EGR3_Q06889_AD_13-214,g.22691018G>C(p.Pro207Ala),True,True
56,EGR3_Q06889_AD_13-214,g.22692822G>C(p.Asp41Glu),True,True
57,EGR3_Q06889_AD_13-214,g.22691173G>A(p.Ser155Leu),True,True
58,EGR3_Q06889_AD_13-214,g.22691031G>C(p.Asp202Glu),True,True
59,EGR3_Q06889_AD_13-214,g.22691239G>A(p.Pro133Leu),True,True
60,EGR3_Q06889_AD_13-214,g.22691242G>A(p.Pro132Leu),True,True
0,ESR2_Q92731_AD_1-148,g.64282688C>T(p.Ala100Thr),False,False
1,ESR2_Q92731_AD_1-148,g.64280122G>C(p.Arg132Gly),False,False
2,ESR2_Q92731_AD_1-148,g.64280106A>G(p.Val137Ala),False,False
3,ESR2_Q92731_AD_1-148,g.64282754C>A(p.Val78Leu),False,False
4,ESR2_Q92731_AD_1-148,g.64282687G>A(p.Ala100Val),False,False
5,ESR2_Q92731_AD_1-148,g.64282628T>A(p.Asn120Tyr),False,False
6,ESR2_Q92731_AD_1-148,g.64282696T>C(p.His97Arg),False,False
7,ESR2_Q92731_AD_1-148,g.64282865G>A(p.His41Tyr),False,False
8,ESR2_Q92731_AD_1-148,g.64280116C>A(p.Ala134Ser),False,False
9,ESR2_Q92731_AD_1-148,g.64282825A>C(p.Met54Arg),False,False
10,ESR2_Q92731_AD_1-148,g.64282651G>A(p.Ser112Leu),False,False
11,ESR2_Q92731_AD_1-148,g.64280089T>G(p.Lys143Gln),False,False
12,ESR2_Q92731_AD_1-148,g.64282712G>A(p.His92Tyr),False,False
13,ESR2_Q92731_AD_1-148,g.64282745G>T(p.Pro81Thr),False,False
14,ESR2_Q92731_AD_1-148,g.64282694G>T(p.Leu98Met),False,False
15,ESR2_Q92731_AD_1-148,g.64282768G>A(p.Thr73Ile),False,False
16,ESR2_Q92731_AD_1-148,g.64280082T>C(p.Asp145Gly),False,False
17,ESR2_Q92731_AD_1-148,g.64282904C>T(p.Gly28Ser),False,False
18,ESR2_Q92731_AD_1-148,g.64282922T>C(p.Ile22Val),False,False
19,ESR2_Q92731_AD_1-148,g.64282895A>G(p.Tyr31His),False,False
20,ESR2_Q92731_AD_1-148,g.64282765G>C(p.Thr74Arg),False,False
21,ESR2_Q92731_AD_1-148,g.64282787C>T(p.Gly67Ser),False,False
22,ESR2_Q92731_AD_1-148,g.64282970A>C(p.Ser6Ala),False,False
23,ESR2_Q92731_AD_1-148,g.64282755A>T(p.Asn77Lys),False,False
24,ESR2_Q92731_AD_1-148,g.64282720A>G(p.Leu89Ser),False,False
25,ESR2_Q92731_AD_1-148,g.64282873T>C(p.Asp38Gly),False,False
26,ESR2_Q92731_AD_1-148,g.64282708C>T(p.Arg93His),False,False
27,ESR2_Q92731_AD_1-148,g.64282922T>A(p.Ile22Phe),False,False
28,ESR2_Q92731_AD_1-148,g.64282775G>A(p.Arg71Trp),False,False
29,ESR2_Q92731_AD_1-148,g.64280134C>G(p.Val128Leu),False,False
30,ESR2_Q92731_AD_1-148,g.64282774C>T(p.Arg71Gln),False,False
31,ESR2_Q92731_AD_1-148,g.64282697G>A(p.His97Tyr),False,False
32,ESR2_Q92731_AD_1-148,g.64280091G>A(p.Ser142Leu),False,False
33,ESR2_Q92731_AD_1-148,g.64282877C>T(p.Val37Ile),False,False
34,ESR2_Q92731_AD_1-148,g.64282744G>C(p.Pro81Arg),False,False
35,ESR2_Q92731_AD_1-148,g.64282834G>A(p.Pro51Leu),False,False
36,ESR2_Q92731_AD_1-148,g.64280085C>G(p.Arg144Thr),False,False
37,ESR2_Q92731_AD_1-148,g.64282910C>T(p.Glu26Lys),False,False
38,ESR2_Q92731_AD_1-148,g.64282804T>C(p.Asn61Ser),False,False
39,ESR2_Q92731_AD_1-148,g.64280095C>A(p.Gly141Cys),False,False
40,ESR2_Q92731_AD_1-148,g.64282964A>T(p.Ser8Thr),False,False
41,ESR2_Q92731_AD_1-148,g.64280115G>A(p.Ala134Val),False,False
42,ESR2_Q92731_AD_1-148,g.64282870C>T(p.Ser39Asn),False,False
43,ESR2_Q92731_AD_1-148,g.64280136T>C(p.Lys127Arg),False,False
44,ESR2_Q92731_AD_1-148,g.64282771T>C(p.Gln72Arg),False,False
45,ESR2_Q92731_AD_1-148,g.64282907G>A(p.His27Tyr),False,False
46,ESR2_Q92731_AD_1-148,g.64282967G>A(p.Pro7Ser),False,False
47,ESR2_Q92731_AD_1-148,g.64280121C>T(p.Arg132His),False,False
48,ESR2_Q92731_AD_1-148,g.64280116C>T(p.Ala134Thr),False,False
49,ESR2_Q92731_AD_1-148,g.64282695A>T(p.His97Gln),False,False
0,TBX22_Q9Y458_AD_402-481,g.80030955T>A(p.His469Gln),False,False
1,TBX22_Q9Y458_AD_402-481,g.80030818G>A(p.Gly424Ser),False,False
2,TBX22_Q9Y458_AD_402-481,g.80030917A>G(p.Asn457Asp),False,False
3,TBX22_Q9Y458_AD_402-481,g.80030774A>G(p.Glu409Gly),False,False
4,TBX22_Q9Y458_AD_402-481,g.80030772G>A(p.Met408Ile),False,False
5,TBX22_Q9Y458_AD_402-481,g.80030873A>G(p.Gln442Arg),False,False
6,TBX22_Q9Y458_AD_402-481,g.80030863T>C(p.Ser439Pro),False,False
7,TBX22_Q9Y458_AD_402-481,g.80030771T>C(p.Met408Thr),False,False
8,TBX22_Q9Y458_AD_402-481,g.80030972A>T(p.Tyr475Phe),False,False
9,TBX22_Q9Y458_AD_402-481,g.80030935G>A(p.Ala463Thr),False,False
10,TBX22_Q9Y458_AD_402-481,g.80030942G>A(p.Ser465Asn),False,False
11,TBX22_Q9Y458_AD_402-481,g.80030870A>G(p.Asn441Ser),False,False
12,TBX22_Q9Y458_AD_402-481,g.80030881T>C(p.Tyr445His),False,False
13,TBX22_Q9Y458_AD_402-481,g.80030758G>A(p.Ala404Thr),False,False
14,TBX22_Q9Y458_AD_402-481,g.80030891A>T(p.Gln448Leu),False,False
15,TBX22_Q9Y458_AD_402-481,g.80030846A>C(p.Tyr433Ser),False,False
16,TBX22_Q9Y458_AD_402-481,g.80030798G>T(p.Gly417Val),False,False
17,TBX22_Q9Y458_AD_402-481,g.80030837G>A(p.Ser430Asn),False,False
18,TBX22_Q9Y458_AD_402-481,g.80030985C>A(p.Phe479Leu),False,False
0,NCOA1_Q15788_AD_840-1011,g.24729515T>G(p.Asp967Glu),True,True
1,NCOA1_Q15788_AD_840-1011,g.24728351A>G(p.Thr921Ala),True,True
2,NCOA1_Q15788_AD_840-1011,g.24729544A>G(p.Gln977Arg),True,True
3,NCOA1_Q15788_AD_840-1011,g.24729627C>T(p.Pro1005Ser),True,True
4,NCOA1_Q15788_AD_840-1011,g.24729541A>G(p.Gln976Arg),True,True
5,NCOA1_Q15788_AD_840-1011,g.24728310A>C(p.Gln907Pro),True,False
6,NCOA1_Q15788_AD_840-1011,g.24711069T>A(p.Ser853Thr),True,True
7,NCOA1_Q15788_AD_840-1011,g.24726616T>C(p.Ile876Thr),True,False
8,NCOA1_Q15788_AD_840-1011,g.24729564A>G(p.Met984Val),True,True
9,NCOA1_Q15788_AD_840-1011,g.24729588T>G(p.Ser992Ala),True,True
10,NCOA1_Q15788_AD_840-1011,g.24726693A>G(p.Ser902Gly),True,True
11,NCOA1_Q15788_AD_840-1011,g.24726652A>G(p.Gln888Arg),True,False
12,NCOA1_Q15788_AD_840-1011,g.24726698A>C(p.Lys903Asn),True,True
13,NCOA1_Q15788_AD_840-1011,g.24728465A>C(p.Lys959Gln),True,True
14,NCOA1_Q15788_AD_840-1011,g.24729501G>T(p.Gly963Trp),True,True
15,NCOA1_Q15788_AD_840-1011,g.24728319G>T(p.Ser910Ile),True,True
16,NCOA1_Q15788_AD_840-1011,g.24726637C>G(p.Pro883Arg),True,False
17,NCOA1_Q15788_AD_840-1011,g.24726630G>A(p.Gly881Arg),True,False
18,NCOA1_Q15788_AD_840-1011,g.24726649A>T(p.Asp887Val),True,False
19,NCOA1_Q15788_AD_840-1011,g.24728343G>A(p.Cys918Tyr),True,True
20,NCOA1_Q15788_AD_840-1011,g.24729630A>G(p.Ser1006Gly),True,True
21,NCOA1_Q15788_AD_840-1011,g.24726628T>C(p.Phe880Ser),True,False
22,NCOA1_Q15788_AD_840-1011,g.24728441C>A(p.Leu951Ile),True,True
23,NCOA1_Q15788_AD_840-1011,g.24726618G>T(p.Asp877Tyr),True,False
24,NCOA1_Q15788_AD_840-1011,g.24729556C>T(p.Pro981Leu),True,True
25,NCOA1_Q15788_AD_840-1011,g.24728333G>A(p.Glu915Lys),True,False
26,NCOA1_Q15788_AD_840-1011,g.24726648G>A(p.Asp887Asn),True,False
27,NCOA1_Q15788_AD_840-1011,g.24728466A>G(p.Lys959Arg),True,True
28,NCOA1_Q15788_AD_840-1011,g.24728363G>A(p.Gly925Arg),True,True
29,NCOA1_Q15788_AD_840-1011,g.24729508G>A(p.Gly965Glu),True,True
30,NCOA1_Q15788_AD_840-1011,g.24728334A>T(p.Glu915Val),True,False
31,NCOA1_Q15788_AD_840-1011,g.24729586A>C(p.Tyr991Ser),True,True
32,NCOA1_Q15788_AD_840-1011,g.24729645A>G(p.Met1011Val),True,True
33,NCOA1_Q15788_AD_840-1011,g.24729622A>G(p.Asn1003Ser),True,True
34,NCOA1_Q15788_AD_840-1011,g.24729565T>G(p.Met984Arg),True,True
35,NCOA1_Q15788_AD_840-1011,g.24726649A>G(p.Asp887Gly),True,False
36,NCOA1_Q15788_AD_840-1011,g.24729549A>G(p.Thr979Ala),True,True
37,NCOA1_Q15788_AD_840-1011,g.24726651C>G(p.Gln888Glu),True,True
38,NCOA1_Q15788_AD_840-1011,g.24729505G>T(p.Gly964Val),True,True
39,NCOA1_Q15788_AD_840-1011,g.24729502G>A(p.Gly963Glu),True,True
40,NCOA1_Q15788_AD_840-1011,g.24726648G>T(p.Asp887Tyr),True,False
41,NCOA1_Q15788_AD_840-1011,g.24729563C>G(p.Ile983Met),True,True
42,NCOA1_Q15788_AD_840-1011,g.24729647G>T(p.Met1011Ile),True,True
43,NCOA1_Q15788_AD_840-1011,g.24729565T>C(p.Met984Thr),True,True
44,NCOA1_Q15788_AD_840-1011,g.24711081G>A(p.Ala857Thr),True,True
45,NCOA1_Q15788_AD_840-1011,g.24728432C>G(p.Leu948Val),True,True
46,NCOA1_Q15788_AD_840-1011,g.24726696A>G(p.Lys903Glu),True,True
